data_source,lake,region,fish_species,sample_id,year,month,day,sample_date,latitude,longitude,doc_mg_l,doc_level,length_mm,d13c,d15n,c_n,av_pelagic_d13c,av_pelagic_d15n,av_benthic_d13c,av_benthic_d15n,d13ccorr_lipids,pelagic_diet_proportion,trophic_position,baseline_av_pelagic_d13c,baseline_av_pelagic_d15n,baseline_av_benthic_d13c,baseline_av_benthic_d15n,d13c_baseline_difference
Andersson,Wuckersee,Germany,European perch,Wu_L_25,2017,9,18,2017-09-18,53.01,13.63,10.27,high_doc,337.3,-26.87,10.3,3.27,-29.0875,5.45,-26.54142857,2.122857143,-26.3,0,4.5,-29.0875,5.45,-26.54142857,2.122857143,-2.54607143
Andersson,Wuckersee,Germany,European perch,Wu_L_09,2017,9,18,2017-09-18,53.01,13.63,10.27,high_doc,327,-27.09,9.95,3.2,-29.0875,5.45,-26.54142857,2.122857143,-26.6,0.02,4.3,-29.0875,5.45,-26.54142857,2.122857143,-2.54607143
Andersson,Wuckersee,Germany,European perch,Wu_L_26,2017,9,18,2017-09-18,53.01,13.63,10.27,high_doc,324.8,-26.77,10.25,3.26,-29.0875,5.45,-26.54142857,2.122857143,-26.2,0,4.5,-29.0875,5.45,-26.54142857,2.122857143,-2.54607143
Andersson,Wuckersee,Germany,European perch,Wu_L_07,2017,9,18,2017-09-18,53.01,13.63,10.27,high_doc,298.8,-26.75,9.72,3.23,-29.0875,5.45,-26.54142857,2.122857143,-26.2,0,4.4,-29.0875,5.45,-26.54142857,2.122857143,-2.54607143
Andersson,Wuckersee,Germany,European perch,Wu_L_08,2017,9,18,2017-09-18,53.01,13.63,10.27,high_doc,294.3,-26.52,9.53,3.21,-29.0875,5.45,-26.54142857,2.122857143,-26.1,0,4.3,-29.0875,5.45,-26.54142857,2.122857143,-2.54607143
Andersson,Wuckersee,Germany,European perch,Wu_L_10,2017,9,18,2017-09-18,53.01,13.63,10.27,high_doc,255.6,-26.28,9.76,3.19,-29.0875,5.45,-26.54142857,2.122857143,-25.9,0,4.5,-29.0875,5.45,-26.54142857,2.122857143,-2.54607143
Andersson,Wuckersee,Germany,European perch,Wu_L_11,2017,9,18,2017-09-18,53.01,13.63,10.27,high_doc,208.4,-25.6,7.83,3.16,-29.0875,5.45,-26.54142857,2.122857143,-25.2,0,4.2,-29.0875,5.45,-26.54142857,2.122857143,-2.54607143
Andersson,Wuckersee,Germany,European perch,Wu_L_06,2017,9,18,2017-09-18,53.01,13.63,10.27,high_doc,189.7,-27.44,9.3,3.18,-29.0875,5.45,-26.54142857,2.122857143,-27,0.18,3.9,-29.0875,5.45,-26.54142857,2.122857143,-2.54607143
Andersson,Wuckersee,Germany,European perch,Wu_L_12,2017,9,18,2017-09-18,53.01,13.63,10.27,high_doc,166.7,-28.17,7.1,3.18,-29.0875,5.45,-26.54142857,2.122857143,-27.8,0.49,3,-29.0875,5.45,-26.54142857,2.122857143,-2.54607143
Andersson,Wuckersee,Germany,European perch,Wu_L_21,2017,9,18,2017-09-18,53.01,13.63,10.27,high_doc,162.8,-28.17,9.32,3.19,-29.0875,5.45,-26.54142857,2.122857143,-27.7,0.46,3.7,-29.0875,5.45,-26.54142857,2.122857143,-2.54607143
Andersson,Wuckersee,Germany,European perch,Wu_L_22,2017,9,18,2017-09-18,53.01,13.63,10.27,high_doc,162.1,-27.47,9.12,3.23,-29.0875,5.45,-26.54142857,2.122857143,-27,0.18,3.9,-29.0875,5.45,-26.54142857,2.122857143,-2.54607143
Andersson,Wuckersee,Germany,European perch,Wu_L_13,2017,9,18,2017-09-18,53.01,13.63,10.27,high_doc,161.2,-25.94,8.09,3.21,-29.0875,5.45,-26.54142857,2.122857143,-25.5,0,4.2,-29.0875,5.45,-26.54142857,2.122857143,-2.54607143
Andersson,Wuckersee,Germany,European perch,Wu_L_14,2017,9,18,2017-09-18,53.01,13.63,10.27,high_doc,155.4,-25.62,7.65,3.15,-29.0875,5.45,-26.54142857,2.122857143,-25.3,0,4.1,-29.0875,5.45,-26.54142857,2.122857143,-2.54607143
Andersson,Wuckersee,Germany,European perch,Wu_L_19,2017,9,18,2017-09-18,53.01,13.63,10.27,high_doc,147.8,-27.79,9.29,3.24,-29.0875,5.45,-26.54142857,2.122857143,-27.3,0.3,3.8,-29.0875,5.45,-26.54142857,2.122857143,-2.54607143
Andersson,Wuckersee,Germany,European perch,Wu_L_27,2017,9,18,2017-09-18,53.01,13.63,10.27,high_doc,147.3,-25.87,8.31,3.21,-29.0875,5.45,-26.54142857,2.122857143,-25.4,0,4.3,-29.0875,5.45,-26.54142857,2.122857143,-2.54607143
Andersson,Wuckersee,Germany,European perch,Wu_L_20,2017,9,18,2017-09-18,53.01,13.63,10.27,high_doc,144.2,-27.36,8.71,3.22,-29.0875,5.45,-26.54142857,2.122857143,-26.9,0.14,3.8,-29.0875,5.45,-26.54142857,2.122857143,-2.54607143
Andersson,Wuckersee,Germany,European perch,Wu_L_16,2017,9,18,2017-09-18,53.01,13.63,10.27,high_doc,142.9,-26.84,8.91,3.24,-29.0875,5.45,-26.54142857,2.122857143,-26.3,0,4.1,-29.0875,5.45,-26.54142857,2.122857143,-2.54607143
Andersson,Wuckersee,Germany,European perch,Wu_L_30,2017,9,18,2017-09-18,53.01,13.63,10.27,high_doc,135.5,-27.53,9.17,3.21,-29.0875,5.45,-26.54142857,2.122857143,-27.1,0.22,3.9,-29.0875,5.45,-26.54142857,2.122857143,-2.54607143
Andersson,Wuckersee,Germany,European perch,Wu_P_01,2017,9,18,2017-09-18,53.01,13.63,10.27,high_doc,121.7,-27.05,8.51,3.29,-29.0875,5.45,-26.54142857,2.122857143,-26.4,0,3.9,-29.0875,5.45,-26.54142857,2.122857143,-2.54607143
Andersson,Wuckersee,Germany,European perch,Wu_P_11,2017,9,18,2017-09-18,53.01,13.63,10.27,high_doc,120.6,-27.22,8.84,3.22,-29.0875,5.45,-26.54142857,2.122857143,-26.7,0.06,3.9,-29.0875,5.45,-26.54142857,2.122857143,-2.54607143
Andersson,Wuckersee,Germany,European perch,Wu_P_08,2017,9,18,2017-09-18,53.01,13.63,10.27,high_doc,120.6,-27.24,8.92,3.36,-29.0875,5.45,-26.54142857,2.122857143,-26.5,0,4,-29.0875,5.45,-26.54142857,2.122857143,-2.54607143
Andersson,Wuckersee,Germany,European perch,Wu_P_10,2017,9,18,2017-09-18,53.01,13.63,10.27,high_doc,116.9,-26.88,8.36,3.21,-29.0875,5.45,-26.54142857,2.122857143,-26.4,0,3.9,-29.0875,5.45,-26.54142857,2.122857143,-2.54607143
Andersson,Wuckersee,Germany,European perch,Wu_P_15,2017,9,18,2017-09-18,53.01,13.63,10.27,high_doc,114.5,-26.91,8.66,3.27,-29.0875,5.45,-26.54142857,2.122857143,-26.3,0,4,-29.0875,5.45,-26.54142857,2.122857143,-2.54607143
Andersson,Wuckersee,Germany,European perch,Wu_P_12,2017,9,18,2017-09-18,53.01,13.63,10.27,high_doc,112.7,-27.03,8.55,3.29,-29.0875,5.45,-26.54142857,2.122857143,-26.4,0,3.9,-29.0875,5.45,-26.54142857,2.122857143,-2.54607143
Andersson,Wuckersee,Germany,European perch,Wu_L_05,2017,9,18,2017-09-18,53.01,13.63,10.27,high_doc,112.4,-27.79,8.59,3.23,-29.0875,5.45,-26.54142857,2.122857143,-27.3,0.3,3.6,-29.0875,5.45,-26.54142857,2.122857143,-2.54607143
Andersson,Wuckersee,Germany,European perch,Wu_P_09,2017,9,18,2017-09-18,53.01,13.63,10.27,high_doc,112.3,-26.87,8.51,3.23,-29.0875,5.45,-26.54142857,2.122857143,-26.4,0,3.9,-29.0875,5.45,-26.54142857,2.122857143,-2.54607143
Andersson,Wuckersee,Germany,European perch,Wu_P_14,2017,9,18,2017-09-18,53.01,13.63,10.27,high_doc,110.6,-27.13,8.82,3.29,-29.0875,5.45,-26.54142857,2.122857143,-26.5,0,4,-29.0875,5.45,-26.54142857,2.122857143,-2.54607143
Andersson,Wuckersee,Germany,European perch,Wu_L_24,2017,9,18,2017-09-18,53.01,13.63,10.27,high_doc,110.4,-28.13,8.73,3.3,-29.0875,5.45,-26.54142857,2.122857143,-27.5,0.38,3.6,-29.0875,5.45,-26.54142857,2.122857143,-2.54607143
Andersson,Wuckersee,Germany,European perch,Wu_P_07,2017,9,18,2017-09-18,53.01,13.63,10.27,high_doc,109.9,-27.13,8.5,3.2,-29.0875,5.45,-26.54142857,2.122857143,-26.7,0.06,3.8,-29.0875,5.45,-26.54142857,2.122857143,-2.54607143
Andersson,Wuckersee,Germany,European perch,Wu_P_05,2017,9,18,2017-09-18,53.01,13.63,10.27,high_doc,109.6,-27.13,8.77,3.21,-29.0875,5.45,-26.54142857,2.122857143,-26.7,0.06,3.9,-29.0875,5.45,-26.54142857,2.122857143,-2.54607143
Andersson,Wuckersee,Germany,European perch,Wu_L_17,2017,9,18,2017-09-18,53.01,13.63,10.27,high_doc,108.8,-28.24,8.52,3.22,-29.0875,5.45,-26.54142857,2.122857143,-27.8,0.49,3.4,-29.0875,5.45,-26.54142857,2.122857143,-2.54607143
Andersson,Wuckersee,Germany,European perch,Wu_L_02,2017,9,18,2017-09-18,53.01,13.63,10.27,high_doc,108.3,-26.93,7.65,3.2,-29.0875,5.45,-26.54142857,2.122857143,-26.5,0,3.6,-29.0875,5.45,-26.54142857,2.122857143,-2.54607143
Andersson,Wuckersee,Germany,European perch,Wu_L_03,2017,9,18,2017-09-18,53.01,13.63,10.27,high_doc,108.2,-28.13,8.19,3.2,-29.0875,5.45,-26.54142857,2.122857143,-27.7,0.46,3.3,-29.0875,5.45,-26.54142857,2.122857143,-2.54607143
Andersson,Wuckersee,Germany,European perch,Wu_P_13,2017,9,18,2017-09-18,53.01,13.63,10.27,high_doc,108.2,-27.66,8.46,3.21,-29.0875,5.45,-26.54142857,2.122857143,-27.2,0.26,3.6,-29.0875,5.45,-26.54142857,2.122857143,-2.54607143
Andersson,Wuckersee,Germany,European perch,Wu_P_03,2017,9,18,2017-09-18,53.01,13.63,10.27,high_doc,108,-27.19,8.66,3.2,-29.0875,5.45,-26.54142857,2.122857143,-26.7,0.06,3.9,-29.0875,5.45,-26.54142857,2.122857143,-2.54607143
Andersson,Wuckersee,Germany,European perch,Wu_L_23,2017,9,18,2017-09-18,53.01,13.63,10.27,high_doc,107.4,-27.79,8.87,3.33,-29.0875,5.45,-26.54142857,2.122857143,-27.1,0.22,3.8,-29.0875,5.45,-26.54142857,2.122857143,-2.54607143
Andersson,Wuckersee,Germany,European perch,Wu_P_04,2017,9,18,2017-09-18,53.01,13.63,10.27,high_doc,106,-27.49,8.29,3.2,-29.0875,5.45,-26.54142857,2.122857143,-27,0.18,3.6,-29.0875,5.45,-26.54142857,2.122857143,-2.54607143
Andersson,Wuckersee,Germany,European perch,Wu_P_02,2017,9,18,2017-09-18,53.01,13.63,10.27,high_doc,104.7,-26.72,8.04,3.37,-29.0875,5.45,-26.54142857,2.122857143,-25.9,0,4,-29.0875,5.45,-26.54142857,2.122857143,-2.54607143
Andersson,Wuckersee,Germany,European perch,Wu_L_04,2017,9,18,2017-09-18,53.01,13.63,10.27,high_doc,102.2,-27.01,7.09,3.28,-29.0875,5.45,-26.54142857,2.122857143,-26.4,0,3.5,-29.0875,5.45,-26.54142857,2.122857143,-2.54607143
Andersson,Wuckersee,Germany,European perch,Wu_L_01,2017,9,18,2017-09-18,53.01,13.63,10.27,high_doc,102.2,-27.77,8.37,3.22,-29.0875,5.45,-26.54142857,2.122857143,-27.3,0.3,3.5,-29.0875,5.45,-26.54142857,2.122857143,-2.54607143
Andersson,Wuckersee,Germany,European perch,Wu_L_15,2017,9,18,2017-09-18,53.01,13.63,10.27,high_doc,100.3,-25.32,6.89,3.27,-29.0875,5.45,-26.54142857,2.122857143,-24.7,0,4.1,-29.0875,5.45,-26.54142857,2.122857143,-2.54607143
Andersson,Wuckersee,Germany,European perch,Wu_L_29,2017,9,18,2017-09-18,53.01,13.63,10.27,high_doc,100,-26.88,8.56,3.28,-29.0875,5.45,-26.54142857,2.122857143,-26.3,0,4,-29.0875,5.45,-26.54142857,2.122857143,-2.54607143
Andersson,Wuckersee,Germany,European perch,Wu_L_18,2017,9,18,2017-09-18,53.01,13.63,10.27,high_doc,99.8,-25.62,7.34,3.22,-29.0875,5.45,-26.54142857,2.122857143,-25.1,0,4.1,-29.0875,5.45,-26.54142857,2.122857143,-2.54607143
Andersson,Wuckersee,Germany,European perch,Wu_L_28,2017,9,18,2017-09-18,53.01,13.63,10.27,high_doc,91.3,-26.81,8.28,3.23,-29.0875,5.45,-26.54142857,2.122857143,-26.3,0,3.9,-29.0875,5.45,-26.54142857,2.122857143,-2.54607143
Andersson,Wuckersee,Germany,European perch,Wu_P_06,2017,9,18,2017-09-18,53.01,13.63,10.27,high_doc,70.8,-25.93,7.88,3.31,-29.0875,5.45,-26.54142857,2.122857143,-25.3,0,4.2,-29.0875,5.45,-26.54142857,2.122857143,-2.54607143
Andersson,Grober Vatersee,Germany,European perch,GV_P_06,2017,9,20,2017-09-20,53,13.55,12,high_doc,338.4,-27.49,11.52,3.26,-30.45,6.542,-25.17,3.554,-26.9,0.33,4.1,-30.45,6.542,-25.17,3.554,-5.28
Andersson,Grober Vatersee,Germany,European perch,GV_L_23,2017,9,20,2017-09-20,53,13.55,12,high_doc,314.4,-27.15,11.2,3.17,-30.45,6.542,-25.17,3.554,-26.8,0.31,4,-30.45,6.542,-25.17,3.554,-5.28
Andersson,Grober Vatersee,Germany,European perch,GV_L_22,2017,9,20,2017-09-20,53,13.55,12,high_doc,312.4,-27.78,11.16,3.13,-30.45,6.542,-25.17,3.554,-27.5,0.44,3.9,-30.45,6.542,-25.17,3.554,-5.28
Andersson,Grober Vatersee,Germany,European perch,GV_L_10,2017,9,20,2017-09-20,53,13.55,12,high_doc,304.5,-28,11.64,3.12,-30.45,6.542,-25.17,3.554,-27.7,0.48,4,-30.45,6.542,-25.17,3.554,-5.28
Andersson,Grober Vatersee,Germany,European perch,GV_P_07,2017,9,20,2017-09-20,53,13.55,12,high_doc,287.1,-29.22,11.37,3.15,-30.45,6.542,-25.17,3.554,-28.9,0.71,3.7,-30.45,6.542,-25.17,3.554,-5.28
Andersson,Grober Vatersee,Germany,European perch,GV_P_28,2017,9,20,2017-09-20,53,13.55,12,high_doc,275.9,-28.63,10.52,3.17,-30.45,6.542,-25.17,3.554,-28.3,0.59,3.5,-30.45,6.542,-25.17,3.554,-5.28
Andersson,Grober Vatersee,Germany,European perch,GV_L_24,2017,9,20,2017-09-20,53,13.55,12,high_doc,272.3,-27.7,11.45,3.23,-30.45,6.542,-25.17,3.554,-27.2,0.38,4,-30.45,6.542,-25.17,3.554,-5.28
Andersson,Grober Vatersee,Germany,European perch,GV_L_09,2017,9,20,2017-09-20,53,13.55,12,high_doc,264.5,-26.52,10.81,3.22,-30.45,6.542,-25.17,3.554,-26,0.16,4,-30.45,6.542,-25.17,3.554,-5.28
Andersson,Grober Vatersee,Germany,European perch,GV_P_30,2017,9,20,2017-09-20,53,13.55,12,high_doc,263.4,-28.67,10.42,3.17,-30.45,6.542,-25.17,3.554,-28.3,0.59,3.5,-30.45,6.542,-25.17,3.554,-5.28
Andersson,Grober Vatersee,Germany,European perch,GV_P_29,2017,9,20,2017-09-20,53,13.55,12,high_doc,259.7,-27.24,11.66,3.17,-30.45,6.542,-25.17,3.554,-26.9,0.33,4.1,-30.45,6.542,-25.17,3.554,-5.28
Andersson,Grober Vatersee,Germany,European perch,GV_L_11,2017,9,20,2017-09-20,53,13.55,12,high_doc,255.6,-28.22,11.63,3.16,-30.45,6.542,-25.17,3.554,-27.9,0.52,3.9,-30.45,6.542,-25.17,3.554,-5.28
Andersson,Grober Vatersee,Germany,European perch,GV_L_25,2017,9,20,2017-09-20,53,13.55,12,high_doc,255.2,-28.15,10.93,3.15,-30.45,6.542,-25.17,3.554,-27.8,0.5,3.7,-30.45,6.542,-25.17,3.554,-5.28
Andersson,Grober Vatersee,Germany,European perch,GV_L_08,2017,9,20,2017-09-20,53,13.55,12,high_doc,255,-27.17,11.61,3.26,-30.45,6.542,-25.17,3.554,-26.6,0.27,4.1,-30.45,6.542,-25.17,3.554,-5.28
Andersson,Grober Vatersee,Germany,European perch,GV_L_07,2017,9,20,2017-09-20,53,13.55,12,high_doc,254.1,-27.71,11.61,3.3,-30.45,6.542,-25.17,3.554,-27.1,0.37,4,-30.45,6.542,-25.17,3.554,-5.28
Andersson,Grober Vatersee,Germany,European perch,GV_P_08,2017,9,20,2017-09-20,53,13.55,12,high_doc,247.7,-28.13,11.13,3.24,-30.45,6.542,-25.17,3.554,-27.6,0.46,3.8,-30.45,6.542,-25.17,3.554,-5.28
Andersson,Grober Vatersee,Germany,European perch,GV_L_26,2017,9,20,2017-09-20,53,13.55,12,high_doc,228.9,-27.74,11.36,3.21,-30.45,6.542,-25.17,3.554,-27.3,0.4,3.9,-30.45,6.542,-25.17,3.554,-5.28
Andersson,Grober Vatersee,Germany,European perch,GV_L_03,2017,9,20,2017-09-20,53,13.55,12,high_doc,221.8,-26.2,11.38,3.16,-30.45,6.542,-25.17,3.554,-25.8,0.12,4.2,-30.45,6.542,-25.17,3.554,-5.28
Andersson,Grober Vatersee,Germany,European perch,GV_P_27,2017,9,20,2017-09-20,53,13.55,12,high_doc,204.2,-26.56,11.29,3.21,-30.45,6.542,-25.17,3.554,-26.1,0.18,4.1,-30.45,6.542,-25.17,3.554,-5.28
Andersson,Grober Vatersee,Germany,European perch,GV_L_04,2017,9,20,2017-09-20,53,13.55,12,high_doc,200.6,-26.72,10.87,3.16,-30.45,6.542,-25.17,3.554,-26.4,0.23,3.9,-30.45,6.542,-25.17,3.554,-5.28
Andersson,Grober Vatersee,Germany,European perch,GV_L_01,2017,9,20,2017-09-20,53,13.55,12,high_doc,186.4,-25.6,10.98,3.18,-30.45,6.542,-25.17,3.554,-25.2,0.01,4.2,-30.45,6.542,-25.17,3.554,-5.28
Andersson,Grober Vatersee,Germany,European perch,GV_P_09,2017,9,20,2017-09-20,53,13.55,12,high_doc,185.8,-26.56,10.57,3.17,-30.45,6.542,-25.17,3.554,-26.2,0.2,3.9,-30.45,6.542,-25.17,3.554,-5.28
Andersson,Grober Vatersee,Germany,European perch,GV_L_16,2017,9,20,2017-09-20,53,13.55,12,high_doc,173,-26.42,10.51,3.18,-30.45,6.542,-25.17,3.554,-26,0.16,3.9,-30.45,6.542,-25.17,3.554,-5.28
Andersson,Grober Vatersee,Germany,European perch,GV_L_15,2017,9,20,2017-09-20,53,13.55,12,high_doc,168,-26.54,10.12,3.2,-30.45,6.542,-25.17,3.554,-26.1,0.18,3.8,-30.45,6.542,-25.17,3.554,-5.28
Andersson,Grober Vatersee,Germany,European perch,GV_L_02,2017,9,20,2017-09-20,53,13.55,12,high_doc,157.8,-26.65,10.3,3.19,-30.45,6.542,-25.17,3.554,-26.2,0.2,3.8,-30.45,6.542,-25.17,3.554,-5.28
Andersson,Grober Vatersee,Germany,European perch,GV_L_28,2017,9,20,2017-09-20,53,13.55,12,high_doc,139.4,-26.78,9.77,3.29,-30.45,6.542,-25.17,3.554,-26.2,0.2,3.7,-30.45,6.542,-25.17,3.554,-5.28
Andersson,Grober Vatersee,Germany,European perch,GV_L_27,2017,9,20,2017-09-20,53,13.55,12,high_doc,133.9,-26.72,9.75,3.2,-30.45,6.542,-25.17,3.554,-26.3,0.21,3.6,-30.45,6.542,-25.17,3.554,-5.28
Andersson,Grober Vatersee,Germany,European perch,GV_L_12,2017,9,20,2017-09-20,53,13.55,12,high_doc,132.4,-26.9,9.75,3.18,-30.45,6.542,-25.17,3.554,-26.5,0.25,3.6,-30.45,6.542,-25.17,3.554,-5.28
Andersson,Grober Vatersee,Germany,European perch,GV_P_25,2017,9,20,2017-09-20,53,13.55,12,high_doc,129.5,-26.87,9.3,3.21,-30.45,6.542,-25.17,3.554,-26.4,0.23,3.5,-30.45,6.542,-25.17,3.554,-5.28
Andersson,Grober Vatersee,Germany,European perch,GV_P_16,2017,9,20,2017-09-20,53,13.55,12,high_doc,129.4,-26.65,9.54,3.3,-30.45,6.542,-25.17,3.554,-26,0.16,3.6,-30.45,6.542,-25.17,3.554,-5.28
Andersson,Grober Vatersee,Germany,European perch,GV_L_17,2017,9,20,2017-09-20,53,13.55,12,high_doc,124.6,-26.84,9.38,3.21,-30.45,6.542,-25.17,3.554,-26.4,0.23,3.5,-30.45,6.542,-25.17,3.554,-5.28
Andersson,Grober Vatersee,Germany,European perch,GV_L_05,2017,9,20,2017-09-20,53,13.55,12,high_doc,117.5,-26.83,9.12,3.22,-30.45,6.542,-25.17,3.554,-26.3,0.21,3.5,-30.45,6.542,-25.17,3.554,-5.28
Andersson,Grober Vatersee,Germany,European perch,GV_P_20,2017,9,20,2017-09-20,53,13.55,12,high_doc,117.5,-27.14,9.48,3.23,-30.45,6.542,-25.17,3.554,-26.6,0.27,3.5,-30.45,6.542,-25.17,3.554,-5.28
Andersson,Grober Vatersee,Germany,European perch,GV_P_19,2017,9,20,2017-09-20,53,13.55,12,high_doc,115.6,-26.92,9.09,3.21,-30.45,6.542,-25.17,3.554,-26.5,0.25,3.4,-30.45,6.542,-25.17,3.554,-5.28
Andersson,Grober Vatersee,Germany,European perch,GV_L_18,2017,9,20,2017-09-20,53,13.55,12,high_doc,112.2,-26.99,9.22,3.25,-30.45,6.542,-25.17,3.554,-26.4,0.23,3.5,-30.45,6.542,-25.17,3.554,-5.28
Andersson,Grober Vatersee,Germany,European perch,GV_L_06,2017,9,20,2017-09-20,53,13.55,12,high_doc,111.7,-27.19,9.46,3.24,-30.45,6.542,-25.17,3.554,-26.7,0.29,3.5,-30.45,6.542,-25.17,3.554,-5.28
Andersson,Grober Vatersee,Germany,European perch,GV_P_15,2017,9,20,2017-09-20,53,13.55,12,high_doc,110.7,-26.89,9.23,3.22,-30.45,6.542,-25.17,3.554,-26.4,0.23,3.5,-30.45,6.542,-25.17,3.554,-5.28
Andersson,Grober Vatersee,Germany,European perch,GV_P_14,2017,9,20,2017-09-20,53,13.55,12,high_doc,108.1,-27.29,9.08,3.18,-30.45,6.542,-25.17,3.554,-26.9,0.33,3.3,-30.45,6.542,-25.17,3.554,-5.28
Andersson,Grober Vatersee,Germany,European perch,GV_P_01,2017,9,20,2017-09-20,53,13.55,12,high_doc,106.9,-26.85,8.93,3.21,-30.45,6.542,-25.17,3.554,-26.4,0.23,3.4,-30.45,6.542,-25.17,3.554,-5.28
Andersson,Grober Vatersee,Germany,European perch,GV_P_02,2017,9,20,2017-09-20,53,13.55,12,high_doc,106.3,-27.03,8.98,3.24,-30.45,6.542,-25.17,3.554,-26.5,0.25,3.4,-30.45,6.542,-25.17,3.554,-5.28
Andersson,Grober Vatersee,Germany,European perch,GV_P_21,2017,9,20,2017-09-20,53,13.55,12,high_doc,105.7,-26.63,9.07,3.22,-30.45,6.542,-25.17,3.554,-26.1,0.18,3.5,-30.45,6.542,-25.17,3.554,-5.28
Andersson,Grober Vatersee,Germany,European perch,GV_P_13,2017,9,20,2017-09-20,53,13.55,12,high_doc,105.6,-26.92,8.68,3.31,-30.45,6.542,-25.17,3.554,-26.3,0.21,3.3,-30.45,6.542,-25.17,3.554,-5.28
Andersson,Grober Vatersee,Germany,European perch,GV_P_03,2017,9,20,2017-09-20,53,13.55,12,high_doc,104.3,-26.98,9.58,3.15,-30.45,6.542,-25.17,3.554,-26.6,0.27,3.5,-30.45,6.542,-25.17,3.554,-5.28
Andersson,Grober Vatersee,Germany,European perch,GV_P_17,2017,9,20,2017-09-20,53,13.55,12,high_doc,103.7,-27.03,8.89,3.35,-30.45,6.542,-25.17,3.554,-26.3,0.21,3.4,-30.45,6.542,-25.17,3.554,-5.28
Andersson,Grober Vatersee,Germany,European perch,GV_L_29,2017,9,20,2017-09-20,53,13.55,12,high_doc,101.1,-26.84,8.51,3.22,-30.45,6.542,-25.17,3.554,-26.4,0.23,3.3,-30.45,6.542,-25.17,3.554,-5.28
Andersson,Grober Vatersee,Germany,European perch,GV_P_18,2017,9,20,2017-09-20,53,13.55,12,high_doc,96.6,-27.02,8.79,3.22,-30.45,6.542,-25.17,3.554,-26.5,0.25,3.3,-30.45,6.542,-25.17,3.554,-5.28
Andersson,Grober Vatersee,Germany,European perch,GV_P_26,2017,9,20,2017-09-20,53,13.55,12,high_doc,95.8,-27.65,8.91,3.21,-30.45,6.542,-25.17,3.554,-27.2,0.38,3.2,-30.45,6.542,-25.17,3.554,-5.28
Andersson,Grober Vatersee,Germany,European perch,GV_P_11,2017,9,20,2017-09-20,53,13.55,12,high_doc,90.7,-26.84,8.57,3.25,-30.45,6.542,-25.17,3.554,-26.3,0.21,3.3,-30.45,6.542,-25.17,3.554,-5.28
Andersson,Grober Vatersee,Germany,European perch,GV_L_19,2017,9,20,2017-09-20,53,13.55,12,high_doc,87.6,-26.66,8.45,3.3,-30.45,6.542,-25.17,3.554,-26,0.16,3.3,-30.45,6.542,-25.17,3.554,-5.28
Andersson,Grober Vatersee,Germany,European perch,GV_P_10,2017,9,20,2017-09-20,53,13.55,12,high_doc,85.5,-26.87,8.5,3.34,-30.45,6.542,-25.17,3.554,-26.1,0.18,3.3,-30.45,6.542,-25.17,3.554,-5.28
Andersson,Grober Vatersee,Germany,European perch,GV_L_20,2017,9,20,2017-09-20,53,13.55,12,high_doc,83.6,-26.52,8.52,3.33,-30.45,6.542,-25.17,3.554,-25.8,0.12,3.4,-30.45,6.542,-25.17,3.554,-5.28
Andersson,Grober Vatersee,Germany,European perch,GV_L_13,2017,9,20,2017-09-20,53,13.55,12,high_doc,83.6,-27.21,9.79,3.23,-30.45,6.542,-25.17,3.554,-26.7,0.29,3.6,-30.45,6.542,-25.17,3.554,-5.28
Andersson,Grober Vatersee,Germany,European perch,GV_L_21,2017,9,20,2017-09-20,53,13.55,12,high_doc,77.1,-26.63,8.49,3.23,-30.45,6.542,-25.17,3.554,-26.1,0.18,3.3,-30.45,6.542,-25.17,3.554,-5.28
Andersson,Grober Vatersee,Germany,European perch,GV_P_05,2017,9,20,2017-09-20,53,13.55,12,high_doc,75.2,-26.61,8.95,3.23,-30.45,6.542,-25.17,3.554,-26.1,0.18,3.4,-30.45,6.542,-25.17,3.554,-5.28
Andersson,Grober Vatersee,Germany,European perch,GV_P_04,2017,9,20,2017-09-20,53,13.55,12,high_doc,74.8,-26.66,8.77,3.24,-30.45,6.542,-25.17,3.554,-26.1,0.18,3.4,-30.45,6.542,-25.17,3.554,-5.28
Andersson,Grober Vatersee,Germany,European perch,GV_L_14,2017,9,20,2017-09-20,53,13.55,12,high_doc,74.1,-26.63,8.81,3.25,-30.45,6.542,-25.17,3.554,-26.1,0.18,3.4,-30.45,6.542,-25.17,3.554,-5.28
Andersson,Grober Vatersee,Germany,European perch,GV_P_12,2017,9,20,2017-09-20,53,13.55,12,high_doc,73.2,-27.06,8.77,3.27,-30.45,6.542,-25.17,3.554,-26.5,0.25,3.3,-30.45,6.542,-25.17,3.554,-5.28
Andersson,Grober Vatersee,Germany,European perch,GV_P_22,2017,9,20,2017-09-20,53,13.55,12,high_doc,72.3,-26.73,8.77,3.27,-30.45,6.542,-25.17,3.554,-26.1,0.18,3.4,-30.45,6.542,-25.17,3.554,-5.28
Andersson,Grober Vatersee,Germany,European perch,GV_L_30,2017,9,20,2017-09-20,53,13.55,12,high_doc,72.2,-25.7,8.31,3.2,-30.45,6.542,-25.17,3.554,-25.3,0.02,3.4,-30.45,6.542,-25.17,3.554,-5.28
Andersson,Grober Vatersee,Germany,European perch,GV_P_23,2017,9,20,2017-09-20,53,13.55,12,high_doc,60.3,-26.22,9.11,3.36,-30.45,6.542,-25.17,3.554,-25.5,0.06,3.6,-30.45,6.542,-25.17,3.554,-5.28
Andersson,Grober Vatersee,Germany,European perch,GV_P_24,2017,9,20,2017-09-20,53,13.55,12,high_doc,58.3,-26.46,9.18,3.23,-30.45,6.542,-25.17,3.554,-26,0.16,3.5,-30.45,6.542,-25.17,3.554,-5.28
Andersson,Strandsjon,Sweden,European perch,A46,2007,8,14,2007-08-14,59.87,17.17,21,high_doc,62,-34.04,12.62,3.38,-35.1,6.7,-29.6,5.6,-33.2,0.65,3.9,-35.1,6.7,-29.6,5.6,-5.5
Andersson,Strandsjon,Sweden,European perch,A466,2007,8,14,2007-08-14,59.87,17.17,21,high_doc,64,-34.07,12.55,3.29,-35.1,6.7,-29.6,5.6,-33.4,0.69,3.8,-35.1,6.7,-29.6,5.6,-5.5
Andersson,Strandsjon,Sweden,European perch,A72,2007,8,14,2007-08-14,59.87,17.17,21,high_doc,65,-33.72,12.76,3.41,-35.1,6.7,-29.6,5.6,-32.9,0.6,3.9,-35.1,6.7,-29.6,5.6,-5.5
Andersson,Strandsjon,Sweden,European perch,A43,2007,8,14,2007-08-14,59.87,17.17,21,high_doc,66,-34.13,13.37,3.44,-35.1,6.7,-29.6,5.6,-33.2,0.65,4.1,-35.1,6.7,-29.6,5.6,-5.5
Andersson,Strandsjon,Sweden,European perch,A56,2007,8,14,2007-08-14,59.87,17.17,21,high_doc,67,-34.25,11.55,3.64,-35.1,6.7,-29.6,5.6,-33,0.62,3.5,-35.1,6.7,-29.6,5.6,-5.5
Andersson,Strandsjon,Sweden,European perch,A467,2007,8,14,2007-08-14,59.87,17.17,21,high_doc,67,-34.14,12.89,3.33,-35.1,6.7,-29.6,5.6,-33.4,0.69,3.9,-35.1,6.7,-29.6,5.6,-5.5
Andersson,Strandsjon,Sweden,European perch,A45,2007,8,14,2007-08-14,59.87,17.17,21,high_doc,68,-34.24,13.24,3.42,-35.1,6.7,-29.6,5.6,-33.4,0.69,4,-35.1,6.7,-29.6,5.6,-5.5
Andersson,Strandsjon,Sweden,European perch,A477,2007,8,14,2007-08-14,59.87,17.17,21,high_doc,69,-34.04,13.15,3.37,-35.1,6.7,-29.6,5.6,-33.3,0.67,4,-35.1,6.7,-29.6,5.6,-5.5
Andersson,Strandsjon,Sweden,European perch,A357,2007,8,14,2007-08-14,59.87,17.17,21,high_doc,70,-34.08,13.67,3.27,-35.1,6.7,-29.6,5.6,-33.5,0.71,4.1,-35.1,6.7,-29.6,5.6,-5.5
Andersson,Strandsjon,Sweden,European perch,A482,2007,8,14,2007-08-14,59.87,17.17,21,high_doc,71,-34.06,12.82,3.34,-35.1,6.7,-29.6,5.6,-33.3,0.67,3.9,-35.1,6.7,-29.6,5.6,-5.5
Andersson,Strandsjon,Sweden,European perch,A484,2007,8,14,2007-08-14,59.87,17.17,21,high_doc,73,-33.97,13.36,3.3,-35.1,6.7,-29.6,5.6,-33.3,0.67,4.1,-35.1,6.7,-29.6,5.6,-5.5
Andersson,Strandsjon,Sweden,European perch,A511,2007,8,14,2007-08-14,59.87,17.17,21,high_doc,87,-34.08,12.94,3.3,-35.1,6.7,-29.6,5.6,-33.4,0.69,3.9,-35.1,6.7,-29.6,5.6,-5.5
Andersson,Strandsjon,Sweden,European perch,A341,2007,8,14,2007-08-14,59.87,17.17,21,high_doc,90,-34.02,13.25,3.36,-35.1,6.7,-29.6,5.6,-33.3,0.67,4,-35.1,6.7,-29.6,5.6,-5.5
Andersson,Strandsjon,Sweden,European perch,A79,2007,8,14,2007-08-14,59.87,17.17,21,high_doc,95,-34.16,14.18,3.25,-35.1,6.7,-29.6,5.6,-33.6,0.73,4.3,-35.1,6.7,-29.6,5.6,-5.5
Andersson,Strandsjon,Sweden,European perch,A76,2007,8,14,2007-08-14,59.87,17.17,21,high_doc,95,-34.67,14.42,3.48,-35.1,6.7,-29.6,5.6,-33.7,0.75,4.4,-35.1,6.7,-29.6,5.6,-5.5
Andersson,Strandsjon,Sweden,European perch,A26,2007,8,14,2007-08-14,59.87,17.17,21,high_doc,95,-34.08,13.61,3.35,-35.1,6.7,-29.6,5.6,-33.3,0.67,4.1,-35.1,6.7,-29.6,5.6,-5.5
Andersson,Strandsjon,Sweden,European perch,A66,2007,8,14,2007-08-14,59.87,17.17,21,high_doc,97,-34.56,12.48,3.61,-35.1,6.7,-29.6,5.6,-33.4,0.69,3.8,-35.1,6.7,-29.6,5.6,-5.5
Andersson,Strandsjon,Sweden,European perch,A42,2007,8,14,2007-08-14,59.87,17.17,21,high_doc,97,-34.39,13.61,3.44,-35.1,6.7,-29.6,5.6,-33.5,0.71,4.1,-35.1,6.7,-29.6,5.6,-5.5
Andersson,Strandsjon,Sweden,European perch,A362,2007,8,14,2007-08-14,59.87,17.17,21,high_doc,97,-34.1,14.24,3.27,-35.1,6.7,-29.6,5.6,-33.5,0.71,4.3,-35.1,6.7,-29.6,5.6,-5.5
Andersson,Strandsjon,Sweden,European perch,A24,2007,8,14,2007-08-14,59.87,17.17,21,high_doc,99,-33.85,12.54,3.37,-35.1,6.7,-29.6,5.6,-33.1,0.64,3.8,-35.1,6.7,-29.6,5.6,-5.5
Andersson,Strandsjon,Sweden,European perch,A55,2007,8,14,2007-08-14,59.87,17.17,21,high_doc,100,-34.29,13.94,3.31,-35.1,6.7,-29.6,5.6,-33.6,0.73,4.2,-35.1,6.7,-29.6,5.6,-5.5
Andersson,Strandsjon,Sweden,European perch,A352,2007,8,14,2007-08-14,59.87,17.17,21,high_doc,100,-34.07,14.22,3.28,-35.1,6.7,-29.6,5.6,-33.5,0.71,4.3,-35.1,6.7,-29.6,5.6,-5.5
Andersson,Strandsjon,Sweden,European perch,A40,2007,8,14,2007-08-14,59.87,17.17,21,high_doc,101,-34.08,13.02,3.22,-35.1,6.7,-29.6,5.6,-33.6,0.73,3.9,-35.1,6.7,-29.6,5.6,-5.5
Andersson,Strandsjon,Sweden,European perch,A353,2007,8,14,2007-08-14,59.87,17.17,21,high_doc,101,-34.2,14.48,3.24,-35.1,6.7,-29.6,5.6,-33.7,0.75,4.4,-35.1,6.7,-29.6,5.6,-5.5
Andersson,Strandsjon,Sweden,European perch,A44,2007,8,14,2007-08-14,59.87,17.17,21,high_doc,102,-34.47,14.4,3.29,-35.1,6.7,-29.6,5.6,-33.8,0.76,4.3,-35.1,6.7,-29.6,5.6,-5.5
Andersson,Strandsjon,Sweden,European perch,A60,2007,8,14,2007-08-14,59.87,17.17,21,high_doc,102,-34.21,14.22,3.26,-35.1,6.7,-29.6,5.6,-33.6,0.73,4.3,-35.1,6.7,-29.6,5.6,-5.5
Andersson,Strandsjon,Sweden,European perch,A38,2007,8,14,2007-08-14,59.87,17.17,21,high_doc,103,-33.52,13.18,3.28,-35.1,6.7,-29.6,5.6,-32.9,0.6,4,-35.1,6.7,-29.6,5.6,-5.5
Andersson,Strandsjon,Sweden,European perch,A344,2007,8,14,2007-08-14,59.87,17.17,21,high_doc,104,-34.41,12.64,3.23,-35.1,6.7,-29.6,5.6,-33.9,0.78,3.8,-35.1,6.7,-29.6,5.6,-5.5
Andersson,Strandsjon,Sweden,European perch,A37,2007,8,14,2007-08-14,59.87,17.17,21,high_doc,105,-34.34,14.12,3.25,-35.1,6.7,-29.6,5.6,-33.8,0.76,4.3,-35.1,6.7,-29.6,5.6,-5.5
Andersson,Strandsjon,Sweden,European perch,A30,2007,8,14,2007-08-14,59.87,17.17,21,high_doc,106,-34.39,13.34,3.32,-35.1,6.7,-29.6,5.6,-33.7,0.75,4,-35.1,6.7,-29.6,5.6,-5.5
Andersson,Strandsjon,Sweden,European perch,A67,2007,8,14,2007-08-14,59.87,17.17,21,high_doc,106,-33.36,13.29,3.44,-35.1,6.7,-29.6,5.6,-32.4,0.51,4.1,-35.1,6.7,-29.6,5.6,-5.5
Andersson,Strandsjon,Sweden,European perch,A340,2007,8,14,2007-08-14,59.87,17.17,21,high_doc,106,-34.52,12.16,3.29,-35.1,6.7,-29.6,5.6,-33.9,0.78,3.7,-35.1,6.7,-29.6,5.6,-5.5
Andersson,Strandsjon,Sweden,European perch,A349,2007,8,14,2007-08-14,59.87,17.17,21,high_doc,107,-34.12,12.32,3.21,-35.1,6.7,-29.6,5.6,-33.7,0.75,3.7,-35.1,6.7,-29.6,5.6,-5.5
Andersson,Strandsjon,Sweden,European perch,A345,2007,8,14,2007-08-14,59.87,17.17,21,high_doc,109,-34.22,12.37,3.22,-35.1,6.7,-29.6,5.6,-33.7,0.75,3.7,-35.1,6.7,-29.6,5.6,-5.5
Andersson,Strandsjon,Sweden,European perch,A335,2007,8,14,2007-08-14,59.87,17.17,21,high_doc,110,-34.21,12.87,3.18,-35.1,6.7,-29.6,5.6,-33.8,0.76,3.9,-35.1,6.7,-29.6,5.6,-5.5
Andersson,Strandsjon,Sweden,European perch,A63,2007,8,14,2007-08-14,59.87,17.17,21,high_doc,111,-32.74,12.48,3.37,-35.1,6.7,-29.6,5.6,-32,0.44,3.9,-35.1,6.7,-29.6,5.6,-5.5
Andersson,Strandsjon,Sweden,European perch,A343,2007,8,14,2007-08-14,59.87,17.17,21,high_doc,111,-34.65,12.3,3.3,-35.1,6.7,-29.6,5.6,-34,0.8,3.7,-35.1,6.7,-29.6,5.6,-5.5
Andersson,Strandsjon,Sweden,European perch,A39,2007,8,14,2007-08-14,59.87,17.17,21,high_doc,112,-34.2,13.04,3.28,-35.1,6.7,-29.6,5.6,-33.6,0.73,4,-35.1,6.7,-29.6,5.6,-5.5
Andersson,Strandsjon,Sweden,European perch,A337,2007,8,14,2007-08-14,59.87,17.17,21,high_doc,112,-34.47,12.46,3.19,-35.1,6.7,-29.6,5.6,-34,0.8,3.8,-35.1,6.7,-29.6,5.6,-5.5
Andersson,Strandsjon,Sweden,European perch,A41,2007,8,14,2007-08-14,59.87,17.17,21,high_doc,113,-34.35,13.29,3.31,-35.1,6.7,-29.6,5.6,-33.7,0.75,4,-35.1,6.7,-29.6,5.6,-5.5
Andersson,Strandsjon,Sweden,European perch,A409,2007,8,14,2007-08-14,59.87,17.17,21,high_doc,113,-34.51,13.77,3.18,-35.1,6.7,-29.6,5.6,-34.1,0.82,4.1,-35.1,6.7,-29.6,5.6,-5.5
Andersson,Strandsjon,Sweden,European perch,A65,2007,8,14,2007-08-14,59.87,17.17,21,high_doc,114,-33.44,11.99,3.31,-35.1,6.7,-29.6,5.6,-32.8,0.58,3.7,-35.1,6.7,-29.6,5.6,-5.5
Andersson,Strandsjon,Sweden,European perch,A23,2007,8,14,2007-08-14,59.87,17.17,21,high_doc,114,-34.2,12.42,3.28,-35.1,6.7,-29.6,5.6,-33.6,0.73,3.8,-35.1,6.7,-29.6,5.6,-5.5
Andersson,Strandsjon,Sweden,European perch,A62,2007,8,14,2007-08-14,59.87,17.17,21,high_doc,118,-33.29,13.44,3.33,-35.1,6.7,-29.6,5.6,-32.6,0.55,4.1,-35.1,6.7,-29.6,5.6,-5.5
Andersson,Strandsjon,Sweden,European perch,A27,2007,8,14,2007-08-14,59.87,17.17,21,high_doc,120,-32.65,12.14,3.27,-35.1,6.7,-29.6,5.6,-32.1,0.45,3.8,-35.1,6.7,-29.6,5.6,-5.5
Andersson,Strandsjon,Sweden,European perch,A443,2007,8,14,2007-08-14,59.87,17.17,21,high_doc,120,-34.06,13.32,3.27,-35.1,6.7,-29.6,5.6,-33.5,0.71,4,-35.1,6.7,-29.6,5.6,-5.5
Andersson,Strandsjon,Sweden,European perch,A17,2007,8,14,2007-08-14,59.87,17.17,21,high_doc,121,-33.62,12.72,3.29,-35.1,6.7,-29.6,5.6,-33,0.62,3.9,-35.1,6.7,-29.6,5.6,-5.5
Andersson,Strandsjon,Sweden,European perch,A445,2007,8,14,2007-08-14,59.87,17.17,21,high_doc,121,-33.76,13.45,3.27,-35.1,6.7,-29.6,5.6,-33.2,0.65,4.1,-35.1,6.7,-29.6,5.6,-5.5
Andersson,Strandsjon,Sweden,European perch,A18,2007,8,14,2007-08-14,59.87,17.17,21,high_doc,124,-33.29,12.38,3.29,-35.1,6.7,-29.6,5.6,-32.7,0.56,3.8,-35.1,6.7,-29.6,5.6,-5.5
Andersson,Strandsjon,Sweden,European perch,A29,2007,8,14,2007-08-14,59.87,17.17,21,high_doc,126,-32.7,12.73,3.23,-35.1,6.7,-29.6,5.6,-32.2,0.47,3.9,-35.1,6.7,-29.6,5.6,-5.5
Andersson,Strandsjon,Sweden,European perch,A351,2007,8,14,2007-08-14,59.87,17.17,21,high_doc,126,-33.44,12.37,3.16,-35.1,6.7,-29.6,5.6,-33.1,0.64,3.8,-35.1,6.7,-29.6,5.6,-5.5
Andersson,Strandsjon,Sweden,European perch,A440,2007,8,14,2007-08-14,59.87,17.17,21,high_doc,128,-33.49,12.54,3.11,-35.1,6.7,-29.6,5.6,-33.2,0.65,3.8,-35.1,6.7,-29.6,5.6,-5.5
Andersson,Strandsjon,Sweden,European perch,A448,2007,8,14,2007-08-14,59.87,17.17,21,high_doc,136,-32.99,13.69,3.15,-35.1,6.7,-29.6,5.6,-32.7,0.56,4.2,-35.1,6.7,-29.6,5.6,-5.5
Andersson,Strandsjon,Sweden,European perch,A32,2007,8,14,2007-08-14,59.87,17.17,21,high_doc,142,-32.58,11.97,3.19,-35.1,6.7,-29.6,5.6,-32.2,0.47,3.7,-35.1,6.7,-29.6,5.6,-5.5
Andersson,Strandsjon,Sweden,European perch,A439,2007,8,14,2007-08-14,59.87,17.17,21,high_doc,146,-33.72,11.91,3.25,-35.1,6.7,-29.6,5.6,-33.2,0.65,3.6,-35.1,6.7,-29.6,5.6,-5.5
Andersson,Strandsjon,Sweden,European perch,A441,2007,8,14,2007-08-14,59.87,17.17,21,high_doc,165,-31.67,11.52,3.09,-35.1,6.7,-29.6,5.6,-31.5,0.35,3.6,-35.1,6.7,-29.6,5.6,-5.5
Andersson,Strandsjon,Sweden,European perch,A435,2007,8,14,2007-08-14,59.87,17.17,21,high_doc,189,-32.52,12.57,3.12,-35.1,6.7,-29.6,5.6,-32.3,0.49,3.9,-35.1,6.7,-29.6,5.6,-5.5
Andersson,Strandsjon,Sweden,European perch,A434,2007,8,14,2007-08-14,59.87,17.17,21,high_doc,191,-32.88,12.5,3.21,-35.1,6.7,-29.6,5.6,-32.4,0.51,3.9,-35.1,6.7,-29.6,5.6,-5.5
Andersson,Strandsjon,Sweden,European perch,190,2007,8,14,2007-08-14,59.87,17.17,21,high_doc,241,-32.65,13.17,3.26,-35.1,6.7,-29.6,5.6,-32.1,0.45,4.1,-35.1,6.7,-29.6,5.6,-5.5
Andersson,Gyslattasjon,Sweden,European perch,Gy_L_18,2017,7,24,2017-07-24,57.11,14.48,11.52,high_doc,91.1,-30.77,7.11,3.46,-33.17,4,-29.49285714,2.524285714,-29.8,0.08,3.3,-33.17,4,-29.49285714,2.524285714,-3.67714286
Andersson,Gyslattasjon,Sweden,European perch,Gy_L_16,2017,7,24,2017-07-24,57.11,14.48,11.52,high_doc,93.5,-30.82,6.8,3.43,-33.17,4,-29.49285714,2.524285714,-29.9,0.11,3.2,-33.17,4,-29.49285714,2.524285714,-3.67714286
Andersson,Gyslattasjon,Sweden,European perch,Gy_L_17,2017,7,24,2017-07-24,57.11,14.48,11.52,high_doc,101.2,-31.78,7.73,3.51,-33.17,4,-29.49285714,2.524285714,-30.7,0.33,3.4,-33.17,4,-29.49285714,2.524285714,-3.67714286
Andersson,Gyslattasjon,Sweden,European perch,Gy_P_37,2017,7,24,2017-07-24,57.11,14.48,11.52,high_doc,103,-31.18,7.48,3.45,-33.17,4,-29.49285714,2.524285714,-30.2,0.19,3.4,-33.17,4,-29.49285714,2.524285714,-3.67714286
Andersson,Gyslattasjon,Sweden,European perch,Gy_P_33,2017,7,24,2017-07-24,57.11,14.48,11.52,high_doc,103.9,-31.11,7.99,3.41,-33.17,4,-29.49285714,2.524285714,-30.3,0.22,3.5,-33.17,4,-29.49285714,2.524285714,-3.67714286
Andersson,Gyslattasjon,Sweden,European perch,Gy_L_46,2017,7,24,2017-07-24,57.11,14.48,11.52,high_doc,105,-31.49,7.76,3.26,-33.17,4,-29.49285714,2.524285714,-30.9,0.38,3.4,-33.17,4,-29.49285714,2.524285714,-3.67714286
Andersson,Gyslattasjon,Sweden,European perch,Gy_L_11,2017,7,24,2017-07-24,57.11,14.48,11.52,high_doc,105.1,-30.36,7.38,3.26,-33.17,4,-29.49285714,2.524285714,-29.8,0.08,3.4,-33.17,4,-29.49285714,2.524285714,-3.67714286
Andersson,Gyslattasjon,Sweden,European perch,Gy_L_07,2017,7,24,2017-07-24,57.11,14.48,11.52,high_doc,105.6,-32.1,7.47,3.51,-33.17,4,-29.49285714,2.524285714,-31.1,0.44,3.3,-33.17,4,-29.49285714,2.524285714,-3.67714286
Andersson,Gyslattasjon,Sweden,European perch,Gy_L_13,2017,7,24,2017-07-24,57.11,14.48,11.52,high_doc,106.5,-31.4,7.95,3.47,-33.17,4,-29.49285714,2.524285714,-30.4,0.25,3.5,-33.17,4,-29.49285714,2.524285714,-3.67714286
Andersson,Gyslattasjon,Sweden,European perch,Gy_P_49,2017,7,24,2017-07-24,57.11,14.48,11.52,high_doc,106.8,-30.68,7.02,3.23,-33.17,4,-29.49285714,2.524285714,-30.2,0.19,3.2,-33.17,4,-29.49285714,2.524285714,-3.67714286
Andersson,Gyslattasjon,Sweden,European perch,Gy_P_42,2017,7,24,2017-07-24,57.11,14.48,11.52,high_doc,107.1,-31.1,7.45,3.22,-33.17,4,-29.49285714,2.524285714,-30.6,0.3,3.3,-33.17,4,-29.49285714,2.524285714,-3.67714286
Andersson,Gyslattasjon,Sweden,European perch,Gy_P_50,2017,7,24,2017-07-24,57.11,14.48,11.52,high_doc,107.9,-31.04,7.53,3.34,-33.17,4,-29.49285714,2.524285714,-30.3,0.22,3.4,-33.17,4,-29.49285714,2.524285714,-3.67714286
Andersson,Gyslattasjon,Sweden,European perch,Gy_L_49,2017,7,24,2017-07-24,57.11,14.48,11.52,high_doc,109.5,-30.95,7.37,3.31,-33.17,4,-29.49285714,2.524285714,-30.3,0.22,3.3,-33.17,4,-29.49285714,2.524285714,-3.67714286
Andersson,Gyslattasjon,Sweden,European perch,Gy_L_47,2017,7,24,2017-07-24,57.11,14.48,11.52,high_doc,110,-31.3,7.5,3.38,-33.17,4,-29.49285714,2.524285714,-30.5,0.27,3.3,-33.17,4,-29.49285714,2.524285714,-3.67714286
Andersson,Gyslattasjon,Sweden,European perch,Gy_P_44,2017,7,24,2017-07-24,57.11,14.48,11.52,high_doc,110.6,-30.95,7.23,3.29,-33.17,4,-29.49285714,2.524285714,-30.3,0.22,3.3,-33.17,4,-29.49285714,2.524285714,-3.67714286
Andersson,Gyslattasjon,Sweden,European perch,Gy_P_40,2017,7,24,2017-07-24,57.11,14.48,11.52,high_doc,110.9,-31.02,7.83,3.35,-33.17,4,-29.49285714,2.524285714,-30.3,0.22,3.5,-33.17,4,-29.49285714,2.524285714,-3.67714286
Andersson,Gyslattasjon,Sweden,European perch,Gy_P_38,2017,7,24,2017-07-24,57.11,14.48,11.52,high_doc,111,-31.04,7.38,3.4,-33.17,4,-29.49285714,2.524285714,-30.2,0.19,3.3,-33.17,4,-29.49285714,2.524285714,-3.67714286
Andersson,Gyslattasjon,Sweden,European perch,Gy_P_47,2017,7,24,2017-07-24,57.11,14.48,11.52,high_doc,111.5,-30.57,7.32,3.24,-33.17,4,-29.49285714,2.524285714,-30,0.14,3.3,-33.17,4,-29.49285714,2.524285714,-3.67714286
Andersson,Gyslattasjon,Sweden,European perch,Gy_P_35,2017,7,24,2017-07-24,57.11,14.48,11.52,high_doc,111.8,-30.68,7.57,3.28,-33.17,4,-29.49285714,2.524285714,-30.1,0.17,3.4,-33.17,4,-29.49285714,2.524285714,-3.67714286
Andersson,Gyslattasjon,Sweden,European perch,Gy_P_31,2017,7,24,2017-07-24,57.11,14.48,11.52,high_doc,111.8,-31.05,7.49,3.43,-33.17,4,-29.49285714,2.524285714,-30.2,0.19,3.4,-33.17,4,-29.49285714,2.524285714,-3.67714286
Andersson,Gyslattasjon,Sweden,European perch,Gy_L_15,2017,7,24,2017-07-24,57.11,14.48,11.52,high_doc,112.6,-31.23,7.89,3.28,-33.17,4,-29.49285714,2.524285714,-30.6,0.3,3.4,-33.17,4,-29.49285714,2.524285714,-3.67714286
Andersson,Gyslattasjon,Sweden,European perch,Gy_P_43,2017,7,24,2017-07-24,57.11,14.48,11.52,high_doc,112.6,-30.51,7.41,3.26,-33.17,4,-29.49285714,2.524285714,-29.9,0.11,3.4,-33.17,4,-29.49285714,2.524285714,-3.67714286
Andersson,Gyslattasjon,Sweden,European perch,Gy_P_36,2017,7,24,2017-07-24,57.11,14.48,11.52,high_doc,113,-31.36,7.83,3.24,-33.17,4,-29.49285714,2.524285714,-30.8,0.36,3.4,-33.17,4,-29.49285714,2.524285714,-3.67714286
Andersson,Gyslattasjon,Sweden,European perch,Gy_L_22,2017,7,24,2017-07-24,57.11,14.48,11.52,high_doc,114.2,-32.05,7.84,3.26,-33.17,4,-29.49285714,2.524285714,-31.5,0.55,3.3,-33.17,4,-29.49285714,2.524285714,-3.67714286
Andersson,Gyslattasjon,Sweden,European perch,Gy_L_08,2017,7,24,2017-07-24,57.11,14.48,11.52,high_doc,115.2,-30.65,8.1,3.33,-33.17,4,-29.49285714,2.524285714,-29.9,0.11,3.6,-33.17,4,-29.49285714,2.524285714,-3.67714286
Andersson,Gyslattasjon,Sweden,European perch,Gy_L_04,2017,7,24,2017-07-24,57.11,14.48,11.52,high_doc,116.8,-30.66,8,3.41,-33.17,4,-29.49285714,2.524285714,-29.8,0.08,3.6,-33.17,4,-29.49285714,2.524285714,-3.67714286
Andersson,Gyslattasjon,Sweden,European perch,Gy_P_10,2017,7,24,2017-07-24,57.11,14.48,11.52,high_doc,116.9,-30.92,7.88,3.34,-33.17,4,-29.49285714,2.524285714,-30.2,0.19,3.5,-33.17,4,-29.49285714,2.524285714,-3.67714286
Andersson,Gyslattasjon,Sweden,European perch,Gy_L_43,2017,7,24,2017-07-24,57.11,14.48,11.52,high_doc,117.5,-31.39,8.19,3.33,-33.17,4,-29.49285714,2.524285714,-30.7,0.33,3.5,-33.17,4,-29.49285714,2.524285714,-3.67714286
Andersson,Gyslattasjon,Sweden,European perch,Gy_L_02,2017,7,24,2017-07-24,57.11,14.48,11.52,high_doc,117.5,-31.99,8.11,3.38,-33.17,4,-29.49285714,2.524285714,-31.2,0.46,3.4,-33.17,4,-29.49285714,2.524285714,-3.67714286
Andersson,Gyslattasjon,Sweden,European perch,Gy_P_45,2017,7,24,2017-07-24,57.11,14.48,11.52,high_doc,119.3,-30.82,7.8,3.36,-33.17,4,-29.49285714,2.524285714,-30.1,0.17,3.5,-33.17,4,-29.49285714,2.524285714,-3.67714286
Andersson,Gyslattasjon,Sweden,European perch,Gy_L_42,2017,7,24,2017-07-24,57.11,14.48,11.52,high_doc,119.8,-31.39,7.76,3.37,-33.17,4,-29.49285714,2.524285714,-30.6,0.3,3.4,-33.17,4,-29.49285714,2.524285714,-3.67714286
Andersson,Gyslattasjon,Sweden,European perch,Gy_P_32,2017,7,24,2017-07-24,57.11,14.48,11.52,high_doc,120.2,-30.22,7.38,3.27,-33.17,4,-29.49285714,2.524285714,-29.6,0.03,3.4,-33.17,4,-29.49285714,2.524285714,-3.67714286
Andersson,Gyslattasjon,Sweden,European perch,Gy_L_05,2017,7,24,2017-07-24,57.11,14.48,11.52,high_doc,120.3,-30.94,8.06,3.33,-33.17,4,-29.49285714,2.524285714,-30.2,0.19,3.5,-33.17,4,-29.49285714,2.524285714,-3.67714286
Andersson,Gyslattasjon,Sweden,European perch,Gy_L_48,2017,7,24,2017-07-24,57.11,14.48,11.52,high_doc,120.6,-31.49,7.9,3.3,-33.17,4,-29.49285714,2.524285714,-30.8,0.36,3.4,-33.17,4,-29.49285714,2.524285714,-3.67714286
Andersson,Gyslattasjon,Sweden,European perch,Gy_L_41,2017,7,24,2017-07-24,57.11,14.48,11.52,high_doc,121.3,-30.96,7.77,3.31,-33.17,4,-29.49285714,2.524285714,-30.3,0.22,3.4,-33.17,4,-29.49285714,2.524285714,-3.67714286
Andersson,Gyslattasjon,Sweden,European perch,Gy_L_39,2017,7,24,2017-07-24,57.11,14.48,11.52,high_doc,121.8,-31.47,8.32,3.37,-33.17,4,-29.49285714,2.524285714,-30.7,0.33,3.6,-33.17,4,-29.49285714,2.524285714,-3.67714286
Andersson,Gyslattasjon,Sweden,European perch,Gy_P_14,2017,7,24,2017-07-24,57.11,14.48,11.52,high_doc,122,-30.63,7.56,3.23,-33.17,4,-29.49285714,2.524285714,-30.1,0.17,3.4,-33.17,4,-29.49285714,2.524285714,-3.67714286
Andersson,Gyslattasjon,Sweden,European perch,Gy_P_08,2017,7,24,2017-07-24,57.11,14.48,11.52,high_doc,122.3,-30.23,7.62,3.33,-33.17,4,-29.49285714,2.524285714,-29.5,0,3.5,-33.17,4,-29.49285714,2.524285714,-3.67714286
Andersson,Gyslattasjon,Sweden,European perch,Gy_L_40,2017,7,24,2017-07-24,57.11,14.48,11.52,high_doc,122.8,-30.79,7,3.31,-33.17,4,-29.49285714,2.524285714,-30.1,0.17,3.2,-33.17,4,-29.49285714,2.524285714,-3.67714286
Andersson,Gyslattasjon,Sweden,European perch,Gy_L_45,2017,7,24,2017-07-24,57.11,14.48,11.52,high_doc,123,-30.72,7.81,3.37,-33.17,4,-29.49285714,2.524285714,-29.9,0.11,3.5,-33.17,4,-29.49285714,2.524285714,-3.67714286
Andersson,Gyslattasjon,Sweden,European perch,Gy_L_03,2017,7,24,2017-07-24,57.11,14.48,11.52,high_doc,123.2,-31.62,7.73,3.28,-33.17,4,-29.49285714,2.524285714,-31,0.41,3.4,-33.17,4,-29.49285714,2.524285714,-3.67714286
Andersson,Gyslattasjon,Sweden,European perch,Gy_P_15,2017,7,24,2017-07-24,57.11,14.48,11.52,high_doc,123.4,-30.3,7.64,3.24,-33.17,4,-29.49285714,2.524285714,-29.8,0.08,3.5,-33.17,4,-29.49285714,2.524285714,-3.67714286
Andersson,Gyslattasjon,Sweden,European perch,Gy_P_06,2017,7,24,2017-07-24,57.11,14.48,11.52,high_doc,123.9,-30.42,7.53,3.25,-33.17,4,-29.49285714,2.524285714,-29.9,0.11,3.4,-33.17,4,-29.49285714,2.524285714,-3.67714286
Andersson,Gyslattasjon,Sweden,European perch,Gy_P_01,2017,7,24,2017-07-24,57.11,14.48,11.52,high_doc,124.1,-30.89,7.66,3.31,-33.17,4,-29.49285714,2.524285714,-30.2,0.19,3.4,-33.17,4,-29.49285714,2.524285714,-3.67714286
Andersson,Gyslattasjon,Sweden,European perch,Gy_P_02,2017,7,24,2017-07-24,57.11,14.48,11.52,high_doc,124.3,-31,7.92,3.26,-33.17,4,-29.49285714,2.524285714,-30.4,0.25,3.5,-33.17,4,-29.49285714,2.524285714,-3.67714286
Andersson,Gyslattasjon,Sweden,European perch,Gy_P_04,2017,7,24,2017-07-24,57.11,14.48,11.52,high_doc,124.8,-30.71,8.09,3.28,-33.17,4,-29.49285714,2.524285714,-30.1,0.17,3.6,-33.17,4,-29.49285714,2.524285714,-3.67714286
Andersson,Gyslattasjon,Sweden,European perch,Gy_P_12,2017,7,24,2017-07-24,57.11,14.48,11.52,high_doc,125,-30.71,7.64,3.28,-33.17,4,-29.49285714,2.524285714,-30.1,0.17,3.4,-33.17,4,-29.49285714,2.524285714,-3.67714286
Andersson,Gyslattasjon,Sweden,European perch,Gy_L_44,2017,7,24,2017-07-24,57.11,14.48,11.52,high_doc,125.3,-30.2,7.69,3.33,-33.17,4,-29.49285714,2.524285714,-29.5,0,3.5,-33.17,4,-29.49285714,2.524285714,-3.67714286
Andersson,Gyslattasjon,Sweden,European perch,Gy_P_46,2017,7,24,2017-07-24,57.11,14.48,11.52,high_doc,125.4,-30.37,7.72,3.24,-33.17,4,-29.49285714,2.524285714,-29.8,0.08,3.5,-33.17,4,-29.49285714,2.524285714,-3.67714286
Andersson,Gyslattasjon,Sweden,European perch,Gy_L_01,2017,7,24,2017-07-24,57.11,14.48,11.52,high_doc,126.1,-30.42,7.35,3.32,-33.17,4,-29.49285714,2.524285714,-29.7,0.06,3.4,-33.17,4,-29.49285714,2.524285714,-3.67714286
Andersson,Gyslattasjon,Sweden,European perch,Gy_L_38,2017,7,24,2017-07-24,57.11,14.48,11.52,high_doc,126.3,-31.25,7.79,3.28,-33.17,4,-29.49285714,2.524285714,-30.6,0.3,3.4,-33.17,4,-29.49285714,2.524285714,-3.67714286
Andersson,Gyslattasjon,Sweden,European perch,Gy_P_11,2017,7,24,2017-07-24,57.11,14.48,11.52,high_doc,126.7,-30.41,7.91,3.25,-33.17,4,-29.49285714,2.524285714,-29.9,0.11,3.5,-33.17,4,-29.49285714,2.524285714,-3.67714286
Andersson,Gyslattasjon,Sweden,European perch,Gy_P_03,2017,7,24,2017-07-24,57.11,14.48,11.52,high_doc,127.2,-30.58,7.7,3.32,-33.17,4,-29.49285714,2.524285714,-29.9,0.11,3.5,-33.17,4,-29.49285714,2.524285714,-3.67714286
Andersson,Gyslattasjon,Sweden,European perch,Gy_P_05,2017,7,24,2017-07-24,57.11,14.48,11.52,high_doc,131.4,-30.64,8.1,3.28,-33.17,4,-29.49285714,2.524285714,-30,0.14,3.6,-33.17,4,-29.49285714,2.524285714,-3.67714286
Andersson,Gyslattasjon,Sweden,European perch,Gy_L_06,2017,7,24,2017-07-24,57.11,14.48,11.52,high_doc,138.6,-30.86,8.2,3.24,-33.17,4,-29.49285714,2.524285714,-30.3,0.22,3.6,-33.17,4,-29.49285714,2.524285714,-3.67714286
Andersson,Gyslattasjon,Sweden,European perch,Gy_L_37,2017,7,24,2017-07-24,57.11,14.48,11.52,high_doc,170.4,-30.12,8.47,3.21,-33.17,4,-29.49285714,2.524285714,-29.7,0.06,3.7,-33.17,4,-29.49285714,2.524285714,-3.67714286
Andersson,Gyslattasjon,Sweden,European perch,Gy_L_50,2017,7,24,2017-07-24,57.11,14.48,11.52,high_doc,264.3,-29.6,9.08,3.16,-33.17,4,-29.49285714,2.524285714,-29.2,0,4,-33.17,4,-29.49285714,2.524285714,-3.67714286
Andersson,Gyslattasjon,Sweden,European perch,Gy_L_19,2017,7,24,2017-07-24,57.11,14.48,11.52,high_doc,280.9,-30.18,9.06,3.22,-33.17,4,-29.49285714,2.524285714,-29.7,0.06,3.9,-33.17,4,-29.49285714,2.524285714,-3.67714286
Andersson,Valloxen,Sweden,European perch,A521,2007,8,17,2007-08-17,59.73,17.84,17.6,high_doc,52,-30.5,12.91,3.26,-31.6,4.9,-29.1,4.7,-29.9,0.32,4.4,-31.6,4.9,-29.1,4.7,-2.5
Andersson,Valloxen,Sweden,European perch,A518,2007,8,17,2007-08-17,59.73,17.84,17.6,high_doc,53,-30.55,13.09,3.26,-31.6,4.9,-29.1,4.7,-30,0.36,4.4,-31.6,4.9,-29.1,4.7,-2.5
Andersson,Valloxen,Sweden,European perch,A520,2007,8,17,2007-08-17,59.73,17.84,17.6,high_doc,54,-30.5,12.63,3.34,-31.6,4.9,-29.1,4.7,-29.8,0.28,4.3,-31.6,4.9,-29.1,4.7,-2.5
Andersson,Valloxen,Sweden,European perch,A515,2007,8,17,2007-08-17,59.73,17.84,17.6,high_doc,55,-30.47,13.29,3.22,-31.6,4.9,-29.1,4.7,-30,0.36,4.5,-31.6,4.9,-29.1,4.7,-2.5
Andersson,Valloxen,Sweden,European perch,A365,2007,8,17,2007-08-17,59.73,17.84,17.6,high_doc,55,-30.42,12.4,3.25,-31.6,4.9,-29.1,4.7,-29.9,0.32,4.2,-31.6,4.9,-29.1,4.7,-2.5
Andersson,Valloxen,Sweden,European perch,A516,2007,8,17,2007-08-17,59.73,17.84,17.6,high_doc,57,-30.34,12.87,3.22,-31.6,4.9,-29.1,4.7,-29.9,0.32,4.4,-31.6,4.9,-29.1,4.7,-2.5
Andersson,Valloxen,Sweden,European perch,A366,2007,8,17,2007-08-17,59.73,17.84,17.6,high_doc,58,-29.85,11.94,3.23,-31.6,4.9,-29.1,4.7,-29.3,0.08,4.1,-31.6,4.9,-29.1,4.7,-2.5
Andersson,Valloxen,Sweden,European perch,A375,2007,8,17,2007-08-17,59.73,17.84,17.6,high_doc,87,-30.27,13.59,3.21,-31.6,4.9,-29.1,4.7,-29.8,0.28,4.6,-31.6,4.9,-29.1,4.7,-2.5
Andersson,Valloxen,Sweden,European perch,A396,2007,8,17,2007-08-17,59.73,17.84,17.6,high_doc,89,-30.43,13,3.23,-31.6,4.9,-29.1,4.7,-29.9,0.32,4.4,-31.6,4.9,-29.1,4.7,-2.5
Andersson,Valloxen,Sweden,European perch,A536,2007,8,17,2007-08-17,59.73,17.84,17.6,high_doc,91,-29.69,14.28,3.23,-31.6,4.9,-29.1,4.7,-29.2,0.04,4.8,-31.6,4.9,-29.1,4.7,-2.5
Andersson,Valloxen,Sweden,European perch,A534,2007,8,17,2007-08-17,59.73,17.84,17.6,high_doc,92,-31.12,13.69,3.26,-31.6,4.9,-29.1,4.7,-30.6,0.6,4.6,-31.6,4.9,-29.1,4.7,-2.5
Andersson,Valloxen,Sweden,European perch,A391,2007,8,17,2007-08-17,59.73,17.84,17.6,high_doc,92,-30.29,15.23,3.2,-31.6,4.9,-29.1,4.7,-29.8,0.28,5.1,-31.6,4.9,-29.1,4.7,-2.5
Andersson,Valloxen,Sweden,European perch,A531,2007,8,17,2007-08-17,59.73,17.84,17.6,high_doc,93,-30.84,14.21,3.18,-31.6,4.9,-29.1,4.7,-30.4,0.52,4.8,-31.6,4.9,-29.1,4.7,-2.5
Andersson,Valloxen,Sweden,European perch,A368,2007,8,17,2007-08-17,59.73,17.84,17.6,high_doc,93,-30.2,13.83,3.19,-31.6,4.9,-29.1,4.7,-29.8,0.28,4.7,-31.6,4.9,-29.1,4.7,-2.5
Andersson,Valloxen,Sweden,European perch,A532,2007,8,17,2007-08-17,59.73,17.84,17.6,high_doc,94,-30.49,14.62,3.23,-31.6,4.9,-29.1,4.7,-30,0.36,4.9,-31.6,4.9,-29.1,4.7,-2.5
Andersson,Valloxen,Sweden,European perch,A389,2007,8,17,2007-08-17,59.73,17.84,17.6,high_doc,94,-30.34,14.07,3.23,-31.6,4.9,-29.1,4.7,-29.8,0.28,4.7,-31.6,4.9,-29.1,4.7,-2.5
Andersson,Valloxen,Sweden,European perch,A388,2007,8,17,2007-08-17,59.73,17.84,17.6,high_doc,95,-30.34,14.27,3.25,-31.6,4.9,-29.1,4.7,-29.8,0.28,4.8,-31.6,4.9,-29.1,4.7,-2.5
Andersson,Valloxen,Sweden,European perch,A394,2007,8,17,2007-08-17,59.73,17.84,17.6,high_doc,96,-30.06,14.28,3.25,-31.6,4.9,-29.1,4.7,-29.5,0.16,4.8,-31.6,4.9,-29.1,4.7,-2.5
Andersson,Valloxen,Sweden,European perch,A390,2007,8,17,2007-08-17,59.73,17.84,17.6,high_doc,96,-30.35,13.88,3.19,-31.6,4.9,-29.1,4.7,-29.9,0.32,4.7,-31.6,4.9,-29.1,4.7,-2.5
Andersson,Valloxen,Sweden,European perch,A533,2007,8,17,2007-08-17,59.73,17.84,17.6,high_doc,97,-30.77,12.54,3.2,-31.6,4.9,-29.1,4.7,-30.3,0.48,4.3,-31.6,4.9,-29.1,4.7,-2.5
Andersson,Valloxen,Sweden,European perch,A549,2007,8,17,2007-08-17,59.73,17.84,17.6,high_doc,97,-30.45,14.73,3.23,-31.6,4.9,-29.1,4.7,-29.9,0.32,4.9,-31.6,4.9,-29.1,4.7,-2.5
Andersson,Valloxen,Sweden,European perch,A377,2007,8,17,2007-08-17,59.73,17.84,17.6,high_doc,97,-29.84,13.73,3.18,-31.6,4.9,-29.1,4.7,-29.4,0.12,4.6,-31.6,4.9,-29.1,4.7,-2.5
Andersson,Valloxen,Sweden,European perch,A378,2007,8,17,2007-08-17,59.73,17.84,17.6,high_doc,98,-30.68,13.55,3.17,-31.6,4.9,-29.1,4.7,-30.3,0.48,4.6,-31.6,4.9,-29.1,4.7,-2.5
Andersson,Valloxen,Sweden,European perch,A383,2007,8,17,2007-08-17,59.73,17.84,17.6,high_doc,98,-30.47,13.69,3.27,-31.6,4.9,-29.1,4.7,-29.9,0.32,4.6,-31.6,4.9,-29.1,4.7,-2.5
Andersson,Valloxen,Sweden,European perch,A395,2007,8,17,2007-08-17,59.73,17.84,17.6,high_doc,98,-30.71,13.32,3.19,-31.6,4.9,-29.1,4.7,-30.3,0.48,4.5,-31.6,4.9,-29.1,4.7,-2.5
Andersson,Valloxen,Sweden,European perch,A373,2007,8,17,2007-08-17,59.73,17.84,17.6,high_doc,98,-30.25,13.2,3.2,-31.6,4.9,-29.1,4.7,-29.8,0.28,4.5,-31.6,4.9,-29.1,4.7,-2.5
Andersson,Valloxen,Sweden,European perch,A541,2007,8,17,2007-08-17,59.73,17.84,17.6,high_doc,99,-30.78,15.01,3.15,-31.6,4.9,-29.1,4.7,-30.4,0.52,5,-31.6,4.9,-29.1,4.7,-2.5
Andersson,Valloxen,Sweden,European perch,A376,2007,8,17,2007-08-17,59.73,17.84,17.6,high_doc,99,-30.35,14.32,3.19,-31.6,4.9,-29.1,4.7,-29.9,0.32,4.8,-31.6,4.9,-29.1,4.7,-2.5
Andersson,Valloxen,Sweden,European perch,A392,2007,8,17,2007-08-17,59.73,17.84,17.6,high_doc,99,-30.24,14.44,3.26,-31.6,4.9,-29.1,4.7,-29.7,0.24,4.9,-31.6,4.9,-29.1,4.7,-2.5
Andersson,Valloxen,Sweden,European perch,A327,2007,8,17,2007-08-17,59.73,17.84,17.6,high_doc,100,-31.52,12.18,2.99,-31.6,4.9,-29.1,4.7,-31.6,1,4.1,-31.6,4.9,-29.1,4.7,-2.5
Andersson,Valloxen,Sweden,European perch,A381,2007,8,17,2007-08-17,59.73,17.84,17.6,high_doc,100,-30.32,13.71,3.17,-31.6,4.9,-29.1,4.7,-29.9,0.32,4.6,-31.6,4.9,-29.1,4.7,-2.5
Andersson,Valloxen,Sweden,European perch,A387,2007,8,17,2007-08-17,59.73,17.84,17.6,high_doc,100,-30.3,14.08,3.22,-31.6,4.9,-29.1,4.7,-29.8,0.28,4.7,-31.6,4.9,-29.1,4.7,-2.5
Andersson,Valloxen,Sweden,European perch,A384,2007,8,17,2007-08-17,59.73,17.84,17.6,high_doc,100,-30.46,13.68,3.19,-31.6,4.9,-29.1,4.7,-30,0.36,4.6,-31.6,4.9,-29.1,4.7,-2.5
Andersson,Valloxen,Sweden,European perch,A369,2007,8,17,2007-08-17,59.73,17.84,17.6,high_doc,100,-30.35,13.88,3.24,-31.6,4.9,-29.1,4.7,-29.8,0.28,4.7,-31.6,4.9,-29.1,4.7,-2.5
Andersson,Valloxen,Sweden,European perch,A330,2007,8,17,2007-08-17,59.73,17.84,17.6,high_doc,101,-30.42,12.32,3.09,-31.6,4.9,-29.1,4.7,-30.2,0.44,4.2,-31.6,4.9,-29.1,4.7,-2.5
Andersson,Valloxen,Sweden,European perch,A367,2007,8,17,2007-08-17,59.73,17.84,17.6,high_doc,101,-30.4,14.26,3.15,-31.6,4.9,-29.1,4.7,-30.1,0.4,4.8,-31.6,4.9,-29.1,4.7,-2.5
Andersson,Valloxen,Sweden,European perch,A393,2007,8,17,2007-08-17,59.73,17.84,17.6,high_doc,101,-29.46,13.68,3.19,-31.6,4.9,-29.1,4.7,-29,0,4.6,-31.6,4.9,-29.1,4.7,-2.5
Andersson,Valloxen,Sweden,European perch,A319,2007,8,17,2007-08-17,59.73,17.84,17.6,high_doc,102,-29.96,14.05,3.2,-31.6,4.9,-29.1,4.7,-29.5,0.16,4.7,-31.6,4.9,-29.1,4.7,-2.5
Andersson,Valloxen,Sweden,European perch,A318,2007,8,17,2007-08-17,59.73,17.84,17.6,high_doc,103,-30.35,13.45,3.21,-31.6,4.9,-29.1,4.7,-29.9,0.32,4.6,-31.6,4.9,-29.1,4.7,-2.5
Andersson,Valloxen,Sweden,European perch,A540,2007,8,17,2007-08-17,59.73,17.84,17.6,high_doc,103,-30.61,14.12,3.19,-31.6,4.9,-29.1,4.7,-30.2,0.44,4.7,-31.6,4.9,-29.1,4.7,-2.5
Andersson,Valloxen,Sweden,European perch,A380,2007,8,17,2007-08-17,59.73,17.84,17.6,high_doc,103,-30.27,14.35,3.21,-31.6,4.9,-29.1,4.7,-29.8,0.28,4.8,-31.6,4.9,-29.1,4.7,-2.5
Andersson,Valloxen,Sweden,European perch,A530,2007,8,17,2007-08-17,59.73,17.84,17.6,high_doc,104,-30.1,13.62,3.18,-31.6,4.9,-29.1,4.7,-29.7,0.24,4.6,-31.6,4.9,-29.1,4.7,-2.5
Andersson,Valloxen,Sweden,European perch,A555,2007,8,17,2007-08-17,59.73,17.84,17.6,high_doc,104,-30.74,13.31,3.26,-31.6,4.9,-29.1,4.7,-30.2,0.44,4.5,-31.6,4.9,-29.1,4.7,-2.5
Andersson,Valloxen,Sweden,European perch,A371,2007,8,17,2007-08-17,59.73,17.84,17.6,high_doc,104,-30.18,14.17,3.17,-31.6,4.9,-29.1,4.7,-29.8,0.28,4.8,-31.6,4.9,-29.1,4.7,-2.5
Andersson,Valloxen,Sweden,European perch,A385,2007,8,17,2007-08-17,59.73,17.84,17.6,high_doc,104,-30.34,14.08,3.18,-31.6,4.9,-29.1,4.7,-29.9,0.32,4.7,-31.6,4.9,-29.1,4.7,-2.5
Andersson,Valloxen,Sweden,European perch,A374,2007,8,17,2007-08-17,59.73,17.84,17.6,high_doc,104,-30.11,13.84,3.19,-31.6,4.9,-29.1,4.7,-29.7,0.24,4.7,-31.6,4.9,-29.1,4.7,-2.5
Andersson,Valloxen,Sweden,European perch,A386,2007,8,17,2007-08-17,59.73,17.84,17.6,high_doc,105,-30.59,14.04,3.23,-31.6,4.9,-29.1,4.7,-30.1,0.4,4.7,-31.6,4.9,-29.1,4.7,-2.5
Andersson,Valloxen,Sweden,European perch,A545,2007,8,17,2007-08-17,59.73,17.84,17.6,high_doc,106,-30.46,14.11,3.17,-31.6,4.9,-29.1,4.7,-30.1,0.4,4.7,-31.6,4.9,-29.1,4.7,-2.5
Andersson,Valloxen,Sweden,European perch,A370,2007,8,17,2007-08-17,59.73,17.84,17.6,high_doc,106,-30.44,13.71,3.18,-31.6,4.9,-29.1,4.7,-30,0.36,4.6,-31.6,4.9,-29.1,4.7,-2.5
Andersson,Valloxen,Sweden,European perch,A379,2007,8,17,2007-08-17,59.73,17.84,17.6,high_doc,106,-30.3,13.93,3.16,-31.6,4.9,-29.1,4.7,-29.9,0.32,4.7,-31.6,4.9,-29.1,4.7,-2.5
Andersson,Valloxen,Sweden,European perch,A542,2007,8,17,2007-08-17,59.73,17.84,17.6,high_doc,107,-30.51,11.71,3.14,-31.6,4.9,-29.1,4.7,-30.2,0.44,4,-31.6,4.9,-29.1,4.7,-2.5
Andersson,Valloxen,Sweden,European perch,A322,2007,8,17,2007-08-17,59.73,17.84,17.6,high_doc,108,-30.14,13.83,3.16,-31.6,4.9,-29.1,4.7,-29.8,0.28,4.7,-31.6,4.9,-29.1,4.7,-2.5
Andersson,Valloxen,Sweden,European perch,A321,2007,8,17,2007-08-17,59.73,17.84,17.6,high_doc,121,-31.15,10.53,3.16,-31.6,4.9,-29.1,4.7,-30.8,0.68,3.7,-31.6,4.9,-29.1,4.7,-2.5
Andersson,Valloxen,Sweden,European perch,A331,2007,8,17,2007-08-17,59.73,17.84,17.6,high_doc,143,-29.99,11.04,3.1,-31.6,4.9,-29.1,4.7,-29.8,0.28,3.8,-31.6,4.9,-29.1,4.7,-2.5
Andersson,Valloxen,Sweden,European perch,A334,2007,8,17,2007-08-17,59.73,17.84,17.6,high_doc,210,-29.41,13.82,3.17,-31.6,4.9,-29.1,4.7,-29,0,4.7,-31.6,4.9,-29.1,4.7,-2.5
Andersson,Valloxen,Sweden,European perch,A90,2007,8,17,2007-08-17,59.73,17.84,17.6,high_doc,232,-28.41,15.72,3.2,-31.6,4.9,-29.1,4.7,-28,0,5.3,-31.6,4.9,-29.1,4.7,-2.5
Andersson,Valloxen,Sweden,European perch,A88,2007,8,17,2007-08-17,59.73,17.84,17.6,high_doc,235,-29.46,15.46,3.08,-31.6,4.9,-29.1,4.7,-29.3,0.08,5.2,-31.6,4.9,-29.1,4.7,-2.5
Andersson,Valloxen,Sweden,European perch,A89,2007,8,17,2007-08-17,59.73,17.84,17.6,high_doc,284,-29.24,15.48,3.11,-31.6,4.9,-29.1,4.7,-29,0,5.2,-31.6,4.9,-29.1,4.7,-2.5
Andersson,Valloxen,Sweden,European perch,A91,2007,8,17,2007-08-17,59.73,17.84,17.6,high_doc,354,-28.73,14.1,3.25,-31.6,4.9,-29.1,4.7,-28.2,0,4.8,-31.6,4.9,-29.1,4.7,-2.5
Andersson,Brunnsjon,Sweden,European perch,Br_L_11,2017,7,29,2017-07-29,56.59,15.73,18.94,high_doc,92.4,-30.76,4.85,3.11,-35.42166667,1.766666667,-28.40444444,1.458888889,-30.5,0.3,3,-35.42166667,1.766666667,-28.40444444,1.458888889,-7.01722223
Andersson,Brunnsjon,Sweden,European perch,Br_L_08,2017,7,29,2017-07-29,56.59,15.73,18.94,high_doc,94.6,-31.51,5.01,3.16,-35.42166667,1.766666667,-28.40444444,1.458888889,-31.2,0.4,3,-35.42166667,1.766666667,-28.40444444,1.458888889,-7.01722223
Andersson,Brunnsjon,Sweden,European perch,Br_P_40,2017,7,29,2017-07-29,56.59,15.73,18.94,high_doc,94.7,-32.01,4.86,3.22,-35.42166667,1.766666667,-28.40444444,1.458888889,-31.5,0.44,3,-35.42166667,1.766666667,-28.40444444,1.458888889,-7.01722223
Andersson,Brunnsjon,Sweden,European perch,Br_L_07,2017,7,29,2017-07-29,56.59,15.73,18.94,high_doc,96.9,-30.37,5.95,3.14,-35.42166667,1.766666667,-28.40444444,1.458888889,-30.1,0.24,3.3,-35.42166667,1.766666667,-28.40444444,1.458888889,-7.01722223
Andersson,Brunnsjon,Sweden,European perch,Br_L_31,2017,7,29,2017-07-29,56.59,15.73,18.94,high_doc,98.1,-31.46,5.5,3.15,-35.42166667,1.766666667,-28.40444444,1.458888889,-31.1,0.38,3.2,-35.42166667,1.766666667,-28.40444444,1.458888889,-7.01722223
Andersson,Brunnsjon,Sweden,European perch,Br_L_35,2017,7,29,2017-07-29,56.59,15.73,18.94,high_doc,98.4,-31.6,4.91,3.2,-35.42166667,1.766666667,-28.40444444,1.458888889,-31.2,0.4,3,-35.42166667,1.766666667,-28.40444444,1.458888889,-7.01722223
Andersson,Brunnsjon,Sweden,European perch,Br_L_24,2017,7,29,2017-07-29,56.59,15.73,18.94,high_doc,98.7,-31.54,5.46,3.13,-35.42166667,1.766666667,-28.40444444,1.458888889,-31.2,0.4,3.1,-35.42166667,1.766666667,-28.40444444,1.458888889,-7.01722223
Andersson,Brunnsjon,Sweden,European perch,Br_L_42,2017,7,29,2017-07-29,56.59,15.73,18.94,high_doc,99.7,-31.46,5.32,3.16,-35.42166667,1.766666667,-28.40444444,1.458888889,-31.1,0.38,3.1,-35.42166667,1.766666667,-28.40444444,1.458888889,-7.01722223
Andersson,Brunnsjon,Sweden,European perch,Br_P_30,2017,7,29,2017-07-29,56.59,15.73,18.94,high_doc,99.9,-31.19,5.38,3.15,-35.42166667,1.766666667,-28.40444444,1.458888889,-30.9,0.36,3.1,-35.42166667,1.766666667,-28.40444444,1.458888889,-7.01722223
Andersson,Brunnsjon,Sweden,European perch,Br_L_04,2017,7,29,2017-07-29,56.59,15.73,18.94,high_doc,100.3,-31.24,5.66,3.21,-35.42166667,1.766666667,-28.40444444,1.458888889,-30.8,0.34,3.2,-35.42166667,1.766666667,-28.40444444,1.458888889,-7.01722223
Andersson,Brunnsjon,Sweden,European perch,Br_L_28,2017,7,29,2017-07-29,56.59,15.73,18.94,high_doc,100.9,-31.25,5.4,3.17,-35.42166667,1.766666667,-28.40444444,1.458888889,-30.9,0.36,3.1,-35.42166667,1.766666667,-28.40444444,1.458888889,-7.01722223
Andersson,Brunnsjon,Sweden,European perch,Br_L_37,2017,7,29,2017-07-29,56.59,15.73,18.94,high_doc,101.1,-31.26,5.38,3.12,-35.42166667,1.766666667,-28.40444444,1.458888889,-31,0.37,3.1,-35.42166667,1.766666667,-28.40444444,1.458888889,-7.01722223
Andersson,Brunnsjon,Sweden,European perch,Br_P_26,2017,7,29,2017-07-29,56.59,15.73,18.94,high_doc,101.1,-31.47,5.06,3.17,-35.42166667,1.766666667,-28.40444444,1.458888889,-31.1,0.38,3,-35.42166667,1.766666667,-28.40444444,1.458888889,-7.01722223
Andersson,Brunnsjon,Sweden,European perch,Br_L_39,2017,7,29,2017-07-29,56.59,15.73,18.94,high_doc,101.6,-31.41,5.33,3.16,-35.42166667,1.766666667,-28.40444444,1.458888889,-31.1,0.38,3.1,-35.42166667,1.766666667,-28.40444444,1.458888889,-7.01722223
Andersson,Brunnsjon,Sweden,European perch,Br_L_34,2017,7,29,2017-07-29,56.59,15.73,18.94,high_doc,101.8,-31.75,5.88,3.19,-35.42166667,1.766666667,-28.40444444,1.458888889,-31.3,0.41,3.3,-35.42166667,1.766666667,-28.40444444,1.458888889,-7.01722223
Andersson,Brunnsjon,Sweden,European perch,Br_P_28,2017,7,29,2017-07-29,56.59,15.73,18.94,high_doc,102,-31.76,5.02,3.19,-35.42166667,1.766666667,-28.40444444,1.458888889,-31.3,0.41,3,-35.42166667,1.766666667,-28.40444444,1.458888889,-7.01722223
Andersson,Brunnsjon,Sweden,European perch,Br_P_35,2017,7,29,2017-07-29,56.59,15.73,18.94,high_doc,102.3,-31.98,4.6,3.12,-35.42166667,1.766666667,-28.40444444,1.458888889,-31.7,0.47,2.9,-35.42166667,1.766666667,-28.40444444,1.458888889,-7.01722223
Andersson,Brunnsjon,Sweden,European perch,Br_L_30,2017,7,29,2017-07-29,56.59,15.73,18.94,high_doc,102.5,-31.09,5.21,3.13,-35.42166667,1.766666667,-28.40444444,1.458888889,-30.8,0.34,3.1,-35.42166667,1.766666667,-28.40444444,1.458888889,-7.01722223
Andersson,Brunnsjon,Sweden,European perch,Br_L_06,2017,7,29,2017-07-29,56.59,15.73,18.94,high_doc,102.6,-31.33,4.98,3.15,-35.42166667,1.766666667,-28.40444444,1.458888889,-31,0.37,3,-35.42166667,1.766666667,-28.40444444,1.458888889,-7.01722223
Andersson,Brunnsjon,Sweden,European perch,Br_P_24,2017,7,29,2017-07-29,56.59,15.73,18.94,high_doc,103.6,-31.54,5.22,3.14,-35.42166667,1.766666667,-28.40444444,1.458888889,-31.2,0.4,3.1,-35.42166667,1.766666667,-28.40444444,1.458888889,-7.01722223
Andersson,Brunnsjon,Sweden,European perch,Br_P_13,2017,7,29,2017-07-29,56.59,15.73,18.94,high_doc,103.8,-31.73,4.96,3.21,-35.42166667,1.766666667,-28.40444444,1.458888889,-31.3,0.41,3,-35.42166667,1.766666667,-28.40444444,1.458888889,-7.01722223
Andersson,Brunnsjon,Sweden,European perch,Br_P_37,2017,7,29,2017-07-29,56.59,15.73,18.94,high_doc,104.1,-31.88,5,3.25,-35.42166667,1.766666667,-28.40444444,1.458888889,-31.3,0.41,3,-35.42166667,1.766666667,-28.40444444,1.458888889,-7.01722223
Andersson,Brunnsjon,Sweden,European perch,Br_P_21,2017,7,29,2017-07-29,56.59,15.73,18.94,high_doc,104.5,-31.78,5.2,3.27,-35.42166667,1.766666667,-28.40444444,1.458888889,-31.2,0.4,3.1,-35.42166667,1.766666667,-28.40444444,1.458888889,-7.01722223
Andersson,Brunnsjon,Sweden,European perch,Br_P_10,2017,7,29,2017-07-29,56.59,15.73,18.94,high_doc,104.6,-31.5,5.21,3.16,-35.42166667,1.766666667,-28.40444444,1.458888889,-31.1,0.38,3.1,-35.42166667,1.766666667,-28.40444444,1.458888889,-7.01722223
Andersson,Brunnsjon,Sweden,European perch,Br_P_05,2017,7,29,2017-07-29,56.59,15.73,18.94,high_doc,104.7,-31.32,5.44,3.12,-35.42166667,1.766666667,-28.40444444,1.458888889,-31.1,0.38,3.1,-35.42166667,1.766666667,-28.40444444,1.458888889,-7.01722223
Andersson,Brunnsjon,Sweden,European perch,Br_L_38,2017,7,29,2017-07-29,56.59,15.73,18.94,high_doc,105,-31.26,5.57,3.22,-35.42166667,1.766666667,-28.40444444,1.458888889,-30.8,0.34,3.2,-35.42166667,1.766666667,-28.40444444,1.458888889,-7.01722223
Andersson,Brunnsjon,Sweden,European perch,Br_P_11,2017,7,29,2017-07-29,56.59,15.73,18.94,high_doc,105,-31.13,5.15,3.24,-35.42166667,1.766666667,-28.40444444,1.458888889,-30.6,0.31,3.1,-35.42166667,1.766666667,-28.40444444,1.458888889,-7.01722223
Andersson,Brunnsjon,Sweden,European perch,Br_P_22,2017,7,29,2017-07-29,56.59,15.73,18.94,high_doc,105.8,-31.21,5.47,3.17,-35.42166667,1.766666667,-28.40444444,1.458888889,-30.8,0.34,3.1,-35.42166667,1.766666667,-28.40444444,1.458888889,-7.01722223
Andersson,Brunnsjon,Sweden,European perch,Br_P_18,2017,7,29,2017-07-29,56.59,15.73,18.94,high_doc,106.1,-32.15,4.78,3.11,-35.42166667,1.766666667,-28.40444444,1.458888889,-31.9,0.5,2.9,-35.42166667,1.766666667,-28.40444444,1.458888889,-7.01722223
Andersson,Brunnsjon,Sweden,European perch,Br_L_25,2017,7,29,2017-07-29,56.59,15.73,18.94,high_doc,106.2,-30.51,5.44,3.21,-35.42166667,1.766666667,-28.40444444,1.458888889,-30,0.23,3.2,-35.42166667,1.766666667,-28.40444444,1.458888889,-7.01722223
Andersson,Brunnsjon,Sweden,European perch,Br_P_15,2017,7,29,2017-07-29,56.59,15.73,18.94,high_doc,106.2,-31.57,4.98,3.18,-35.42166667,1.766666667,-28.40444444,1.458888889,-31.2,0.4,3,-35.42166667,1.766666667,-28.40444444,1.458888889,-7.01722223
Andersson,Brunnsjon,Sweden,European perch,Br_P_04,2017,7,29,2017-07-29,56.59,15.73,18.94,high_doc,106.5,-31.57,5.06,3.1,-35.42166667,1.766666667,-28.40444444,1.458888889,-31.3,0.41,3,-35.42166667,1.766666667,-28.40444444,1.458888889,-7.01722223
Andersson,Brunnsjon,Sweden,European perch,Br_P_19,2017,7,29,2017-07-29,56.59,15.73,18.94,high_doc,106.6,-31.34,5.25,3.21,-35.42166667,1.766666667,-28.40444444,1.458888889,-30.9,0.36,3.1,-35.42166667,1.766666667,-28.40444444,1.458888889,-7.01722223
Andersson,Brunnsjon,Sweden,European perch,Br_P_31,2017,7,29,2017-07-29,56.59,15.73,18.94,high_doc,106.6,-31.38,5.01,3.17,-35.42166667,1.766666667,-28.40444444,1.458888889,-31,0.37,3,-35.42166667,1.766666667,-28.40444444,1.458888889,-7.01722223
Andersson,Brunnsjon,Sweden,European perch,Br_L_27,2017,7,29,2017-07-29,56.59,15.73,18.94,high_doc,107.7,-29.67,5.98,3.15,-35.42166667,1.766666667,-28.40444444,1.458888889,-29.3,0.13,3.3,-35.42166667,1.766666667,-28.40444444,1.458888889,-7.01722223
Andersson,Brunnsjon,Sweden,European perch,Br_L_33,2017,7,29,2017-07-29,56.59,15.73,18.94,high_doc,107.8,-31.25,5.05,3.12,-35.42166667,1.766666667,-28.40444444,1.458888889,-31,0.37,3,-35.42166667,1.766666667,-28.40444444,1.458888889,-7.01722223
Andersson,Brunnsjon,Sweden,European perch,Br_P_23,2017,7,29,2017-07-29,56.59,15.73,18.94,high_doc,107.8,-31.43,4.96,3.13,-35.42166667,1.766666667,-28.40444444,1.458888889,-31.1,0.38,3,-35.42166667,1.766666667,-28.40444444,1.458888889,-7.01722223
Andersson,Brunnsjon,Sweden,European perch,Br_P_25,2017,7,29,2017-07-29,56.59,15.73,18.94,high_doc,108,-31.6,5.1,3.21,-35.42166667,1.766666667,-28.40444444,1.458888889,-31.1,0.38,3,-35.42166667,1.766666667,-28.40444444,1.458888889,-7.01722223
Andersson,Brunnsjon,Sweden,European perch,Br_P_34,2017,7,29,2017-07-29,56.59,15.73,18.94,high_doc,108.3,-31.23,4.99,3.13,-35.42166667,1.766666667,-28.40444444,1.458888889,-30.9,0.36,3,-35.42166667,1.766666667,-28.40444444,1.458888889,-7.01722223
Andersson,Brunnsjon,Sweden,European perch,Br_L_19,2017,7,29,2017-07-29,56.59,15.73,18.94,high_doc,108.4,-31.55,5.04,3.14,-35.42166667,1.766666667,-28.40444444,1.458888889,-31.2,0.4,3,-35.42166667,1.766666667,-28.40444444,1.458888889,-7.01722223
Andersson,Brunnsjon,Sweden,European perch,Br_P_27,2017,7,29,2017-07-29,56.59,15.73,18.94,high_doc,108.8,-31.25,5.32,3.16,-35.42166667,1.766666667,-28.40444444,1.458888889,-30.9,0.36,3.1,-35.42166667,1.766666667,-28.40444444,1.458888889,-7.01722223
Andersson,Brunnsjon,Sweden,European perch,Br_P_01,2017,7,29,2017-07-29,56.59,15.73,18.94,high_doc,109,-30.9,5.13,3.09,-35.42166667,1.766666667,-28.40444444,1.458888889,-30.7,0.33,3,-35.42166667,1.766666667,-28.40444444,1.458888889,-7.01722223
Andersson,Brunnsjon,Sweden,European perch,Br_L_02,2017,7,29,2017-07-29,56.59,15.73,18.94,high_doc,109.2,-31.77,6.53,3.13,-35.42166667,1.766666667,-28.40444444,1.458888889,-31.5,0.44,3.5,-35.42166667,1.766666667,-28.40444444,1.458888889,-7.01722223
Andersson,Brunnsjon,Sweden,European perch,Br_P_36,2017,7,29,2017-07-29,56.59,15.73,18.94,high_doc,109.5,-31.49,5.25,3.16,-35.42166667,1.766666667,-28.40444444,1.458888889,-31.1,0.38,3.1,-35.42166667,1.766666667,-28.40444444,1.458888889,-7.01722223
Andersson,Brunnsjon,Sweden,European perch,Br_P_16,2017,7,29,2017-07-29,56.59,15.73,18.94,high_doc,109.8,-31.77,5.03,3.2,-35.42166667,1.766666667,-28.40444444,1.458888889,-31.3,0.41,3,-35.42166667,1.766666667,-28.40444444,1.458888889,-7.01722223
Andersson,Brunnsjon,Sweden,European perch,Br_P_33,2017,7,29,2017-07-29,56.59,15.73,18.94,high_doc,110.3,-31.1,4.98,3.13,-35.42166667,1.766666667,-28.40444444,1.458888889,-30.8,0.34,3,-35.42166667,1.766666667,-28.40444444,1.458888889,-7.01722223
Andersson,Brunnsjon,Sweden,European perch,Br_P_32,2017,7,29,2017-07-29,56.59,15.73,18.94,high_doc,110.4,-31.51,5.27,3.15,-35.42166667,1.766666667,-28.40444444,1.458888889,-31.2,0.4,3.1,-35.42166667,1.766666667,-28.40444444,1.458888889,-7.01722223
Andersson,Brunnsjon,Sweden,European perch,Br_P_08,2017,7,29,2017-07-29,56.59,15.73,18.94,high_doc,110.7,-30.84,5.25,3.13,-35.42166667,1.766666667,-28.40444444,1.458888889,-30.5,0.3,3.1,-35.42166667,1.766666667,-28.40444444,1.458888889,-7.01722223
Andersson,Brunnsjon,Sweden,European perch,Br_P_20,2017,7,29,2017-07-29,56.59,15.73,18.94,high_doc,110.7,-31.22,5.32,3.15,-35.42166667,1.766666667,-28.40444444,1.458888889,-30.9,0.36,3.1,-35.42166667,1.766666667,-28.40444444,1.458888889,-7.01722223
Andersson,Brunnsjon,Sweden,European perch,Br_P_07,2017,7,29,2017-07-29,56.59,15.73,18.94,high_doc,110.8,-31.3,6.53,3.12,-35.42166667,1.766666667,-28.40444444,1.458888889,-31,0.37,3.5,-35.42166667,1.766666667,-28.40444444,1.458888889,-7.01722223
Andersson,Brunnsjon,Sweden,European perch,Br_L_17,2017,7,29,2017-07-29,56.59,15.73,18.94,high_doc,116.8,-30.8,6.91,3.08,-35.42166667,1.766666667,-28.40444444,1.458888889,-30.6,0.31,3.6,-35.42166667,1.766666667,-28.40444444,1.458888889,-7.01722223
Andersson,Brunnsjon,Sweden,European perch,Br_P_42,2017,7,29,2017-07-29,56.59,15.73,18.94,high_doc,118.1,-31.22,6.88,3.12,-35.42166667,1.766666667,-28.40444444,1.458888889,-31,0.37,3.6,-35.42166667,1.766666667,-28.40444444,1.458888889,-7.01722223
Andersson,Brunnsjon,Sweden,European perch,Br_L_16,2017,7,29,2017-07-29,56.59,15.73,18.94,high_doc,118.7,-31.08,6.43,3.11,-35.42166667,1.766666667,-28.40444444,1.458888889,-30.8,0.34,3.4,-35.42166667,1.766666667,-28.40444444,1.458888889,-7.01722223
Andersson,Brunnsjon,Sweden,European perch,Br_L_13,2017,7,29,2017-07-29,56.59,15.73,18.94,high_doc,121.3,-30.88,5.96,3.07,-35.42166667,1.766666667,-28.40444444,1.458888889,-30.7,0.33,3.3,-35.42166667,1.766666667,-28.40444444,1.458888889,-7.01722223
Andersson,Brunnsjon,Sweden,European perch,Br_L_14,2017,7,29,2017-07-29,56.59,15.73,18.94,high_doc,122.9,-30.89,7.75,3.12,-35.42166667,1.766666667,-28.40444444,1.458888889,-30.6,0.31,3.8,-35.42166667,1.766666667,-28.40444444,1.458888889,-7.01722223
Andersson,Brunnsjon,Sweden,European perch,Br_L_12,2017,7,29,2017-07-29,56.59,15.73,18.94,high_doc,128.6,-30.83,6.15,3.11,-35.42166667,1.766666667,-28.40444444,1.458888889,-30.6,0.31,3.4,-35.42166667,1.766666667,-28.40444444,1.458888889,-7.01722223
Andersson,Brunnsjon,Sweden,European perch,Br_L_43,2017,7,29,2017-07-29,56.59,15.73,18.94,high_doc,154.7,-28.04,6.3,3.14,-35.42166667,1.766666667,-28.40444444,1.458888889,-27.7,0,3.4,-35.42166667,1.766666667,-28.40444444,1.458888889,-7.01722223
Andersson,Brunnsjon,Sweden,European perch,Br_L_01,2017,7,29,2017-07-29,56.59,15.73,18.94,high_doc,166.2,-28.53,6.3,3.03,-35.42166667,1.766666667,-28.40444444,1.458888889,-28.5,0.01,3.4,-35.42166667,1.766666667,-28.40444444,1.458888889,-7.01722223
Andersson,Brunnsjon,Sweden,European perch,Br_L_18,2017,7,29,2017-07-29,56.59,15.73,18.94,high_doc,180.9,-30.77,7.13,3.06,-35.42166667,1.766666667,-28.40444444,1.458888889,-30.6,0.31,3.6,-35.42166667,1.766666667,-28.40444444,1.458888889,-7.01722223
Andersson,Brunnsjon,Sweden,European perch,Br_L_44,2017,7,29,2017-07-29,56.59,15.73,18.94,high_doc,246.6,-29.97,7.33,3.03,-35.42166667,1.766666667,-28.40444444,1.458888889,-29.9,0.21,3.7,-35.42166667,1.766666667,-28.40444444,1.458888889,-7.01722223
Andersson,Brunnsjon,Sweden,European perch,Br_L_45,2017,7,29,2017-07-29,56.59,15.73,18.94,high_doc,292.5,-29.73,8.34,3.19,-35.42166667,1.766666667,-28.40444444,1.458888889,-29.3,0.13,4,-35.42166667,1.766666667,-28.40444444,1.458888889,-7.01722223
Andersson,Remmarsjon,Sweden,European perch,Re_L_16,2017,8,2,2017-08-02,63.86,18.27,9.18,medium_doc,96.4,-31.03,8.3,3.19,-34.00333333,4.56,-28.27666667,1.623333333,-30.6,0.41,3.6,-34.00333333,4.56,-28.27666667,1.623333333,-5.72666666
Andersson,Remmarsjon,Sweden,European perch,Re_L_08,2017,8,2,2017-08-02,63.86,18.27,9.18,medium_doc,114,-30.93,8.74,3.23,-34.00333333,4.56,-28.27666667,1.623333333,-30.4,0.37,3.8,-34.00333333,4.56,-28.27666667,1.623333333,-5.72666666
Andersson,Remmarsjon,Sweden,European perch,Re_L_09,2017,8,2,2017-08-02,63.86,18.27,9.18,medium_doc,119,-30.51,8.6,3.26,-34.00333333,4.56,-28.27666667,1.623333333,-29.9,0.28,3.8,-34.00333333,4.56,-28.27666667,1.623333333,-5.72666666
Andersson,Remmarsjon,Sweden,European perch,Re_L_24,2017,8,2,2017-08-02,63.86,18.27,9.18,medium_doc,121.3,-30.63,8.99,3.24,-34.00333333,4.56,-28.27666667,1.623333333,-30.1,0.32,3.9,-34.00333333,4.56,-28.27666667,1.623333333,-5.72666666
Andersson,Remmarsjon,Sweden,European perch,Re_L_23,2017,8,2,2017-08-02,63.86,18.27,9.18,medium_doc,121.8,-30.87,8.69,3.23,-34.00333333,4.56,-28.27666667,1.623333333,-30.4,0.37,3.8,-34.00333333,4.56,-28.27666667,1.623333333,-5.72666666
Andersson,Remmarsjon,Sweden,European perch,Re_L_22,2017,8,2,2017-08-02,63.86,18.27,9.18,medium_doc,121.9,-30.89,8.69,3.28,-34.00333333,4.56,-28.27666667,1.623333333,-30.3,0.35,3.8,-34.00333333,4.56,-28.27666667,1.623333333,-5.72666666
Andersson,Remmarsjon,Sweden,European perch,Re_L_27,2017,8,2,2017-08-02,63.86,18.27,9.18,medium_doc,126.6,-30.54,8.99,3.23,-34.00333333,4.56,-28.27666667,1.623333333,-30,0.3,3.9,-34.00333333,4.56,-28.27666667,1.623333333,-5.72666666
Andersson,Remmarsjon,Sweden,European perch,Re_L_21,2017,8,2,2017-08-02,63.86,18.27,9.18,medium_doc,128.1,-30.41,7.91,3.19,-34.00333333,4.56,-28.27666667,1.623333333,-30,0.3,3.6,-34.00333333,4.56,-28.27666667,1.623333333,-5.72666666
Andersson,Remmarsjon,Sweden,European perch,Re_L_02,2017,8,2,2017-08-02,63.86,18.27,9.18,medium_doc,130.6,-30.04,8.01,3.16,-34.00333333,4.56,-28.27666667,1.623333333,-29.7,0.25,3.7,-34.00333333,4.56,-28.27666667,1.623333333,-5.72666666
Andersson,Remmarsjon,Sweden,European perch,Re_L_30,2017,8,2,2017-08-02,63.86,18.27,9.18,medium_doc,131.8,-30.75,8.64,3.21,-34.00333333,4.56,-28.27666667,1.623333333,-30.3,0.35,3.8,-34.00333333,4.56,-28.27666667,1.623333333,-5.72666666
Andersson,Remmarsjon,Sweden,European perch,Re_L_03,2017,8,2,2017-08-02,63.86,18.27,9.18,medium_doc,132.3,-30.56,9.16,3.18,-34.00333333,4.56,-28.27666667,1.623333333,-30.2,0.34,3.9,-34.00333333,4.56,-28.27666667,1.623333333,-5.72666666
Andersson,Remmarsjon,Sweden,European perch,Re_L_25,2017,8,2,2017-08-02,63.86,18.27,9.18,medium_doc,134,-30.91,8.69,3.2,-34.00333333,4.56,-28.27666667,1.623333333,-30.5,0.39,3.7,-34.00333333,4.56,-28.27666667,1.623333333,-5.72666666
Andersson,Remmarsjon,Sweden,European perch,Re_L_20,2017,8,2,2017-08-02,63.86,18.27,9.18,medium_doc,134.3,-30.79,8.42,3.2,-34.00333333,4.56,-28.27666667,1.623333333,-30.3,0.35,3.7,-34.00333333,4.56,-28.27666667,1.623333333,-5.72666666
Andersson,Remmarsjon,Sweden,European perch,Re_L_01,2017,8,2,2017-08-02,63.86,18.27,9.18,medium_doc,135.9,-29.8,7.28,3.17,-34.00333333,4.56,-28.27666667,1.623333333,-29.4,0.2,3.5,-34.00333333,4.56,-28.27666667,1.623333333,-5.72666666
Andersson,Remmarsjon,Sweden,European perch,Re_L_29,2017,8,2,2017-08-02,63.86,18.27,9.18,medium_doc,135.9,-30.27,7.95,3.21,-34.00333333,4.56,-28.27666667,1.623333333,-29.8,0.27,3.6,-34.00333333,4.56,-28.27666667,1.623333333,-5.72666666
Andersson,Remmarsjon,Sweden,European perch,Re_L_26,2017,8,2,2017-08-02,63.86,18.27,9.18,medium_doc,141,-29.72,8.03,3.23,-34.00333333,4.56,-28.27666667,1.623333333,-29.2,0.16,3.7,-34.00333333,4.56,-28.27666667,1.623333333,-5.72666666
Andersson,Remmarsjon,Sweden,European perch,Re_L_28,2017,8,2,2017-08-02,63.86,18.27,9.18,medium_doc,145.9,-29.7,8.13,3.18,-34.00333333,4.56,-28.27666667,1.623333333,-29.3,0.18,3.8,-34.00333333,4.56,-28.27666667,1.623333333,-5.72666666
Andersson,Remmarsjon,Sweden,European perch,Re_L_11,2017,8,2,2017-08-02,63.86,18.27,9.18,medium_doc,146.6,-30.17,8.05,3.16,-34.00333333,4.56,-28.27666667,1.623333333,-29.8,0.27,3.7,-34.00333333,4.56,-28.27666667,1.623333333,-5.72666666
Andersson,Remmarsjon,Sweden,European perch,Re_L_10,2017,8,2,2017-08-02,63.86,18.27,9.18,medium_doc,150.1,-30.14,6.45,3.16,-34.00333333,4.56,-28.27666667,1.623333333,-29.8,0.27,3.2,-34.00333333,4.56,-28.27666667,1.623333333,-5.72666666
Andersson,Remmarsjon,Sweden,European perch,Re_P_04,2017,8,2,2017-08-02,63.86,18.27,9.18,medium_doc,167.6,-30.58,10.01,3.17,-34.00333333,4.56,-28.27666667,1.623333333,-30.2,0.34,4.2,-34.00333333,4.56,-28.27666667,1.623333333,-5.72666666
Andersson,Remmarsjon,Sweden,European perch,Re_L_12,2017,8,2,2017-08-02,63.86,18.27,9.18,medium_doc,172.8,-30.34,9.72,3.19,-34.00333333,4.56,-28.27666667,1.623333333,-29.9,0.28,4.1,-34.00333333,4.56,-28.27666667,1.623333333,-5.72666666
Andersson,Remmarsjon,Sweden,European perch,Re_L_19,2017,8,2,2017-08-02,63.86,18.27,9.18,medium_doc,178.1,-29.43,8.46,3.25,-34.00333333,4.56,-28.27666667,1.623333333,-28.9,0.11,3.9,-34.00333333,4.56,-28.27666667,1.623333333,-5.72666666
Andersson,Remmarsjon,Sweden,European perch,Re_L_07,2017,8,2,2017-08-02,63.86,18.27,9.18,medium_doc,181.9,-28.84,7.2,3.14,-34.00333333,4.56,-28.27666667,1.623333333,-28.5,0.04,3.6,-34.00333333,4.56,-28.27666667,1.623333333,-5.72666666
Andersson,Remmarsjon,Sweden,European perch,Re_L_06,2017,8,2,2017-08-02,63.86,18.27,9.18,medium_doc,199.1,-30.12,8.56,3.2,-34.00333333,4.56,-28.27666667,1.623333333,-29.7,0.25,3.8,-34.00333333,4.56,-28.27666667,1.623333333,-5.72666666
Andersson,Remmarsjon,Sweden,European perch,Re_L_13,2017,8,2,2017-08-02,63.86,18.27,9.18,medium_doc,201.5,-27.89,7.57,3.13,-34.00333333,4.56,-28.27666667,1.623333333,-27.6,0,3.9,-34.00333333,4.56,-28.27666667,1.623333333,-5.72666666
Andersson,Remmarsjon,Sweden,European perch,Re_P_01,2017,8,2,2017-08-02,63.86,18.27,9.18,medium_doc,203.5,-29.98,8.46,3.19,-34.00333333,4.56,-28.27666667,1.623333333,-29.6,0.23,3.8,-34.00333333,4.56,-28.27666667,1.623333333,-5.72666666
Andersson,Remmarsjon,Sweden,European perch,Re_P_08,2017,8,2,2017-08-02,63.86,18.27,9.18,medium_doc,208.2,-30.02,10.12,3.16,-34.00333333,4.56,-28.27666667,1.623333333,-29.7,0.25,4.3,-34.00333333,4.56,-28.27666667,1.623333333,-5.72666666
Andersson,Remmarsjon,Sweden,European perch,Re_P_03,2017,8,2,2017-08-02,63.86,18.27,9.18,medium_doc,213.2,-30.26,9.61,3.22,-34.00333333,4.56,-28.27666667,1.623333333,-29.8,0.27,4.1,-34.00333333,4.56,-28.27666667,1.623333333,-5.72666666
Andersson,Remmarsjon,Sweden,European perch,Re_P_07,2017,8,2,2017-08-02,63.86,18.27,9.18,medium_doc,213.3,-31.14,9.13,3.2,-34.00333333,4.56,-28.27666667,1.623333333,-30.7,0.42,3.8,-34.00333333,4.56,-28.27666667,1.623333333,-5.72666666
Andersson,Remmarsjon,Sweden,European perch,Re_L_14,2017,8,2,2017-08-02,63.86,18.27,9.18,medium_doc,214.7,-29.7,9.85,3.16,-34.00333333,4.56,-28.27666667,1.623333333,-29.3,0.18,4.3,-34.00333333,4.56,-28.27666667,1.623333333,-5.72666666
Andersson,Remmarsjon,Sweden,European perch,Re_P_06,2017,8,2,2017-08-02,63.86,18.27,9.18,medium_doc,219.2,-29.9,9.66,3.24,-34.00333333,4.56,-28.27666667,1.623333333,-29.4,0.2,4.2,-34.00333333,4.56,-28.27666667,1.623333333,-5.72666666
Andersson,Remmarsjon,Sweden,European perch,Re_P_02,2017,8,2,2017-08-02,63.86,18.27,9.18,medium_doc,220.7,-29.82,10.51,3.18,-34.00333333,4.56,-28.27666667,1.623333333,-29.4,0.2,4.4,-34.00333333,4.56,-28.27666667,1.623333333,-5.72666666
Andersson,Remmarsjon,Sweden,European perch,Re_L_15,2017,8,2,2017-08-02,63.86,18.27,9.18,medium_doc,221.8,-32.22,8.9,3.16,-34.00333333,4.56,-28.27666667,1.623333333,-31.9,0.63,3.6,-34.00333333,4.56,-28.27666667,1.623333333,-5.72666666
Andersson,Remmarsjon,Sweden,European perch,Re_L_05,2017,8,2,2017-08-02,63.86,18.27,9.18,medium_doc,235.8,-29.5,8.79,3.17,-34.00333333,4.56,-28.27666667,1.623333333,-29.1,0.14,4,-34.00333333,4.56,-28.27666667,1.623333333,-5.72666666
Andersson,Remmarsjon,Sweden,European perch,Re_P_05,2017,8,2,2017-08-02,63.86,18.27,9.18,medium_doc,246,-29.73,10.31,3.25,-34.00333333,4.56,-28.27666667,1.623333333,-29.2,0.16,4.4,-34.00333333,4.56,-28.27666667,1.623333333,-5.72666666
Andersson,Remmarsjon,Sweden,European perch,Re_L_04,2017,8,2,2017-08-02,63.86,18.27,9.18,medium_doc,255.2,-29.31,10.21,3.11,-34.00333333,4.56,-28.27666667,1.623333333,-29.1,0.14,4.4,-34.00333333,4.56,-28.27666667,1.623333333,-5.72666666
Andersson,Remmarsjon,Sweden,European perch,Re_L_18,2017,8,2,2017-08-02,63.86,18.27,9.18,medium_doc,292.2,-30.48,7.79,3.18,-34.00333333,4.56,-28.27666667,1.623333333,-30.1,0.32,3.5,-34.00333333,4.56,-28.27666667,1.623333333,-5.72666666
Andersson,Remmarsjon,Sweden,European perch,Re_L_17,2017,8,2,2017-08-02,63.86,18.27,9.18,medium_doc,329.4,-29.4,9.34,3.22,-34.00333333,4.56,-28.27666667,1.623333333,-28.9,0.11,4.2,-34.00333333,4.56,-28.27666667,1.623333333,-5.72666666
Andersson,Oppsveten,Sweden,European perch,305,2007,8,8,2007-08-08,60.02,15.47,19.1,high_doc,82,-30.79,6.83,3.34,-31.2,5.9,-28.1,1.9,-30.1,0.65,2.7,-31.2,5.9,-28.1,1.9,-3.1
Andersson,Oppsveten,Sweden,European perch,328,2007,8,8,2007-08-08,60.02,15.47,19.1,high_doc,83,-31.07,5.94,3.4,-31.2,5.9,-28.1,1.9,-30.2,0.68,2.4,-31.2,5.9,-28.1,1.9,-3.1
Andersson,Oppsveten,Sweden,European perch,A168,2007,8,8,2007-08-08,60.02,15.47,19.1,high_doc,83,-31.13,6.98,3.43,-31.2,5.9,-28.1,1.9,-30.2,0.68,2.7,-31.2,5.9,-28.1,1.9,-3.1
Andersson,Oppsveten,Sweden,European perch,A162,2007,8,8,2007-08-08,60.02,15.47,19.1,high_doc,85,-30.86,7.4,3.38,-31.2,5.9,-28.1,1.9,-30.1,0.65,2.9,-31.2,5.9,-28.1,1.9,-3.1
Andersson,Oppsveten,Sweden,European perch,A155,2007,8,8,2007-08-08,60.02,15.47,19.1,high_doc,86,-31.1,6.7,3.5,-31.2,5.9,-28.1,1.9,-30.1,0.65,2.6,-31.2,5.9,-28.1,1.9,-3.1
Andersson,Oppsveten,Sweden,European perch,304,2007,8,8,2007-08-08,60.02,15.47,19.1,high_doc,87,-31.33,5.93,3.32,-31.2,5.9,-28.1,1.9,-30.6,0.81,2.2,-31.2,5.9,-28.1,1.9,-3.1
Andersson,Oppsveten,Sweden,European perch,299,2007,8,8,2007-08-08,60.02,15.47,19.1,high_doc,88,-30.83,6.4,3.24,-31.2,5.9,-28.1,1.9,-30.3,0.71,2.5,-31.2,5.9,-28.1,1.9,-3.1
Andersson,Oppsveten,Sweden,European perch,A169,2007,8,8,2007-08-08,60.02,15.47,19.1,high_doc,89,-30.98,7.39,3.38,-31.2,5.9,-28.1,1.9,-30.2,0.68,2.8,-31.2,5.9,-28.1,1.9,-3.1
Andersson,Oppsveten,Sweden,European perch,337,2007,8,8,2007-08-08,60.02,15.47,19.1,high_doc,90,-30.96,6.64,3.33,-31.2,5.9,-28.1,1.9,-30.3,0.71,2.6,-31.2,5.9,-28.1,1.9,-3.1
Andersson,Oppsveten,Sweden,European perch,327,2007,8,8,2007-08-08,60.02,15.47,19.1,high_doc,92,-30.85,6.67,3.32,-31.2,5.9,-28.1,1.9,-30.2,0.68,2.6,-31.2,5.9,-28.1,1.9,-3.1
Andersson,Oppsveten,Sweden,European perch,334,2007,8,8,2007-08-08,60.02,15.47,19.1,high_doc,92,-31.02,6.6,3.46,-31.2,5.9,-28.1,1.9,-30.1,0.65,2.6,-31.2,5.9,-28.1,1.9,-3.1
Andersson,Oppsveten,Sweden,European perch,A148,2007,8,8,2007-08-08,60.02,15.47,19.1,high_doc,93,-30.62,7.31,3.36,-31.2,5.9,-28.1,1.9,-29.9,0.58,2.9,-31.2,5.9,-28.1,1.9,-3.1
Andersson,Oppsveten,Sweden,European perch,303,2007,8,8,2007-08-08,60.02,15.47,19.1,high_doc,94,-31.43,6.07,3.29,-31.2,5.9,-28.1,1.9,-30.8,0.87,2.2,-31.2,5.9,-28.1,1.9,-3.1
Andersson,Oppsveten,Sweden,European perch,345,2007,8,8,2007-08-08,60.02,15.47,19.1,high_doc,98,-30.99,6.34,3.44,-31.2,5.9,-28.1,1.9,-30.1,0.65,2.5,-31.2,5.9,-28.1,1.9,-3.1
Andersson,Oppsveten,Sweden,European perch,A146,2007,8,8,2007-08-08,60.02,15.47,19.1,high_doc,102,-30.66,6.67,3.36,-31.2,5.9,-28.1,1.9,-29.9,0.58,2.7,-31.2,5.9,-28.1,1.9,-3.1
Andersson,Oppsveten,Sweden,European perch,325,2007,8,8,2007-08-08,60.02,15.47,19.1,high_doc,104,-30.28,6.78,3.31,-31.2,5.9,-28.1,1.9,-29.6,0.48,2.9,-31.2,5.9,-28.1,1.9,-3.1
Andersson,Oppsveten,Sweden,European perch,171,2007,8,8,2007-08-08,60.02,15.47,19.1,high_doc,104,-30.75,6.69,3.33,-31.2,5.9,-28.1,1.9,-30,0.61,2.7,-31.2,5.9,-28.1,1.9,-3.1
Andersson,Oppsveten,Sweden,European perch,A144,2007,8,8,2007-08-08,60.02,15.47,19.1,high_doc,104,-30.59,6.74,3.27,-31.2,5.9,-28.1,1.9,-30,0.61,2.7,-31.2,5.9,-28.1,1.9,-3.1
Andersson,Oppsveten,Sweden,European perch,A166,2007,8,8,2007-08-08,60.02,15.47,19.1,high_doc,105,-30.35,7.35,3.28,-31.2,5.9,-28.1,1.9,-29.7,0.52,3,-31.2,5.9,-28.1,1.9,-3.1
Andersson,Oppsveten,Sweden,European perch,342,2007,8,8,2007-08-08,60.02,15.47,19.1,high_doc,106,-30.43,6.39,3.34,-31.2,5.9,-28.1,1.9,-29.7,0.52,2.7,-31.2,5.9,-28.1,1.9,-3.1
Andersson,Oppsveten,Sweden,European perch,A151,2007,8,8,2007-08-08,60.02,15.47,19.1,high_doc,106,-30.6,7.26,3.46,-31.2,5.9,-28.1,1.9,-29.6,0.48,3,-31.2,5.9,-28.1,1.9,-3.1
Andersson,Oppsveten,Sweden,European perch,A154,2007,8,8,2007-08-08,60.02,15.47,19.1,high_doc,106,-30.54,6.84,3.35,-31.2,5.9,-28.1,1.9,-29.8,0.55,2.8,-31.2,5.9,-28.1,1.9,-3.1
Andersson,Oppsveten,Sweden,European perch,341,2007,8,8,2007-08-08,60.02,15.47,19.1,high_doc,107,-30.77,6.64,3.35,-31.2,5.9,-28.1,1.9,-30,0.61,2.7,-31.2,5.9,-28.1,1.9,-3.1
Andersson,Oppsveten,Sweden,European perch,A145,2007,8,8,2007-08-08,60.02,15.47,19.1,high_doc,107,-30.6,6.51,3.3,-31.2,5.9,-28.1,1.9,-30,0.61,2.6,-31.2,5.9,-28.1,1.9,-3.1
Andersson,Oppsveten,Sweden,European perch,324,2007,8,8,2007-08-08,60.02,15.47,19.1,high_doc,108,-30.68,6.81,3.23,-31.2,5.9,-28.1,1.9,-30.2,0.68,2.6,-31.2,5.9,-28.1,1.9,-3.1
Andersson,Oppsveten,Sweden,European perch,A163,2007,8,8,2007-08-08,60.02,15.47,19.1,high_doc,108,-30.37,7.47,3.33,-31.2,5.9,-28.1,1.9,-29.7,0.52,3,-31.2,5.9,-28.1,1.9,-3.1
Andersson,Oppsveten,Sweden,European perch,A140,2007,8,8,2007-08-08,60.02,15.47,19.1,high_doc,108,-30.55,6.54,3.3,-31.2,5.9,-28.1,1.9,-29.9,0.58,2.7,-31.2,5.9,-28.1,1.9,-3.1
Andersson,Oppsveten,Sweden,European perch,322,2007,8,8,2007-08-08,60.02,15.47,19.1,high_doc,110,-30.47,6.8,3.3,-31.2,5.9,-28.1,1.9,-29.8,0.55,2.8,-31.2,5.9,-28.1,1.9,-3.1
Andersson,Oppsveten,Sweden,European perch,A139,2007,8,8,2007-08-08,60.02,15.47,19.1,high_doc,110,-30.53,6.96,3.28,-31.2,5.9,-28.1,1.9,-29.9,0.58,2.8,-31.2,5.9,-28.1,1.9,-3.1
Andersson,Oppsveten,Sweden,European perch,A4,2007,8,8,2007-08-08,60.02,15.47,19.1,high_doc,110,-34.56,12.92,3.5,-31.2,5.9,-28.1,1.9,-33.5,1,3.2,-31.2,5.9,-28.1,1.9,-3.1
Andersson,Oppsveten,Sweden,European perch,A149,2007,8,8,2007-08-08,60.02,15.47,19.1,high_doc,111,-30.31,7.26,3.34,-31.2,5.9,-28.1,1.9,-29.6,0.48,3,-31.2,5.9,-28.1,1.9,-3.1
Andersson,Oppsveten,Sweden,European perch,A150,2007,8,8,2007-08-08,60.02,15.47,19.1,high_doc,111,-30.46,7.23,3.38,-31.2,5.9,-28.1,1.9,-29.7,0.52,3,-31.2,5.9,-28.1,1.9,-3.1
Andersson,Oppsveten,Sweden,European perch,A153,2007,8,8,2007-08-08,60.02,15.47,19.1,high_doc,111,-30.42,7.7,3.33,-31.2,5.9,-28.1,1.9,-29.7,0.52,3.1,-31.2,5.9,-28.1,1.9,-3.1
Andersson,Oppsveten,Sweden,European perch,A156,2007,8,8,2007-08-08,60.02,15.47,19.1,high_doc,111,-30.48,7.82,3.4,-31.2,5.9,-28.1,1.9,-29.6,0.48,3.2,-31.2,5.9,-28.1,1.9,-3.1
Andersson,Oppsveten,Sweden,European perch,329,2007,8,8,2007-08-08,60.02,15.47,19.1,high_doc,112,-30.96,6.7,3.29,-31.2,5.9,-28.1,1.9,-30.3,0.71,2.6,-31.2,5.9,-28.1,1.9,-3.1
Andersson,Oppsveten,Sweden,European perch,A165,2007,8,8,2007-08-08,60.02,15.47,19.1,high_doc,112,-30.69,7.71,3.28,-31.2,5.9,-28.1,1.9,-30.1,0.65,2.9,-31.2,5.9,-28.1,1.9,-3.1
Andersson,Oppsveten,Sweden,European perch,333,2007,8,8,2007-08-08,60.02,15.47,19.1,high_doc,113,-31.08,6.26,3.28,-31.2,5.9,-28.1,1.9,-30.5,0.77,2.4,-31.2,5.9,-28.1,1.9,-3.1
Andersson,Oppsveten,Sweden,European perch,A170,2007,8,8,2007-08-08,60.02,15.47,19.1,high_doc,113,-30.48,7.47,3.26,-31.2,5.9,-28.1,1.9,-29.9,0.58,3,-31.2,5.9,-28.1,1.9,-3.1
Andersson,Oppsveten,Sweden,European perch,A152,2007,8,8,2007-08-08,60.02,15.47,19.1,high_doc,113,-30.66,7.27,3.49,-31.2,5.9,-28.1,1.9,-29.7,0.52,3,-31.2,5.9,-28.1,1.9,-3.1
Andersson,Oppsveten,Sweden,European perch,A164,2007,8,8,2007-08-08,60.02,15.47,19.1,high_doc,115,-30.48,7.57,3.36,-31.2,5.9,-28.1,1.9,-29.7,0.52,3.1,-31.2,5.9,-28.1,1.9,-3.1
Andersson,Oppsveten,Sweden,European perch,A157,2007,8,8,2007-08-08,60.02,15.47,19.1,high_doc,115,-30.54,7.97,3.31,-31.2,5.9,-28.1,1.9,-29.9,0.58,3.1,-31.2,5.9,-28.1,1.9,-3.1
Andersson,Oppsveten,Sweden,European perch,338,2007,8,8,2007-08-08,60.02,15.47,19.1,high_doc,117,-30.73,7.39,3.18,-31.2,5.9,-28.1,1.9,-30.3,0.71,2.8,-31.2,5.9,-28.1,1.9,-3.1
Andersson,Oppsveten,Sweden,European perch,349,2007,8,8,2007-08-08,60.02,15.47,19.1,high_doc,121,-31.24,6.91,3.27,-31.2,5.9,-28.1,1.9,-30.7,0.84,2.5,-31.2,5.9,-28.1,1.9,-3.1
Andersson,Oppsveten,Sweden,European perch,A161,2007,8,8,2007-08-08,60.02,15.47,19.1,high_doc,121,-30.25,7.84,3.31,-31.2,5.9,-28.1,1.9,-29.6,0.48,3.2,-31.2,5.9,-28.1,1.9,-3.1
Andersson,Oppsveten,Sweden,European perch,A138,2007,8,8,2007-08-08,60.02,15.47,19.1,high_doc,123,-30.48,8.23,3.27,-31.2,5.9,-28.1,1.9,-29.9,0.58,3.2,-31.2,5.9,-28.1,1.9,-3.1
Andersson,Oppsveten,Sweden,European perch,A143,2007,8,8,2007-08-08,60.02,15.47,19.1,high_doc,123,-30.22,7.21,3.19,-31.2,5.9,-28.1,1.9,-29.8,0.55,2.9,-31.2,5.9,-28.1,1.9,-3.1
Andersson,Oppsveten,Sweden,European perch,174,2007,8,8,2007-08-08,60.02,15.47,19.1,high_doc,127,-31.89,8.39,3.31,-31.2,5.9,-28.1,1.9,-31.2,1,2.7,-31.2,5.9,-28.1,1.9,-3.1
Andersson,Oppsveten,Sweden,European perch,351,2007,8,8,2007-08-08,60.02,15.47,19.1,high_doc,127,-29.29,7.2,3.25,-31.2,5.9,-28.1,1.9,-28.7,0.19,3.3,-31.2,5.9,-28.1,1.9,-3.1
Andersson,Oppsveten,Sweden,European perch,170,2007,8,8,2007-08-08,60.02,15.47,19.1,high_doc,128,-30.84,7.95,3.22,-31.2,5.9,-28.1,1.9,-30.4,0.74,2.9,-31.2,5.9,-28.1,1.9,-3.1
Andersson,Oppsveten,Sweden,European perch,A136,2007,8,8,2007-08-08,60.02,15.47,19.1,high_doc,129,-30.61,7.38,3.26,-31.2,5.9,-28.1,1.9,-30,0.61,2.9,-31.2,5.9,-28.1,1.9,-3.1
Andersson,Oppsveten,Sweden,European perch,A142,2007,8,8,2007-08-08,60.02,15.47,19.1,high_doc,129,-30.51,7.43,3.24,-31.2,5.9,-28.1,1.9,-30,0.61,2.9,-31.2,5.9,-28.1,1.9,-3.1
Andersson,Oppsveten,Sweden,European perch,175,2007,8,8,2007-08-08,60.02,15.47,19.1,high_doc,131,-27.8,7.55,3.22,-31.2,5.9,-28.1,1.9,-27.3,0,4,-31.2,5.9,-28.1,1.9,-3.1
Andersson,Oppsveten,Sweden,European perch,168,2007,8,8,2007-08-08,60.02,15.47,19.1,high_doc,132,-30.75,7.6,3.26,-31.2,5.9,-28.1,1.9,-30.2,0.68,2.9,-31.2,5.9,-28.1,1.9,-3.1
Andersson,Oppsveten,Sweden,European perch,A137,2007,8,8,2007-08-08,60.02,15.47,19.1,high_doc,132,-30.43,7.53,3.29,-31.2,5.9,-28.1,1.9,-29.8,0.55,3,-31.2,5.9,-28.1,1.9,-3.1
Andersson,Oppsveten,Sweden,European perch,A147,2007,8,8,2007-08-08,60.02,15.47,19.1,high_doc,134,-30.42,7.64,3.14,-31.2,5.9,-28.1,1.9,-30.1,0.65,2.9,-31.2,5.9,-28.1,1.9,-3.1
Andersson,Oppsveten,Sweden,European perch,352,2007,8,8,2007-08-08,60.02,15.47,19.1,high_doc,143,-28.14,8.26,3.18,-31.2,5.9,-28.1,1.9,-27.7,0,4,-31.2,5.9,-28.1,1.9,-3.1
Andersson,Oppsveten,Sweden,European perch,173,2007,8,8,2007-08-08,60.02,15.47,19.1,high_doc,146,-30.09,7.89,3.17,-31.2,5.9,-28.1,1.9,-29.7,0.52,3.2,-31.2,5.9,-28.1,1.9,-3.1
Andersson,Oppsveten,Sweden,European perch,178,2007,8,8,2007-08-08,60.02,15.47,19.1,high_doc,167,-30.9,7.59,3.21,-31.2,5.9,-28.1,1.9,-30.4,0.74,2.8,-31.2,5.9,-28.1,1.9,-3.1
Andersson,Oppsveten,Sweden,European perch,182,2007,8,8,2007-08-08,60.02,15.47,19.1,high_doc,178,-30.48,9.38,3.25,-31.2,5.9,-28.1,1.9,-29.9,0.58,3.5,-31.2,5.9,-28.1,1.9,-3.1
Andersson,Oppsveten,Sweden,European perch,181,2007,8,8,2007-08-08,60.02,15.47,19.1,high_doc,178,-28.59,8.31,3.15,-31.2,5.9,-28.1,1.9,-28.3,0.06,3.8,-31.2,5.9,-28.1,1.9,-3.1
Andersson,Oppsveten,Sweden,European perch,183,2007,8,8,2007-08-08,60.02,15.47,19.1,high_doc,310,-29.02,9.09,3.22,-31.2,5.9,-28.1,1.9,-28.5,0.13,4,-31.2,5.9,-28.1,1.9,-3.1
Andersson,Kallsjon,Sweden,European perch,Ka_L_24,2017,8,19,2017-08-19,61.63,16.73,20.11,high_doc,102.5,-29.96,7.69,3.15,-33.455,6.355,-27.725,3.26,-29.6,0.33,3,-33.455,6.355,-27.725,3.26,-5.73
Andersson,Kallsjon,Sweden,European perch,Ka_L_08,2017,8,19,2017-08-19,61.63,16.73,20.11,high_doc,105.8,-30.37,8.22,3.19,-33.455,6.355,-27.725,3.26,-29.9,0.38,3.1,-33.455,6.355,-27.725,3.26,-5.73
Andersson,Kallsjon,Sweden,European perch,Ka_L_39,2017,8,19,2017-08-19,61.63,16.73,20.11,high_doc,106.2,-29.92,7.39,3.22,-33.455,6.355,-27.725,3.26,-29.4,0.29,3,-33.455,6.355,-27.725,3.26,-5.73
Andersson,Kallsjon,Sweden,European perch,Ka_L_11,2017,8,19,2017-08-19,61.63,16.73,20.11,high_doc,108.7,-29.86,7.27,3.15,-33.455,6.355,-27.725,3.26,-29.5,0.31,2.9,-33.455,6.355,-27.725,3.26,-5.73
Andersson,Kallsjon,Sweden,European perch,Ka_L_25,2017,8,19,2017-08-19,61.63,16.73,20.11,high_doc,109.6,-30.8,8.12,3.15,-33.455,6.355,-27.725,3.26,-30.5,0.48,3,-33.455,6.355,-27.725,3.26,-5.73
Andersson,Kallsjon,Sweden,European perch,Ka_L_09,2017,8,19,2017-08-19,61.63,16.73,20.11,high_doc,110.2,-30.24,7.61,3.16,-33.455,6.355,-27.725,3.26,-29.9,0.38,2.9,-33.455,6.355,-27.725,3.26,-5.73
Andersson,Kallsjon,Sweden,European perch,Ka_L_33,2017,8,19,2017-08-19,61.63,16.73,20.11,high_doc,112.1,-30.24,8.59,3.17,-33.455,6.355,-27.725,3.26,-29.9,0.38,3.2,-33.455,6.355,-27.725,3.26,-5.73
Andersson,Kallsjon,Sweden,European perch,Ka_L_18,2017,8,19,2017-08-19,61.63,16.73,20.11,high_doc,113.2,-29.9,8.13,3.15,-33.455,6.355,-27.725,3.26,-29.6,0.33,3.1,-33.455,6.355,-27.725,3.26,-5.73
Andersson,Kallsjon,Sweden,European perch,Ka_L_26,2017,8,19,2017-08-19,61.63,16.73,20.11,high_doc,113.7,-30.42,7.61,3.16,-33.455,6.355,-27.725,3.26,-30.1,0.41,2.9,-33.455,6.355,-27.725,3.26,-5.73
Andersson,Kallsjon,Sweden,European perch,Ka_L_30,2017,8,19,2017-08-19,61.63,16.73,20.11,high_doc,114.3,-30.24,8.74,3.16,-33.455,6.355,-27.725,3.26,-29.9,0.38,3.3,-33.455,6.355,-27.725,3.26,-5.73
Andersson,Kallsjon,Sweden,European perch,Ka_L_14,2017,8,19,2017-08-19,61.63,16.73,20.11,high_doc,117,-29.8,7.38,3.2,-33.455,6.355,-27.725,3.26,-29.4,0.29,2.9,-33.455,6.355,-27.725,3.26,-5.73
Andersson,Kallsjon,Sweden,European perch,Ka_L_02,2017,8,19,2017-08-19,61.63,16.73,20.11,high_doc,118.5,-29.94,8.51,3.23,-33.455,6.355,-27.725,3.26,-29.4,0.29,3.3,-33.455,6.355,-27.725,3.26,-5.73
Andersson,Kallsjon,Sweden,European perch,Ka_L_03,2017,8,19,2017-08-19,61.63,16.73,20.11,high_doc,120.5,-28.95,8.07,3.16,-33.455,6.355,-27.725,3.26,-28.6,0.15,3.3,-33.455,6.355,-27.725,3.26,-5.73
Andersson,Kallsjon,Sweden,European perch,Ka_L_13,2017,8,19,2017-08-19,61.63,16.73,20.11,high_doc,121.3,-30.53,7.56,3.2,-33.455,6.355,-27.725,3.26,-30.1,0.41,2.9,-33.455,6.355,-27.725,3.26,-5.73
Andersson,Kallsjon,Sweden,European perch,Ka_L_27,2017,8,19,2017-08-19,61.63,16.73,20.11,high_doc,145.8,-30.13,8.31,3.15,-33.455,6.355,-27.725,3.26,-29.8,0.36,3.2,-33.455,6.355,-27.725,3.26,-5.73
Andersson,Kallsjon,Sweden,European perch,Ka_L_29,2017,8,19,2017-08-19,61.63,16.73,20.11,high_doc,148.8,-28.97,7.54,3.16,-33.455,6.355,-27.725,3.26,-28.6,0.15,3.1,-33.455,6.355,-27.725,3.26,-5.73
Andersson,Kallsjon,Sweden,European perch,Ka_L_12,2017,8,19,2017-08-19,61.63,16.73,20.11,high_doc,148.8,-30.02,8,3.15,-33.455,6.355,-27.725,3.26,-29.7,0.34,3.1,-33.455,6.355,-27.725,3.26,-5.73
Andersson,Kallsjon,Sweden,European perch,Ka_L_21,2017,8,19,2017-08-19,61.63,16.73,20.11,high_doc,149.3,-30.81,7.92,3.17,-33.455,6.355,-27.725,3.26,-30.4,0.47,2.9,-33.455,6.355,-27.725,3.26,-5.73
Andersson,Kallsjon,Sweden,European perch,Ka_L_28,2017,8,19,2017-08-19,61.63,16.73,20.11,high_doc,149.7,-30.25,7.84,3.15,-33.455,6.355,-27.725,3.26,-29.9,0.38,3,-33.455,6.355,-27.725,3.26,-5.73
Andersson,Kallsjon,Sweden,European perch,Ka_L_01,2017,8,19,2017-08-19,61.63,16.73,20.11,high_doc,153.7,-29.7,9.51,3.23,-33.455,6.355,-27.725,3.26,-29.2,0.26,3.6,-33.455,6.355,-27.725,3.26,-5.73
Andersson,Kallsjon,Sweden,European perch,Ka_L_04,2017,8,19,2017-08-19,61.63,16.73,20.11,high_doc,167.5,-30.15,9.75,3.16,-33.455,6.355,-27.725,3.26,-29.8,0.36,3.6,-33.455,6.355,-27.725,3.26,-5.73
Andersson,Kallsjon,Sweden,European perch,Ka_L_16,2017,8,19,2017-08-19,61.63,16.73,20.11,high_doc,169.7,-29.98,7.93,3.15,-33.455,6.355,-27.725,3.26,-29.6,0.33,3.1,-33.455,6.355,-27.725,3.26,-5.73
Andersson,Kallsjon,Sweden,European perch,Ka_L_22,2017,8,19,2017-08-19,61.63,16.73,20.11,high_doc,173.9,-29.11,9.98,3.19,-33.455,6.355,-27.725,3.26,-28.7,0.17,3.8,-33.455,6.355,-27.725,3.26,-5.73
Andersson,Kallsjon,Sweden,European perch,Ka_L_20,2017,8,19,2017-08-19,61.63,16.73,20.11,high_doc,174,-29.25,8.18,3.17,-33.455,6.355,-27.725,3.26,-28.9,0.21,3.3,-33.455,6.355,-27.725,3.26,-5.73
Andersson,Kallsjon,Sweden,European perch,Ka_L_34,2017,8,19,2017-08-19,61.63,16.73,20.11,high_doc,176,-29.71,10.71,3.15,-33.455,6.355,-27.725,3.26,-29.4,0.29,3.9,-33.455,6.355,-27.725,3.26,-5.73
Andersson,Kallsjon,Sweden,European perch,Ka_L_23,2017,8,19,2017-08-19,61.63,16.73,20.11,high_doc,176.6,-29.97,8.58,3.17,-33.455,6.355,-27.725,3.26,-29.6,0.33,3.3,-33.455,6.355,-27.725,3.26,-5.73
Andersson,Kallsjon,Sweden,European perch,Ka_L_17,2017,8,19,2017-08-19,61.63,16.73,20.11,high_doc,178.2,-29.78,7.91,3.15,-33.455,6.355,-27.725,3.26,-29.4,0.29,3.1,-33.455,6.355,-27.725,3.26,-5.73
Andersson,Kallsjon,Sweden,European perch,Ka_L_15,2017,8,19,2017-08-19,61.63,16.73,20.11,high_doc,196.5,-29.57,8.9,3.12,-33.455,6.355,-27.725,3.26,-29.3,0.27,3.4,-33.455,6.355,-27.725,3.26,-5.73
Andersson,Kallsjon,Sweden,European perch,Ka_L_05,2017,8,19,2017-08-19,61.63,16.73,20.11,high_doc,205,-29.32,9.99,3.16,-33.455,6.355,-27.725,3.26,-29,0.22,3.8,-33.455,6.355,-27.725,3.26,-5.73
Andersson,Kallsjon,Sweden,European perch,Ka_L_31,2017,8,19,2017-08-19,61.63,16.73,20.11,high_doc,245.5,-29.65,11,3.23,-33.455,6.355,-27.725,3.26,-29.1,0.24,4.1,-33.455,6.355,-27.725,3.26,-5.73
Andersson,Degervattnet,Sweden,European perch,De_L_12,2018,7,23,2018-07-23,63.87,16.23,8.61,medium_doc,89.3,-28.37,6,3.26,-32.9275,3.2675,-27.18,1.456666667,-27.8,0.11,3.3,-32.9275,3.2675,-27.18,1.456666667,-5.7475
Andersson,Degervattnet,Sweden,European perch,De_L_14,2018,7,23,2018-07-23,63.87,16.23,8.61,medium_doc,110.9,-29.12,6.88,3.34,-32.9275,3.2675,-27.18,1.456666667,-28.4,0.21,3.5,-32.9275,3.2675,-27.18,1.456666667,-5.7475
Andersson,Degervattnet,Sweden,European perch,De_L_13,2018,7,23,2018-07-23,63.87,16.23,8.61,medium_doc,118.3,-29.25,6.64,3.23,-32.9275,3.2675,-27.18,1.456666667,-28.7,0.26,3.4,-32.9275,3.2675,-27.18,1.456666667,-5.7475
Andersson,Degervattnet,Sweden,European perch,De_P_03,2018,7,23,2018-07-23,63.87,16.23,8.61,medium_doc,127,-30.83,7.06,3.27,-32.9275,3.2675,-27.18,1.456666667,-30.2,0.53,3.4,-32.9275,3.2675,-27.18,1.456666667,-5.7475
Andersson,Degervattnet,Sweden,European perch,De_P_04,2018,7,23,2018-07-23,63.87,16.23,8.61,medium_doc,136.6,-30.23,7.82,3.26,-32.9275,3.2675,-27.18,1.456666667,-29.7,0.44,3.6,-32.9275,3.2675,-27.18,1.456666667,-5.7475
Andersson,Degervattnet,Sweden,European perch,De_L_05,2018,7,23,2018-07-23,63.87,16.23,8.61,medium_doc,144,-29.63,8.02,3.26,-32.9275,3.2675,-27.18,1.456666667,-29.1,0.33,3.8,-32.9275,3.2675,-27.18,1.456666667,-5.7475
Andersson,Degervattnet,Sweden,European perch,De_L_10,2018,7,23,2018-07-23,63.87,16.23,8.61,medium_doc,151.5,-30.48,8.51,3.23,-32.9275,3.2675,-27.18,1.456666667,-30,0.49,3.8,-32.9275,3.2675,-27.18,1.456666667,-5.7475
Andersson,Degervattnet,Sweden,European perch,De_L_15,2018,7,23,2018-07-23,63.87,16.23,8.61,medium_doc,159.3,-28.35,6.75,3.26,-32.9275,3.2675,-27.18,1.456666667,-27.8,0.11,3.5,-32.9275,3.2675,-27.18,1.456666667,-5.7475
Andersson,Degervattnet,Sweden,European perch,De_P_02,2018,7,23,2018-07-23,63.87,16.23,8.61,medium_doc,162.9,-30.72,8.93,3.25,-32.9275,3.2675,-27.18,1.456666667,-30.2,0.53,3.9,-32.9275,3.2675,-27.18,1.456666667,-5.7475
Andersson,Degervattnet,Sweden,European perch,De_L_20,2018,7,23,2018-07-23,63.87,16.23,8.61,medium_doc,165,-28.81,6.64,3.24,-32.9275,3.2675,-27.18,1.456666667,-28.3,0.19,3.4,-32.9275,3.2675,-27.18,1.456666667,-5.7475
Andersson,Degervattnet,Sweden,European perch,De_L_09,2018,7,23,2018-07-23,63.87,16.23,8.61,medium_doc,166.6,-28.85,6.69,3.27,-32.9275,3.2675,-27.18,1.456666667,-28.3,0.19,3.4,-32.9275,3.2675,-27.18,1.456666667,-5.7475
Andersson,Degervattnet,Sweden,European perch,De_L_21,2018,7,23,2018-07-23,63.87,16.23,8.61,medium_doc,168.4,-28.19,7.13,3.22,-32.9275,3.2675,-27.18,1.456666667,-27.7,0.09,3.6,-32.9275,3.2675,-27.18,1.456666667,-5.7475
Andersson,Degervattnet,Sweden,European perch,De_P_01,2018,7,23,2018-07-23,63.87,16.23,8.61,medium_doc,170.2,-30.35,7.36,3.2,-32.9275,3.2675,-27.18,1.456666667,-29.9,0.47,3.5,-32.9275,3.2675,-27.18,1.456666667,-5.7475
Andersson,Degervattnet,Sweden,European perch,De_L_16,2018,7,23,2018-07-23,63.87,16.23,8.61,medium_doc,178.4,-28.8,7.49,3.22,-32.9275,3.2675,-27.18,1.456666667,-28.3,0.19,3.7,-32.9275,3.2675,-27.18,1.456666667,-5.7475
Andersson,Degervattnet,Sweden,European perch,De_L_03,2018,7,23,2018-07-23,63.87,16.23,8.61,medium_doc,180,-29.5,7.4,3.24,-32.9275,3.2675,-27.18,1.456666667,-29,0.32,3.6,-32.9275,3.2675,-27.18,1.456666667,-5.7475
Andersson,Degervattnet,Sweden,European perch,De_L_30,2018,7,23,2018-07-23,63.87,16.23,8.61,medium_doc,182.2,-30.01,6.47,3.32,-32.9275,3.2675,-27.18,1.456666667,-29.3,0.37,3.3,-32.9275,3.2675,-27.18,1.456666667,-5.7475
Andersson,Degervattnet,Sweden,European perch,De_L_17,2018,7,23,2018-07-23,63.87,16.23,8.61,medium_doc,184.7,-28.42,6.61,3.27,-32.9275,3.2675,-27.18,1.456666667,-27.8,0.11,3.5,-32.9275,3.2675,-27.18,1.456666667,-5.7475
Andersson,Degervattnet,Sweden,European perch,De_L_19,2018,7,23,2018-07-23,63.87,16.23,8.61,medium_doc,185.3,-28.23,7.73,3.22,-32.9275,3.2675,-27.18,1.456666667,-27.7,0.09,3.8,-32.9275,3.2675,-27.18,1.456666667,-5.7475
Andersson,Degervattnet,Sweden,European perch,De_L_04,2018,7,23,2018-07-23,63.87,16.23,8.61,medium_doc,187.3,-29.16,7.09,3.24,-32.9275,3.2675,-27.18,1.456666667,-28.6,0.25,3.5,-32.9275,3.2675,-27.18,1.456666667,-5.7475
Andersson,Degervattnet,Sweden,European perch,De_L_11,2018,7,23,2018-07-23,63.87,16.23,8.61,medium_doc,193.4,-28.73,7.16,3.19,-32.9275,3.2675,-27.18,1.456666667,-28.3,0.19,3.6,-32.9275,3.2675,-27.18,1.456666667,-5.7475
Andersson,Degervattnet,Sweden,European perch,De_L_18,2018,7,23,2018-07-23,63.87,16.23,8.61,medium_doc,196.1,-28.48,7.6,3.25,-32.9275,3.2675,-27.18,1.456666667,-27.9,0.13,3.7,-32.9275,3.2675,-27.18,1.456666667,-5.7475
Andersson,Degervattnet,Sweden,European perch,De_L_25,2018,7,23,2018-07-23,63.87,16.23,8.61,medium_doc,197.4,-30.33,8.44,3.23,-32.9275,3.2675,-27.18,1.456666667,-29.8,0.46,3.8,-32.9275,3.2675,-27.18,1.456666667,-5.7475
Andersson,Degervattnet,Sweden,European perch,De_L_26,2018,7,23,2018-07-23,63.87,16.23,8.61,medium_doc,197.5,-28.5,7.27,3.26,-32.9275,3.2675,-27.18,1.456666667,-27.9,0.13,3.6,-32.9275,3.2675,-27.18,1.456666667,-5.7475
Andersson,Degervattnet,Sweden,European perch,De_L_24,2018,7,23,2018-07-23,63.87,16.23,8.61,medium_doc,213.9,-26.84,7.43,3.2,-32.9275,3.2675,-27.18,1.456666667,-26.4,0,3.8,-32.9275,3.2675,-27.18,1.456666667,-5.7475
Andersson,Degervattnet,Sweden,European perch,De_L_06,2018,7,23,2018-07-23,63.87,16.23,8.61,medium_doc,251,-29.45,9.99,3.21,-32.9275,3.2675,-27.18,1.456666667,-29,0.32,4.3,-32.9275,3.2675,-27.18,1.456666667,-5.7475
Andersson,Degervattnet,Sweden,European perch,De_L_28,2018,7,23,2018-07-23,63.87,16.23,8.61,medium_doc,257.3,-29.23,9.68,3.19,-32.9275,3.2675,-27.18,1.456666667,-28.8,0.28,4.3,-32.9275,3.2675,-27.18,1.456666667,-5.7475
Andersson,Degervattnet,Sweden,European perch,De_L_01,2018,7,23,2018-07-23,63.87,16.23,8.61,medium_doc,257.9,-29.42,9.91,3.26,-32.9275,3.2675,-27.18,1.456666667,-28.9,0.3,4.3,-32.9275,3.2675,-27.18,1.456666667,-5.7475
Andersson,Degervattnet,Sweden,European perch,De_L_27,2018,7,23,2018-07-23,63.87,16.23,8.61,medium_doc,260.9,-28.4,8.25,3.19,-32.9275,3.2675,-27.18,1.456666667,-28,0.14,3.9,-32.9275,3.2675,-27.18,1.456666667,-5.7475
Andersson,Degervattnet,Sweden,European perch,De_L_02,2018,7,23,2018-07-23,63.87,16.23,8.61,medium_doc,268.7,-29.41,9.77,3.23,-32.9275,3.2675,-27.18,1.456666667,-28.9,0.3,4.3,-32.9275,3.2675,-27.18,1.456666667,-5.7475
Andersson,Degervattnet,Sweden,European perch,De_L_07,2018,7,23,2018-07-23,63.87,16.23,8.61,medium_doc,276.8,-28.8,9.68,3.16,-32.9275,3.2675,-27.18,1.456666667,-28.4,0.21,4.3,-32.9275,3.2675,-27.18,1.456666667,-5.7475
Andersson,Degervattnet,Sweden,European perch,De_L_08,2018,7,23,2018-07-23,63.87,16.23,8.61,medium_doc,323.6,-29.38,9.71,3.19,-32.9275,3.2675,-27.18,1.456666667,-29,0.32,4.3,-32.9275,3.2675,-27.18,1.456666667,-5.7475
Andersson,Degervattnet,Sweden,European perch,De_L_22,2018,7,23,2018-07-23,63.87,16.23,8.61,medium_doc,338.5,-27.58,8.93,3.15,-32.9275,3.2675,-27.18,1.456666667,-27.2,0,4.2,-32.9275,3.2675,-27.18,1.456666667,-5.7475
Andersson,Degervattnet,Sweden,European perch,De_L_23,2018,7,23,2018-07-23,63.87,16.23,8.61,medium_doc,388.5,-28.79,9.47,3.26,-32.9275,3.2675,-27.18,1.456666667,-28.2,0.18,4.3,-32.9275,3.2675,-27.18,1.456666667,-5.7475
Andersson,Stora Skarsjon,Sweden,European perch,SS_L_03,2017,7,19,2017-07-19,56.67,13.06,5.07,medium_doc,92.5,-28.64,6.59,3.2,-31.612,2.81,-27.1425,2.6725,-28.2,0.24,3.1,-31.612,2.81,-27.1425,2.6725,-4.4695
Andersson,Stora Skarsjon,Sweden,European perch,SS_P_29,2017,7,19,2017-07-19,56.67,13.06,5.07,medium_doc,93.3,-28.92,6.56,3.39,-31.612,2.81,-27.1425,2.6725,-28.1,0.21,3.1,-31.612,2.81,-27.1425,2.6725,-4.4695
Andersson,Stora Skarsjon,Sweden,European perch,SS_P_30,2017,7,19,2017-07-19,56.67,13.06,5.07,medium_doc,95.2,-28.46,6.59,3.38,-31.612,2.81,-27.1425,2.6725,-27.7,0.12,3.1,-31.612,2.81,-27.1425,2.6725,-4.4695
Andersson,Stora Skarsjon,Sweden,European perch,SS_L_17,2017,7,19,2017-07-19,56.67,13.06,5.07,medium_doc,96.2,-28.63,6.59,3.23,-31.612,2.81,-27.1425,2.6725,-28.1,0.21,3.1,-31.612,2.81,-27.1425,2.6725,-4.4695
Andersson,Stora Skarsjon,Sweden,European perch,SS_L_06,2017,7,19,2017-07-19,56.67,13.06,5.07,medium_doc,96.6,-28.69,6.59,3.17,-31.612,2.81,-27.1425,2.6725,-28.3,0.26,3.1,-31.612,2.81,-27.1425,2.6725,-4.4695
Andersson,Stora Skarsjon,Sweden,European perch,SS_P_12,2017,7,19,2017-07-19,56.67,13.06,5.07,medium_doc,97.1,-28.75,6.7,3.17,-31.612,2.81,-27.1425,2.6725,-28.4,0.28,3.2,-31.612,2.81,-27.1425,2.6725,-4.4695
Andersson,Stora Skarsjon,Sweden,European perch,SS_L_11,2017,7,19,2017-07-19,56.67,13.06,5.07,medium_doc,97.3,-28.71,6.55,3.21,-31.612,2.81,-27.1425,2.6725,-28.2,0.24,3.1,-31.612,2.81,-27.1425,2.6725,-4.4695
Andersson,Stora Skarsjon,Sweden,European perch,SS_P_16,2017,7,19,2017-07-19,56.67,13.06,5.07,medium_doc,97.5,-28.5,6.65,3.18,-31.612,2.81,-27.1425,2.6725,-28.1,0.21,3.2,-31.612,2.81,-27.1425,2.6725,-4.4695
Andersson,Stora Skarsjon,Sweden,European perch,SS_P_06,2017,7,19,2017-07-19,56.67,13.06,5.07,medium_doc,99.3,-28.79,6.69,3.3,-31.612,2.81,-27.1425,2.6725,-28.1,0.21,3.2,-31.612,2.81,-27.1425,2.6725,-4.4695
Andersson,Stora Skarsjon,Sweden,European perch,SS_L_09,2017,7,19,2017-07-19,56.67,13.06,5.07,medium_doc,99.4,-28.91,7.15,3.24,-31.612,2.81,-27.1425,2.6725,-28.4,0.28,3.3,-31.612,2.81,-27.1425,2.6725,-4.4695
Andersson,Stora Skarsjon,Sweden,European perch,SS_P_15,2017,7,19,2017-07-19,56.67,13.06,5.07,medium_doc,100.3,-28.74,6.68,3.25,-31.612,2.81,-27.1425,2.6725,-28.2,0.24,3.2,-31.612,2.81,-27.1425,2.6725,-4.4695
Andersson,Stora Skarsjon,Sweden,European perch,SS_L_19,2017,7,19,2017-07-19,56.67,13.06,5.07,medium_doc,100.6,-28.54,6.49,3.18,-31.612,2.81,-27.1425,2.6725,-28.1,0.21,3.1,-31.612,2.81,-27.1425,2.6725,-4.4695
Andersson,Stora Skarsjon,Sweden,European perch,SS_P_08,2017,7,19,2017-07-19,56.67,13.06,5.07,medium_doc,101.2,-28.73,6.37,3.18,-31.612,2.81,-27.1425,2.6725,-28.3,0.26,3.1,-31.612,2.81,-27.1425,2.6725,-4.4695
Andersson,Stora Skarsjon,Sweden,European perch,SS_P_13,2017,7,19,2017-07-19,56.67,13.06,5.07,medium_doc,102.7,-28.85,6.6,3.25,-31.612,2.81,-27.1425,2.6725,-28.3,0.26,3.1,-31.612,2.81,-27.1425,2.6725,-4.4695
Andersson,Stora Skarsjon,Sweden,European perch,SS_P_17,2017,7,19,2017-07-19,56.67,13.06,5.07,medium_doc,103.1,-28.47,6.21,3.24,-31.612,2.81,-27.1425,2.6725,-27.9,0.17,3,-31.612,2.81,-27.1425,2.6725,-4.4695
Andersson,Stora Skarsjon,Sweden,European perch,SS_P_04,2017,7,19,2017-07-19,56.67,13.06,5.07,medium_doc,104.2,-28.31,6.69,3.14,-31.612,2.81,-27.1425,2.6725,-28,0.19,3.2,-31.612,2.81,-27.1425,2.6725,-4.4695
Andersson,Stora Skarsjon,Sweden,European perch,SS_L_13,2017,7,19,2017-07-19,56.67,13.06,5.07,medium_doc,104.7,-28.65,6.75,3.18,-31.612,2.81,-27.1425,2.6725,-28.2,0.24,3.2,-31.612,2.81,-27.1425,2.6725,-4.4695
Andersson,Stora Skarsjon,Sweden,European perch,SS_L_02,2017,7,19,2017-07-19,56.67,13.06,5.07,medium_doc,104.9,-28.79,7.08,3.17,-31.612,2.81,-27.1425,2.6725,-28.4,0.28,3.3,-31.612,2.81,-27.1425,2.6725,-4.4695
Andersson,Stora Skarsjon,Sweden,European perch,SS_L_08,2017,7,19,2017-07-19,56.67,13.06,5.07,medium_doc,105.6,-28.42,7.15,3.23,-31.612,2.81,-27.1425,2.6725,-27.9,0.17,3.3,-31.612,2.81,-27.1425,2.6725,-4.4695
Andersson,Stora Skarsjon,Sweden,European perch,SS_L_01,2017,7,19,2017-07-19,56.67,13.06,5.07,medium_doc,105.7,-28.57,6.55,3.18,-31.612,2.81,-27.1425,2.6725,-28.2,0.24,3.1,-31.612,2.81,-27.1425,2.6725,-4.4695
Andersson,Stora Skarsjon,Sweden,European perch,SS_L_04,2017,7,19,2017-07-19,56.67,13.06,5.07,medium_doc,106,-28.86,6.94,3.21,-31.612,2.81,-27.1425,2.6725,-28.4,0.28,3.2,-31.612,2.81,-27.1425,2.6725,-4.4695
Andersson,Stora Skarsjon,Sweden,European perch,SS_L_23,2017,7,19,2017-07-19,56.67,13.06,5.07,medium_doc,106.7,-28.99,7.09,3.2,-31.612,2.81,-27.1425,2.6725,-28.5,0.3,3.3,-31.612,2.81,-27.1425,2.6725,-4.4695
Andersson,Stora Skarsjon,Sweden,European perch,SS_P_05,2017,7,19,2017-07-19,56.67,13.06,5.07,medium_doc,106.7,-28.48,6.33,3.33,-31.612,2.81,-27.1425,2.6725,-27.8,0.15,3.1,-31.612,2.81,-27.1425,2.6725,-4.4695
Andersson,Stora Skarsjon,Sweden,European perch,SS_P_07,2017,7,19,2017-07-19,56.67,13.06,5.07,medium_doc,108.2,-28.43,5.7,3.32,-31.612,2.81,-27.1425,2.6725,-27.7,0.12,2.9,-31.612,2.81,-27.1425,2.6725,-4.4695
Andersson,Stora Skarsjon,Sweden,European perch,SS_L_22,2017,7,19,2017-07-19,56.67,13.06,5.07,medium_doc,108.4,-28.63,7.22,3.18,-31.612,2.81,-27.1425,2.6725,-28.2,0.24,3.3,-31.612,2.81,-27.1425,2.6725,-4.4695
Andersson,Stora Skarsjon,Sweden,European perch,SS_P_03,2017,7,19,2017-07-19,56.67,13.06,5.07,medium_doc,110.3,-29.06,6.5,3.39,-31.612,2.81,-27.1425,2.6725,-28.2,0.24,3.1,-31.612,2.81,-27.1425,2.6725,-4.4695
Andersson,Stora Skarsjon,Sweden,European perch,SS_L_25,2017,7,19,2017-07-19,56.67,13.06,5.07,medium_doc,110.8,-28.72,6.83,3.19,-31.612,2.81,-27.1425,2.6725,-28.3,0.26,3.2,-31.612,2.81,-27.1425,2.6725,-4.4695
Andersson,Stora Skarsjon,Sweden,European perch,SS_L_27,2017,7,19,2017-07-19,56.67,13.06,5.07,medium_doc,113.6,-28.88,7.37,3.29,-31.612,2.81,-27.1425,2.6725,-28.3,0.26,3.4,-31.612,2.81,-27.1425,2.6725,-4.4695
Andersson,Stora Skarsjon,Sweden,European perch,SS_L_28,2017,7,19,2017-07-19,56.67,13.06,5.07,medium_doc,114.7,-28.61,7.03,3.21,-31.612,2.81,-27.1425,2.6725,-28.1,0.21,3.3,-31.612,2.81,-27.1425,2.6725,-4.4695
Andersson,Stora Skarsjon,Sweden,European perch,SS_L_26,2017,7,19,2017-07-19,56.67,13.06,5.07,medium_doc,115.7,-28.53,7.36,3.21,-31.612,2.81,-27.1425,2.6725,-28.1,0.21,3.4,-31.612,2.81,-27.1425,2.6725,-4.4695
Andersson,Stora Skarsjon,Sweden,European perch,SS_L_14,2017,7,19,2017-07-19,56.67,13.06,5.07,medium_doc,116.6,-28.56,7.26,3.22,-31.612,2.81,-27.1425,2.6725,-28.1,0.21,3.3,-31.612,2.81,-27.1425,2.6725,-4.4695
Andersson,Stora Skarsjon,Sweden,European perch,SS_L_24,2017,7,19,2017-07-19,56.67,13.06,5.07,medium_doc,119,-28.59,6.93,3.23,-31.612,2.81,-27.1425,2.6725,-28.1,0.21,3.2,-31.612,2.81,-27.1425,2.6725,-4.4695
Andersson,Stora Skarsjon,Sweden,European perch,SS_P_14,2017,7,19,2017-07-19,56.67,13.06,5.07,medium_doc,120.8,-28.36,7.14,3.17,-31.612,2.81,-27.1425,2.6725,-28,0.19,3.3,-31.612,2.81,-27.1425,2.6725,-4.4695
Andersson,Stora Skarsjon,Sweden,European perch,SS_P_18,2017,7,19,2017-07-19,56.67,13.06,5.07,medium_doc,121.6,-28.12,6.87,3.19,-31.612,2.81,-27.1425,2.6725,-27.7,0.12,3.2,-31.612,2.81,-27.1425,2.6725,-4.4695
Andersson,Stora Skarsjon,Sweden,European perch,SS_L_18,2017,7,19,2017-07-19,56.67,13.06,5.07,medium_doc,122.9,-29.62,7.66,3.18,-31.612,2.81,-27.1425,2.6725,-29.2,0.46,3.4,-31.612,2.81,-27.1425,2.6725,-4.4695
Andersson,Stora Skarsjon,Sweden,European perch,SS_L_15,2017,7,19,2017-07-19,56.67,13.06,5.07,medium_doc,123.2,-29.75,7.81,3.22,-31.612,2.81,-27.1425,2.6725,-29.3,0.48,3.5,-31.612,2.81,-27.1425,2.6725,-4.4695
Andersson,Stora Skarsjon,Sweden,European perch,SS_P_09,2017,7,19,2017-07-19,56.67,13.06,5.07,medium_doc,124,-28.4,6.93,3.3,-31.612,2.81,-27.1425,2.6725,-27.8,0.15,3.2,-31.612,2.81,-27.1425,2.6725,-4.4695
Andersson,Stora Skarsjon,Sweden,European perch,SS_L_05,2017,7,19,2017-07-19,56.67,13.06,5.07,medium_doc,125.8,-29.81,7.8,3.2,-31.612,2.81,-27.1425,2.6725,-29.4,0.51,3.5,-31.612,2.81,-27.1425,2.6725,-4.4695
Andersson,Stora Skarsjon,Sweden,European perch,SS_L_21,2017,7,19,2017-07-19,56.67,13.06,5.07,medium_doc,126.6,-30.26,8.16,3.17,-31.612,2.81,-27.1425,2.6725,-29.9,0.62,3.6,-31.612,2.81,-27.1425,2.6725,-4.4695
Andersson,Stora Skarsjon,Sweden,European perch,SS_L_16,2017,7,19,2017-07-19,56.67,13.06,5.07,medium_doc,129.2,-28.73,6.98,3.19,-31.612,2.81,-27.1425,2.6725,-28.3,0.26,3.3,-31.612,2.81,-27.1425,2.6725,-4.4695
Andersson,Stora Skarsjon,Sweden,European perch,SS_P_27,2017,7,19,2017-07-19,56.67,13.06,5.07,medium_doc,131.2,-28.53,7.73,3.13,-31.612,2.81,-27.1425,2.6725,-28.2,0.24,3.5,-31.612,2.81,-27.1425,2.6725,-4.4695
Andersson,Stora Skarsjon,Sweden,European perch,SS_P_25,2017,7,19,2017-07-19,56.67,13.06,5.07,medium_doc,131.9,-28.3,7.68,3.2,-31.612,2.81,-27.1425,2.6725,-27.9,0.17,3.5,-31.612,2.81,-27.1425,2.6725,-4.4695
Andersson,Stora Skarsjon,Sweden,European perch,SS_P_22,2017,7,19,2017-07-19,56.67,13.06,5.07,medium_doc,134.5,-28.78,7.76,3.16,-31.612,2.81,-27.1425,2.6725,-28.4,0.28,3.5,-31.612,2.81,-27.1425,2.6725,-4.4695
Andersson,Stora Skarsjon,Sweden,European perch,SS_P_23,2017,7,19,2017-07-19,56.67,13.06,5.07,medium_doc,136,-29.11,7.58,3.16,-31.612,2.81,-27.1425,2.6725,-28.8,0.37,3.4,-31.612,2.81,-27.1425,2.6725,-4.4695
Andersson,Stora Skarsjon,Sweden,European perch,SS_P_28,2017,7,19,2017-07-19,56.67,13.06,5.07,medium_doc,137,-28.78,7.55,3.19,-31.612,2.81,-27.1425,2.6725,-28.4,0.28,3.4,-31.612,2.81,-27.1425,2.6725,-4.4695
Andersson,Stora Skarsjon,Sweden,European perch,SS_P_20,2017,7,19,2017-07-19,56.67,13.06,5.07,medium_doc,137.8,-29.45,7.43,3.11,-31.612,2.81,-27.1425,2.6725,-29.2,0.46,3.4,-31.612,2.81,-27.1425,2.6725,-4.4695
Andersson,Stora Skarsjon,Sweden,European perch,SS_L_07,2017,7,19,2017-07-19,56.67,13.06,5.07,medium_doc,138,-29.89,8.23,3.18,-31.612,2.81,-27.1425,2.6725,-29.5,0.53,3.6,-31.612,2.81,-27.1425,2.6725,-4.4695
Andersson,Stora Skarsjon,Sweden,European perch,SS_P_10,2017,7,19,2017-07-19,56.67,13.06,5.07,medium_doc,138.5,-28.57,7.5,3.14,-31.612,2.81,-27.1425,2.6725,-28.3,0.26,3.4,-31.612,2.81,-27.1425,2.6725,-4.4695
Andersson,Stora Skarsjon,Sweden,European perch,SS_P_24,2017,7,19,2017-07-19,56.67,13.06,5.07,medium_doc,138.5,-29.96,7.32,3.22,-31.612,2.81,-27.1425,2.6725,-29.5,0.53,3.3,-31.612,2.81,-27.1425,2.6725,-4.4695
Andersson,Stora Skarsjon,Sweden,European perch,SS_P_02,2017,7,19,2017-07-19,56.67,13.06,5.07,medium_doc,139.5,-29.29,7.8,3.17,-31.612,2.81,-27.1425,2.6725,-28.9,0.39,3.5,-31.612,2.81,-27.1425,2.6725,-4.4695
Andersson,Stora Skarsjon,Sweden,European perch,SS_P_21,2017,7,19,2017-07-19,56.67,13.06,5.07,medium_doc,141.2,-29.02,7.46,3.13,-31.612,2.81,-27.1425,2.6725,-28.7,0.35,3.4,-31.612,2.81,-27.1425,2.6725,-4.4695
Andersson,Stora Skarsjon,Sweden,European perch,SS_L_20,2017,7,19,2017-07-19,56.67,13.06,5.07,medium_doc,141.9,-30.19,8.01,3.14,-31.612,2.81,-27.1425,2.6725,-29.9,0.62,3.5,-31.612,2.81,-27.1425,2.6725,-4.4695
Andersson,Stora Skarsjon,Sweden,European perch,SS_L_29,2017,7,19,2017-07-19,56.67,13.06,5.07,medium_doc,144.4,-29.83,7.57,3.24,-31.612,2.81,-27.1425,2.6725,-29.3,0.48,3.4,-31.612,2.81,-27.1425,2.6725,-4.4695
Andersson,Stora Skarsjon,Sweden,European perch,SS_L_12,2017,7,19,2017-07-19,56.67,13.06,5.07,medium_doc,144.9,-28.42,7.03,3.12,-31.612,2.81,-27.1425,2.6725,-28.2,0.24,3.3,-31.612,2.81,-27.1425,2.6725,-4.4695
Andersson,Stora Skarsjon,Sweden,European perch,SS_P_01,2017,7,19,2017-07-19,56.67,13.06,5.07,medium_doc,153.9,-28.97,7.79,3.12,-31.612,2.81,-27.1425,2.6725,-28.7,0.35,3.5,-31.612,2.81,-27.1425,2.6725,-4.4695
Andersson,Stora Skarsjon,Sweden,European perch,SS_P_11,2017,7,19,2017-07-19,56.67,13.06,5.07,medium_doc,184.7,-28.61,7.86,3.11,-31.612,2.81,-27.1425,2.6725,-28.4,0.28,3.5,-31.612,2.81,-27.1425,2.6725,-4.4695
Andersson,Stora Skarsjon,Sweden,European perch,SS_P_26,2017,7,19,2017-07-19,56.67,13.06,5.07,medium_doc,185.9,-29.36,6.75,3.16,-31.612,2.81,-27.1425,2.6725,-29,0.42,3.2,-31.612,2.81,-27.1425,2.6725,-4.4695
Andersson,Stora Skarsjon,Sweden,European perch,SS_L_10,2017,7,19,2017-07-19,56.67,13.06,5.07,medium_doc,215.6,-28.17,8.47,3.14,-31.612,2.81,-27.1425,2.6725,-27.9,0.17,3.7,-31.612,2.81,-27.1425,2.6725,-4.4695
Andersson,Stora Skarsjon,Sweden,European perch,SS_L_30,2017,7,19,2017-07-19,56.67,13.06,5.07,medium_doc,322.8,-28.09,9,3.12,-31.612,2.81,-27.1425,2.6725,-27.8,0.15,3.9,-31.612,2.81,-27.1425,2.6725,-4.4695
Andersson,Falaren,Sweden,European perch,Fa_L_209,2007,8,16,2007-08-16,60.34,17.78,34.3,high_doc,56,-31.6,7.2,3.37,-32.2,2.7,-27,1.1,-30.8,0.73,3.5,-32.2,2.7,-27,1.1,-5.2
Andersson,Falaren,Sweden,European perch,Fa_L_212,2007,8,16,2007-08-16,60.34,17.78,34.3,high_doc,58,-31.6,7.3,3.45,-32.2,2.7,-27,1.1,-30.7,0.71,3.5,-32.2,2.7,-27,1.1,-5.2
Andersson,Falaren,Sweden,European perch,Fa_L_211,2007,8,16,2007-08-16,60.34,17.78,34.3,high_doc,64,-31.6,7.4,3.43,-32.2,2.7,-27,1.1,-30.7,0.71,3.5,-32.2,2.7,-27,1.1,-5.2
Andersson,Falaren,Sweden,European perch,Fa_L_208,2007,8,16,2007-08-16,60.34,17.78,34.3,high_doc,65,-31.5,7.1,3.33,-32.2,2.7,-27,1.1,-30.8,0.73,3.4,-32.2,2.7,-27,1.1,-5.2
Andersson,Falaren,Sweden,European perch,Fa_P_150,2007,8,16,2007-08-16,60.34,17.78,34.3,high_doc,65,-31.6,7.4,3.48,-32.2,2.7,-27,1.1,-30.6,0.69,3.5,-32.2,2.7,-27,1.1,-5.2
Andersson,Falaren,Sweden,European perch,Fa_L_213,2007,8,16,2007-08-16,60.34,17.78,34.3,high_doc,67,-31.6,7.2,3.39,-32.2,2.7,-27,1.1,-30.8,0.73,3.5,-32.2,2.7,-27,1.1,-5.2
Andersson,Falaren,Sweden,European perch,Fa_P_98,2007,8,16,2007-08-16,60.34,17.78,34.3,high_doc,67,-31.5,7.6,3.51,-32.2,2.7,-27,1.1,-30.5,0.67,3.6,-32.2,2.7,-27,1.1,-5.2
Andersson,Falaren,Sweden,European perch,Fa_P_145,2007,8,16,2007-08-16,60.34,17.78,34.3,high_doc,67,-31.5,7.8,3.46,-32.2,2.7,-27,1.1,-30.5,0.67,3.7,-32.2,2.7,-27,1.1,-5.2
Andersson,Falaren,Sweden,European perch,Fa_P_144,2007,8,16,2007-08-16,60.34,17.78,34.3,high_doc,67,-31.5,7.8,3.48,-32.2,2.7,-27,1.1,-30.5,0.67,3.7,-32.2,2.7,-27,1.1,-5.2
Andersson,Falaren,Sweden,European perch,Fa_P_140,2007,8,16,2007-08-16,60.34,17.78,34.3,high_doc,68,-31.5,7.6,3.39,-32.2,2.7,-27,1.1,-30.7,0.71,3.6,-32.2,2.7,-27,1.1,-5.2
Andersson,Falaren,Sweden,European perch,Fa_L_206,2007,8,16,2007-08-16,60.34,17.78,34.3,high_doc,79,-31.5,7.5,3.35,-32.2,2.7,-27,1.1,-30.8,0.73,3.5,-32.2,2.7,-27,1.1,-5.2
Andersson,Falaren,Sweden,European perch,Fa_P_109,2007,8,16,2007-08-16,60.34,17.78,34.3,high_doc,79,-31.2,8.8,3.39,-32.2,2.7,-27,1.1,-30.4,0.65,4,-32.2,2.7,-27,1.1,-5.2
Andersson,Falaren,Sweden,European perch,Fa_L_205,2007,8,16,2007-08-16,60.34,17.78,34.3,high_doc,81,-31.1,7.4,3.31,-32.2,2.7,-27,1.1,-30.4,0.65,3.5,-32.2,2.7,-27,1.1,-5.2
Andersson,Falaren,Sweden,European perch,Fa_L_199,2007,8,16,2007-08-16,60.34,17.78,34.3,high_doc,81,-31.5,8.1,3.39,-32.2,2.7,-27,1.1,-30.7,0.71,3.7,-32.2,2.7,-27,1.1,-5.2
Andersson,Falaren,Sweden,European perch,Fa_L_198,2007,8,16,2007-08-16,60.34,17.78,34.3,high_doc,82,-31,6.8,3.34,-32.2,2.7,-27,1.1,-30.3,0.63,3.4,-32.2,2.7,-27,1.1,-5.2
Andersson,Falaren,Sweden,European perch,Fa_L_196,2007,8,16,2007-08-16,60.34,17.78,34.3,high_doc,82,-31.5,7.9,3.28,-32.2,2.7,-27,1.1,-30.9,0.75,3.6,-32.2,2.7,-27,1.1,-5.2
Andersson,Falaren,Sweden,European perch,Fa_L_203,2007,8,16,2007-08-16,60.34,17.78,34.3,high_doc,83,-31.5,8.1,3.38,-32.2,2.7,-27,1.1,-30.7,0.71,3.7,-32.2,2.7,-27,1.1,-5.2
Andersson,Falaren,Sweden,European perch,Fa_P_110,2007,8,16,2007-08-16,60.34,17.78,34.3,high_doc,83,-31.3,8.3,3.39,-32.2,2.7,-27,1.1,-30.5,0.67,3.8,-32.2,2.7,-27,1.1,-5.2
Andersson,Falaren,Sweden,European perch,Fa_L_202,2007,8,16,2007-08-16,60.34,17.78,34.3,high_doc,84,-31.3,7,3.27,-32.2,2.7,-27,1.1,-30.7,0.71,3.4,-32.2,2.7,-27,1.1,-5.2
Andersson,Falaren,Sweden,European perch,Fa_P_121,2007,8,16,2007-08-16,60.34,17.78,34.3,high_doc,84,-31.3,8,3.36,-32.2,2.7,-27,1.1,-30.5,0.67,3.7,-32.2,2.7,-27,1.1,-5.2
Andersson,Falaren,Sweden,European perch,Fa_P_157,2007,8,16,2007-08-16,60.34,17.78,34.3,high_doc,84,-31.4,8.2,3.45,-32.2,2.7,-27,1.1,-30.5,0.67,3.8,-32.2,2.7,-27,1.1,-5.2
Andersson,Falaren,Sweden,European perch,Fa_L_217,2007,8,16,2007-08-16,60.34,17.78,34.3,high_doc,85,-31.2,7.5,3.38,-32.2,2.7,-27,1.1,-30.4,0.65,3.6,-32.2,2.7,-27,1.1,-5.2
Andersson,Falaren,Sweden,European perch,Fa_L_200,2007,8,16,2007-08-16,60.34,17.78,34.3,high_doc,85,-31.4,7.5,3.25,-32.2,2.7,-27,1.1,-30.9,0.75,3.5,-32.2,2.7,-27,1.1,-5.2
Andersson,Falaren,Sweden,European perch,Fa_P_166,2007,8,16,2007-08-16,60.34,17.78,34.3,high_doc,85,-31.4,7.9,3.35,-32.2,2.7,-27,1.1,-30.7,0.71,3.7,-32.2,2.7,-27,1.1,-5.2
Andersson,Falaren,Sweden,European perch,Fa_P_126,2007,8,16,2007-08-16,60.34,17.78,34.3,high_doc,86,-31.4,7.5,3.37,-32.2,2.7,-27,1.1,-30.6,0.69,3.6,-32.2,2.7,-27,1.1,-5.2
Andersson,Falaren,Sweden,European perch,Fa_P_160,2007,8,16,2007-08-16,60.34,17.78,34.3,high_doc,88,-31.4,8.4,3.31,-32.2,2.7,-27,1.1,-30.7,0.71,3.8,-32.2,2.7,-27,1.1,-5.2
Andersson,Falaren,Sweden,European perch,Fa_P_155,2007,8,16,2007-08-16,60.34,17.78,34.3,high_doc,90,-31.4,8.1,3.33,-32.2,2.7,-27,1.1,-30.7,0.71,3.7,-32.2,2.7,-27,1.1,-5.2
Andersson,Falaren,Sweden,European perch,Fa_P_106,2007,8,16,2007-08-16,60.34,17.78,34.3,high_doc,90,-31.9,8.4,3.47,-32.2,2.7,-27,1.1,-30.9,0.75,3.8,-32.2,2.7,-27,1.1,-5.2
Andersson,Falaren,Sweden,European perch,Fa_P_164,2007,8,16,2007-08-16,60.34,17.78,34.3,high_doc,92,-31.3,8.2,3.34,-32.2,2.7,-27,1.1,-30.6,0.69,3.8,-32.2,2.7,-27,1.1,-5.2
Andersson,Falaren,Sweden,European perch,Fa_L_201,2007,8,16,2007-08-16,60.34,17.78,34.3,high_doc,93,-31.6,6.2,3.33,-32.2,2.7,-27,1.1,-30.9,0.75,3.1,-32.2,2.7,-27,1.1,-5.2
Andersson,Falaren,Sweden,European perch,Fa_P_96,2007,8,16,2007-08-16,60.34,17.78,34.3,high_doc,93,-31.2,8.3,3.37,-32.2,2.7,-27,1.1,-30.4,0.65,3.8,-32.2,2.7,-27,1.1,-5.2
Andersson,Falaren,Sweden,European perch,Fa_L_192,2007,8,16,2007-08-16,60.34,17.78,34.3,high_doc,100,-31.9,7.4,3.36,-32.2,2.7,-27,1.1,-31.1,0.79,3.5,-32.2,2.7,-27,1.1,-5.2
Andersson,Falaren,Sweden,European perch,Fa_P_111,2007,8,16,2007-08-16,60.34,17.78,34.3,high_doc,105,-32.4,9.9,3.35,-32.2,2.7,-27,1.1,-31.7,0.9,4.2,-32.2,2.7,-27,1.1,-5.2
Andersson,Falaren,Sweden,European perch,Fa_P_120,2007,8,16,2007-08-16,60.34,17.78,34.3,high_doc,107,-30.8,8.9,3.41,-32.2,2.7,-27,1.1,-29.9,0.56,4,-32.2,2.7,-27,1.1,-5.2
Andersson,Falaren,Sweden,European perch,Fa_P_113,2007,8,16,2007-08-16,60.34,17.78,34.3,high_doc,107,-32,9.4,3.36,-32.2,2.7,-27,1.1,-31.2,0.81,4.1,-32.2,2.7,-27,1.1,-5.2
Andersson,Falaren,Sweden,European perch,Fa_L_193,2007,8,16,2007-08-16,60.34,17.78,34.3,high_doc,108,-31.3,8.3,3.23,-32.2,2.7,-27,1.1,-30.8,0.73,3.8,-32.2,2.7,-27,1.1,-5.2
Andersson,Falaren,Sweden,European perch,Fa_P_112,2007,8,16,2007-08-16,60.34,17.78,34.3,high_doc,108,-31.8,9.9,3.36,-32.2,2.7,-27,1.1,-31,0.77,4.2,-32.2,2.7,-27,1.1,-5.2
Andersson,Falaren,Sweden,European perch,Fa_P_90,2007,8,16,2007-08-16,60.34,17.78,34.3,high_doc,109,-31.3,8.7,3.29,-32.2,2.7,-27,1.1,-30.7,0.71,3.9,-32.2,2.7,-27,1.1,-5.2
Andersson,Falaren,Sweden,European perch,Fa_L_191,2007,8,16,2007-08-16,60.34,17.78,34.3,high_doc,116,-31.9,9,3.24,-32.2,2.7,-27,1.1,-31.4,0.85,3.9,-32.2,2.7,-27,1.1,-5.2
Andersson,Falaren,Sweden,European perch,Fa_P_104,2007,8,16,2007-08-16,60.34,17.78,34.3,high_doc,121,-32.1,9.1,3.31,-32.2,2.7,-27,1.1,-31.4,0.85,4,-32.2,2.7,-27,1.1,-5.2
Andersson,Falaren,Sweden,European perch,Fa_P_102,2007,8,16,2007-08-16,60.34,17.78,34.3,high_doc,123,-32.2,9.9,3.27,-32.2,2.7,-27,1.1,-31.6,0.88,4.2,-32.2,2.7,-27,1.1,-5.2
Andersson,Falaren,Sweden,European perch,Fa_L_222,2007,8,16,2007-08-16,60.34,17.78,34.3,high_doc,130,-30.2,9.2,3.24,-32.2,2.7,-27,1.1,-29.7,0.52,4.1,-32.2,2.7,-27,1.1,-5.2
Andersson,Falaren,Sweden,European perch,Fa_P_81,2007,8,16,2007-08-16,60.34,17.78,34.3,high_doc,137,-30.2,10.5,3.27,-32.2,2.7,-27,1.1,-29.6,0.5,4.5,-32.2,2.7,-27,1.1,-5.2
Andersson,Falaren,Sweden,European perch,Fa_L_218,2007,8,16,2007-08-16,60.34,17.78,34.3,high_doc,143,-30,8.5,3.23,-32.2,2.7,-27,1.1,-29.5,0.48,4,-32.2,2.7,-27,1.1,-5.2
Andersson,Falaren,Sweden,European perch,Fa_L_221,2007,8,16,2007-08-16,60.34,17.78,34.3,high_doc,144,-31.9,10,3.26,-32.2,2.7,-27,1.1,-31.3,0.83,4.2,-32.2,2.7,-27,1.1,-5.2
Andersson,Falaren,Sweden,European perch,Fa_P_80,2007,8,16,2007-08-16,60.34,17.78,34.3,high_doc,144,-31.5,8.7,3.21,-32.2,2.7,-27,1.1,-31,0.77,3.9,-32.2,2.7,-27,1.1,-5.2
Andersson,Falaren,Sweden,European perch,Fa_P_73,2007,8,16,2007-08-16,60.34,17.78,34.3,high_doc,146,-29.3,9.9,3.22,-32.2,2.7,-27,1.1,-28.8,0.35,4.4,-32.2,2.7,-27,1.1,-5.2
Andersson,Falaren,Sweden,European perch,Fa_P_79,2007,8,16,2007-08-16,60.34,17.78,34.3,high_doc,148,-31.2,8.6,3.19,-32.2,2.7,-27,1.1,-30.8,0.73,3.9,-32.2,2.7,-27,1.1,-5.2
Andersson,Falaren,Sweden,European perch,Fa_P_67,2007,8,16,2007-08-16,60.34,17.78,34.3,high_doc,156,-30.4,9.4,3.23,-32.2,2.7,-27,1.1,-29.9,0.56,4.2,-32.2,2.7,-27,1.1,-5.2
Andersson,Falaren,Sweden,European perch,Fa_P_71,2007,8,16,2007-08-16,60.34,17.78,34.3,high_doc,159,-30.7,9.6,3.17,-32.2,2.7,-27,1.1,-30.3,0.63,4.2,-32.2,2.7,-27,1.1,-5.2
Andersson,Falaren,Sweden,European perch,Fa_P_78,2007,8,16,2007-08-16,60.34,17.78,34.3,high_doc,161,-31,8.7,3.15,-32.2,2.7,-27,1.1,-30.7,0.71,3.9,-32.2,2.7,-27,1.1,-5.2
Andersson,Falaren,Sweden,European perch,Fa_L_220,2007,8,16,2007-08-16,60.34,17.78,34.3,high_doc,168,-30.4,8.6,3.25,-32.2,2.7,-27,1.1,-29.9,0.56,3.9,-32.2,2.7,-27,1.1,-5.2
Andersson,Falaren,Sweden,European perch,Fa_L_219,2007,8,16,2007-08-16,60.34,17.78,34.3,high_doc,169,-31.6,9.1,3.2,-32.2,2.7,-27,1.1,-31.2,0.81,4,-32.2,2.7,-27,1.1,-5.2
Andersson,Falaren,Sweden,European perch,Fa_P_69,2007,8,16,2007-08-16,60.34,17.78,34.3,high_doc,176,-28.8,10.3,3.17,-32.2,2.7,-27,1.1,-28.4,0.27,4.6,-32.2,2.7,-27,1.1,-5.2
Andersson,Falaren,Sweden,European perch,Fa_P_66,2007,8,16,2007-08-16,60.34,17.78,34.3,high_doc,178,-29.6,9.7,3.11,-32.2,2.7,-27,1.1,-29.4,0.46,4.3,-32.2,2.7,-27,1.1,-5.2
Andersson,Falaren,Sweden,European perch,Fa_P_77,2007,8,16,2007-08-16,60.34,17.78,34.3,high_doc,183,-30.6,9.5,3.14,-32.2,2.7,-27,1.1,-30.3,0.63,4.2,-32.2,2.7,-27,1.1,-5.2
Andersson,Falaren,Sweden,European perch,Fa_P_84,2007,8,16,2007-08-16,60.34,17.78,34.3,high_doc,183,-31.6,8.4,3.17,-32.2,2.7,-27,1.1,-31.2,0.81,3.8,-32.2,2.7,-27,1.1,-5.2
Andersson,Falaren,Sweden,European perch,Fa_L_224,2007,8,16,2007-08-16,60.34,17.78,34.3,high_doc,185,-29.9,9.1,3.2,-32.2,2.7,-27,1.1,-29.5,0.48,4.1,-32.2,2.7,-27,1.1,-5.2
Andersson,Falaren,Sweden,European perch,Fa_P_229,2007,8,16,2007-08-16,60.34,17.78,34.3,high_doc,187,-30.1,9.2,3.26,-32.2,2.7,-27,1.1,-29.5,0.48,4.2,-32.2,2.7,-27,1.1,-5.2
Andersson,Falaren,Sweden,European perch,Fa_P_72,2007,8,16,2007-08-16,60.34,17.78,34.3,high_doc,196,-30.4,9.5,3.19,-32.2,2.7,-27,1.1,-30,0.58,4.2,-32.2,2.7,-27,1.1,-5.2
Andersson,Falaren,Sweden,European perch,Fa_P_230,2007,8,16,2007-08-16,60.34,17.78,34.3,high_doc,216,-30.4,8.9,3.16,-32.2,2.7,-27,1.1,-30,0.58,4,-32.2,2.7,-27,1.1,-5.2
Andersson,Fiolen,Sweden,European perch,Fi_P_30,2017,7,21,2017-07-21,57.09,14.53,6.21,medium_doc,51.1,-28.79,7.23,3.3,-30.5125,4.455,-26.705,3.4775,-28.1,0.37,3,-30.5125,4.455,-26.705,3.4775,-3.8075
Andersson,Fiolen,Sweden,European perch,Fi_P_29,2017,7,21,2017-07-21,57.09,14.53,6.21,medium_doc,87.9,-27.95,7.95,3.27,-30.5125,4.455,-26.705,3.4775,-27.4,0.18,3.3,-30.5125,4.455,-26.705,3.4775,-3.8075
Andersson,Fiolen,Sweden,European perch,Fi_P_14,2017,7,21,2017-07-21,57.09,14.53,6.21,medium_doc,88.2,-28.06,7.95,3.22,-30.5125,4.455,-26.705,3.4775,-27.6,0.24,3.2,-30.5125,4.455,-26.705,3.4775,-3.8075
Andersson,Fiolen,Sweden,European perch,Fi_P_12,2017,7,21,2017-07-21,57.09,14.53,6.21,medium_doc,89.1,-27.82,7.9,3.13,-30.5125,4.455,-26.705,3.4775,-27.5,0.21,3.2,-30.5125,4.455,-26.705,3.4775,-3.8075
Andersson,Fiolen,Sweden,European perch,Fi_P_10,2017,7,21,2017-07-21,57.09,14.53,6.21,medium_doc,89.7,-28.18,8.07,3.21,-30.5125,4.455,-26.705,3.4775,-27.7,0.26,3.3,-30.5125,4.455,-26.705,3.4775,-3.8075
Andersson,Fiolen,Sweden,European perch,Fi_L_13,2017,7,21,2017-07-21,57.09,14.53,6.21,medium_doc,90.8,-27.43,8.08,3.23,-30.5125,4.455,-26.705,3.4775,-26.9,0.05,3.3,-30.5125,4.455,-26.705,3.4775,-3.8075
Andersson,Fiolen,Sweden,European perch,Fi_P_11,2017,7,21,2017-07-21,57.09,14.53,6.21,medium_doc,92.8,-27.71,8.12,3.2,-30.5125,4.455,-26.705,3.4775,-27.3,0.16,3.3,-30.5125,4.455,-26.705,3.4775,-3.8075
Andersson,Fiolen,Sweden,European perch,Fi_L_18,2017,7,21,2017-07-21,57.09,14.53,6.21,medium_doc,93.4,-26.16,6.99,3.32,-30.5125,4.455,-26.705,3.4775,-25.5,0,3.1,-30.5125,4.455,-26.705,3.4775,-3.8075
Andersson,Fiolen,Sweden,European perch,Fi_P_04,2017,7,21,2017-07-21,57.09,14.53,6.21,medium_doc,93.7,-27.8,8.29,3.18,-30.5125,4.455,-26.705,3.4775,-27.4,0.18,3.4,-30.5125,4.455,-26.705,3.4775,-3.8075
Andersson,Fiolen,Sweden,European perch,Fi_P_13,2017,7,21,2017-07-21,57.09,14.53,6.21,medium_doc,94.4,-27.72,7.99,3.23,-30.5125,4.455,-26.705,3.4775,-27.2,0.13,3.3,-30.5125,4.455,-26.705,3.4775,-3.8075
Andersson,Fiolen,Sweden,European perch,Fi_L_15,2017,7,21,2017-07-21,57.09,14.53,6.21,medium_doc,95.5,-25.47,6.99,3.27,-30.5125,4.455,-26.705,3.4775,-24.9,0,3.2,-30.5125,4.455,-26.705,3.4775,-3.8075
Andersson,Fiolen,Sweden,European perch,Fi_P_28,2017,7,21,2017-07-21,57.09,14.53,6.21,medium_doc,97.9,-27.98,8.42,3.27,-30.5125,4.455,-26.705,3.4775,-27.4,0.18,3.4,-30.5125,4.455,-26.705,3.4775,-3.8075
Andersson,Fiolen,Sweden,European perch,Fi_P_25,2017,7,21,2017-07-21,57.09,14.53,6.21,medium_doc,98,-27.71,8.09,3.27,-30.5125,4.455,-26.705,3.4775,-27.1,0.1,3.3,-30.5125,4.455,-26.705,3.4775,-3.8075
Andersson,Fiolen,Sweden,European perch,Fi_L_19,2017,7,21,2017-07-21,57.09,14.53,6.21,medium_doc,98.3,-26.65,6.66,3.19,-30.5125,4.455,-26.705,3.4775,-26.2,0,3,-30.5125,4.455,-26.705,3.4775,-3.8075
Andersson,Fiolen,Sweden,European perch,Fi_P_06,2017,7,21,2017-07-21,57.09,14.53,6.21,medium_doc,99.8,-27.76,8.24,3.15,-30.5125,4.455,-26.705,3.4775,-27.4,0.18,3.3,-30.5125,4.455,-26.705,3.4775,-3.8075
Andersson,Fiolen,Sweden,European perch,Fi_L_17,2017,7,21,2017-07-21,57.09,14.53,6.21,medium_doc,101.3,-25.38,7.11,3.32,-30.5125,4.455,-26.705,3.4775,-24.7,0,3.2,-30.5125,4.455,-26.705,3.4775,-3.8075
Andersson,Fiolen,Sweden,European perch,Fi_P_24,2017,7,21,2017-07-21,57.09,14.53,6.21,medium_doc,101.7,-27.97,8.29,3.23,-30.5125,4.455,-26.705,3.4775,-27.5,0.21,3.4,-30.5125,4.455,-26.705,3.4775,-3.8075
Andersson,Fiolen,Sweden,European perch,Fi_P_08,2017,7,21,2017-07-21,57.09,14.53,6.21,medium_doc,102,-27.59,8.24,3.18,-30.5125,4.455,-26.705,3.4775,-27.2,0.13,3.4,-30.5125,4.455,-26.705,3.4775,-3.8075
Andersson,Fiolen,Sweden,European perch,Fi_P_09,2017,7,21,2017-07-21,57.09,14.53,6.21,medium_doc,102.2,-27.88,8.16,3.24,-30.5125,4.455,-26.705,3.4775,-27.4,0.18,3.3,-30.5125,4.455,-26.705,3.4775,-3.8075
Andersson,Fiolen,Sweden,European perch,Fi_L_14,2017,7,21,2017-07-21,57.09,14.53,6.21,medium_doc,102.6,-26,7.36,3.29,-30.5125,4.455,-26.705,3.4775,-25.4,0,3.2,-30.5125,4.455,-26.705,3.4775,-3.8075
Andersson,Fiolen,Sweden,European perch,Fi_P_07,2017,7,21,2017-07-21,57.09,14.53,6.21,medium_doc,104.7,-27.67,8.08,3.25,-30.5125,4.455,-26.705,3.4775,-27.1,0.1,3.3,-30.5125,4.455,-26.705,3.4775,-3.8075
Andersson,Fiolen,Sweden,European perch,Fi_P_05,2017,7,21,2017-07-21,57.09,14.53,6.21,medium_doc,105.6,-27.88,8.17,3.22,-30.5125,4.455,-26.705,3.4775,-27.4,0.18,3.3,-30.5125,4.455,-26.705,3.4775,-3.8075
Andersson,Fiolen,Sweden,European perch,Fi_P_22,2017,7,21,2017-07-21,57.09,14.53,6.21,medium_doc,105.8,-27.34,7.95,3.21,-30.5125,4.455,-26.705,3.4775,-26.9,0.05,3.3,-30.5125,4.455,-26.705,3.4775,-3.8075
Andersson,Fiolen,Sweden,European perch,Fi_P_23,2017,7,21,2017-07-21,57.09,14.53,6.21,medium_doc,106,-27.86,8.3,3.19,-30.5125,4.455,-26.705,3.4775,-27.4,0.18,3.4,-30.5125,4.455,-26.705,3.4775,-3.8075
Andersson,Fiolen,Sweden,European perch,Fi_P_26,2017,7,21,2017-07-21,57.09,14.53,6.21,medium_doc,109.4,-27.87,8.54,3.27,-30.5125,4.455,-26.705,3.4775,-27.3,0.16,3.4,-30.5125,4.455,-26.705,3.4775,-3.8075
Andersson,Fiolen,Sweden,European perch,Fi_P_27,2017,7,21,2017-07-21,57.09,14.53,6.21,medium_doc,110,-27.45,8.16,3.2,-30.5125,4.455,-26.705,3.4775,-27,0.08,3.4,-30.5125,4.455,-26.705,3.4775,-3.8075
Andersson,Fiolen,Sweden,European perch,Fi_P_18,2017,7,21,2017-07-21,57.09,14.53,6.21,medium_doc,126.1,-27.67,9.08,3.22,-30.5125,4.455,-26.705,3.4775,-27.2,0.13,3.6,-30.5125,4.455,-26.705,3.4775,-3.8075
Andersson,Fiolen,Sweden,European perch,Fi_L_25,2017,7,21,2017-07-21,57.09,14.53,6.21,medium_doc,127.6,-25.69,9.49,3.28,-30.5125,4.455,-26.705,3.4775,-25.1,0,3.9,-30.5125,4.455,-26.705,3.4775,-3.8075
Andersson,Fiolen,Sweden,European perch,Fi_P_16,2017,7,21,2017-07-21,57.09,14.53,6.21,medium_doc,127.7,-27.09,8.83,3.23,-30.5125,4.455,-26.705,3.4775,-26.6,0,3.6,-30.5125,4.455,-26.705,3.4775,-3.8075
Andersson,Fiolen,Sweden,European perch,Fi_L_23,2017,7,21,2017-07-21,57.09,14.53,6.21,medium_doc,133.8,-25.98,8.6,3.25,-30.5125,4.455,-26.705,3.4775,-25.4,0,3.6,-30.5125,4.455,-26.705,3.4775,-3.8075
Andersson,Fiolen,Sweden,European perch,Fi_P_17,2017,7,21,2017-07-21,57.09,14.53,6.21,medium_doc,134.4,-27.74,8.96,3.22,-30.5125,4.455,-26.705,3.4775,-27.3,0.16,3.6,-30.5125,4.455,-26.705,3.4775,-3.8075
Andersson,Fiolen,Sweden,European perch,Fi_P_19,2017,7,21,2017-07-21,57.09,14.53,6.21,medium_doc,134.6,-27.71,8.69,3.19,-30.5125,4.455,-26.705,3.4775,-27.3,0.16,3.5,-30.5125,4.455,-26.705,3.4775,-3.8075
Andersson,Fiolen,Sweden,European perch,Fi_L_26,2017,7,21,2017-07-21,57.09,14.53,6.21,medium_doc,135.5,-25.68,9.22,3.19,-30.5125,4.455,-26.705,3.4775,-25.3,0,3.8,-30.5125,4.455,-26.705,3.4775,-3.8075
Andersson,Fiolen,Sweden,European perch,Fi_L_24,2017,7,21,2017-07-21,57.09,14.53,6.21,medium_doc,137.2,-24.7,9.5,3.19,-30.5125,4.455,-26.705,3.4775,-24.3,0,4,-30.5125,4.455,-26.705,3.4775,-3.8075
Andersson,Fiolen,Sweden,European perch,Fi_L_20,2017,7,21,2017-07-21,57.09,14.53,6.21,medium_doc,137.5,-25.86,9.22,3.22,-30.5125,4.455,-26.705,3.4775,-25.4,0,3.8,-30.5125,4.455,-26.705,3.4775,-3.8075
Andersson,Fiolen,Sweden,European perch,Fi_L_27,2017,7,21,2017-07-21,57.09,14.53,6.21,medium_doc,140.2,-26.01,9.32,3.17,-30.5125,4.455,-26.705,3.4775,-25.6,0,3.8,-30.5125,4.455,-26.705,3.4775,-3.8075
Andersson,Fiolen,Sweden,European perch,Fi_P_15,2017,7,21,2017-07-21,57.09,14.53,6.21,medium_doc,141.3,-27.94,8.99,3.23,-30.5125,4.455,-26.705,3.4775,-27.4,0.18,3.6,-30.5125,4.455,-26.705,3.4775,-3.8075
Andersson,Fiolen,Sweden,European perch,Fi_P_21,2017,7,21,2017-07-21,57.09,14.53,6.21,medium_doc,143.3,-27.64,8.65,3.26,-30.5125,4.455,-26.705,3.4775,-27.1,0.1,3.5,-30.5125,4.455,-26.705,3.4775,-3.8075
Andersson,Fiolen,Sweden,European perch,Fi_L_21,2017,7,21,2017-07-21,57.09,14.53,6.21,medium_doc,144.9,-25.51,9.12,3.19,-30.5125,4.455,-26.705,3.4775,-25.1,0,3.8,-30.5125,4.455,-26.705,3.4775,-3.8075
Andersson,Fiolen,Sweden,European perch,Fi_P_20,2017,7,21,2017-07-21,57.09,14.53,6.21,medium_doc,148.3,-27.51,9.01,3.22,-30.5125,4.455,-26.705,3.4775,-27,0.08,3.6,-30.5125,4.455,-26.705,3.4775,-3.8075
Andersson,Fiolen,Sweden,European perch,Fi_L_11,2017,7,21,2017-07-21,57.09,14.53,6.21,medium_doc,149,-24.81,9.57,3.34,-30.5125,4.455,-26.705,3.4775,-24.1,0,4,-30.5125,4.455,-26.705,3.4775,-3.8075
Andersson,Fiolen,Sweden,European perch,Fi_P_03,2017,7,21,2017-07-21,57.09,14.53,6.21,medium_doc,150.6,-27.86,8.68,3.21,-30.5125,4.455,-26.705,3.4775,-27.4,0.18,3.5,-30.5125,4.455,-26.705,3.4775,-3.8075
Andersson,Fiolen,Sweden,European perch,Fi_P_02,2017,7,21,2017-07-21,57.09,14.53,6.21,medium_doc,157.6,-27.68,8.88,3.21,-30.5125,4.455,-26.705,3.4775,-27.2,0.13,3.6,-30.5125,4.455,-26.705,3.4775,-3.8075
Andersson,Fiolen,Sweden,European perch,Fi_L_22,2017,7,21,2017-07-21,57.09,14.53,6.21,medium_doc,158.1,-25.65,9.12,3.24,-30.5125,4.455,-26.705,3.4775,-25.1,0,3.8,-30.5125,4.455,-26.705,3.4775,-3.8075
Andersson,Fiolen,Sweden,European perch,Fi_L_07,2017,7,21,2017-07-21,57.09,14.53,6.21,medium_doc,158.7,-26.61,8.51,3.26,-30.5125,4.455,-26.705,3.4775,-26,0,3.5,-30.5125,4.455,-26.705,3.4775,-3.8075
Andersson,Fiolen,Sweden,European perch,Fi_L_16,2017,7,21,2017-07-21,57.09,14.53,6.21,medium_doc,159.5,-25.42,8.92,3.21,-30.5125,4.455,-26.705,3.4775,-25,0,3.7,-30.5125,4.455,-26.705,3.4775,-3.8075
Andersson,Fiolen,Sweden,European perch,Fi_L_12,2017,7,21,2017-07-21,57.09,14.53,6.21,medium_doc,160.9,-25.97,9.27,3.26,-30.5125,4.455,-26.705,3.4775,-25.4,0,3.8,-30.5125,4.455,-26.705,3.4775,-3.8075
Andersson,Fiolen,Sweden,European perch,Fi_L_06,2017,7,21,2017-07-21,57.09,14.53,6.21,medium_doc,166.8,-25.27,9.19,3.27,-30.5125,4.455,-26.705,3.4775,-24.7,0,3.8,-30.5125,4.455,-26.705,3.4775,-3.8075
Andersson,Fiolen,Sweden,European perch,Fi_P_01,2017,7,21,2017-07-21,57.09,14.53,6.21,medium_doc,179.1,-27.13,9.24,3.21,-30.5125,4.455,-26.705,3.4775,-26.7,0,3.7,-30.5125,4.455,-26.705,3.4775,-3.8075
Andersson,Fiolen,Sweden,European perch,Fi_L_10,2017,7,21,2017-07-21,57.09,14.53,6.21,medium_doc,187.4,-24.33,9.51,3.28,-30.5125,4.455,-26.705,3.4775,-23.7,0,4,-30.5125,4.455,-26.705,3.4775,-3.8075
Andersson,Fiolen,Sweden,European perch,Fi_L_09,2017,7,21,2017-07-21,57.09,14.53,6.21,medium_doc,200.7,-26.84,9.54,3.26,-30.5125,4.455,-26.705,3.4775,-26.3,0,3.8,-30.5125,4.455,-26.705,3.4775,-3.8075
Andersson,Fiolen,Sweden,European perch,Fi_L_02,2017,7,21,2017-07-21,57.09,14.53,6.21,medium_doc,208.8,-26.98,9.6,3.3,-30.5125,4.455,-26.705,3.4775,-26.3,0,3.8,-30.5125,4.455,-26.705,3.4775,-3.8075
Andersson,Fiolen,Sweden,European perch,Fi_L_29,2017,7,21,2017-07-21,57.09,14.53,6.21,medium_doc,240.9,-24.67,9.56,3.28,-30.5125,4.455,-26.705,3.4775,-24.1,0,4,-30.5125,4.455,-26.705,3.4775,-3.8075
Andersson,Fiolen,Sweden,European perch,Fi_L_28,2017,7,21,2017-07-21,57.09,14.53,6.21,medium_doc,244,-24.93,9.5,3.24,-30.5125,4.455,-26.705,3.4775,-24.4,0,3.9,-30.5125,4.455,-26.705,3.4775,-3.8075
Andersson,Fiolen,Sweden,European perch,Fi_L_04,2017,7,21,2017-07-21,57.09,14.53,6.21,medium_doc,260.5,-25.6,9.68,3.24,-30.5125,4.455,-26.705,3.4775,-25.1,0,3.9,-30.5125,4.455,-26.705,3.4775,-3.8075
Andersson,Fiolen,Sweden,European perch,Fi_L_05,2017,7,21,2017-07-21,57.09,14.53,6.21,medium_doc,274.5,-25.52,10.42,3.23,-30.5125,4.455,-26.705,3.4775,-25,0,4.2,-30.5125,4.455,-26.705,3.4775,-3.8075
Andersson,Fiolen,Sweden,European perch,Fi_L_01,2017,7,21,2017-07-21,57.09,14.53,6.21,medium_doc,278.4,-25.12,10.38,3.29,-30.5125,4.455,-26.705,3.4775,-24.5,0,4.2,-30.5125,4.455,-26.705,3.4775,-3.8075
Andersson,Fiolen,Sweden,European perch,Fi_L_08,2017,7,21,2017-07-21,57.09,14.53,6.21,medium_doc,305.1,-26.41,9.56,3.29,-30.5125,4.455,-26.705,3.4775,-25.8,0,3.9,-30.5125,4.455,-26.705,3.4775,-3.8075
Andersson,Fiolen,Sweden,European perch,Fi_L_03,2017,7,21,2017-07-21,57.09,14.53,6.21,medium_doc,316.9,-24.64,10.73,3.23,-30.5125,4.455,-26.705,3.4775,-24.1,0,4.3,-30.5125,4.455,-26.705,3.4775,-3.8075
Andersson,Fiolen,Sweden,European perch,Fi_L_30,2017,7,21,2017-07-21,57.09,14.53,6.21,medium_doc,328,-24.04,11.21,3.1,-30.5125,4.455,-26.705,3.4775,-23.8,0,4.5,-30.5125,4.455,-26.705,3.4775,-3.8075
Andersson,Ljustjarn,Sweden,European perch,Lj_L_31,2007,8,9,2007-08-09,59.92,15.45,3.6,low_doc,52,-29.7,7.3,3.461,-34.7,5.3,-26.6,2.3,-28.7,0.26,3.2,-34.7,5.3,-26.6,2.3,-8.1
Andersson,Ljustjarn,Sweden,European perch,Lj_P_235,2007,8,9,2007-08-09,59.92,15.45,3.6,low_doc,60,-29.4,7.2,3.378,-34.7,5.3,-26.6,2.3,-28.6,0.25,3.2,-34.7,5.3,-26.6,2.3,-8.1
Andersson,Ljustjarn,Sweden,European perch,Lj_L_57,2007,8,9,2007-08-09,59.92,15.45,3.6,low_doc,86,-27.5,6.9,3.277,-34.7,5.3,-26.6,2.3,-26.9,0.04,3.3,-34.7,5.3,-26.6,2.3,-8.1
Andersson,Ljustjarn,Sweden,European perch,Lj_L_28,2007,8,9,2007-08-09,59.92,15.45,3.6,low_doc,89,-29.5,7.1,3.39,-34.7,5.3,-26.6,2.3,-28.7,0.26,3.2,-34.7,5.3,-26.6,2.3,-8.1
Andersson,Ljustjarn,Sweden,European perch,Lj_L_58,2007,8,9,2007-08-09,59.92,15.45,3.6,low_doc,97,-28.2,7.1,3.273,-34.7,5.3,-26.6,2.3,-27.6,0.12,3.3,-34.7,5.3,-26.6,2.3,-8.1
Andersson,Ljustjarn,Sweden,European perch,Lj_L_29,2007,8,9,2007-08-09,59.92,15.45,3.6,low_doc,102,-31.5,7.2,3.331,-34.7,5.3,-26.6,2.3,-30.8,0.52,3,-34.7,5.3,-26.6,2.3,-8.1
Andersson,Ljustjarn,Sweden,European perch,Lj_L_23,2007,8,9,2007-08-09,59.92,15.45,3.6,low_doc,109,-29,7.7,3.325,-34.7,5.3,-26.6,2.3,-28.3,0.21,3.4,-34.7,5.3,-26.6,2.3,-8.1
Andersson,Ljustjarn,Sweden,European perch,Lj_P_241,2007,8,9,2007-08-09,59.92,15.45,3.6,low_doc,112,-29.5,8,3.224,-34.7,5.3,-26.6,2.3,-29,0.3,3.4,-34.7,5.3,-26.6,2.3,-8.1
Andersson,Ljustjarn,Sweden,European perch,Lj_L_59,2007,8,9,2007-08-09,59.92,15.45,3.6,low_doc,114,-27.5,7.6,3.303,-34.7,5.3,-26.6,2.3,-26.8,0.02,3.5,-34.7,5.3,-26.6,2.3,-8.1
Andersson,Ljustjarn,Sweden,European perch,Lj_P_236,2007,8,9,2007-08-09,59.92,15.45,3.6,low_doc,114,-29.7,8.1,3.323,-34.7,5.3,-26.6,2.3,-29,0.3,3.4,-34.7,5.3,-26.6,2.3,-8.1
Andersson,Ljustjarn,Sweden,European perch,Lj_P_237,2007,8,9,2007-08-09,59.92,15.45,3.6,low_doc,123,-29.6,7.9,3.264,-34.7,5.3,-26.6,2.3,-29,0.3,3.4,-34.7,5.3,-26.6,2.3,-8.1
Andersson,Ljustjarn,Sweden,European perch,Lj_L_22,2007,8,9,2007-08-09,59.92,15.45,3.6,low_doc,128,-29.5,7.4,3.276,-34.7,5.3,-26.6,2.3,-28.9,0.28,3.3,-34.7,5.3,-26.6,2.3,-8.1
Andersson,Ljustjarn,Sweden,European perch,Lj_L_60,2007,8,9,2007-08-09,59.92,15.45,3.6,low_doc,129,-26.9,7.8,3.219,-34.7,5.3,-26.6,2.3,-26.4,0,3.6,-34.7,5.3,-26.6,2.3,-8.1
Andersson,Ljustjarn,Sweden,European perch,Lj_L_24,2007,8,9,2007-08-09,59.92,15.45,3.6,low_doc,131,-30.9,8.1,3.356,-34.7,5.3,-26.6,2.3,-30.1,0.43,3.3,-34.7,5.3,-26.6,2.3,-8.1
Andersson,Ljustjarn,Sweden,European perch,Lj_P_56,2007,8,9,2007-08-09,59.92,15.45,3.6,low_doc,131,-29.8,8.7,3.255,-34.7,5.3,-26.6,2.3,-29.2,0.32,3.6,-34.7,5.3,-26.6,2.3,-8.1
Andersson,Ljustjarn,Sweden,European perch,Lj_P_240,2007,8,9,2007-08-09,59.92,15.45,3.6,low_doc,133,-31.3,7.7,3.191,-34.7,5.3,-26.6,2.3,-30.9,0.53,3.1,-34.7,5.3,-26.6,2.3,-8.1
Andersson,Ljustjarn,Sweden,European perch,Lj_P_238,2007,8,9,2007-08-09,59.92,15.45,3.6,low_doc,135,-29.7,8.2,3.224,-34.7,5.3,-26.6,2.3,-29.2,0.32,3.5,-34.7,5.3,-26.6,2.3,-8.1
Andersson,Ljustjarn,Sweden,European perch,Lj_L_27,2007,8,9,2007-08-09,59.92,15.45,3.6,low_doc,136,-29,7.4,3.282,-34.7,5.3,-26.6,2.3,-28.4,0.22,3.3,-34.7,5.3,-26.6,2.3,-8.1
Andersson,Ljustjarn,Sweden,European perch,Lj_L_61,2007,8,9,2007-08-09,59.92,15.45,3.6,low_doc,137,-26.6,8.1,3.245,-34.7,5.3,-26.6,2.3,-26.1,0,3.8,-34.7,5.3,-26.6,2.3,-8.1
Andersson,Ljustjarn,Sweden,European perch,Lj_P_243,2007,8,9,2007-08-09,59.92,15.45,3.6,low_doc,139,-29.7,8.4,3.22,-34.7,5.3,-26.6,2.3,-29.2,0.32,3.5,-34.7,5.3,-26.6,2.3,-8.1
Andersson,Ljustjarn,Sweden,European perch,Lj_L_25,2007,8,9,2007-08-09,59.92,15.45,3.6,low_doc,140,-31.9,8.1,3.382,-34.7,5.3,-26.6,2.3,-31.1,0.56,3.2,-34.7,5.3,-26.6,2.3,-8.1
Andersson,Ljustjarn,Sweden,European perch,Lj_P_239,2007,8,9,2007-08-09,59.92,15.45,3.6,low_doc,140,-29.7,8.2,3.255,-34.7,5.3,-26.6,2.3,-29.1,0.31,3.5,-34.7,5.3,-26.6,2.3,-8.1
Andersson,Ljustjarn,Sweden,European perch,Lj_P_242,2007,8,9,2007-08-09,59.92,15.45,3.6,low_doc,154,-29.9,8.4,3.244,-34.7,5.3,-26.6,2.3,-29.4,0.35,3.5,-34.7,5.3,-26.6,2.3,-8.1
Andersson,Ljustjarn,Sweden,European perch,Lj_P_54,2007,8,9,2007-08-09,59.92,15.45,3.6,low_doc,158,-28.8,8.3,3.311,-34.7,5.3,-26.6,2.3,-28.1,0.19,3.6,-34.7,5.3,-26.6,2.3,-8.1
Andersson,Ljustjarn,Sweden,European perch,Lj_L_19,2007,8,9,2007-08-09,59.92,15.45,3.6,low_doc,159,-28.7,7.3,3.287,-34.7,5.3,-26.6,2.3,-28.1,0.19,3.3,-34.7,5.3,-26.6,2.3,-8.1
Andersson,Ljustjarn,Sweden,European perch,Lj_L_62,2007,8,9,2007-08-09,59.92,15.45,3.6,low_doc,160,-26.7,8.2,3.239,-34.7,5.3,-26.6,2.3,-26.2,0,3.8,-34.7,5.3,-26.6,2.3,-8.1
Andersson,Ljustjarn,Sweden,European perch,Lj_P_53,2007,8,9,2007-08-09,59.92,15.45,3.6,low_doc,164,-30,8.3,3.251,-34.7,5.3,-26.6,2.3,-29.5,0.36,3.4,-34.7,5.3,-26.6,2.3,-8.1
Andersson,Ljustjarn,Sweden,European perch,Lj_P_55,2007,8,9,2007-08-09,59.92,15.45,3.6,low_doc,167,-30,8.2,3.34,-34.7,5.3,-26.6,2.3,-29.3,0.33,3.4,-34.7,5.3,-26.6,2.3,-8.1
Andersson,Ljustjarn,Sweden,European perch,Lj_P_52,2007,8,9,2007-08-09,59.92,15.45,3.6,low_doc,173,-30.8,8.4,3.241,-34.7,5.3,-26.6,2.3,-30.3,0.46,3.4,-34.7,5.3,-26.6,2.3,-8.1
Andersson,Ljustjarn,Sweden,European perch,Lj_P_49,2007,8,9,2007-08-09,59.92,15.45,3.6,low_doc,174,-30.1,8.3,3.365,-34.7,5.3,-26.6,2.3,-29.3,0.33,3.5,-34.7,5.3,-26.6,2.3,-8.1
Andersson,Ljustjarn,Sweden,European perch,Lj_P_46,2007,8,9,2007-08-09,59.92,15.45,3.6,low_doc,176,-30.2,8.8,3.187,-34.7,5.3,-26.6,2.3,-29.8,0.4,3.6,-34.7,5.3,-26.6,2.3,-8.1
Andersson,Ljustjarn,Sweden,European perch,Lj_P_48,2007,8,9,2007-08-09,59.92,15.45,3.6,low_doc,183,-30.9,8.5,3.214,-34.7,5.3,-26.6,2.3,-30.4,0.47,3.4,-34.7,5.3,-26.6,2.3,-8.1
Andersson,Ljustjarn,Sweden,European perch,Lj_P_51,2007,8,9,2007-08-09,59.92,15.45,3.6,low_doc,185,-29.8,8.1,3.363,-34.7,5.3,-26.6,2.3,-29,0.3,3.4,-34.7,5.3,-26.6,2.3,-8.1
Andersson,Ljustjarn,Sweden,European perch,Lj_P_47,2007,8,9,2007-08-09,59.92,15.45,3.6,low_doc,187,-30.4,7.7,3.333,-34.7,5.3,-26.6,2.3,-29.7,0.38,3.3,-34.7,5.3,-26.6,2.3,-8.1
Andersson,Ljustjarn,Sweden,European perch,Lj_L_63,2007,8,9,2007-08-09,59.92,15.45,3.6,low_doc,193,-26.9,8.6,3.13,-34.7,5.3,-26.6,2.3,-26.6,0,3.9,-34.7,5.3,-26.6,2.3,-8.1
Andersson,Ljustjarn,Sweden,European perch,Lj_P_50,2007,8,9,2007-08-09,59.92,15.45,3.6,low_doc,193,-30.5,8.3,3.26,-34.7,5.3,-26.6,2.3,-29.9,0.41,3.4,-34.7,5.3,-26.6,2.3,-8.1
Andersson,Tryssjon,Sweden,European perch,Ty_L_08,2018,8,3,2018-08-03,60.44,15.09,11.19,high_doc,97.5,-29.83,5.01,3.28,-35.232,2.63,-26.2,1.965,-29.2,0.33,2.8,-35.232,2.63,-26.2,1.965,-9.032
Andersson,Tryssjon,Sweden,European perch,Ty_L_14,2018,8,3,2018-08-03,60.44,15.09,11.19,high_doc,98,-29.73,5.53,3.22,-35.232,2.63,-26.2,1.965,-29.2,0.33,3,-35.232,2.63,-26.2,1.965,-9.032
Andersson,Tryssjon,Sweden,European perch,Ty_L_09,2018,8,3,2018-08-03,60.44,15.09,11.19,high_doc,105.2,-29.76,5.14,3.24,-35.232,2.63,-26.2,1.965,-29.2,0.33,2.9,-35.232,2.63,-26.2,1.965,-9.032
Andersson,Tryssjon,Sweden,European perch,Ty_L_07,2018,8,3,2018-08-03,60.44,15.09,11.19,high_doc,110.5,-29.89,5.23,3.25,-35.232,2.63,-26.2,1.965,-29.3,0.34,2.9,-35.232,2.63,-26.2,1.965,-9.032
Andersson,Tryssjon,Sweden,European perch,Ty_L_23,2018,8,3,2018-08-03,60.44,15.09,11.19,high_doc,125,-29.21,7.25,3.25,-35.232,2.63,-26.2,1.965,-28.7,0.28,3.5,-35.232,2.63,-26.2,1.965,-9.032
Andersson,Tryssjon,Sweden,European perch,Ty_L_37,2018,8,3,2018-08-03,60.44,15.09,11.19,high_doc,125.8,-30.11,5.76,3.23,-35.232,2.63,-26.2,1.965,-29.6,0.38,3,-35.232,2.63,-26.2,1.965,-9.032
Andersson,Tryssjon,Sweden,European perch,Ty_L_04,2018,8,3,2018-08-03,60.44,15.09,11.19,high_doc,129.8,-30.16,5.23,3.22,-35.232,2.63,-26.2,1.965,-29.7,0.39,2.9,-35.232,2.63,-26.2,1.965,-9.032
Andersson,Tryssjon,Sweden,European perch,Ty_L_13,2018,8,3,2018-08-03,60.44,15.09,11.19,high_doc,131.7,-29.49,5.46,3.26,-35.232,2.63,-26.2,1.965,-28.9,0.3,3,-35.232,2.63,-26.2,1.965,-9.032
Andersson,Tryssjon,Sweden,European perch,Ty_P_10,2018,8,3,2018-08-03,60.44,15.09,11.19,high_doc,140.4,-29.91,5.27,3.22,-35.232,2.63,-26.2,1.965,-29.4,0.35,2.9,-35.232,2.63,-26.2,1.965,-9.032
Andersson,Tryssjon,Sweden,European perch,Ty_L_03,2018,8,3,2018-08-03,60.44,15.09,11.19,high_doc,142.9,-30.3,4.92,3.2,-35.232,2.63,-26.2,1.965,-29.9,0.41,2.8,-35.232,2.63,-26.2,1.965,-9.032
Andersson,Tryssjon,Sweden,European perch,Ty_L_02,2018,8,3,2018-08-03,60.44,15.09,11.19,high_doc,143,-29.91,5.39,3.22,-35.232,2.63,-26.2,1.965,-29.4,0.35,2.9,-35.232,2.63,-26.2,1.965,-9.032
Andersson,Tryssjon,Sweden,European perch,Ty_L_26,2018,8,3,2018-08-03,60.44,15.09,11.19,high_doc,163.3,-29.16,7.34,3.24,-35.232,2.63,-26.2,1.965,-28.6,0.27,3.5,-35.232,2.63,-26.2,1.965,-9.032
Andersson,Tryssjon,Sweden,European perch,Ty_L_28,2018,8,3,2018-08-03,60.44,15.09,11.19,high_doc,165.9,-29.3,6.84,3.2,-35.232,2.63,-26.2,1.965,-28.9,0.3,3.4,-35.232,2.63,-26.2,1.965,-9.032
Andersson,Tryssjon,Sweden,European perch,Ty_L_17,2018,8,3,2018-08-03,60.44,15.09,11.19,high_doc,168.5,-28.72,5.57,3.2,-35.232,2.63,-26.2,1.965,-28.3,0.23,3,-35.232,2.63,-26.2,1.965,-9.032
Andersson,Tryssjon,Sweden,European perch,Ty_L_01,2018,8,3,2018-08-03,60.44,15.09,11.19,high_doc,169.6,-29.45,6.59,3.24,-35.232,2.63,-26.2,1.965,-28.9,0.3,3.3,-35.232,2.63,-26.2,1.965,-9.032
Andersson,Tryssjon,Sweden,European perch,Ty_L_24,2018,8,3,2018-08-03,60.44,15.09,11.19,high_doc,170.6,-29.37,6.06,3.19,-35.232,2.63,-26.2,1.965,-28.9,0.3,3.1,-35.232,2.63,-26.2,1.965,-9.032
Andersson,Tryssjon,Sweden,European perch,Ty_L_27,2018,8,3,2018-08-03,60.44,15.09,11.19,high_doc,171.2,-29.12,6.61,3.25,-35.232,2.63,-26.2,1.965,-28.6,0.27,3.3,-35.232,2.63,-26.2,1.965,-9.032
Andersson,Tryssjon,Sweden,European perch,Ty_P_02,2018,8,3,2018-08-03,60.44,15.09,11.19,high_doc,173.3,-29.29,6.89,3.23,-35.232,2.63,-26.2,1.965,-28.8,0.29,3.4,-35.232,2.63,-26.2,1.965,-9.032
Andersson,Tryssjon,Sweden,European perch,Ty_L_15,2018,8,3,2018-08-03,60.44,15.09,11.19,high_doc,175.5,-28.72,6.48,3.22,-35.232,2.63,-26.2,1.965,-28.2,0.22,3.3,-35.232,2.63,-26.2,1.965,-9.032
Andersson,Tryssjon,Sweden,European perch,Ty_L_19,2018,8,3,2018-08-03,60.44,15.09,11.19,high_doc,178.5,-29.45,6.57,3.25,-35.232,2.63,-26.2,1.965,-28.9,0.3,3.3,-35.232,2.63,-26.2,1.965,-9.032
Andersson,Tryssjon,Sweden,European perch,Ty_L_29,2018,8,3,2018-08-03,60.44,15.09,11.19,high_doc,179.1,-29.19,6.98,3.26,-35.232,2.63,-26.2,1.965,-28.6,0.27,3.4,-35.232,2.63,-26.2,1.965,-9.032
Andersson,Tryssjon,Sweden,European perch,Ty_L_16,2018,8,3,2018-08-03,60.44,15.09,11.19,high_doc,179.6,-28.88,6.12,3.21,-35.232,2.63,-26.2,1.965,-28.4,0.24,3.2,-35.232,2.63,-26.2,1.965,-9.032
Andersson,Tryssjon,Sweden,European perch,Ty_P_03,2018,8,3,2018-08-03,60.44,15.09,11.19,high_doc,184.9,-28.96,8.1,3.19,-35.232,2.63,-26.2,1.965,-28.5,0.25,3.8,-35.232,2.63,-26.2,1.965,-9.032
Andersson,Tryssjon,Sweden,European perch,Ty_P_05,2018,8,3,2018-08-03,60.44,15.09,11.19,high_doc,185.7,-29.12,8.03,3.23,-35.232,2.63,-26.2,1.965,-28.6,0.27,3.7,-35.232,2.63,-26.2,1.965,-9.032
Andersson,Tryssjon,Sweden,European perch,Ty_L_10,2018,8,3,2018-08-03,60.44,15.09,11.19,high_doc,187.1,-28.91,6.52,3.24,-35.232,2.63,-26.2,1.965,-28.4,0.24,3.3,-35.232,2.63,-26.2,1.965,-9.032
Andersson,Tryssjon,Sweden,European perch,Ty_L_11,2018,8,3,2018-08-03,60.44,15.09,11.19,high_doc,187.6,-28.81,7.56,3.2,-35.232,2.63,-26.2,1.965,-28.4,0.24,3.6,-35.232,2.63,-26.2,1.965,-9.032
Andersson,Tryssjon,Sweden,European perch,Ty_L_05,2018,8,3,2018-08-03,60.44,15.09,11.19,high_doc,189.1,-29.33,7.54,3.2,-35.232,2.63,-26.2,1.965,-28.9,0.3,3.6,-35.232,2.63,-26.2,1.965,-9.032
Andersson,Tryssjon,Sweden,European perch,Ty_P_06,2018,8,3,2018-08-03,60.44,15.09,11.19,high_doc,191.7,-29.2,7.85,3.2,-35.232,2.63,-26.2,1.965,-28.8,0.29,3.7,-35.232,2.63,-26.2,1.965,-9.032
Andersson,Tryssjon,Sweden,European perch,Ty_L_06,2018,8,3,2018-08-03,60.44,15.09,11.19,high_doc,192,-29.19,7.16,3.19,-35.232,2.63,-26.2,1.965,-28.8,0.29,3.5,-35.232,2.63,-26.2,1.965,-9.032
Andersson,Tryssjon,Sweden,European perch,Ty_L_12,2018,8,3,2018-08-03,60.44,15.09,11.19,high_doc,192.6,-28.89,6.42,3.18,-35.232,2.63,-26.2,1.965,-28.5,0.25,3.3,-35.232,2.63,-26.2,1.965,-9.032
Andersson,Tryssjon,Sweden,European perch,Ty_P_07,2018,8,3,2018-08-03,60.44,15.09,11.19,high_doc,193.3,-28.73,7.8,3.23,-35.232,2.63,-26.2,1.965,-28.2,0.22,3.7,-35.232,2.63,-26.2,1.965,-9.032
Andersson,Tryssjon,Sweden,European perch,Ty_P_04,2018,8,3,2018-08-03,60.44,15.09,11.19,high_doc,193.9,-29.01,7.59,3.22,-35.232,2.63,-26.2,1.965,-28.5,0.25,3.6,-35.232,2.63,-26.2,1.965,-9.032
Andersson,Tryssjon,Sweden,European perch,Ty_P_08,2018,8,3,2018-08-03,60.44,15.09,11.19,high_doc,196.2,-29.23,7.33,3.2,-35.232,2.63,-26.2,1.965,-28.8,0.29,3.5,-35.232,2.63,-26.2,1.965,-9.032
Andersson,Tryssjon,Sweden,European perch,Ty_L_33,2018,8,3,2018-08-03,60.44,15.09,11.19,high_doc,203.7,-28.95,8.23,3.19,-35.232,2.63,-26.2,1.965,-28.5,0.25,3.8,-35.232,2.63,-26.2,1.965,-9.032
Andersson,Tryssjon,Sweden,European perch,Ty_P_01,2018,8,3,2018-08-03,60.44,15.09,11.19,high_doc,203.8,-29.19,7.67,3.21,-35.232,2.63,-26.2,1.965,-28.7,0.28,3.6,-35.232,2.63,-26.2,1.965,-9.032
Andersson,Tryssjon,Sweden,European perch,Ty_L_18,2018,8,3,2018-08-03,60.44,15.09,11.19,high_doc,206.5,-28.86,7.4,3.18,-35.232,2.63,-26.2,1.965,-28.5,0.25,3.5,-35.232,2.63,-26.2,1.965,-9.032
Andersson,Tryssjon,Sweden,European perch,Ty_P_09,2018,8,3,2018-08-03,60.44,15.09,11.19,high_doc,206.9,-28.85,8.15,3.18,-35.232,2.63,-26.2,1.965,-28.4,0.24,3.8,-35.232,2.63,-26.2,1.965,-9.032
Andersson,Tryssjon,Sweden,European perch,Ty_P_11,2018,8,3,2018-08-03,60.44,15.09,11.19,high_doc,209.6,-28.87,8.06,3.2,-35.232,2.63,-26.2,1.965,-28.4,0.24,3.7,-35.232,2.63,-26.2,1.965,-9.032
Andersson,Tryssjon,Sweden,European perch,Ty_L_22,2018,8,3,2018-08-03,60.44,15.09,11.19,high_doc,212.4,-29.07,8.08,3.19,-35.232,2.63,-26.2,1.965,-28.6,0.27,3.7,-35.232,2.63,-26.2,1.965,-9.032
Andersson,Tryssjon,Sweden,European perch,Ty_L_20,2018,8,3,2018-08-03,60.44,15.09,11.19,high_doc,319,-27.91,8.31,3.18,-35.232,2.63,-26.2,1.965,-27.5,0.14,3.8,-35.232,2.63,-26.2,1.965,-9.032
Andersson,Tryssjon,Sweden,European perch,Ty_L_21,2018,8,3,2018-08-03,60.44,15.09,11.19,high_doc,358.5,-27.48,8.82,3.21,-35.232,2.63,-26.2,1.965,-27,0.09,4,-35.232,2.63,-26.2,1.965,-9.032
Andersson,Langsjon,Sweden,European perch,1204,2007,8,7,2007-08-07,60.04,17.57,6.19,medium_doc,44,-29.56,16.53,3.46,-31.6,13.3,-25.7,9.5,-28.6,0.49,3.5,-31.6,13.3,-25.7,9.5,-5.9
Andersson,Langsjon,Sweden,European perch,1453,2007,8,7,2007-08-07,60.04,17.57,6.19,medium_doc,52,-30.03,16.14,3.35,-31.6,13.3,-25.7,9.5,-29.3,0.61,3.3,-31.6,13.3,-25.7,9.5,-5.9
Andersson,Langsjon,Sweden,European perch,1208,2007,8,7,2007-08-07,60.04,17.57,6.19,medium_doc,53,-30,16.64,3.36,-31.6,13.3,-25.7,9.5,-29.2,0.59,3.4,-31.6,13.3,-25.7,9.5,-5.9
Andersson,Langsjon,Sweden,European perch,1207,2007,8,7,2007-08-07,60.04,17.57,6.19,medium_doc,55,-30.11,16.65,3.38,-31.6,13.3,-25.7,9.5,-29.3,0.61,3.4,-31.6,13.3,-25.7,9.5,-5.9
Andersson,Langsjon,Sweden,European perch,1448,2007,8,7,2007-08-07,60.04,17.57,6.19,medium_doc,56,-30.38,16.72,3.38,-31.6,13.3,-25.7,9.5,-29.6,0.66,3.4,-31.6,13.3,-25.7,9.5,-5.9
Andersson,Langsjon,Sweden,European perch,1452,2007,8,7,2007-08-07,60.04,17.57,6.19,medium_doc,61,-29.86,16.67,3.39,-31.6,13.3,-25.7,9.5,-29,0.56,3.5,-31.6,13.3,-25.7,9.5,-5.9
Andersson,Langsjon,Sweden,European perch,1001,2007,8,7,2007-08-07,60.04,17.57,6.19,medium_doc,64,-30.01,15.13,3.42,-31.6,13.3,-25.7,9.5,-29.1,0.58,3,-31.6,13.3,-25.7,9.5,-5.9
Andersson,Langsjon,Sweden,European perch,1209,2007,8,7,2007-08-07,60.04,17.57,6.19,medium_doc,66,-30.08,15.96,3.38,-31.6,13.3,-25.7,9.5,-29.3,0.61,3.2,-31.6,13.3,-25.7,9.5,-5.9
Andersson,Langsjon,Sweden,European perch,1445,2007,8,7,2007-08-07,60.04,17.57,6.19,medium_doc,68,-30.12,16.65,3.33,-31.6,13.3,-25.7,9.5,-29.4,0.63,3.4,-31.6,13.3,-25.7,9.5,-5.9
Andersson,Langsjon,Sweden,European perch,1450,2007,8,7,2007-08-07,60.04,17.57,6.19,medium_doc,73,-29.93,16.12,3.35,-31.6,13.3,-25.7,9.5,-29.2,0.59,3.3,-31.6,13.3,-25.7,9.5,-5.9
Andersson,Langsjon,Sweden,European perch,1219,2007,8,7,2007-08-07,60.04,17.57,6.19,medium_doc,83,-29.62,15.22,3.32,-31.6,13.3,-25.7,9.5,-28.9,0.54,3.1,-31.6,13.3,-25.7,9.5,-5.9
Andersson,Langsjon,Sweden,European perch,1220,2007,8,7,2007-08-07,60.04,17.57,6.19,medium_doc,88,-29.02,15.19,3.32,-31.6,13.3,-25.7,9.5,-28.3,0.44,3.2,-31.6,13.3,-25.7,9.5,-5.9
Andersson,Langsjon,Sweden,European perch,1213,2007,8,7,2007-08-07,60.04,17.57,6.19,medium_doc,92,-28.67,14.24,3.21,-31.6,13.3,-25.7,9.5,-28.2,0.42,2.9,-31.6,13.3,-25.7,9.5,-5.9
Andersson,Langsjon,Sweden,European perch,1237,2007,8,7,2007-08-07,60.04,17.57,6.19,medium_doc,96,-27.78,13.37,3.27,-31.6,13.3,-25.7,9.5,-27.2,0.25,2.9,-31.6,13.3,-25.7,9.5,-5.9
Andersson,Langsjon,Sweden,European perch,1228,2007,8,7,2007-08-07,60.04,17.57,6.19,medium_doc,96,-26.35,14.54,3.27,-31.6,13.3,-25.7,9.5,-25.8,0.02,3.5,-31.6,13.3,-25.7,9.5,-5.9
Andersson,Langsjon,Sweden,European perch,1238,2007,8,7,2007-08-07,60.04,17.57,6.19,medium_doc,97,-28.08,15.89,3.28,-31.6,13.3,-25.7,9.5,-27.5,0.31,3.5,-31.6,13.3,-25.7,9.5,-5.9
Andersson,Langsjon,Sweden,European perch,1462,2007,8,7,2007-08-07,60.04,17.57,6.19,medium_doc,98,-29.25,16.78,3.27,-31.6,13.3,-25.7,9.5,-28.7,0.51,3.6,-31.6,13.3,-25.7,9.5,-5.9
Andersson,Langsjon,Sweden,European perch,1242,2007,8,7,2007-08-07,60.04,17.57,6.19,medium_doc,99,-29.31,16.31,3.26,-31.6,13.3,-25.7,9.5,-28.7,0.51,3.4,-31.6,13.3,-25.7,9.5,-5.9
Andersson,Langsjon,Sweden,European perch,1222,2007,8,7,2007-08-07,60.04,17.57,6.19,medium_doc,101,-28.99,15.04,3.25,-31.6,13.3,-25.7,9.5,-28.4,0.46,3.1,-31.6,13.3,-25.7,9.5,-5.9
Andersson,Langsjon,Sweden,European perch,1226,2007,8,7,2007-08-07,60.04,17.57,6.19,medium_doc,102,-28.76,13.26,3.27,-31.6,13.3,-25.7,9.5,-28.2,0.42,2.6,-31.6,13.3,-25.7,9.5,-5.9
Andersson,Langsjon,Sweden,European perch,1467,2007,8,7,2007-08-07,60.04,17.57,6.19,medium_doc,102,-29.72,16.53,3.28,-31.6,13.3,-25.7,9.5,-29.1,0.58,3.4,-31.6,13.3,-25.7,9.5,-5.9
Andersson,Langsjon,Sweden,European perch,1466,2007,8,7,2007-08-07,60.04,17.57,6.19,medium_doc,103,-29.82,16.53,3.35,-31.6,13.3,-25.7,9.5,-29.1,0.58,3.4,-31.6,13.3,-25.7,9.5,-5.9
Andersson,Langsjon,Sweden,European perch,1224,2007,8,7,2007-08-07,60.04,17.57,6.19,medium_doc,104,-28.05,14.92,3.28,-31.6,13.3,-25.7,9.5,-27.4,0.29,3.3,-31.6,13.3,-25.7,9.5,-5.9
Andersson,Langsjon,Sweden,European perch,1240,2007,8,7,2007-08-07,60.04,17.57,6.19,medium_doc,105,-29.88,16.43,3.32,-31.6,13.3,-25.7,9.5,-29.2,0.59,3.4,-31.6,13.3,-25.7,9.5,-5.9
Andersson,Langsjon,Sweden,European perch,1463,2007,8,7,2007-08-07,60.04,17.57,6.19,medium_doc,108,-29.66,16.66,3.36,-31.6,13.3,-25.7,9.5,-28.9,0.54,3.5,-31.6,13.3,-25.7,9.5,-5.9
Andersson,Langsjon,Sweden,European perch,1245,2007,8,7,2007-08-07,60.04,17.57,6.19,medium_doc,112,-27.74,15.81,3.21,-31.6,13.3,-25.7,9.5,-27.3,0.27,3.6,-31.6,13.3,-25.7,9.5,-5.9
Andersson,Langsjon,Sweden,European perch,1004,2007,8,7,2007-08-07,60.04,17.57,6.19,medium_doc,112,-28.65,16.49,3.32,-31.6,13.3,-25.7,9.5,-28,0.39,3.6,-31.6,13.3,-25.7,9.5,-5.9
Andersson,Langsjon,Sweden,European perch,1472,2007,8,7,2007-08-07,60.04,17.57,6.19,medium_doc,112,-29.8,15.93,3.29,-31.6,13.3,-25.7,9.5,-29.2,0.59,3.2,-31.6,13.3,-25.7,9.5,-5.9
Andersson,Langsjon,Sweden,European perch,1469,2007,8,7,2007-08-07,60.04,17.57,6.19,medium_doc,115,-29.94,16.54,3.27,-31.6,13.3,-25.7,9.5,-29.4,0.63,3.4,-31.6,13.3,-25.7,9.5,-5.9
Andersson,Langsjon,Sweden,European perch,1246,2007,8,7,2007-08-07,60.04,17.57,6.19,medium_doc,117,-28.22,15.18,3.21,-31.6,13.3,-25.7,9.5,-27.8,0.36,3.3,-31.6,13.3,-25.7,9.5,-5.9
Andersson,Langsjon,Sweden,European perch,1471,2007,8,7,2007-08-07,60.04,17.57,6.19,medium_doc,118,-29.71,17,3.27,-31.6,13.3,-25.7,9.5,-29.1,0.58,3.6,-31.6,13.3,-25.7,9.5,-5.9
Andersson,Langsjon,Sweden,European perch,1475,2007,8,7,2007-08-07,60.04,17.57,6.19,medium_doc,121,-29.94,16.38,3.19,-31.6,13.3,-25.7,9.5,-29.5,0.64,3.3,-31.6,13.3,-25.7,9.5,-5.9
Andersson,Langsjon,Sweden,European perch,1009,2007,8,7,2007-08-07,60.04,17.57,6.19,medium_doc,124,-26.12,15.94,3.25,-31.6,13.3,-25.7,9.5,-25.6,0,3.9,-31.6,13.3,-25.7,9.5,-5.9
Andersson,Langsjon,Sweden,European perch,1418,2007,8,7,2007-08-07,60.04,17.57,6.19,medium_doc,126,-28.9,16.54,3.29,-31.6,13.3,-25.7,9.5,-28.3,0.44,3.6,-31.6,13.3,-25.7,9.5,-5.9
Andersson,Langsjon,Sweden,European perch,1002,2007,8,7,2007-08-07,60.04,17.57,6.19,medium_doc,127,-27.88,15.69,3.23,-31.6,13.3,-25.7,9.5,-27.4,0.29,3.5,-31.6,13.3,-25.7,9.5,-5.9
Andersson,Langsjon,Sweden,European perch,1010,2007,8,7,2007-08-07,60.04,17.57,6.19,medium_doc,133,-28.29,15.8,3.29,-31.6,13.3,-25.7,9.5,-27.7,0.34,3.5,-31.6,13.3,-25.7,9.5,-5.9
Andersson,Langsjon,Sweden,European perch,1474,2007,8,7,2007-08-07,60.04,17.57,6.19,medium_doc,134,-29.44,16.19,3.25,-31.6,13.3,-25.7,9.5,-28.9,0.54,3.4,-31.6,13.3,-25.7,9.5,-5.9
Andersson,Langsjon,Sweden,European perch,1006,2007,8,7,2007-08-07,60.04,17.57,6.19,medium_doc,136,-27.64,18.36,3.2,-31.6,13.3,-25.7,9.5,-27.2,0.25,4.3,-31.6,13.3,-25.7,9.5,-5.9
Andersson,Langsjon,Sweden,European perch,1481,2007,8,7,2007-08-07,60.04,17.57,6.19,medium_doc,137,-28.8,17.09,3.25,-31.6,13.3,-25.7,9.5,-28.3,0.44,3.7,-31.6,13.3,-25.7,9.5,-5.9
Andersson,Langsjon,Sweden,European perch,1424,2007,8,7,2007-08-07,60.04,17.57,6.19,medium_doc,142,-29.3,16.24,3.29,-31.6,13.3,-25.7,9.5,-28.7,0.51,3.4,-31.6,13.3,-25.7,9.5,-5.9
Andersson,Langsjon,Sweden,European perch,1423,2007,8,7,2007-08-07,60.04,17.57,6.19,medium_doc,144,-29.59,16.4,3.27,-31.6,13.3,-25.7,9.5,-29,0.56,3.4,-31.6,13.3,-25.7,9.5,-5.9
Andersson,Langsjon,Sweden,European perch,1008,2007,8,7,2007-08-07,60.04,17.57,6.19,medium_doc,145,-28.68,17.15,3.22,-31.6,13.3,-25.7,9.5,-28.2,0.42,3.8,-31.6,13.3,-25.7,9.5,-5.9
Andersson,Langsjon,Sweden,European perch,1427,2007,8,7,2007-08-07,60.04,17.57,6.19,medium_doc,147,-29.93,16.78,3.24,-31.6,13.3,-25.7,9.5,-29.4,0.63,3.4,-31.6,13.3,-25.7,9.5,-5.9
Andersson,Langsjon,Sweden,European perch,1005,2007,8,7,2007-08-07,60.04,17.57,6.19,medium_doc,149,-27.64,15.3,3.28,-31.6,13.3,-25.7,9.5,-27,0.22,3.5,-31.6,13.3,-25.7,9.5,-5.9
Andersson,Langsjon,Sweden,European perch,1018,2007,8,7,2007-08-07,60.04,17.57,6.19,medium_doc,152,-28.35,17.46,3.25,-31.6,13.3,-25.7,9.5,-27.8,0.36,3.9,-31.6,13.3,-25.7,9.5,-5.9
Andersson,Langsjon,Sweden,European perch,1015,2007,8,7,2007-08-07,60.04,17.57,6.19,medium_doc,152,-29.6,17.1,3.26,-31.6,13.3,-25.7,9.5,-29,0.56,3.6,-31.6,13.3,-25.7,9.5,-5.9
Andersson,Langsjon,Sweden,European perch,1442,2007,8,7,2007-08-07,60.04,17.57,6.19,medium_doc,152,-29.88,17.75,3.3,-31.6,13.3,-25.7,9.5,-29.2,0.59,3.8,-31.6,13.3,-25.7,9.5,-5.9
Andersson,Langsjon,Sweden,European perch,1422,2007,8,7,2007-08-07,60.04,17.57,6.19,medium_doc,154,-30.21,17.14,3.27,-31.6,13.3,-25.7,9.5,-29.6,0.66,3.5,-31.6,13.3,-25.7,9.5,-5.9
Andersson,Langsjon,Sweden,European perch,1419,2007,8,7,2007-08-07,60.04,17.57,6.19,medium_doc,157,-28.89,16.24,3.34,-31.6,13.3,-25.7,9.5,-28.2,0.42,3.5,-31.6,13.3,-25.7,9.5,-5.9
Andersson,Langsjon,Sweden,European perch,1116,2007,8,7,2007-08-07,60.04,17.57,6.19,medium_doc,163,-29.76,17.85,3.24,-31.6,13.3,-25.7,9.5,-29.2,0.59,3.8,-31.6,13.3,-25.7,9.5,-5.9
Andersson,Langsjon,Sweden,European perch,1441,2007,8,7,2007-08-07,60.04,17.57,6.19,medium_doc,167,-29.11,15.44,3.24,-31.6,13.3,-25.7,9.5,-28.6,0.49,3.2,-31.6,13.3,-25.7,9.5,-5.9
Andersson,Langsjon,Sweden,European perch,1016,2007,8,7,2007-08-07,60.04,17.57,6.19,medium_doc,168,-27.63,18.1,3.2,-31.6,13.3,-25.7,9.5,-27.2,0.25,4.3,-31.6,13.3,-25.7,9.5,-5.9
Andersson,Langsjon,Sweden,European perch,1120,2007,8,7,2007-08-07,60.04,17.57,6.19,medium_doc,175,-29.64,17,3.32,-31.6,13.3,-25.7,9.5,-29,0.56,3.6,-31.6,13.3,-25.7,9.5,-5.9
Andersson,Langsjon,Sweden,European perch,1119,2007,8,7,2007-08-07,60.04,17.57,6.19,medium_doc,183,-28.7,16.82,3.2,-31.6,13.3,-25.7,9.5,-28.3,0.44,3.7,-31.6,13.3,-25.7,9.5,-5.9
Andersson,Langsjon,Sweden,European perch,1443,2007,8,7,2007-08-07,60.04,17.57,6.19,medium_doc,193,-29.19,19.09,3.2,-31.6,13.3,-25.7,9.5,-28.7,0.51,4.3,-31.6,13.3,-25.7,9.5,-5.9
Andersson,Langsjon,Sweden,European perch,1020,2007,8,7,2007-08-07,60.04,17.57,6.19,medium_doc,198,-28.09,17.77,3.19,-31.6,13.3,-25.7,9.5,-27.7,0.34,4.1,-31.6,13.3,-25.7,9.5,-5.9
Andersson,Langsjon,Sweden,European perch,1021,2007,8,7,2007-08-07,60.04,17.57,6.19,medium_doc,213,-28.01,17.08,3.19,-31.6,13.3,-25.7,9.5,-27.6,0.32,3.9,-31.6,13.3,-25.7,9.5,-5.9
Andersson,Langsjon,Sweden,European perch,1121,2007,8,7,2007-08-07,60.04,17.57,6.19,medium_doc,257,-31.06,17.47,3.2,-31.6,13.3,-25.7,9.5,-30.6,0.83,3.4,-31.6,13.3,-25.7,9.5,-5.9
Andersson,Langsjon,Sweden,European perch,1122,2007,8,7,2007-08-07,60.04,17.57,6.19,medium_doc,263,-27.85,15.95,3.17,-31.6,13.3,-25.7,9.5,-27.5,0.31,3.6,-31.6,13.3,-25.7,9.5,-5.9
Andersson,Langsjon,Sweden,European perch,1255,2007,8,7,2007-08-07,60.04,17.57,6.19,medium_doc,387,-28.12,18.94,3.11,-31.6,13.3,-25.7,9.5,-27.9,0.37,4.4,-31.6,13.3,-25.7,9.5,-5.9
Andersson,Vuolgamjaure,Sweden,European perch,Vo_L_08,2017,8,15,2017-08-15,65.66,18.55,5.41,medium_doc,156.7,-29.02,7.46,3.2,-34.44333333,4.093333333,-24.95,1.325,-28.6,0.38,3.5,-34.44333333,4.093333333,-24.95,1.325,-9.49333333
Andersson,Vuolgamjaure,Sweden,European perch,Vo_L_23,2017,8,15,2017-08-15,65.66,18.55,5.41,medium_doc,171.2,-26.95,8.23,3.24,-34.44333333,4.093333333,-24.95,1.325,-26.4,0.15,3.9,-34.44333333,4.093333333,-24.95,1.325,-9.49333333
Andersson,Vuolgamjaure,Sweden,European perch,Vo_L_19,2017,8,15,2017-08-15,65.66,18.55,5.41,medium_doc,183.3,-25.26,7.92,3.23,-34.44333333,4.093333333,-24.95,1.325,-24.8,0,4,-34.44333333,4.093333333,-24.95,1.325,-9.49333333
Andersson,Vuolgamjaure,Sweden,European perch,Vo_L_15,2017,8,15,2017-08-15,65.66,18.55,5.41,medium_doc,187.8,-27.64,8.29,3.22,-34.44333333,4.093333333,-24.95,1.325,-27.2,0.24,3.9,-34.44333333,4.093333333,-24.95,1.325,-9.49333333
Andersson,Vuolgamjaure,Sweden,European perch,Vo_L_17,2017,8,15,2017-08-15,65.66,18.55,5.41,medium_doc,194.7,-26.33,7.77,3.24,-34.44333333,4.093333333,-24.95,1.325,-25.8,0.09,3.8,-34.44333333,4.093333333,-24.95,1.325,-9.49333333
Andersson,Vuolgamjaure,Sweden,European perch,Vo_L_18,2017,8,15,2017-08-15,65.66,18.55,5.41,medium_doc,196.9,-27.61,8.47,3.25,-34.44333333,4.093333333,-24.95,1.325,-27.1,0.23,3.9,-34.44333333,4.093333333,-24.95,1.325,-9.49333333
Andersson,Vuolgamjaure,Sweden,European perch,Vo_L_16,2017,8,15,2017-08-15,65.66,18.55,5.41,medium_doc,198.9,-27.31,8.77,3.25,-34.44333333,4.093333333,-24.95,1.325,-26.8,0.19,4,-34.44333333,4.093333333,-24.95,1.325,-9.49333333
Andersson,Vuolgamjaure,Sweden,European perch,Vo_L_20,2017,8,15,2017-08-15,65.66,18.55,5.41,medium_doc,200,-27.36,8.22,3.23,-34.44333333,4.093333333,-24.95,1.325,-26.9,0.21,3.9,-34.44333333,4.093333333,-24.95,1.325,-9.49333333
Andersson,Vuolgamjaure,Sweden,European perch,Vo_L_14,2017,8,15,2017-08-15,65.66,18.55,5.41,medium_doc,203.9,-28.32,8.6,3.21,-34.44333333,4.093333333,-24.95,1.325,-27.9,0.31,3.9,-34.44333333,4.093333333,-24.95,1.325,-9.49333333
Andersson,Vuolgamjaure,Sweden,European perch,Vo_L_03,2017,8,15,2017-08-15,65.66,18.55,5.41,medium_doc,204.7,-25.74,7.58,3.21,-34.44333333,4.093333333,-24.95,1.325,-25.3,0.04,3.8,-34.44333333,4.093333333,-24.95,1.325,-9.49333333
Andersson,Vuolgamjaure,Sweden,European perch,Vo_L_22,2017,8,15,2017-08-15,65.66,18.55,5.41,medium_doc,205.8,-25.76,8.14,3.24,-34.44333333,4.093333333,-24.95,1.325,-25.2,0.03,4,-34.44333333,4.093333333,-24.95,1.325,-9.49333333
Andersson,Vuolgamjaure,Sweden,European perch,Vo_L_12,2017,8,15,2017-08-15,65.66,18.55,5.41,medium_doc,206.4,-28.54,8.44,3.19,-34.44333333,4.093333333,-24.95,1.325,-28.1,0.33,3.8,-34.44333333,4.093333333,-24.95,1.325,-9.49333333
Andersson,Vuolgamjaure,Sweden,European perch,Vo_L_13,2017,8,15,2017-08-15,65.66,18.55,5.41,medium_doc,211.6,-25.27,7.41,3.18,-34.44333333,4.093333333,-24.95,1.325,-24.9,0,3.8,-34.44333333,4.093333333,-24.95,1.325,-9.49333333
Andersson,Vuolgamjaure,Sweden,European perch,Vo_L_04,2017,8,15,2017-08-15,65.66,18.55,5.41,medium_doc,211.6,-26.55,7.95,3.23,-34.44333333,4.093333333,-24.95,1.325,-26,0.11,3.9,-34.44333333,4.093333333,-24.95,1.325,-9.49333333
Andersson,Vuolgamjaure,Sweden,European perch,Vo_L_09,2017,8,15,2017-08-15,65.66,18.55,5.41,medium_doc,211.7,-25.18,7.59,3.2,-34.44333333,4.093333333,-24.95,1.325,-24.7,0,3.9,-34.44333333,4.093333333,-24.95,1.325,-9.49333333
Andersson,Vuolgamjaure,Sweden,European perch,Vo_L_30,2017,8,15,2017-08-15,65.66,18.55,5.41,medium_doc,212.5,-25.74,7.37,3.22,-34.44333333,4.093333333,-24.95,1.325,-25.3,0.04,3.7,-34.44333333,4.093333333,-24.95,1.325,-9.49333333
Andersson,Vuolgamjaure,Sweden,European perch,Vo_L_01,2017,8,15,2017-08-15,65.66,18.55,5.41,medium_doc,213.6,-25.02,7.66,3.18,-34.44333333,4.093333333,-24.95,1.325,-24.6,0,3.9,-34.44333333,4.093333333,-24.95,1.325,-9.49333333
Andersson,Vuolgamjaure,Sweden,European perch,Vo_L_27,2017,8,15,2017-08-15,65.66,18.55,5.41,medium_doc,214.9,-25.9,7.92,3.2,-34.44333333,4.093333333,-24.95,1.325,-25.5,0.06,3.9,-34.44333333,4.093333333,-24.95,1.325,-9.49333333
Andersson,Vuolgamjaure,Sweden,European perch,Vo_L_25,2017,8,15,2017-08-15,65.66,18.55,5.41,medium_doc,216.6,-27.51,8.75,3.23,-34.44333333,4.093333333,-24.95,1.325,-27,0.22,4,-34.44333333,4.093333333,-24.95,1.325,-9.49333333
Andersson,Vuolgamjaure,Sweden,European perch,Vo_L_05,2017,8,15,2017-08-15,65.66,18.55,5.41,medium_doc,220.5,-26.57,8.08,3.23,-34.44333333,4.093333333,-24.95,1.325,-26.1,0.12,3.9,-34.44333333,4.093333333,-24.95,1.325,-9.49333333
Andersson,Vuolgamjaure,Sweden,European perch,Vo_L_11,2017,8,15,2017-08-15,65.66,18.55,5.41,medium_doc,222.1,-26.01,8.63,3.19,-34.44333333,4.093333333,-24.95,1.325,-25.6,0.07,4.1,-34.44333333,4.093333333,-24.95,1.325,-9.49333333
Andersson,Vuolgamjaure,Sweden,European perch,Vo_L_10,2017,8,15,2017-08-15,65.66,18.55,5.41,medium_doc,224.5,-25.68,7.7,3.23,-34.44333333,4.093333333,-24.95,1.325,-25.2,0.03,3.9,-34.44333333,4.093333333,-24.95,1.325,-9.49333333
Andersson,Vuolgamjaure,Sweden,European perch,Vo_L_28,2017,8,15,2017-08-15,65.66,18.55,5.41,medium_doc,228.5,-26.14,8.52,3.21,-34.44333333,4.093333333,-24.95,1.325,-25.7,0.08,4.1,-34.44333333,4.093333333,-24.95,1.325,-9.49333333
Andersson,Vuolgamjaure,Sweden,European perch,Vo_L_21,2017,8,15,2017-08-15,65.66,18.55,5.41,medium_doc,229.1,-26.74,8.2,3.15,-34.44333333,4.093333333,-24.95,1.325,-26.4,0.15,3.9,-34.44333333,4.093333333,-24.95,1.325,-9.49333333
Andersson,Vuolgamjaure,Sweden,European perch,Vo_L_26,2017,8,15,2017-08-15,65.66,18.55,5.41,medium_doc,229.9,-25.47,8.7,3.21,-34.44333333,4.093333333,-24.95,1.325,-25,0.01,4.2,-34.44333333,4.093333333,-24.95,1.325,-9.49333333
Andersson,Vuolgamjaure,Sweden,European perch,Vo_L_24,2017,8,15,2017-08-15,65.66,18.55,5.41,medium_doc,231.7,-26.21,8.27,3.21,-34.44333333,4.093333333,-24.95,1.325,-25.7,0.08,4,-34.44333333,4.093333333,-24.95,1.325,-9.49333333
Andersson,Vuolgamjaure,Sweden,European perch,Vo_L_06,2017,8,15,2017-08-15,65.66,18.55,5.41,medium_doc,231.9,-24.96,7.81,3.19,-34.44333333,4.093333333,-24.95,1.325,-24.5,0,3.9,-34.44333333,4.093333333,-24.95,1.325,-9.49333333
Andersson,Vuolgamjaure,Sweden,European perch,Vo_L_07,2017,8,15,2017-08-15,65.66,18.55,5.41,medium_doc,241.8,-24.66,7.78,3.19,-34.44333333,4.093333333,-24.95,1.325,-24.2,0,4,-34.44333333,4.093333333,-24.95,1.325,-9.49333333
Andersson,Vuolgamjaure,Sweden,European perch,Vo_L_02,2017,8,15,2017-08-15,65.66,18.55,5.41,medium_doc,244,-26.82,8.84,3.19,-34.44333333,4.093333333,-24.95,1.325,-26.4,0.15,4.1,-34.44333333,4.093333333,-24.95,1.325,-9.49333333
Andersson,Vuolgamjaure,Sweden,European perch,Vo_L_29,2017,8,15,2017-08-15,65.66,18.55,5.41,medium_doc,271.6,-26.17,8.78,3.2,-34.44333333,4.093333333,-24.95,1.325,-25.7,0.08,4.1,-34.44333333,4.093333333,-24.95,1.325,-9.49333333
Andersson,Dagarn,Sweden,European perch,Da_P_13,2017,8,22,2017-08-22,59.89,15.68,6.26,medium_doc,53,-30.08,6.72,3.29,-33.36,4.08,-24.1,2.22,-29.5,0.58,3,-33.36,4.08,-24.1,2.22,-9.26
Andersson,Dagarn,Sweden,European perch,Da_P_10,2017,8,22,2017-08-22,59.89,15.68,6.26,medium_doc,53.6,-29.94,6.61,3.31,-33.36,4.08,-24.1,2.22,-29.3,0.56,3,-33.36,4.08,-24.1,2.22,-9.26
Andersson,Dagarn,Sweden,European perch,Da_P_14,2017,8,22,2017-08-22,59.89,15.68,6.26,medium_doc,55.7,-29.95,6.8,3.32,-33.36,4.08,-24.1,2.22,-29.3,0.56,3,-33.36,4.08,-24.1,2.22,-9.26
Andersson,Dagarn,Sweden,European perch,Da_P_15,2017,8,22,2017-08-22,59.89,15.68,6.26,medium_doc,56.2,-30.13,6.73,3.28,-33.36,4.08,-24.1,2.22,-29.5,0.58,3,-33.36,4.08,-24.1,2.22,-9.26
Andersson,Dagarn,Sweden,European perch,Da_P_12,2017,8,22,2017-08-22,59.89,15.68,6.26,medium_doc,56.7,-30.14,6.31,3.22,-33.36,4.08,-24.1,2.22,-29.7,0.6,2.9,-33.36,4.08,-24.1,2.22,-9.26
Andersson,Dagarn,Sweden,European perch,Da_P_11,2017,8,22,2017-08-22,59.89,15.68,6.26,medium_doc,57.4,-30.12,6.61,3.27,-33.36,4.08,-24.1,2.22,-29.5,0.58,3,-33.36,4.08,-24.1,2.22,-9.26
Andersson,Dagarn,Sweden,European perch,Da_L_10,2017,8,22,2017-08-22,59.89,15.68,6.26,medium_doc,84.9,-27.02,6.42,3.15,-33.36,4.08,-24.1,2.22,-26.7,0.28,3.1,-33.36,4.08,-24.1,2.22,-9.26
Andersson,Dagarn,Sweden,European perch,Da_L_11,2017,8,22,2017-08-22,59.89,15.68,6.26,medium_doc,89.8,-26,6.75,3.14,-33.36,4.08,-24.1,2.22,-25.7,0.17,3.2,-33.36,4.08,-24.1,2.22,-9.26
Andersson,Dagarn,Sweden,European perch,Da_L_09,2017,8,22,2017-08-22,59.89,15.68,6.26,medium_doc,90,-26.61,6.7,3.15,-33.36,4.08,-24.1,2.22,-26.3,0.24,3.2,-33.36,4.08,-24.1,2.22,-9.26
Andersson,Dagarn,Sweden,European perch,Da_L_04,2017,8,22,2017-08-22,59.89,15.68,6.26,medium_doc,92.2,-26.34,5.4,3.15,-33.36,4.08,-24.1,2.22,-26,0.21,2.8,-33.36,4.08,-24.1,2.22,-9.26
Andersson,Dagarn,Sweden,European perch,Da_L_24,2017,8,22,2017-08-22,59.89,15.68,6.26,medium_doc,93,-29.75,6.79,3.18,-33.36,4.08,-24.1,2.22,-29.3,0.56,3,-33.36,4.08,-24.1,2.22,-9.26
Andersson,Dagarn,Sweden,European perch,Da_L_30,2017,8,22,2017-08-22,59.89,15.68,6.26,medium_doc,94.3,-29.53,7.06,3.24,-33.36,4.08,-24.1,2.22,-29,0.53,3.1,-33.36,4.08,-24.1,2.22,-9.26
Andersson,Dagarn,Sweden,European perch,Da_L_06,2017,8,22,2017-08-22,59.89,15.68,6.26,medium_doc,95.2,-27.1,6.61,3.14,-33.36,4.08,-24.1,2.22,-26.8,0.29,3.1,-33.36,4.08,-24.1,2.22,-9.26
Andersson,Dagarn,Sweden,European perch,Da_L_29,2017,8,22,2017-08-22,59.89,15.68,6.26,medium_doc,99.8,-29.74,6.96,3.19,-33.36,4.08,-24.1,2.22,-29.3,0.56,3.1,-33.36,4.08,-24.1,2.22,-9.26
Andersson,Dagarn,Sweden,European perch,Da_L_05,2017,8,22,2017-08-22,59.89,15.68,6.26,medium_doc,101.5,-28.17,6.58,3.12,-33.36,4.08,-24.1,2.22,-27.9,0.41,3.1,-33.36,4.08,-24.1,2.22,-9.26
Andersson,Dagarn,Sweden,European perch,Da_L_28,2017,8,22,2017-08-22,59.89,15.68,6.26,medium_doc,103.3,-29.81,7.2,3.19,-33.36,4.08,-24.1,2.22,-29.4,0.57,3.2,-33.36,4.08,-24.1,2.22,-9.26
Andersson,Dagarn,Sweden,European perch,Da_L_08,2017,8,22,2017-08-22,59.89,15.68,6.26,medium_doc,103.6,-27.32,7.35,3.16,-33.36,4.08,-24.1,2.22,-27,0.31,3.3,-33.36,4.08,-24.1,2.22,-9.26
Andersson,Dagarn,Sweden,European perch,Da_P_01,2017,8,22,2017-08-22,59.89,15.68,6.26,medium_doc,104.7,-29.57,7.12,3.18,-33.36,4.08,-24.1,2.22,-29.2,0.55,3.1,-33.36,4.08,-24.1,2.22,-9.26
Andersson,Dagarn,Sweden,European perch,Da_L_21,2017,8,22,2017-08-22,59.89,15.68,6.26,medium_doc,106.2,-29.67,6.99,3.15,-33.36,4.08,-24.1,2.22,-29.3,0.56,3.1,-33.36,4.08,-24.1,2.22,-9.26
Andersson,Dagarn,Sweden,European perch,Da_L_13,2017,8,22,2017-08-22,59.89,15.68,6.26,medium_doc,109.3,-29.57,7.2,3.17,-33.36,4.08,-24.1,2.22,-29.2,0.55,3.2,-33.36,4.08,-24.1,2.22,-9.26
Andersson,Dagarn,Sweden,European perch,Da_L_07,2017,8,22,2017-08-22,59.89,15.68,6.26,medium_doc,109.6,-26.69,7.05,3.18,-33.36,4.08,-24.1,2.22,-26.3,0.24,3.3,-33.36,4.08,-24.1,2.22,-9.26
Andersson,Dagarn,Sweden,European perch,Da_P_06,2017,8,22,2017-08-22,59.89,15.68,6.26,medium_doc,109.8,-29.54,7.19,3.22,-33.36,4.08,-24.1,2.22,-29.1,0.54,3.2,-33.36,4.08,-24.1,2.22,-9.26
Andersson,Dagarn,Sweden,European perch,Da_L_19,2017,8,22,2017-08-22,59.89,15.68,6.26,medium_doc,110.1,-29.54,6.97,3.18,-33.36,4.08,-24.1,2.22,-29.1,0.54,3.1,-33.36,4.08,-24.1,2.22,-9.26
Andersson,Dagarn,Sweden,European perch,Da_L_15,2017,8,22,2017-08-22,59.89,15.68,6.26,medium_doc,110.2,-29.5,7.02,3.18,-33.36,4.08,-24.1,2.22,-29.1,0.54,3.1,-33.36,4.08,-24.1,2.22,-9.26
Andersson,Dagarn,Sweden,European perch,Da_L_25,2017,8,22,2017-08-22,59.89,15.68,6.26,medium_doc,113,-29.33,7.46,3.21,-33.36,4.08,-24.1,2.22,-28.9,0.52,3.3,-33.36,4.08,-24.1,2.22,-9.26
Andersson,Dagarn,Sweden,European perch,Da_L_20,2017,8,22,2017-08-22,59.89,15.68,6.26,medium_doc,114.6,-29.56,6.92,3.22,-33.36,4.08,-24.1,2.22,-29.1,0.54,3.1,-33.36,4.08,-24.1,2.22,-9.26
Andersson,Dagarn,Sweden,European perch,Da_L_22,2017,8,22,2017-08-22,59.89,15.68,6.26,medium_doc,114.7,-29.45,7.12,3.18,-33.36,4.08,-24.1,2.22,-29,0.53,3.2,-33.36,4.08,-24.1,2.22,-9.26
Andersson,Dagarn,Sweden,European perch,Da_P_09,2017,8,22,2017-08-22,59.89,15.68,6.26,medium_doc,114.9,-29.28,7.32,3.18,-33.36,4.08,-24.1,2.22,-28.9,0.52,3.2,-33.36,4.08,-24.1,2.22,-9.26
Andersson,Dagarn,Sweden,European perch,Da_P_03,2017,8,22,2017-08-22,59.89,15.68,6.26,medium_doc,115.5,-29.6,7.12,3.17,-33.36,4.08,-24.1,2.22,-29.2,0.55,3.1,-33.36,4.08,-24.1,2.22,-9.26
Andersson,Dagarn,Sweden,European perch,Da_P_04,2017,8,22,2017-08-22,59.89,15.68,6.26,medium_doc,120.6,-29.67,7.24,3.14,-33.36,4.08,-24.1,2.22,-29.4,0.57,3.2,-33.36,4.08,-24.1,2.22,-9.26
Andersson,Dagarn,Sweden,European perch,Da_L_16,2017,8,22,2017-08-22,59.89,15.68,6.26,medium_doc,121.2,-29.59,7.03,3.18,-33.36,4.08,-24.1,2.22,-29.2,0.55,3.1,-33.36,4.08,-24.1,2.22,-9.26
Andersson,Dagarn,Sweden,European perch,Da_L_17,2017,8,22,2017-08-22,59.89,15.68,6.26,medium_doc,124.5,-29.69,7.81,3.14,-33.36,4.08,-24.1,2.22,-29.4,0.57,3.3,-33.36,4.08,-24.1,2.22,-9.26
Andersson,Dagarn,Sweden,European perch,Da_L_03,2017,8,22,2017-08-22,59.89,15.68,6.26,medium_doc,124.9,-25.54,7.22,3.19,-33.36,4.08,-24.1,2.22,-25.1,0.11,3.4,-33.36,4.08,-24.1,2.22,-9.26
Andersson,Dagarn,Sweden,European perch,Da_P_08,2017,8,22,2017-08-22,59.89,15.68,6.26,medium_doc,124.9,-29.42,7.29,3.17,-33.36,4.08,-24.1,2.22,-29,0.53,3.2,-33.36,4.08,-24.1,2.22,-9.26
Andersson,Dagarn,Sweden,European perch,Da_P_02,2017,8,22,2017-08-22,59.89,15.68,6.26,medium_doc,126.2,-29.28,7.37,3.2,-33.36,4.08,-24.1,2.22,-28.8,0.51,3.2,-33.36,4.08,-24.1,2.22,-9.26
Andersson,Dagarn,Sweden,European perch,Da_L_23,2017,8,22,2017-08-22,59.89,15.68,6.26,medium_doc,127.5,-29.7,7.75,3.19,-33.36,4.08,-24.1,2.22,-29.3,0.56,3.3,-33.36,4.08,-24.1,2.22,-9.26
Andersson,Dagarn,Sweden,European perch,Da_P_05,2017,8,22,2017-08-22,59.89,15.68,6.26,medium_doc,128.5,-29.1,7.47,3.19,-33.36,4.08,-24.1,2.22,-28.7,0.5,3.3,-33.36,4.08,-24.1,2.22,-9.26
Andersson,Dagarn,Sweden,European perch,Da_L_14,2017,8,22,2017-08-22,59.89,15.68,6.26,medium_doc,135.8,-29.51,7.89,3.14,-33.36,4.08,-24.1,2.22,-29.2,0.55,3.4,-33.36,4.08,-24.1,2.22,-9.26
Andersson,Dagarn,Sweden,European perch,Da_L_02,2017,8,22,2017-08-22,59.89,15.68,6.26,medium_doc,137.2,-25.26,8.12,3.18,-33.36,4.08,-24.1,2.22,-24.9,0.09,3.7,-33.36,4.08,-24.1,2.22,-9.26
Andersson,Dagarn,Sweden,European perch,Da_P_07,2017,8,22,2017-08-22,59.89,15.68,6.26,medium_doc,140.3,-29.53,7.33,3.19,-33.36,4.08,-24.1,2.22,-29.1,0.54,3.2,-33.36,4.08,-24.1,2.22,-9.26
Andersson,Dagarn,Sweden,European perch,Da_L_12,2017,8,22,2017-08-22,59.89,15.68,6.26,medium_doc,147,-29.9,8.72,3.15,-33.36,4.08,-24.1,2.22,-29.6,0.59,3.6,-33.36,4.08,-24.1,2.22,-9.26
Andersson,Dagarn,Sweden,European perch,Da_L_18,2017,8,22,2017-08-22,59.89,15.68,6.26,medium_doc,157.6,-26.97,8.49,3.16,-33.36,4.08,-24.1,2.22,-26.6,0.27,3.7,-33.36,4.08,-24.1,2.22,-9.26
Andersson,Dagarn,Sweden,European perch,Da_L_01,2017,8,22,2017-08-22,59.89,15.68,6.26,medium_doc,169.7,-25.67,8.29,3.11,-33.36,4.08,-24.1,2.22,-25.4,0.14,3.7,-33.36,4.08,-24.1,2.22,-9.26
Andersson,Dagarn,Sweden,European perch,Da_L_27,2017,8,22,2017-08-22,59.89,15.68,6.26,medium_doc,264.4,-28.53,9.79,3.16,-33.36,4.08,-24.1,2.22,-28.2,0.44,4,-33.36,4.08,-24.1,2.22,-9.26
Andersson,Dagarn,Sweden,European perch,Da_L_26,2017,8,22,2017-08-22,59.89,15.68,6.26,medium_doc,281.1,-28.14,9.05,3.18,-33.36,4.08,-24.1,2.22,-27.7,0.39,3.8,-33.36,4.08,-24.1,2.22,-9.26
Andersson,Lilla Sangaren,Sweden,European perch,LS_L_A221,2007,8,8,2007-08-08,59.9,15.39,6.5,medium_doc,39,-26.1,8.1,3.322,-34.4,5.8,-23.1,3.4,-25.4,0.2,3.2,-34.4,5.8,-23.1,3.4,-11.3
Andersson,Lilla Sangaren,Sweden,European perch,LS_L_A204,2007,8,8,2007-08-08,59.9,15.39,6.5,medium_doc,39,-27.7,7.9,3.409,-34.4,5.8,-23.1,3.4,-26.8,0.33,3.1,-34.4,5.8,-23.1,3.4,-11.3
Andersson,Lilla Sangaren,Sweden,European perch,LS_L_A185,2007,8,8,2007-08-08,59.9,15.39,6.5,medium_doc,45,-27,7.5,3.38,-34.4,5.8,-23.1,3.4,-26.2,0.27,3,-34.4,5.8,-23.1,3.4,-11.3
Andersson,Lilla Sangaren,Sweden,European perch,LS_L_A205,2007,8,8,2007-08-08,59.9,15.39,6.5,medium_doc,45,-28.6,8.9,3.389,-34.4,5.8,-23.1,3.4,-27.8,0.42,3.3,-34.4,5.8,-23.1,3.4,-11.3
Andersson,Lilla Sangaren,Sweden,European perch,LS_L_A186,2007,8,8,2007-08-08,59.9,15.39,6.5,medium_doc,48,-27.3,6.5,3.458,-34.4,5.8,-23.1,3.4,-26.4,0.29,2.7,-34.4,5.8,-23.1,3.4,-11.3
Andersson,Lilla Sangaren,Sweden,European perch,LS_L_A255,2007,8,8,2007-08-08,59.9,15.39,6.5,medium_doc,50,-26.1,7.2,3.384,-34.4,5.8,-23.1,3.4,-25.3,0.19,3,-34.4,5.8,-23.1,3.4,-11.3
Andersson,Lilla Sangaren,Sweden,European perch,LS_L_A116,2007,8,8,2007-08-08,59.9,15.39,6.5,medium_doc,68,-28.4,7.5,3.318,-34.4,5.8,-23.1,3.4,-27.7,0.41,2.9,-34.4,5.8,-23.1,3.4,-11.3
Andersson,Lilla Sangaren,Sweden,European perch,LS_L_A104,2007,8,8,2007-08-08,59.9,15.39,6.5,medium_doc,78,-26.6,6.8,3.267,-34.4,5.8,-23.1,3.4,-26,0.26,2.8,-34.4,5.8,-23.1,3.4,-11.3
Andersson,Lilla Sangaren,Sweden,European perch,LS_L_A240,2007,8,8,2007-08-08,59.9,15.39,6.5,medium_doc,83,-27.7,9.4,3.315,-34.4,5.8,-23.1,3.4,-27,0.35,3.5,-34.4,5.8,-23.1,3.4,-11.3
Andersson,Lilla Sangaren,Sweden,European perch,LS_L_A228,2007,8,8,2007-08-08,59.9,15.39,6.5,medium_doc,86,-26,7.5,3.303,-34.4,5.8,-23.1,3.4,-25.3,0.19,3.1,-34.4,5.8,-23.1,3.4,-11.3
Andersson,Lilla Sangaren,Sweden,European perch,LS_L_A234,2007,8,8,2007-08-08,59.9,15.39,6.5,medium_doc,92,-25.4,7.9,3.27,-34.4,5.8,-23.1,3.4,-24.8,0.15,3.2,-34.4,5.8,-23.1,3.4,-11.3
Andersson,Lilla Sangaren,Sweden,European perch,LS_L_A227,2007,8,8,2007-08-08,59.9,15.39,6.5,medium_doc,93,-27.1,8.4,3.315,-34.4,5.8,-23.1,3.4,-26.4,0.29,3.3,-34.4,5.8,-23.1,3.4,-11.3
Andersson,Lilla Sangaren,Sweden,European perch,LS_L_A123,2007,8,8,2007-08-08,59.9,15.39,6.5,medium_doc,98,-27.7,8.7,3.211,-34.4,5.8,-23.1,3.4,-27.2,0.36,3.3,-34.4,5.8,-23.1,3.4,-11.3
Andersson,Lilla Sangaren,Sweden,European perch,LS_L_A316,2007,8,8,2007-08-08,59.9,15.39,6.5,medium_doc,102,-25.1,8.2,3.22,-34.4,5.8,-23.1,3.4,-24.6,0.13,3.3,-34.4,5.8,-23.1,3.4,-11.3
Andersson,Lilla Sangaren,Sweden,European perch,LS_L_A114,2007,8,8,2007-08-08,59.9,15.39,6.5,medium_doc,106,-27.5,8.8,3.231,-34.4,5.8,-23.1,3.4,-27,0.35,3.3,-34.4,5.8,-23.1,3.4,-11.3
Andersson,Lilla Sangaren,Sweden,European perch,LS_L_A237,2007,8,8,2007-08-08,59.9,15.39,6.5,medium_doc,109,-25.5,8.8,3.246,-34.4,5.8,-23.1,3.4,-25,0.17,3.5,-34.4,5.8,-23.1,3.4,-11.3
Andersson,Lilla Sangaren,Sweden,European perch,LS_L_A236,2007,8,8,2007-08-08,59.9,15.39,6.5,medium_doc,113,-27.3,9.1,3.244,-34.4,5.8,-23.1,3.4,-26.8,0.33,3.4,-34.4,5.8,-23.1,3.4,-11.3
Andersson,Lilla Sangaren,Sweden,European perch,LS_L_A103,2007,8,8,2007-08-08,59.9,15.39,6.5,medium_doc,116,-25.9,7.9,3.288,-34.4,5.8,-23.1,3.4,-25.3,0.19,3.2,-34.4,5.8,-23.1,3.4,-11.3
Andersson,Lilla Sangaren,Sweden,European perch,LS_L_A124,2007,8,8,2007-08-08,59.9,15.39,6.5,medium_doc,123,-26.6,8.1,3.213,-34.4,5.8,-23.1,3.4,-26.1,0.27,3.2,-34.4,5.8,-23.1,3.4,-11.3
Andersson,Lilla Sangaren,Sweden,European perch,LS_L_A110,2007,8,8,2007-08-08,59.9,15.39,6.5,medium_doc,128,-26.1,8.6,3.238,-34.4,5.8,-23.1,3.4,-25.6,0.22,3.4,-34.4,5.8,-23.1,3.4,-11.3
Andersson,Lilla Sangaren,Sweden,European perch,LS_L_A105,2007,8,8,2007-08-08,59.9,15.39,6.5,medium_doc,129,-26.7,7.6,3.212,-34.4,5.8,-23.1,3.4,-26.2,0.27,3,-34.4,5.8,-23.1,3.4,-11.3
Andersson,Lilla Sangaren,Sweden,European perch,LS_L_A107,2007,8,8,2007-08-08,59.9,15.39,6.5,medium_doc,144,-25.8,8,3.246,-34.4,5.8,-23.1,3.4,-25.3,0.19,3.2,-34.4,5.8,-23.1,3.4,-11.3
Andersson,Lilla Sangaren,Sweden,European perch,LS_L_A102,2007,8,8,2007-08-08,59.9,15.39,6.5,medium_doc,150,-26.5,8.1,3.225,-34.4,5.8,-23.1,3.4,-26,0.26,3.2,-34.4,5.8,-23.1,3.4,-11.3
Andersson,Lilla Sangaren,Sweden,European perch,LS_L_A13,2007,8,8,2007-08-08,59.9,15.39,6.5,medium_doc,179,-26.1,8.3,3.199,-34.4,5.8,-23.1,3.4,-25.7,0.23,3.3,-34.4,5.8,-23.1,3.4,-11.3
Andersson,Lilla Sangaren,Sweden,European perch,LS_L_A10,2007,8,8,2007-08-08,59.9,15.39,6.5,medium_doc,180,-26.5,7.7,3.224,-34.4,5.8,-23.1,3.4,-26,0.26,3.1,-34.4,5.8,-23.1,3.4,-11.3
Andersson,Lilla Sangaren,Sweden,European perch,LS_L_A8,2007,8,8,2007-08-08,59.9,15.39,6.5,medium_doc,189,-25.7,9.2,3.164,-34.4,5.8,-23.1,3.4,-25.3,0.19,3.6,-34.4,5.8,-23.1,3.4,-11.3
Andersson,Lilla Sangaren,Sweden,European perch,LS_L_A5,2007,8,8,2007-08-08,59.9,15.39,6.5,medium_doc,198,-23.9,8,3.218,-34.4,5.8,-23.1,3.4,-23.4,0.03,3.3,-34.4,5.8,-23.1,3.4,-11.3
Andersson,Lilla Sangaren,Sweden,European perch,LS_L_A7,2007,8,8,2007-08-08,59.9,15.39,6.5,medium_doc,208,-25.2,10,3.218,-34.4,5.8,-23.1,3.4,-24.7,0.14,3.8,-34.4,5.8,-23.1,3.4,-11.3
Andersson,Lilla Sangaren,Sweden,European perch,LS_L_A9,2007,8,8,2007-08-08,59.9,15.39,6.5,medium_doc,239,-29.9,14.9,3.186,-34.4,5.8,-23.1,3.4,-29.5,0.57,5,-34.4,5.8,-23.1,3.4,-11.3
Burke,RDC 309,Alaska,Ninespine stickleback,NST 228,2016,8,15,2016-08-15,70.03,-156.57,8.097,medium_doc,68,-30.66,10.88,3.879964695,-33.12893779,7.778236812,-31.93963,6.206794,-29,0,4.5,-33.12893779,7.778236812,-31.93963,6.206794,-1.18930779
Burke,RDC 309,Alaska,Ninespine stickleback,NST 394,2016,8,15,2016-08-15,70.03,-156.57,8.097,medium_doc,65,-31.61,11.41,4.626629423,-33.12893779,7.778236812,-31.93963,6.206794,-29.1,0,4.6,-33.12893779,7.778236812,-31.93963,6.206794,-1.18930779
Burke,RDC 309,Alaska,Ninespine stickleback,NST 231,2016,8,15,2016-08-15,70.03,-156.57,8.097,medium_doc,56,-31.55,12.18,4.612745098,-33.12893779,7.778236812,-31.93963,6.206794,-29.1,0,4.9,-33.12893779,7.778236812,-31.93963,6.206794,-1.18930779
Burke,RDC 309,Alaska,Ninespine stickleback,NST 226,2016,8,15,2016-08-15,70.03,-156.57,8.097,medium_doc,54,-31.75,11.01,4.262086514,-33.12893779,7.778236812,-31.93963,6.206794,-29.6,0,4.3,-33.12893779,7.778236812,-31.93963,6.206794,-1.18930779
Burke,RDC 309,Alaska,Ninespine stickleback,NST 232,2016,8,15,2016-08-15,70.03,-156.57,8.097,medium_doc,53,-32.04,11.74,4.325396825,-33.12893779,7.778236812,-31.93963,6.206794,-29.8,0,4.5,-33.12893779,7.778236812,-31.93963,6.206794,-1.18930779
Burke,RDC 309,Alaska,Ninespine stickleback,NST 239,2016,8,15,2016-08-15,70.03,-156.57,8.097,medium_doc,52,-30.81,11.77,3.569111969,-33.12893779,7.778236812,-31.93963,6.206794,-29.7,0,4.5,-33.12893779,7.778236812,-31.93963,6.206794,-1.18930779
Burke,RDC 309,Alaska,Ninespine stickleback,NST 233,2016,8,15,2016-08-15,70.03,-156.57,8.097,medium_doc,51,-32.42,12.99,4.717703349,-33.12893779,7.778236812,-31.93963,6.206794,-29.8,0,4.8,-33.12893779,7.778236812,-31.93963,6.206794,-1.18930779
Burke,RDC 309,Alaska,Ninespine stickleback,NST 229,2016,8,15,2016-08-15,70.03,-156.57,8.097,medium_doc,50,-32.81,11.56,5.298924731,-33.12893779,7.778236812,-31.93963,6.206794,-29.7,0,4.4,-33.12893779,7.778236812,-31.93963,6.206794,-1.18930779
Burke,RDC 309,Alaska,Ninespine stickleback,NST 234,2016,8,15,2016-08-15,70.03,-156.57,8.097,medium_doc,50,-32.46,11.86,4.843263061,-33.12893779,7.778236812,-31.93963,6.206794,-29.7,0,4.5,-33.12893779,7.778236812,-31.93963,6.206794,-1.18930779
Burke,RDC 309,Alaska,Ninespine stickleback,NST 240,2016,8,15,2016-08-15,70.03,-156.57,8.097,medium_doc,50,-32.2,11.14,4.657718121,-33.12893779,7.778236812,-31.93963,6.206794,-29.7,0,4.3,-33.12893779,7.778236812,-31.93963,6.206794,-1.18930779
Burke,RDC 309,Alaska,Ninespine stickleback,NST 243,2016,8,15,2016-08-15,70.03,-156.57,8.097,medium_doc,50,-32,12.07,4.574669187,-33.12893779,7.778236812,-31.93963,6.206794,-29.5,0,4.7,-33.12893779,7.778236812,-31.93963,6.206794,-1.18930779
Burke,RDC 309,Alaska,Ninespine stickleback,NST 230,2016,8,15,2016-08-15,70.03,-156.57,8.097,medium_doc,48,-32.01,11.33,4.357781753,-33.12893779,7.778236812,-31.93963,6.206794,-29.8,0,4.3,-33.12893779,7.778236812,-31.93963,6.206794,-1.18930779
Burke,RDC 309,Alaska,Ninespine stickleback,NST 237,2016,8,15,2016-08-15,70.03,-156.57,8.097,medium_doc,48,-31.68,12.6,4.445670628,-33.12893779,7.778236812,-31.93963,6.206794,-29.4,0,4.9,-33.12893779,7.778236812,-31.93963,6.206794,-1.18930779
Burke,RDC 309,Alaska,Ninespine stickleback,NST 241,2016,8,15,2016-08-15,70.03,-156.57,8.097,medium_doc,48,-30.89,11.7,3.617262424,-33.12893779,7.778236812,-31.93963,6.206794,-29.7,0,4.5,-33.12893779,7.778236812,-31.93963,6.206794,-1.18930779
Burke,RDC 309,Alaska,Ninespine stickleback,NST 236,2016,8,15,2016-08-15,70.03,-156.57,8.097,medium_doc,47,-31.44,12.62,4.320887992,-33.12893779,7.778236812,-31.93963,6.206794,-29.3,0,4.9,-33.12893779,7.778236812,-31.93963,6.206794,-1.18930779
Burke,RDC 309,Alaska,Ninespine stickleback,NST 244,2016,8,15,2016-08-15,70.03,-156.57,8.097,medium_doc,47,-31.24,12.44,4.452081317,-33.12893779,7.778236812,-31.93963,6.206794,-28.9,0,5,-33.12893779,7.778236812,-31.93963,6.206794,-1.18930779
Burke,RDC 309,Alaska,Ninespine stickleback,NST 227,2016,8,15,2016-08-15,70.03,-156.57,8.097,medium_doc,45,-31.94,11.7,4.354969574,-33.12893779,7.778236812,-31.93963,6.206794,-29.7,0,4.5,-33.12893779,7.778236812,-31.93963,6.206794,-1.18930779
Burke,RDC 309,Alaska,Ninespine stickleback,NST 381,2016,8,15,2016-08-15,70.03,-156.57,8.097,medium_doc,44,-31.01,12.64,3.734314485,-33.12893779,7.778236812,-31.93963,6.206794,-29.6,0,4.8,-33.12893779,7.778236812,-31.93963,6.206794,-1.18930779
Burke,RDC 309,Alaska,Ninespine stickleback,NST 387,2016,8,15,2016-08-15,70.03,-156.57,8.097,medium_doc,41,-31.91,12.23,4.354056902,-33.12893779,7.778236812,-31.93963,6.206794,-29.7,0,4.6,-33.12893779,7.778236812,-31.93963,6.206794,-1.18930779
Burke,RDC 309,Alaska,Ninespine stickleback,NST 384,2016,8,15,2016-08-15,70.03,-156.57,8.097,medium_doc,36,-32.89,11.1,4.931411531,-33.12893779,7.778236812,-31.93963,6.206794,-30.1,0,4.2,-33.12893779,7.778236812,-31.93963,6.206794,-1.18930779
Burke,RDC 309,Alaska,Ninespine stickleback,NST 247,2016,8,15,2016-08-15,70.03,-156.57,8.097,medium_doc,31,-31.75,10.94,3.983007647,-33.12893779,7.778236812,-31.93963,6.206794,-30,0,4.1,-33.12893779,7.778236812,-31.93963,6.206794,-1.18930779
Burke,RDC 308,Alaska,Ninespine stickleback,NST 356,2016,8,15,2016-08-15,69.99,-156.43,8.094,medium_doc,61,-30.57,11.79,3.540625,-32.08174611,6.45298431,-30.39667,5.118592,-29.5,0,4.2,-32.08174611,6.45298431,-30.39667,5.118592,-1.68507611
Burke,RDC 308,Alaska,Ninespine stickleback,NST 346,2016,8,15,2016-08-15,69.99,-156.43,8.094,medium_doc,57,-33.03,10,5.881199539,-32.08174611,6.45298431,-30.39667,5.118592,-29.5,0,3.6,-32.08174611,6.45298431,-30.39667,5.118592,-1.68507611
Burke,RDC 308,Alaska,Ninespine stickleback,NST 352,2016,8,15,2016-08-15,69.99,-156.43,8.094,medium_doc,55,-30.72,12.8,3.878522838,-32.08174611,6.45298431,-30.39667,5.118592,-29.1,0,4.6,-32.08174611,6.45298431,-30.39667,5.118592,-1.68507611
Burke,RDC 308,Alaska,Ninespine stickleback,NST 361,2016,8,15,2016-08-15,69.99,-156.43,8.094,medium_doc,55,-31.07,11.56,4.493801653,-32.08174611,6.45298431,-30.39667,5.118592,-28.7,0,4.3,-32.08174611,6.45298431,-30.39667,5.118592,-1.68507611
Burke,RDC 308,Alaska,Ninespine stickleback,NST 349,2016,8,15,2016-08-15,69.99,-156.43,8.094,medium_doc,54,-30.17,10.67,3.91657754,-32.08174611,6.45298431,-30.39667,5.118592,-28.5,0,4.1,-32.08174611,6.45298431,-30.39667,5.118592,-1.68507611
Burke,RDC 308,Alaska,Ninespine stickleback,NST 353,2016,8,15,2016-08-15,69.99,-156.43,8.094,medium_doc,54,-32.17,11.43,4.547877591,-32.08174611,6.45298431,-30.39667,5.118592,-29.7,0,4,-32.08174611,6.45298431,-30.39667,5.118592,-1.68507611
Burke,RDC 308,Alaska,Ninespine stickleback,NST 366,2016,8,15,2016-08-15,69.99,-156.43,8.094,medium_doc,54,-31.95,11.07,4.295985061,-32.08174611,6.45298431,-30.39667,5.118592,-29.8,0,3.9,-32.08174611,6.45298431,-30.39667,5.118592,-1.68507611
Burke,RDC 308,Alaska,Ninespine stickleback,NST 350,2016,8,15,2016-08-15,69.99,-156.43,8.094,medium_doc,53,-30.77,11.22,4.083682008,-32.08174611,6.45298431,-30.39667,5.118592,-28.9,0,4.1,-32.08174611,6.45298431,-30.39667,5.118592,-1.68507611
Burke,RDC 308,Alaska,Ninespine stickleback,NST 359,2016,8,15,2016-08-15,69.99,-156.43,8.094,medium_doc,53,-33.22,11.34,4.983122363,-32.08174611,6.45298431,-30.39667,5.118592,-30.4,0,3.8,-32.08174611,6.45298431,-30.39667,5.118592,-1.68507611
Burke,RDC 308,Alaska,Ninespine stickleback,NST 365,2016,8,15,2016-08-15,69.99,-156.43,8.094,medium_doc,53,-33.45,9.68,5.592964824,-32.08174611,6.45298431,-30.39667,5.118592,-30.1,0,3.4,-32.08174611,6.45298431,-30.39667,5.118592,-1.68507611
Burke,RDC 308,Alaska,Ninespine stickleback,NST 351,2016,8,15,2016-08-15,69.99,-156.43,8.094,medium_doc,52,-30.11,12,3.549351944,-32.08174611,6.45298431,-30.39667,5.118592,-29,0,4.3,-32.08174611,6.45298431,-30.39667,5.118592,-1.68507611
Burke,RDC 308,Alaska,Ninespine stickleback,NST 357,2016,8,15,2016-08-15,69.99,-156.43,8.094,medium_doc,52,-34.76,10.06,6.294633078,-32.08174611,6.45298431,-30.39667,5.118592,-31,0.36,3.3,-32.08174611,6.45298431,-30.39667,5.118592,-1.68507611
Burke,RDC 308,Alaska,Ninespine stickleback,NST 362,2016,8,15,2016-08-15,69.99,-156.43,8.094,medium_doc,52,-30.2,12.23,3.641868512,-32.08174611,6.45298431,-30.39667,5.118592,-28.9,0,4.4,-32.08174611,6.45298431,-30.39667,5.118592,-1.68507611
Burke,RDC 308,Alaska,Ninespine stickleback,NST 367,2016,8,15,2016-08-15,69.99,-156.43,8.094,medium_doc,52,-30.38,12.02,3.216216216,-32.08174611,6.45298431,-30.39667,5.118592,-29.9,0,4.1,-32.08174611,6.45298431,-30.39667,5.118592,-1.68507611
Burke,RDC 308,Alaska,Ninespine stickleback,NST 341,2016,8,15,2016-08-15,69.99,-156.43,8.094,medium_doc,51,-30.24,11.82,4.061662198,-32.08174611,6.45298431,-30.39667,5.118592,-28.4,0,4.4,-32.08174611,6.45298431,-30.39667,5.118592,-1.68507611
Burke,RDC 308,Alaska,Ninespine stickleback,NST 360,2016,8,15,2016-08-15,69.99,-156.43,8.094,medium_doc,51,-29.8,12.02,3.57675244,-32.08174611,6.45298431,-30.39667,5.118592,-28.6,0,4.4,-32.08174611,6.45298431,-30.39667,5.118592,-1.68507611
Burke,RDC 308,Alaska,Ninespine stickleback,NST 374,2016,8,15,2016-08-15,69.99,-156.43,8.094,medium_doc,51,-30.4,12.24,3.724939856,-32.08174611,6.45298431,-30.39667,5.118592,-29,0,4.4,-32.08174611,6.45298431,-30.39667,5.118592,-1.68507611
Burke,RDC 308,Alaska,Ninespine stickleback,NST 343,2016,8,15,2016-08-15,69.99,-156.43,8.094,medium_doc,50,-30.11,12.23,3.456609895,-32.08174611,6.45298431,-30.39667,5.118592,-29.2,0,4.4,-32.08174611,6.45298431,-30.39667,5.118592,-1.68507611
Burke,RDC 308,Alaska,Ninespine stickleback,NST 364,2016,8,15,2016-08-15,69.99,-156.43,8.094,medium_doc,50,-33.31,9.32,5.221774194,-32.08174611,6.45298431,-30.39667,5.118592,-30.3,0,3.3,-32.08174611,6.45298431,-30.39667,5.118592,-1.68507611
Burke,RDC 308,Alaska,Ninespine stickleback,NST 370,2016,8,15,2016-08-15,69.99,-156.43,8.094,medium_doc,50,-30.52,11.71,3.229636049,-32.08174611,6.45298431,-30.39667,5.118592,-30,0,4,-32.08174611,6.45298431,-30.39667,5.118592,-1.68507611
Burke,RDC 308,Alaska,Ninespine stickleback,NST 348,2016,8,15,2016-08-15,69.99,-156.43,8.094,medium_doc,49,-30.93,12.6,3.395501406,-32.08174611,6.45298431,-30.39667,5.118592,-30.1,0,4.3,-32.08174611,6.45298431,-30.39667,5.118592,-1.68507611
Burke,RDC 308,Alaska,Ninespine stickleback,NST 375,2016,8,15,2016-08-15,69.99,-156.43,8.094,medium_doc,49,-30.31,11.65,3.545454545,-32.08174611,6.45298431,-30.39667,5.118592,-29.2,0,4.2,-32.08174611,6.45298431,-30.39667,5.118592,-1.68507611
Burke,RDC 308,Alaska,Ninespine stickleback,NST 347,2016,8,15,2016-08-15,69.99,-156.43,8.094,medium_doc,48,-30.07,12.14,3.384615385,-32.08174611,6.45298431,-30.39667,5.118592,-29.3,0,4.3,-32.08174611,6.45298431,-30.39667,5.118592,-1.68507611
Burke,RDC 308,Alaska,Ninespine stickleback,NST 377,2016,8,15,2016-08-15,69.99,-156.43,8.094,medium_doc,45,-32.39,10.6,4.150732127,-32.08174611,6.45298431,-30.39667,5.118592,-30.4,0,3.6,-32.08174611,6.45298431,-30.39667,5.118592,-1.68507611
Burke,RDC 308,Alaska,Ninespine stickleback,NST 371,2016,8,15,2016-08-15,69.99,-156.43,8.094,medium_doc,44,-33.08,10.14,4.129757785,-32.08174611,6.45298431,-30.39667,5.118592,-31.1,0.42,3.3,-32.08174611,6.45298431,-30.39667,5.118592,-1.68507611
Burke,RDC 308,Alaska,Ninespine stickleback,NST 363,2016,8,15,2016-08-15,69.99,-156.43,8.094,medium_doc,42,-31.96,10.12,4.916492693,-32.08174611,6.45298431,-30.39667,5.118592,-29.2,0,3.7,-32.08174611,6.45298431,-30.39667,5.118592,-1.68507611
Burke,RDC 308,Alaska,Ninespine stickleback,NST 369,2016,8,15,2016-08-15,69.99,-156.43,8.094,medium_doc,42,-31.42,10.76,4.329877474,-32.08174611,6.45298431,-30.39667,5.118592,-29.2,0,3.9,-32.08174611,6.45298431,-30.39667,5.118592,-1.68507611
Burke,RDC 308,Alaska,Ninespine stickleback,NST 358,2016,8,15,2016-08-15,69.99,-156.43,8.094,medium_doc,40,-30.81,10.09,3.82513181,-32.08174611,6.45298431,-30.39667,5.118592,-29.3,0,3.7,-32.08174611,6.45298431,-30.39667,5.118592,-1.68507611
Burke,RDC 311,Alaska,Ninespine stickleback,NST 12,2016,8,15,2016-08-15,70,-156.69,5.99,medium_doc,68,-30.34,10.97,5.080160321,-30.79009573,4.195070551,-28.39433,3.421576,-27.4,0,4.3,-30.79009573,4.195070551,-28.39433,3.421576,-2.39576573
Burke,RDC 311,Alaska,Ninespine stickleback,NST 40,2016,8,15,2016-08-15,70,-156.69,5.99,medium_doc,67,-30.31,11.47,5.015353122,-30.79009573,4.195070551,-28.39433,3.421576,-27.4,0,4.5,-30.79009573,4.195070551,-28.39433,3.421576,-2.39576573
Burke,RDC 311,Alaska,Ninespine stickleback,NST 14,2016,8,15,2016-08-15,70,-156.69,5.99,medium_doc,65,-29.16,11.8,3.297079557,-30.79009573,4.195070551,-28.39433,3.421576,-28.5,0.04,4.5,-30.79009573,4.195070551,-28.39433,3.421576,-2.39576573
Burke,RDC 311,Alaska,Ninespine stickleback,NST 24,2016,8,15,2016-08-15,70,-156.69,5.99,medium_doc,65,-28.91,11.32,4.213085765,-30.79009573,4.195070551,-28.39433,3.421576,-26.9,0,4.5,-30.79009573,4.195070551,-28.39433,3.421576,-2.39576573
Burke,RDC 311,Alaska,Ninespine stickleback,NST 32,2016,8,15,2016-08-15,70,-156.69,5.99,medium_doc,65,-29.84,11.55,3.623918175,-30.79009573,4.195070551,-28.39433,3.421576,-28.6,0.09,4.4,-30.79009573,4.195070551,-28.39433,3.421576,-2.39576573
Burke,RDC 311,Alaska,Ninespine stickleback,NST 38,2016,8,15,2016-08-15,70,-156.69,5.99,medium_doc,65,-30.33,11.87,4.666334661,-30.79009573,4.195070551,-28.39433,3.421576,-27.8,0,4.5,-30.79009573,4.195070551,-28.39433,3.421576,-2.39576573
Burke,RDC 311,Alaska,Ninespine stickleback,NST 10,2016,8,15,2016-08-15,70,-156.69,5.99,medium_doc,63,-29.35,10.66,3.475336323,-30.79009573,4.195070551,-28.39433,3.421576,-28.4,0,4.1,-30.79009573,4.195070551,-28.39433,3.421576,-2.39576573
Burke,RDC 311,Alaska,Ninespine stickleback,NST 4,2016,8,15,2016-08-15,70,-156.69,5.99,medium_doc,62,-29.4,11.96,3.846615253,-30.79009573,4.195070551,-28.39433,3.421576,-27.8,0,4.6,-30.79009573,4.195070551,-28.39433,3.421576,-2.39576573
Burke,RDC 311,Alaska,Ninespine stickleback,NST 49,2016,8,15,2016-08-15,70,-156.69,5.99,medium_doc,62,-29.47,11.94,3.368503937,-30.79009573,4.195070551,-28.39433,3.421576,-28.7,0.13,4.5,-30.79009573,4.195070551,-28.39433,3.421576,-2.39576573
Burke,RDC 311,Alaska,Ninespine stickleback,NST 22,2016,8,15,2016-08-15,70,-156.69,5.99,medium_doc,61,-29.88,9.33,4.156491831,-30.79009573,4.195070551,-28.39433,3.421576,-27.9,0,3.8,-30.79009573,4.195070551,-28.39433,3.421576,-2.39576573
Burke,RDC 311,Alaska,Ninespine stickleback,NST 17,2016,8,15,2016-08-15,70,-156.69,5.99,medium_doc,59,-29.54,11.66,3.537539936,-30.79009573,4.195070551,-28.39433,3.421576,-28.5,0.04,4.4,-30.79009573,4.195070551,-28.39433,3.421576,-2.39576573
Burke,RDC 311,Alaska,Ninespine stickleback,NST 29,2016,8,15,2016-08-15,70,-156.69,5.99,medium_doc,59,-30,10.2,3.814586995,-30.79009573,4.195070551,-28.39433,3.421576,-28.5,0.04,4,-30.79009573,4.195070551,-28.39433,3.421576,-2.39576573
Burke,RDC 311,Alaska,Ninespine stickleback,NST 35,2016,8,15,2016-08-15,70,-156.69,5.99,medium_doc,59,-29.95,11.62,4.03307888,-30.79009573,4.195070551,-28.39433,3.421576,-28.1,0,4.4,-30.79009573,4.195070551,-28.39433,3.421576,-2.39576573
Burke,RDC 311,Alaska,Ninespine stickleback,NST 1,2016,8,15,2016-08-15,70,-156.69,5.99,medium_doc,59,-27.67,10.58,3.426910299,-30.79009573,4.195070551,-28.39433,3.421576,-26.8,0,4.3,-30.79009573,4.195070551,-28.39433,3.421576,-2.39576573
Burke,RDC 311,Alaska,Ninespine stickleback,NST 21,2016,8,15,2016-08-15,70,-156.69,5.99,medium_doc,58,-29.9,9.55,4.417127072,-30.79009573,4.195070551,-28.39433,3.421576,-27.6,0,3.9,-30.79009573,4.195070551,-28.39433,3.421576,-2.39576573
Burke,RDC 311,Alaska,Ninespine stickleback,NST 42,2016,8,15,2016-08-15,70,-156.69,5.99,medium_doc,58,-30.61,12.29,3.585106383,-30.79009573,4.195070551,-28.39433,3.421576,-29.4,0.42,4.5,-30.79009573,4.195070551,-28.39433,3.421576,-2.39576573
Burke,RDC 311,Alaska,Ninespine stickleback,NST 48,2016,8,15,2016-08-15,70,-156.69,5.99,medium_doc,58,-30.34,11.37,5.07992008,-30.79009573,4.195070551,-28.39433,3.421576,-27.4,0,4.4,-30.79009573,4.195070551,-28.39433,3.421576,-2.39576573
Burke,RDC 311,Alaska,Ninespine stickleback,NST 11,2016,8,15,2016-08-15,70,-156.69,5.99,medium_doc,57,-30.29,10.89,4.62704918,-30.79009573,4.195070551,-28.39433,3.421576,-27.8,0,4.3,-30.79009573,4.195070551,-28.39433,3.421576,-2.39576573
Burke,RDC 311,Alaska,Ninespine stickleback,NST 18,2016,8,15,2016-08-15,70,-156.69,5.99,medium_doc,57,-30.13,10.69,4.168250951,-30.79009573,4.195070551,-28.39433,3.421576,-28.1,0,4.2,-30.79009573,4.195070551,-28.39433,3.421576,-2.39576573
Burke,RDC 311,Alaska,Ninespine stickleback,NST 26,2016,8,15,2016-08-15,70,-156.69,5.99,medium_doc,57,-28.91,10.81,3.61722488,-30.79009573,4.195070551,-28.39433,3.421576,-27.7,0,4.2,-30.79009573,4.195070551,-28.39433,3.421576,-2.39576573
Burke,RDC 311,Alaska,Ninespine stickleback,NST 33,2016,8,15,2016-08-15,70,-156.69,5.99,medium_doc,56,-30.05,12.61,4.175295186,-30.79009573,4.195070551,-28.39433,3.421576,-28,0,4.7,-30.79009573,4.195070551,-28.39433,3.421576,-2.39576573
Burke,RDC 311,Alaska,Ninespine stickleback,NST 34,2016,8,15,2016-08-15,70,-156.69,5.99,medium_doc,56,-29.5,12.43,3.251706485,-30.79009573,4.195070551,-28.39433,3.421576,-28.9,0.21,4.6,-30.79009573,4.195070551,-28.39433,3.421576,-2.39576573
Burke,RDC 311,Alaska,Ninespine stickleback,NST 50,2016,8,15,2016-08-15,70,-156.69,5.99,medium_doc,56,-30.17,11.13,4.345646438,-30.79009573,4.195070551,-28.39433,3.421576,-28,0,4.3,-30.79009573,4.195070551,-28.39433,3.421576,-2.39576573
Burke,RDC 311,Alaska,Ninespine stickleback,NST 8,2016,8,15,2016-08-15,70,-156.69,5.99,medium_doc,56,-30.33,12.74,4.067101584,-30.79009573,4.195070551,-28.39433,3.421576,-28.5,0.04,4.7,-30.79009573,4.195070551,-28.39433,3.421576,-2.39576573
Burke,RDC 311,Alaska,Ninespine stickleback,NST 20,2016,8,15,2016-08-15,70,-156.69,5.99,medium_doc,55,-31.5,11.32,5.507543103,-30.79009573,4.195070551,-28.39433,3.421576,-28.3,0,4.3,-30.79009573,4.195070551,-28.39433,3.421576,-2.39576573
Burke,RDC 311,Alaska,Ninespine stickleback,NST 28,2016,8,15,2016-08-15,70,-156.69,5.99,medium_doc,55,-28.98,11.78,3.571917808,-30.79009573,4.195070551,-28.39433,3.421576,-27.8,0,4.5,-30.79009573,4.195070551,-28.39433,3.421576,-2.39576573
Burke,RDC 311,Alaska,Ninespine stickleback,NST 37,2016,8,15,2016-08-15,70,-156.69,5.99,medium_doc,55,-30.6,11.54,4.005008347,-30.79009573,4.195070551,-28.39433,3.421576,-28.8,0.17,4.3,-30.79009573,4.195070551,-28.39433,3.421576,-2.39576573
Burke,RDC 311,Alaska,Ninespine stickleback,NST 41,2016,8,15,2016-08-15,70,-156.69,5.99,medium_doc,55,-28.79,11.52,3.476821192,-30.79009573,4.195070551,-28.39433,3.421576,-27.8,0,4.4,-30.79009573,4.195070551,-28.39433,3.421576,-2.39576573
Burke,RDC 311,Alaska,Ninespine stickleback,NST 44,2016,8,15,2016-08-15,70,-156.69,5.99,medium_doc,55,-30.53,11.01,4.392586352,-30.79009573,4.195070551,-28.39433,3.421576,-28.3,0,4.2,-30.79009573,4.195070551,-28.39433,3.421576,-2.39576573
Burke,RDC 311,Alaska,Ninespine stickleback,NST 47,2016,8,15,2016-08-15,70,-156.69,5.99,medium_doc,55,-29.49,9.9,4.341463415,-30.79009573,4.195070551,-28.39433,3.421576,-27.3,0,4,-30.79009573,4.195070551,-28.39433,3.421576,-2.39576573
Burke,RDC 311,Alaska,Ninespine stickleback,NST 7,2016,8,15,2016-08-15,70,-156.69,5.99,medium_doc,55,-31.16,10.07,4.737657309,-30.79009573,4.195070551,-28.39433,3.421576,-28.5,0.04,3.9,-30.79009573,4.195070551,-28.39433,3.421576,-2.39576573
Burke,RDC 311,Alaska,Ninespine stickleback,NST 13,2016,8,15,2016-08-15,70,-156.69,5.99,medium_doc,54,-29.29,12.51,3.30399348,-30.79009573,4.195070551,-28.39433,3.421576,-28.6,0.09,4.7,-30.79009573,4.195070551,-28.39433,3.421576,-2.39576573
Burke,RDC 311,Alaska,Ninespine stickleback,NST 25,2016,8,15,2016-08-15,70,-156.69,5.99,medium_doc,54,-28.29,11.21,3.387288136,-30.79009573,4.195070551,-28.39433,3.421576,-27.5,0,4.4,-30.79009573,4.195070551,-28.39433,3.421576,-2.39576573
Burke,RDC 311,Alaska,Ninespine stickleback,NST 31,2016,8,15,2016-08-15,70,-156.69,5.99,medium_doc,54,-30.03,11.3,4.653266332,-30.79009573,4.195070551,-28.39433,3.421576,-27.5,0,4.4,-30.79009573,4.195070551,-28.39433,3.421576,-2.39576573
Burke,RDC 311,Alaska,Ninespine stickleback,NST 46,2016,8,15,2016-08-15,70,-156.69,5.99,medium_doc,54,-30.58,10.92,4.7112195120000004,-30.79009573,4.195070551,-28.39433,3.421576,-28,0,4.2,-30.79009573,4.195070551,-28.39433,3.421576,-2.39576573
Burke,RDC 311,Alaska,Ninespine stickleback,NST 15,2016,8,15,2016-08-15,70,-156.69,5.99,medium_doc,53,-29.23,11.19,3.600446429,-30.79009573,4.195070551,-28.39433,3.421576,-28,0,4.3,-30.79009573,4.195070551,-28.39433,3.421576,-2.39576573
Burke,RDC 311,Alaska,Ninespine stickleback,NST 16,2016,8,15,2016-08-15,70,-156.69,5.99,medium_doc,53,-30.61,10.02,4.703883495,-30.79009573,4.195070551,-28.39433,3.421576,-28,0,4,-30.79009573,4.195070551,-28.39433,3.421576,-2.39576573
Burke,RDC 311,Alaska,Ninespine stickleback,NST 30,2016,8,15,2016-08-15,70,-156.69,5.99,medium_doc,53,-32.04,8.92,4.495519713,-30.79009573,4.195070551,-28.39433,3.421576,-29.7,0.54,3.5,-30.79009573,4.195070551,-28.39433,3.421576,-2.39576573
Burke,RDC 311,Alaska,Ninespine stickleback,NST 6,2016,8,15,2016-08-15,70,-156.69,5.99,medium_doc,53,-29.43,10.37,3.520918786,-30.79009573,4.195070551,-28.39433,3.421576,-28.4,0,4,-30.79009573,4.195070551,-28.39433,3.421576,-2.39576573
Burke,RDC 311,Alaska,Ninespine stickleback,NST 23,2016,8,15,2016-08-15,70,-156.69,5.99,medium_doc,52,-29.94,11.24,3.86453202,-30.79009573,4.195070551,-28.39433,3.421576,-28.3,0,4.3,-30.79009573,4.195070551,-28.39433,3.421576,-2.39576573
Burke,RDC 311,Alaska,Ninespine stickleback,NST 5,2016,8,15,2016-08-15,70,-156.69,5.99,medium_doc,52,-29.45,10.45,3.80878553,-30.79009573,4.195070551,-28.39433,3.421576,-27.9,0,4.1,-30.79009573,4.195070551,-28.39433,3.421576,-2.39576573
Burke,RDC 311,Alaska,Ninespine stickleback,NST 9,2016,8,15,2016-08-15,70,-156.69,5.99,medium_doc,52,-28.89,11.38,3.943037975,-30.79009573,4.195070551,-28.39433,3.421576,-27.2,0,4.5,-30.79009573,4.195070551,-28.39433,3.421576,-2.39576573
Burke,RDC 311,Alaska,Ninespine stickleback,NST 2,2016,8,15,2016-08-15,70,-156.69,5.99,medium_doc,52,-30.03,11.55,4.216831683,-30.79009573,4.195070551,-28.39433,3.421576,-28,0,4.4,-30.79009573,4.195070551,-28.39433,3.421576,-2.39576573
Burke,RDC 311,Alaska,Ninespine stickleback,NST 45,2016,8,15,2016-08-15,70,-156.69,5.99,medium_doc,50,-31.18,10.49,5.404026846,-30.79009573,4.195070551,-28.39433,3.421576,-28,0,4.1,-30.79009573,4.195070551,-28.39433,3.421576,-2.39576573
Burke,RDC 311,Alaska,Ninespine stickleback,NST 36,2016,8,15,2016-08-15,70,-156.69,5.99,medium_doc,47,-29.65,9.98,4.326315789,-30.79009573,4.195070551,-28.39433,3.421576,-27.5,0,4,-30.79009573,4.195070551,-28.39433,3.421576,-2.39576573
Burke,RDC 311,Alaska,Ninespine stickleback,NST 27,2016,8,15,2016-08-15,70,-156.69,5.99,medium_doc,44,-30.37,11.22,4.428707224,-30.79009573,4.195070551,-28.39433,3.421576,-28.1,0,4.3,-30.79009573,4.195070551,-28.39433,3.421576,-2.39576573
Burke,RDC 311,Alaska,Ninespine stickleback,NST 19,2016,8,15,2016-08-15,70,-156.69,5.99,medium_doc,43,-30.16,11.41,4.298181818,-30.79009573,4.195070551,-28.39433,3.421576,-28,0,4.4,-30.79009573,4.195070551,-28.39433,3.421576,-2.39576573
Burke,ATQ 201,Alaska,Ninespine stickleback,NST 104,2016,8,15,2016-08-15,70.33,-156.81,4.87,low_doc,73,-25.71,12.08,3.893345488,-28.13271917,8.372273738,-25.43,6.53,-24.1,0,3.9,-28.13271917,8.372273738,-25.43,6.53,-2.70271917
Burke,ATQ 201,Alaska,Ninespine stickleback,NST 106,2016,8,15,2016-08-15,70.33,-156.81,4.87,low_doc,68,-27.45,11.71,4.304718218,-28.13271917,8.372273738,-25.43,6.53,-25.3,0,3.6,-28.13271917,8.372273738,-25.43,6.53,-2.70271917
Burke,ATQ 201,Alaska,Ninespine stickleback,NST 113,2016,8,15,2016-08-15,70.33,-156.81,4.87,low_doc,68,-27.43,12.69,4.361284567,-28.13271917,8.372273738,-25.43,6.53,-25.2,0,3.9,-28.13271917,8.372273738,-25.43,6.53,-2.70271917
Burke,ATQ 201,Alaska,Ninespine stickleback,NST 137,2016,8,15,2016-08-15,70.33,-156.81,4.87,low_doc,68,-26.09,11.63,3.819432502,-28.13271917,8.372273738,-25.43,6.53,-24.6,0,3.7,-28.13271917,8.372273738,-25.43,6.53,-2.70271917
Burke,ATQ 201,Alaska,Ninespine stickleback,NST 108,2016,8,15,2016-08-15,70.33,-156.81,4.87,low_doc,65,-27.46,11.61,5.605648536,-28.13271917,8.372273738,-25.43,6.53,-24.1,0,3.8,-28.13271917,8.372273738,-25.43,6.53,-2.70271917
Burke,ATQ 201,Alaska,Ninespine stickleback,NST 117,2016,8,15,2016-08-15,70.33,-156.81,4.87,low_doc,65,-26.3,12.49,4.093370682,-28.13271917,8.372273738,-25.43,6.53,-24.4,0,4,-28.13271917,8.372273738,-25.43,6.53,-2.70271917
Burke,ATQ 201,Alaska,Ninespine stickleback,NST 127,2016,8,15,2016-08-15,70.33,-156.81,4.87,low_doc,65,-27.52,12.63,4.041474654,-28.13271917,8.372273738,-25.43,6.53,-25.7,0.1,3.7,-28.13271917,8.372273738,-25.43,6.53,-2.70271917
Burke,ATQ 201,Alaska,Ninespine stickleback,NST 107,2016,8,15,2016-08-15,70.33,-156.81,4.87,low_doc,63,-27.97,12.65,4.857719475,-28.13271917,8.372273738,-25.43,6.53,-25.2,0,3.8,-28.13271917,8.372273738,-25.43,6.53,-2.70271917
Burke,ATQ 201,Alaska,Ninespine stickleback,NST 105,2016,8,15,2016-08-15,70.33,-156.81,4.87,low_doc,62,-24.99,12.58,3.766787659,-28.13271917,8.372273738,-25.43,6.53,-23.5,0,4.2,-28.13271917,8.372273738,-25.43,6.53,-2.70271917
Burke,ATQ 201,Alaska,Ninespine stickleback,NST 123,2016,8,15,2016-08-15,70.33,-156.81,4.87,low_doc,62,-25.22,12.48,4.411545624,-28.13271917,8.372273738,-25.43,6.53,-22.9,0,4.3,-28.13271917,8.372273738,-25.43,6.53,-2.70271917
Burke,ATQ 201,Alaska,Ninespine stickleback,NST 131,2016,8,15,2016-08-15,70.33,-156.81,4.87,low_doc,62,-26.07,12.11,3.972321429,-28.13271917,8.372273738,-25.43,6.53,-24.3,0,3.9,-28.13271917,8.372273738,-25.43,6.53,-2.70271917
Burke,ATQ 201,Alaska,Ninespine stickleback,NST 140,2016,8,15,2016-08-15,70.33,-156.81,4.87,low_doc,62,-25.89,12.29,3.987623762,-28.13271917,8.372273738,-25.43,6.53,-24.1,0,4,-28.13271917,8.372273738,-25.43,6.53,-2.70271917
Burke,ATQ 201,Alaska,Ninespine stickleback,NST 116,2016,8,15,2016-08-15,70.33,-156.81,4.87,low_doc,60,-25.33,12.54,3.824159021,-28.13271917,8.372273738,-25.43,6.53,-23.8,0,4.1,-28.13271917,8.372273738,-25.43,6.53,-2.70271917
Burke,ATQ 201,Alaska,Ninespine stickleback,NST 132,2016,8,15,2016-08-15,70.33,-156.81,4.87,low_doc,60,-25.49,11.9,3.497621313,-28.13271917,8.372273738,-25.43,6.53,-24.5,0,3.8,-28.13271917,8.372273738,-25.43,6.53,-2.70271917
Burke,ATQ 201,Alaska,Ninespine stickleback,NST 109,2016,8,15,2016-08-15,70.33,-156.81,4.87,low_doc,59,-26.15,12.04,4.092924126,-28.13271917,8.372273738,-25.43,6.53,-24.2,0,3.9,-28.13271917,8.372273738,-25.43,6.53,-2.70271917
Burke,ATQ 201,Alaska,Ninespine stickleback,NST 115,2016,8,15,2016-08-15,70.33,-156.81,4.87,low_doc,59,-27.55,12.15,3.930498774,-28.13271917,8.372273738,-25.43,6.53,-25.9,0.17,3.6,-28.13271917,8.372273738,-25.43,6.53,-2.70271917
Burke,ATQ 201,Alaska,Ninespine stickleback,NST 143,2016,8,15,2016-08-15,70.33,-156.81,4.87,low_doc,59,-26.73,12.73,4.101722724,-28.13271917,8.372273738,-25.43,6.53,-24.8,0,3.9,-28.13271917,8.372273738,-25.43,6.53,-2.70271917
Burke,ATQ 201,Alaska,Ninespine stickleback,NST 118,2016,8,15,2016-08-15,70.33,-156.81,4.87,low_doc,58,-26.28,12.79,4.822736031,-28.13271917,8.372273738,-25.43,6.53,-23.6,0,4.2,-28.13271917,8.372273738,-25.43,6.53,-2.70271917
Burke,ATQ 201,Alaska,Ninespine stickleback,NST 126,2016,8,15,2016-08-15,70.33,-156.81,4.87,low_doc,58,-26.62,12.16,4.106969206,-28.13271917,8.372273738,-25.43,6.53,-24.7,0,3.8,-28.13271917,8.372273738,-25.43,6.53,-2.70271917
Burke,ATQ 201,Alaska,Ninespine stickleback,NST 130,2016,8,15,2016-08-15,70.33,-156.81,4.87,low_doc,58,-25.67,12.34,4.466908432,-28.13271917,8.372273738,-25.43,6.53,-23.3,0,4.1,-28.13271917,8.372273738,-25.43,6.53,-2.70271917
Burke,ATQ 201,Alaska,Ninespine stickleback,NST 112,2016,8,15,2016-08-15,70.33,-156.81,4.87,low_doc,57,-26.26,12.16,4.641963426,-28.13271917,8.372273738,-25.43,6.53,-23.7,0,4,-28.13271917,8.372273738,-25.43,6.53,-2.70271917
Burke,ATQ 201,Alaska,Ninespine stickleback,NST 114,2016,8,15,2016-08-15,70.33,-156.81,4.87,low_doc,57,-26.31,12.1,3.883386581,-28.13271917,8.372273738,-25.43,6.53,-24.7,0,3.8,-28.13271917,8.372273738,-25.43,6.53,-2.70271917
Burke,ATQ 201,Alaska,Ninespine stickleback,NST 119,2016,8,15,2016-08-15,70.33,-156.81,4.87,low_doc,57,-25.68,13.14,4.2971078,-28.13271917,8.372273738,-25.43,6.53,-23.5,0,4.3,-28.13271917,8.372273738,-25.43,6.53,-2.70271917
Burke,ATQ 201,Alaska,Ninespine stickleback,NST 134,2016,8,15,2016-08-15,70.33,-156.81,4.87,low_doc,57,-25.69,13.37,4.008086253,-28.13271917,8.372273738,-25.43,6.53,-23.9,0,4.3,-28.13271917,8.372273738,-25.43,6.53,-2.70271917
Burke,ATQ 201,Alaska,Ninespine stickleback,NST 138,2016,8,15,2016-08-15,70.33,-156.81,4.87,low_doc,57,-25.13,13.24,3.99378882,-28.13271917,8.372273738,-25.43,6.53,-23.3,0,4.4,-28.13271917,8.372273738,-25.43,6.53,-2.70271917
Burke,ATQ 201,Alaska,Ninespine stickleback,NST 148,2016,8,15,2016-08-15,70.33,-156.81,4.87,low_doc,57,-26.46,12.74,3.91118702,-28.13271917,8.372273738,-25.43,6.53,-24.8,0,4,-28.13271917,8.372273738,-25.43,6.53,-2.70271917
Burke,ATQ 201,Alaska,Ninespine stickleback,NST 121,2016,8,15,2016-08-15,70.33,-156.81,4.87,low_doc,56,-25.72,12.43,4.338087248,-28.13271917,8.372273738,-25.43,6.53,-23.5,0,4.1,-28.13271917,8.372273738,-25.43,6.53,-2.70271917
Burke,ATQ 201,Alaska,Ninespine stickleback,NST 128,2016,8,15,2016-08-15,70.33,-156.81,4.87,low_doc,56,-26.81,12.99,4.081730769,-28.13271917,8.372273738,-25.43,6.53,-24.9,0,4,-28.13271917,8.372273738,-25.43,6.53,-2.70271917
Burke,ATQ 201,Alaska,Ninespine stickleback,NST 129,2016,8,15,2016-08-15,70.33,-156.81,4.87,low_doc,56,-27.16,12.05,4.893360161,-28.13271917,8.372273738,-25.43,6.53,-24.4,0,3.8,-28.13271917,8.372273738,-25.43,6.53,-2.70271917
Burke,ATQ 201,Alaska,Ninespine stickleback,NST 144,2016,8,15,2016-08-15,70.33,-156.81,4.87,low_doc,56,-25.48,12.42,4.339606501,-28.13271917,8.372273738,-25.43,6.53,-23.3,0,4.2,-28.13271917,8.372273738,-25.43,6.53,-2.70271917
Burke,ATQ 201,Alaska,Ninespine stickleback,NST 122,2016,8,15,2016-08-15,70.33,-156.81,4.87,low_doc,55,-26.39,12.66,4.250800427,-28.13271917,8.372273738,-25.43,6.53,-24.3,0,4,-28.13271917,8.372273738,-25.43,6.53,-2.70271917
Burke,ATQ 201,Alaska,Ninespine stickleback,NST 135,2016,8,15,2016-08-15,70.33,-156.81,4.87,low_doc,55,-25.31,13.32,4.308243728,-28.13271917,8.372273738,-25.43,6.53,-23.1,0,4.5,-28.13271917,8.372273738,-25.43,6.53,-2.70271917
Burke,ATQ 201,Alaska,Ninespine stickleback,NST 151,2016,8,15,2016-08-15,70.33,-156.81,4.87,low_doc,55,-26.21,11.54,4.212255773,-28.13271917,8.372273738,-25.43,6.53,-24.2,0,3.7,-28.13271917,8.372273738,-25.43,6.53,-2.70271917
Burke,ATQ 201,Alaska,Ninespine stickleback,NST 110,2016,8,15,2016-08-15,70.33,-156.81,4.87,low_doc,54,-25.05,12.52,3.506514658,-28.13271917,8.372273738,-25.43,6.53,-24,0,4,-28.13271917,8.372273738,-25.43,6.53,-2.70271917
Burke,ATQ 201,Alaska,Ninespine stickleback,NST 111,2016,8,15,2016-08-15,70.33,-156.81,4.87,low_doc,54,-26.78,12.49,3.944352159,-28.13271917,8.372273738,-25.43,6.53,-25.1,0,3.8,-28.13271917,8.372273738,-25.43,6.53,-2.70271917
Burke,ATQ 201,Alaska,Ninespine stickleback,NST 133,2016,8,15,2016-08-15,70.33,-156.81,4.87,low_doc,54,-25.22,12.57,4.037294016,-28.13271917,8.372273738,-25.43,6.53,-23.4,0,4.2,-28.13271917,8.372273738,-25.43,6.53,-2.70271917
Burke,ATQ 201,Alaska,Ninespine stickleback,NST 141,2016,8,15,2016-08-15,70.33,-156.81,4.87,low_doc,54,-26.12,12.44,3.905861456,-28.13271917,8.372273738,-25.43,6.53,-24.5,0,3.9,-28.13271917,8.372273738,-25.43,6.53,-2.70271917
Burke,ATQ 201,Alaska,Ninespine stickleback,NST 147,2016,8,15,2016-08-15,70.33,-156.81,4.87,low_doc,54,-26.88,12.41,5.064638783,-28.13271917,8.372273738,-25.43,6.53,-24,0,4,-28.13271917,8.372273738,-25.43,6.53,-2.70271917
Burke,ATQ 201,Alaska,Ninespine stickleback,NST 153,2016,8,15,2016-08-15,70.33,-156.81,4.87,low_doc,54,-27.38,12.44,4.864811133,-28.13271917,8.372273738,-25.43,6.53,-24.6,0,3.9,-28.13271917,8.372273738,-25.43,6.53,-2.70271917
Burke,ATQ 201,Alaska,Ninespine stickleback,NST 120,2016,8,15,2016-08-15,70.33,-156.81,4.87,low_doc,53,-24.95,12.77,3.824420677,-28.13271917,8.372273738,-25.43,6.53,-23.4,0,4.2,-28.13271917,8.372273738,-25.43,6.53,-2.70271917
Burke,ATQ 201,Alaska,Ninespine stickleback,NST 146,2016,8,15,2016-08-15,70.33,-156.81,4.87,low_doc,53,-27.28,12.44,4.312340426,-28.13271917,8.372273738,-25.43,6.53,-25.1,0,3.8,-28.13271917,8.372273738,-25.43,6.53,-2.70271917
Burke,ATQ 201,Alaska,Ninespine stickleback,NST 152,2016,8,15,2016-08-15,70.33,-156.81,4.87,low_doc,53,-26.65,12.95,4.171974522,-28.13271917,8.372273738,-25.43,6.53,-24.6,0,4.1,-28.13271917,8.372273738,-25.43,6.53,-2.70271917
Burke,ATQ 201,Alaska,Ninespine stickleback,NST 149,2016,8,15,2016-08-15,70.33,-156.81,4.87,low_doc,52,-25.95,12.35,3.96434635,-28.13271917,8.372273738,-25.43,6.53,-24.2,0,4,-28.13271917,8.372273738,-25.43,6.53,-2.70271917
Burke,ATQ 201,Alaska,Ninespine stickleback,NST 136,2016,8,15,2016-08-15,70.33,-156.81,4.87,low_doc,51,-26.57,12.41,3.771929825,-28.13271917,8.372273738,-25.43,6.53,-25.1,0,3.8,-28.13271917,8.372273738,-25.43,6.53,-2.70271917
Burke,ATQ 201,Alaska,Ninespine stickleback,NST 142,2016,8,15,2016-08-15,70.33,-156.81,4.87,low_doc,51,-25.06,12.52,4.221456693,-28.13271917,8.372273738,-25.43,6.53,-23,0,4.2,-28.13271917,8.372273738,-25.43,6.53,-2.70271917
Burke,ATQ 201,Alaska,Ninespine stickleback,NST 145,2016,8,15,2016-08-15,70.33,-156.81,4.87,low_doc,51,-27.27,10.48,4.54787234,-28.13271917,8.372273738,-25.43,6.53,-24.8,0,3.3,-28.13271917,8.372273738,-25.43,6.53,-2.70271917
Burke,ATQ 201,Alaska,Ninespine stickleback,NST 124,2016,8,15,2016-08-15,70.33,-156.81,4.87,low_doc,50,-24.99,13.11,3.768149883,-28.13271917,8.372273738,-25.43,6.53,-23.5,0,4.3,-28.13271917,8.372273738,-25.43,6.53,-2.70271917
Burke,ATQ 201,Alaska,Ninespine stickleback,NST 150,2016,8,15,2016-08-15,70.33,-156.81,4.87,low_doc,49,-26.55,11.77,4.208487085,-28.13271917,8.372273738,-25.43,6.53,-24.5,0,3.7,-28.13271917,8.372273738,-25.43,6.53,-2.70271917
Burke,ATQ 201,Alaska,Ninespine stickleback,NST 139,2016,8,15,2016-08-15,70.33,-156.81,4.87,low_doc,48,-27.2,12.3,4.766393443,-28.13271917,8.372273738,-25.43,6.53,-24.6,0,3.9,-28.13271917,8.372273738,-25.43,6.53,-2.70271917
Burke,ATQ 206,Alaska,Ninespine stickleback,NST 165,2016,8,15,2016-08-15,70.42,-156.981,4.166,low_doc,61,-29.75,9.59,5.712851406,-29.72659838,4.241270482,-24.38344,4.112084,-26.4,0.38,3.6,-29.72659838,4.241270482,-24.38344,4.112084,-5.34315838
Burke,ATQ 206,Alaska,Ninespine stickleback,NST 195,2016,8,15,2016-08-15,70.42,-156.981,4.166,low_doc,60,-29.27,9.62,4.903372835,-29.72659838,4.241270482,-24.38344,4.112084,-26.5,0.4,3.6,-29.72659838,4.241270482,-24.38344,4.112084,-5.34315838
Burke,ATQ 206,Alaska,Ninespine stickleback,NST 181,2016,8,15,2016-08-15,70.42,-156.981,4.166,low_doc,58,-29.6,10.32,4.3962818,-29.72659838,4.241270482,-24.38344,4.112084,-27.3,0.55,3.8,-29.72659838,4.241270482,-24.38344,4.112084,-5.34315838
Burke,ATQ 206,Alaska,Ninespine stickleback,NST 192,2016,8,15,2016-08-15,70.42,-156.981,4.166,low_doc,58,-29.46,10.15,4.832275612,-29.72659838,4.241270482,-24.38344,4.112084,-26.8,0.45,3.8,-29.72659838,4.241270482,-24.38344,4.112084,-5.34315838
Burke,ATQ 206,Alaska,Ninespine stickleback,NST 155,2016,8,15,2016-08-15,70.42,-156.981,4.166,low_doc,57,-29.12,10.14,4.763794773,-29.72659838,4.241270482,-24.38344,4.112084,-26.5,0.4,3.8,-29.72659838,4.241270482,-24.38344,4.112084,-5.34315838
Burke,ATQ 206,Alaska,Ninespine stickleback,NST 174,2016,8,15,2016-08-15,70.42,-156.981,4.166,low_doc,57,-29.59,9.45,5.574074074,-29.72659838,4.241270482,-24.38344,4.112084,-26.3,0.36,3.6,-29.72659838,4.241270482,-24.38344,4.112084,-5.34315838
Burke,ATQ 206,Alaska,Ninespine stickleback,NST 164,2016,8,15,2016-08-15,70.42,-156.981,4.166,low_doc,56,-30.26,9.74,5.125984252,-29.72659838,4.241270482,-24.38344,4.112084,-27.3,0.55,3.6,-29.72659838,4.241270482,-24.38344,4.112084,-5.34315838
Burke,ATQ 206,Alaska,Ninespine stickleback,NST 167,2016,8,15,2016-08-15,70.42,-156.981,4.166,low_doc,55,-27.48,9.89,3.720068906,-29.72659838,4.241270482,-24.38344,4.112084,-26.1,0.32,3.7,-29.72659838,4.241270482,-24.38344,4.112084,-5.34315838
Burke,ATQ 206,Alaska,Ninespine stickleback,NST 176,2016,8,15,2016-08-15,70.42,-156.981,4.166,low_doc,55,-29.79,8.88,4.57116451,-29.72659838,4.241270482,-24.38344,4.112084,-27.3,0.55,3.4,-29.72659838,4.241270482,-24.38344,4.112084,-5.34315838
Burke,ATQ 206,Alaska,Ninespine stickleback,NST 184,2016,8,15,2016-08-15,70.42,-156.981,4.166,low_doc,55,-28.71,9.59,4.401860465,-29.72659838,4.241270482,-24.38344,4.112084,-26.4,0.38,3.6,-29.72659838,4.241270482,-24.38344,4.112084,-5.34315838
Burke,ATQ 206,Alaska,Ninespine stickleback,NST 200,2016,8,15,2016-08-15,70.42,-156.981,4.166,low_doc,55,-28.94,10.18,4.897087379,-29.72659838,4.241270482,-24.38344,4.112084,-26.2,0.34,3.8,-29.72659838,4.241270482,-24.38344,4.112084,-5.34315838
Burke,ATQ 206,Alaska,Ninespine stickleback,NST 156,2016,8,15,2016-08-15,70.42,-156.981,4.166,low_doc,54,-27.91,10.22,3.985752449,-29.72659838,4.241270482,-24.38344,4.112084,-26.1,0.32,3.8,-29.72659838,4.241270482,-24.38344,4.112084,-5.34315838
Burke,ATQ 206,Alaska,Ninespine stickleback,NST 170,2016,8,15,2016-08-15,70.42,-156.981,4.166,low_doc,54,-27.91,10.43,3.972884141,-29.72659838,4.241270482,-24.38344,4.112084,-26.2,0.34,3.8,-29.72659838,4.241270482,-24.38344,4.112084,-5.34315838
Burke,ATQ 206,Alaska,Ninespine stickleback,NST 182,2016,8,15,2016-08-15,70.42,-156.981,4.166,low_doc,54,-28.71,9.65,4.412769784,-29.72659838,4.241270482,-24.38344,4.112084,-26.4,0.38,3.6,-29.72659838,4.241270482,-24.38344,4.112084,-5.34315838
Burke,ATQ 206,Alaska,Ninespine stickleback,NST 158,2016,8,15,2016-08-15,70.42,-156.981,4.166,low_doc,53,-29.23,9.8,4.670588235,-29.72659838,4.241270482,-24.38344,4.112084,-26.7,0.43,3.7,-29.72659838,4.241270482,-24.38344,4.112084,-5.34315838
Burke,ATQ 206,Alaska,Ninespine stickleback,NST 162,2016,8,15,2016-08-15,70.42,-156.981,4.166,low_doc,53,-30.03,9.4,4.85770751,-29.72659838,4.241270482,-24.38344,4.112084,-27.3,0.55,3.5,-29.72659838,4.241270482,-24.38344,4.112084,-5.34315838
Burke,ATQ 206,Alaska,Ninespine stickleback,NST 163,2016,8,15,2016-08-15,70.42,-156.981,4.166,low_doc,53,-29.64,9.51,5.777262181,-29.72659838,4.241270482,-24.38344,4.112084,-26.2,0.34,3.6,-29.72659838,4.241270482,-24.38344,4.112084,-5.34315838
Burke,ATQ 206,Alaska,Ninespine stickleback,NST 179,2016,8,15,2016-08-15,70.42,-156.981,4.166,low_doc,53,-28.7,9.55,4.368075117,-29.72659838,4.241270482,-24.38344,4.112084,-26.5,0.4,3.6,-29.72659838,4.241270482,-24.38344,4.112084,-5.34315838
Burke,ATQ 206,Alaska,Ninespine stickleback,NST 191,2016,8,15,2016-08-15,70.42,-156.981,4.166,low_doc,53,-28.62,9.82,4.846371348,-29.72659838,4.241270482,-24.38344,4.112084,-25.9,0.28,3.7,-29.72659838,4.241270482,-24.38344,4.112084,-5.34315838
Burke,ATQ 206,Alaska,Ninespine stickleback,NST 159,2016,8,15,2016-08-15,70.42,-156.981,4.166,low_doc,52,-28.78,9.5,4.053988719,-29.72659838,4.241270482,-24.38344,4.112084,-26.9,0.47,3.6,-29.72659838,4.241270482,-24.38344,4.112084,-5.34315838
Burke,ATQ 206,Alaska,Ninespine stickleback,NST 160,2016,8,15,2016-08-15,70.42,-156.981,4.166,low_doc,52,-27.9,9.98,4.145012573,-29.72659838,4.241270482,-24.38344,4.112084,-25.9,0.28,3.7,-29.72659838,4.241270482,-24.38344,4.112084,-5.34315838
Burke,ATQ 206,Alaska,Ninespine stickleback,NST 161,2016,8,15,2016-08-15,70.42,-156.981,4.166,low_doc,52,-29.65,9.4,5.064154786,-29.72659838,4.241270482,-24.38344,4.112084,-26.7,0.43,3.5,-29.72659838,4.241270482,-24.38344,4.112084,-5.34315838
Burke,ATQ 206,Alaska,Ninespine stickleback,NST 166,2016,8,15,2016-08-15,70.42,-156.981,4.166,low_doc,52,-28.1,9.88,4.330078125,-29.72659838,4.241270482,-24.38344,4.112084,-25.9,0.28,3.7,-29.72659838,4.241270482,-24.38344,4.112084,-5.34315838
Burke,ATQ 206,Alaska,Ninespine stickleback,NST 193,2016,8,15,2016-08-15,70.42,-156.981,4.166,low_doc,52,-28.91,9.79,4.206377325,-29.72659838,4.241270482,-24.38344,4.112084,-26.9,0.47,3.7,-29.72659838,4.241270482,-24.38344,4.112084,-5.34315838
Burke,ATQ 206,Alaska,Ninespine stickleback,NST 194,2016,8,15,2016-08-15,70.42,-156.981,4.166,low_doc,52,-28.44,10.48,4.020477816,-29.72659838,4.241270482,-24.38344,4.112084,-26.6,0.41,3.9,-29.72659838,4.241270482,-24.38344,4.112084,-5.34315838
Burke,ATQ 206,Alaska,Ninespine stickleback,NST 171,2016,8,15,2016-08-15,70.42,-156.981,4.166,low_doc,51,-28.8,9.7,4.433810376,-29.72659838,4.241270482,-24.38344,4.112084,-26.5,0.4,3.6,-29.72659838,4.241270482,-24.38344,4.112084,-5.34315838
Burke,ATQ 206,Alaska,Ninespine stickleback,NST 177,2016,8,15,2016-08-15,70.42,-156.981,4.166,low_doc,51,-29.71,9.53,5.930991217,-29.72659838,4.241270482,-24.38344,4.112084,-26.2,0.34,3.6,-29.72659838,4.241270482,-24.38344,4.112084,-5.34315838
Burke,ATQ 206,Alaska,Ninespine stickleback,NST 178,2016,8,15,2016-08-15,70.42,-156.981,4.166,low_doc,51,-29.92,9.17,5.390485629,-29.72659838,4.241270482,-24.38344,4.112084,-26.8,0.45,3.5,-29.72659838,4.241270482,-24.38344,4.112084,-5.34315838
Burke,ATQ 206,Alaska,Ninespine stickleback,NST 185,2016,8,15,2016-08-15,70.42,-156.981,4.166,low_doc,51,-28.88,9.9,4.782431052,-29.72659838,4.241270482,-24.38344,4.112084,-26.2,0.34,3.7,-29.72659838,4.241270482,-24.38344,4.112084,-5.34315838
Burke,ATQ 206,Alaska,Ninespine stickleback,NST 204,2016,8,15,2016-08-15,70.42,-156.981,4.166,low_doc,51,-28.24,9.7,4.541133455,-29.72659838,4.241270482,-24.38344,4.112084,-25.8,0.27,3.6,-29.72659838,4.241270482,-24.38344,4.112084,-5.34315838
Burke,ATQ 206,Alaska,Ninespine stickleback,NST 157,2016,8,15,2016-08-15,70.42,-156.981,4.166,low_doc,50,-27.14,9.32,4.250905797,-29.72659838,4.241270482,-24.38344,4.112084,-25,0.12,3.5,-29.72659838,4.241270482,-24.38344,4.112084,-5.34315838
Burke,ATQ 206,Alaska,Ninespine stickleback,NST 168,2016,8,15,2016-08-15,70.42,-156.981,4.166,low_doc,50,-26.91,9.35,3.633011414,-29.72659838,4.241270482,-24.38344,4.112084,-25.7,0.25,3.5,-29.72659838,4.241270482,-24.38344,4.112084,-5.34315838
Burke,ATQ 206,Alaska,Ninespine stickleback,NST 169,2016,8,15,2016-08-15,70.42,-156.981,4.166,low_doc,50,-28.99,9.64,4.602366864,-29.72659838,4.241270482,-24.38344,4.112084,-26.5,0.4,3.6,-29.72659838,4.241270482,-24.38344,4.112084,-5.34315838
Burke,ATQ 206,Alaska,Ninespine stickleback,NST 199,2016,8,15,2016-08-15,70.42,-156.981,4.166,low_doc,50,-27.51,10.26,4.22606383,-29.72659838,4.241270482,-24.38344,4.112084,-25.4,0.19,3.8,-29.72659838,4.241270482,-24.38344,4.112084,-5.34315838
Burke,ATQ 206,Alaska,Ninespine stickleback,NST 172,2016,8,15,2016-08-15,70.42,-156.981,4.166,low_doc,49,-28.21,8.38,3.982825917,-29.72659838,4.241270482,-24.38344,4.112084,-26.4,0.38,3.2,-29.72659838,4.241270482,-24.38344,4.112084,-5.34315838
Burke,ATQ 206,Alaska,Ninespine stickleback,NST 175,2016,8,15,2016-08-15,70.42,-156.981,4.166,low_doc,49,-27.69,8.96,3.954507858,-29.72659838,4.241270482,-24.38344,4.112084,-26,0.3,3.4,-29.72659838,4.241270482,-24.38344,4.112084,-5.34315838
Burke,ATQ 206,Alaska,Ninespine stickleback,NST 187,2016,8,15,2016-08-15,70.42,-156.981,4.166,low_doc,49,-28.75,9.25,4.584745763,-29.72659838,4.241270482,-24.38344,4.112084,-26.3,0.36,3.5,-29.72659838,4.241270482,-24.38344,4.112084,-5.34315838
Burke,ATQ 206,Alaska,Ninespine stickleback,NST 197,2016,8,15,2016-08-15,70.42,-156.981,4.166,low_doc,49,-27.51,9.46,4.190681622,-29.72659838,4.241270482,-24.38344,4.112084,-25.5,0.21,3.6,-29.72659838,4.241270482,-24.38344,4.112084,-5.34315838
Burke,ATQ 206,Alaska,Ninespine stickleback,NST 173,2016,8,15,2016-08-15,70.42,-156.981,4.166,low_doc,48,-28.02,9.15,3.966133584,-29.72659838,4.241270482,-24.38344,4.112084,-26.3,0.36,3.5,-29.72659838,4.241270482,-24.38344,4.112084,-5.34315838
Burke,ATQ 206,Alaska,Ninespine stickleback,NST 180,2016,8,15,2016-08-15,70.42,-156.981,4.166,low_doc,48,-27.73,9.54,4.799019608,-29.72659838,4.241270482,-24.38344,4.112084,-25.1,0.13,3.6,-29.72659838,4.241270482,-24.38344,4.112084,-5.34315838
Burke,ATQ 206,Alaska,Ninespine stickleback,NST 189,2016,8,15,2016-08-15,70.42,-156.981,4.166,low_doc,48,-27.36,9.77,3.869857263,-29.72659838,4.241270482,-24.38344,4.112084,-25.8,0.27,3.7,-29.72659838,4.241270482,-24.38344,4.112084,-5.34315838
Burke,ATQ 206,Alaska,Ninespine stickleback,NST 186,2016,8,15,2016-08-15,70.42,-156.981,4.166,low_doc,47,-28.37,9.04,4.380244755,-29.72659838,4.241270482,-24.38344,4.112084,-26.1,0.32,3.4,-29.72659838,4.241270482,-24.38344,4.112084,-5.34315838
Burke,ATQ 206,Alaska,Ninespine stickleback,NST 190,2016,8,15,2016-08-15,70.42,-156.981,4.166,low_doc,47,-27.64,9.53,3.793226381,-29.72659838,4.241270482,-24.38344,4.112084,-26.1,0.32,3.6,-29.72659838,4.241270482,-24.38344,4.112084,-5.34315838
Burke,ATQ 206,Alaska,Ninespine stickleback,NST 183,2016,8,15,2016-08-15,70.42,-156.981,4.166,low_doc,46,-30.04,9.7,5.02804878,-29.72659838,4.241270482,-24.38344,4.112084,-27.2,0.53,3.6,-29.72659838,4.241270482,-24.38344,4.112084,-5.34315838
Burke,ATQ 206,Alaska,Ninespine stickleback,NST 201,2016,8,15,2016-08-15,70.42,-156.981,4.166,low_doc,46,-28.84,9.67,4.141459075,-29.72659838,4.241270482,-24.38344,4.112084,-26.9,0.47,3.6,-29.72659838,4.241270482,-24.38344,4.112084,-5.34315838
Burke,ATQ 206,Alaska,Ninespine stickleback,NST 198,2016,8,15,2016-08-15,70.42,-156.981,4.166,low_doc,45,-28.09,9.54,3.994195688,-29.72659838,4.241270482,-24.38344,4.112084,-26.3,0.36,3.6,-29.72659838,4.241270482,-24.38344,4.112084,-5.34315838
Burke,ATQ 206,Alaska,Ninespine stickleback,NST 203,2016,8,15,2016-08-15,70.42,-156.981,4.166,low_doc,44,-27.74,9.63,4.203252033,-29.72659838,4.241270482,-24.38344,4.112084,-25.7,0.25,3.6,-29.72659838,4.241270482,-24.38344,4.112084,-5.34315838
Burke,ATQ 206,Alaska,Ninespine stickleback,NST 188,2016,8,15,2016-08-15,70.42,-156.981,4.166,low_doc,43,-28.24,9.88,4.647173489,-29.72659838,4.241270482,-24.38344,4.112084,-25.7,0.25,3.7,-29.72659838,4.241270482,-24.38344,4.112084,-5.34315838
Burke,ATQ 206,Alaska,Ninespine stickleback,NST 202,2016,8,15,2016-08-15,70.42,-156.981,4.166,low_doc,43,-27.78,9.6,3.951024043,-29.72659838,4.241270482,-24.38344,4.112084,-26.1,0.32,3.6,-29.72659838,4.241270482,-24.38344,4.112084,-5.34315838
Burke,ATQ 206,Alaska,Ninespine stickleback,NST 196,2016,8,15,2016-08-15,70.42,-156.981,4.166,low_doc,41,-26.87,8.77,3.943615257,-29.72659838,4.241270482,-24.38344,4.112084,-25.2,0.15,3.4,-29.72659838,4.241270482,-24.38344,4.112084,-5.34315838
Johnston,Little Abitibi,N.Ontario,Northern pike,19642,2018,6,26,2018-06-26,49.41,-80.54,14.2,high_doc,890,-28.53,11.26,3.21,-33.31444444,3.957777778,-30.925,2.269,-28.1,0,5.2,-33.31444444,3.957777778,-30.925,2.269,-2.38944444
Johnston,Little Abitibi,N.Ontario,Northern pike,19640,2018,6,26,2018-06-26,49.41,-80.54,14.2,high_doc,779,-28.85,11.34,3.08,-33.31444444,3.957777778,-30.925,2.269,-28.7,0,5.1,-33.31444444,3.957777778,-30.925,2.269,-2.38944444
Johnston,Little Abitibi,N.Ontario,Northern pike,19646,2018,6,26,2018-06-26,49.41,-80.54,14.2,high_doc,733,-28.95,10.7,3.12,-33.31444444,3.957777778,-30.925,2.269,-28.7,0,4.9,-33.31444444,3.957777778,-30.925,2.269,-2.38944444
Johnston,Little Abitibi,N.Ontario,Northern pike,19636,2018,6,26,2018-06-26,49.41,-80.54,14.2,high_doc,694,-28.93,11.12,3.2,-33.31444444,3.957777778,-30.925,2.269,-28.5,0,5.1,-33.31444444,3.957777778,-30.925,2.269,-2.38944444
Johnston,Little Abitibi,N.Ontario,Northern pike,19643,2018,6,26,2018-06-26,49.41,-80.54,14.2,high_doc,690,-29.16,10.52,3.17,-33.31444444,3.957777778,-30.925,2.269,-28.8,0,4.9,-33.31444444,3.957777778,-30.925,2.269,-2.38944444
Johnston,Little Abitibi,N.Ontario,Northern pike,19639,2018,6,26,2018-06-26,49.41,-80.54,14.2,high_doc,681,-29.2,10.56,3.09,-33.31444444,3.957777778,-30.925,2.269,-29,0,4.8,-33.31444444,3.957777778,-30.925,2.269,-2.38944444
Johnston,Little Abitibi,N.Ontario,Northern pike,19307,2017,7,4,2017-07-04,49.41,-80.54,13.6,high_doc,668,-28.84,11.68,3,-33.31444444,3.957777778,-30.925,2.269,-28.8,0,5.2,-33.31444444,3.957777778,-30.925,2.269,-2.38944444
Johnston,Little Abitibi,N.Ontario,Northern pike,19306,2017,7,4,2017-07-04,49.41,-80.54,13.6,high_doc,661,-29.07,10,3.13,-33.31444444,3.957777778,-30.925,2.269,-28.8,0,4.7,-33.31444444,3.957777778,-30.925,2.269,-2.38944444
Johnston,Little Abitibi,N.Ontario,Northern pike,19303,2017,7,4,2017-07-04,49.41,-80.54,13.6,high_doc,620,-29.11,9.25,3.09,-33.31444444,3.957777778,-30.925,2.269,-28.9,0,4.5,-33.31444444,3.957777778,-30.925,2.269,-2.38944444
Johnston,Little Abitibi,N.Ontario,Northern pike,19645,2018,6,26,2018-06-26,49.41,-80.54,14.2,high_doc,620,-29.82,9.37,3.15,-33.31444444,3.957777778,-30.925,2.269,-29.5,0,4.4,-33.31444444,3.957777778,-30.925,2.269,-2.38944444
Johnston,Little Abitibi,N.Ontario,Northern pike,19302,2017,7,4,2017-07-04,49.41,-80.54,13.6,high_doc,597,-29.18,9.5,3.17,-33.31444444,3.957777778,-30.925,2.269,-28.8,0,4.6,-33.31444444,3.957777778,-30.925,2.269,-2.38944444
Johnston,Little Abitibi,N.Ontario,Northern pike,19309,2017,7,4,2017-07-04,49.41,-80.54,13.6,high_doc,590,-29.72,9.31,3.06,-33.31444444,3.957777778,-30.925,2.269,-29.6,0,4.3,-33.31444444,3.957777778,-30.925,2.269,-2.38944444
Johnston,Little Abitibi,N.Ontario,Northern pike,19641,2018,6,26,2018-06-26,49.41,-80.54,14.2,high_doc,573,-30.09,9.18,3.13,-33.31444444,3.957777778,-30.925,2.269,-29.8,0,4.3,-33.31444444,3.957777778,-30.925,2.269,-2.38944444
Johnston,Little Abitibi,N.Ontario,Northern pike,19308,2017,7,4,2017-07-04,49.41,-80.54,13.6,high_doc,565,-28.83,10.47,3.09,-33.31444444,3.957777778,-30.925,2.269,-28.6,0,4.9,-33.31444444,3.957777778,-30.925,2.269,-2.38944444
Johnston,Little Abitibi,N.Ontario,Northern pike,19644,2018,6,26,2018-06-26,49.41,-80.54,14.2,high_doc,565,-29.52,9.62,3.18,-33.31444444,3.957777778,-30.925,2.269,-29.1,0,4.5,-33.31444444,3.957777778,-30.925,2.269,-2.38944444
Johnston,Little Abitibi,N.Ontario,Northern pike,19310,2017,7,4,2017-07-04,49.41,-80.54,13.6,high_doc,563,-29.4,9.73,2.97,-33.31444444,3.957777778,-30.925,2.269,-29.5,0,4.5,-33.31444444,3.957777778,-30.925,2.269,-2.38944444
Johnston,Little Abitibi,N.Ontario,Northern pike,19305,2017,7,4,2017-07-04,49.41,-80.54,13.6,high_doc,544,-28.88,10.06,3.12,-33.31444444,3.957777778,-30.925,2.269,-28.6,0,4.8,-33.31444444,3.957777778,-30.925,2.269,-2.38944444
Johnston,Little Abitibi,N.Ontario,Northern pike,19304,2017,7,4,2017-07-04,49.41,-80.54,13.6,high_doc,535,-29.4,9.32,3.09,-33.31444444,3.957777778,-30.925,2.269,-29.2,0,4.4,-33.31444444,3.957777778,-30.925,2.269,-2.38944444
Johnston,Little Abitibi,N.Ontario,Northern pike,19301,2017,7,4,2017-07-04,49.41,-80.54,13.6,high_doc,515,-29.34,9.39,3.11,-33.31444444,3.957777778,-30.925,2.269,-29.1,0,4.5,-33.31444444,3.957777778,-30.925,2.269,-2.38944444
Johnston,Little Abitibi,N.Ontario,Northern pike,19638,2018,6,26,2018-06-26,49.41,-80.54,14.2,high_doc,427,-29.75,9.88,3.15,-33.31444444,3.957777778,-30.925,2.269,-29.4,0,4.6,-33.31444444,3.957777778,-30.925,2.269,-2.38944444
Johnston,Little Abitibi,N.Ontario,Northern pike,19637,2018,6,26,2018-06-26,49.41,-80.54,14.2,high_doc,388,-29.27,9.44,3.05,-33.31444444,3.957777778,-30.925,2.269,-29.2,0,4.5,-33.31444444,3.957777778,-30.925,2.269,-2.38944444
Johnston,Little Abitibi,N.Ontario,Walleye,19322,2017,7,4,2017-07-04,49.41,-80.54,13.6,high_doc,752,-28.78,11.69,2.84,-33.31444444,3.957777778,-30.925,2.269,-29.2,0,5.1,-33.31444444,3.957777778,-30.925,2.269,-2.38944444
Johnston,Little Abitibi,N.Ontario,Walleye,19318,2017,7,4,2017-07-04,49.41,-80.54,13.6,high_doc,737,-28.3,11.28,2.82,-33.31444444,3.957777778,-30.925,2.269,-28.8,0,5.1,-33.31444444,3.957777778,-30.925,2.269,-2.38944444
Johnston,Little Abitibi,N.Ontario,Walleye,19320,2017,7,4,2017-07-04,49.41,-80.54,13.6,high_doc,588,-29.19,10.44,2.8,-33.31444444,3.957777778,-30.925,2.269,-29.7,0,4.7,-33.31444444,3.957777778,-30.925,2.269,-2.38944444
Johnston,Little Abitibi,N.Ontario,Walleye,19317,2017,7,4,2017-07-04,49.41,-80.54,13.6,high_doc,571,-29.22,9.93,2.82,-33.31444444,3.957777778,-30.925,2.269,-29.7,0,4.5,-33.31444444,3.957777778,-30.925,2.269,-2.38944444
Johnston,Little Abitibi,N.Ontario,Walleye,19323,2017,7,4,2017-07-04,49.41,-80.54,13.6,high_doc,513,-29.41,9.72,2.81,-33.31444444,3.957777778,-30.925,2.269,-29.9,0,4.4,-33.31444444,3.957777778,-30.925,2.269,-2.38944444
Johnston,Little Abitibi,N.Ontario,Walleye,19316,2017,7,4,2017-07-04,49.41,-80.54,13.6,high_doc,510,-28.46,11.44,2.82,-33.31444444,3.957777778,-30.925,2.269,-28.9,0,5.1,-33.31444444,3.957777778,-30.925,2.269,-2.38944444
Johnston,Little Abitibi,N.Ontario,Walleye,19321,2017,7,4,2017-07-04,49.41,-80.54,13.6,high_doc,424,-29.79,9.3,2.81,-33.31444444,3.957777778,-30.925,2.269,-30.3,0,4.2,-33.31444444,3.957777778,-30.925,2.269,-2.38944444
Johnston,Little Abitibi,N.Ontario,Walleye,19324,2017,7,4,2017-07-04,49.41,-80.54,13.6,high_doc,420,-29.58,9.51,2.8,-33.31444444,3.957777778,-30.925,2.269,-30.1,0,4.3,-33.31444444,3.957777778,-30.925,2.269,-2.38944444
Johnston,Little Abitibi,N.Ontario,Walleye,19319,2017,7,4,2017-07-04,49.41,-80.54,13.6,high_doc,345,-29.76,9.56,2.85,-33.31444444,3.957777778,-30.925,2.269,-30.1,0,4.3,-33.31444444,3.957777778,-30.925,2.269,-2.38944444
Johnston,Little Abitibi,N.Ontario,Walleye,19325,2017,7,4,2017-07-04,49.41,-80.54,13.6,high_doc,301,-29.69,9.64,2.84,-33.31444444,3.957777778,-30.925,2.269,-30.1,0,4.3,-33.31444444,3.957777778,-30.925,2.269,-2.38944444
Johnston,Wigwascence,N.Ontario,Northern pike,9598,2012,NA,NA,NA,52.45,-89.41,12.9,high_doc,730,-27.69,11.32,3.15,-33.13333333,5.396666667,-28.33,2.985,-27.4,0,4.6,-33.13333333,5.396666667,-28.33,2.985,-4.80333333
Johnston,Wigwascence,N.Ontario,Northern pike,9594,2012,NA,NA,NA,52.45,-89.41,12.9,high_doc,698,-27.08,11.97,3.14,-33.13333333,5.396666667,-28.33,2.985,-26.8,0,4.9,-33.13333333,5.396666667,-28.33,2.985,-4.80333333
Johnston,Wigwascence,N.Ontario,Northern pike,9591,2012,NA,NA,NA,52.45,-89.41,12.9,high_doc,660,-27.48,11.75,3.14,-33.13333333,5.396666667,-28.33,2.985,-27.2,0,4.7,-33.13333333,5.396666667,-28.33,2.985,-4.80333333
Johnston,Wigwascence,N.Ontario,Northern pike,9596,2012,NA,NA,NA,52.45,-89.41,12.9,high_doc,620,-27.4,11.58,3.14,-33.13333333,5.396666667,-28.33,2.985,-27.1,0,4.7,-33.13333333,5.396666667,-28.33,2.985,-4.80333333
Johnston,Wigwascence,N.Ontario,Northern pike,9599,2012,NA,NA,NA,52.45,-89.41,12.9,high_doc,568,-27.28,11.17,3.11,-33.13333333,5.396666667,-28.33,2.985,-27,0,4.6,-33.13333333,5.396666667,-28.33,2.985,-4.80333333
Johnston,Wigwascence,N.Ontario,Northern pike,9592,2012,NA,NA,NA,52.45,-89.41,12.9,high_doc,520,-27.53,10.86,3.21,-33.13333333,5.396666667,-28.33,2.985,-27.1,0,4.5,-33.13333333,5.396666667,-28.33,2.985,-4.80333333
Johnston,Wigwascence,N.Ontario,Northern pike,9590,2012,NA,NA,NA,52.45,-89.41,12.9,high_doc,511,-27.59,11,3.15,-33.13333333,5.396666667,-28.33,2.985,-27.3,0,4.5,-33.13333333,5.396666667,-28.33,2.985,-4.80333333
Johnston,Wigwascence,N.Ontario,Northern pike,9597,2012,NA,NA,NA,52.45,-89.41,12.9,high_doc,467,-26.9,11.02,3.16,-33.13333333,5.396666667,-28.33,2.985,-26.5,0,4.6,-33.13333333,5.396666667,-28.33,2.985,-4.80333333
Johnston,Wigwascence,N.Ontario,Northern pike,9595,2012,NA,NA,NA,52.45,-89.41,12.9,high_doc,429,-27.88,10.36,3.14,-33.13333333,5.396666667,-28.33,2.985,-27.6,0,4.3,-33.13333333,5.396666667,-28.33,2.985,-4.80333333
Johnston,Wigwascence,N.Ontario,Northern pike,9593,2012,NA,NA,NA,52.45,-89.41,12.9,high_doc,417,-26.97,10.08,3.18,-33.13333333,5.396666667,-28.33,2.985,-26.6,0,4.3,-33.13333333,5.396666667,-28.33,2.985,-4.80333333
Johnston,Wigwascence,N.Ontario,Walleye,9608,2012,NA,NA,NA,52.45,-89.41,12.9,high_doc,531,-27.42,11.61,3.17,-33.13333333,5.396666667,-28.33,2.985,-27,0,4.7,-33.13333333,5.396666667,-28.33,2.985,-4.80333333
Johnston,Wigwascence,N.Ontario,Walleye,9612,2012,NA,NA,NA,52.45,-89.41,12.9,high_doc,523,-27.23,11.51,3.14,-33.13333333,5.396666667,-28.33,2.985,-26.9,0,4.7,-33.13333333,5.396666667,-28.33,2.985,-4.80333333
Johnston,Wigwascence,N.Ontario,Walleye,9614,2012,NA,NA,NA,52.45,-89.41,12.9,high_doc,465,-26.59,10.06,3.19,-33.13333333,5.396666667,-28.33,2.985,-26.2,0,4.4,-33.13333333,5.396666667,-28.33,2.985,-4.80333333
Johnston,Wigwascence,N.Ontario,Walleye,9609,2012,NA,NA,NA,52.45,-89.41,12.9,high_doc,460,-28.42,11.32,3.19,-33.13333333,5.396666667,-28.33,2.985,-28,0,4.5,-33.13333333,5.396666667,-28.33,2.985,-4.80333333
Johnston,Wigwascence,N.Ontario,Walleye,9610,2012,NA,NA,NA,52.45,-89.41,12.9,high_doc,440,-27.42,10.93,3.15,-33.13333333,5.396666667,-28.33,2.985,-27.1,0,4.5,-33.13333333,5.396666667,-28.33,2.985,-4.80333333
Johnston,Wigwascence,N.Ontario,Walleye,9615,2012,NA,NA,NA,52.45,-89.41,12.9,high_doc,425,-27.8,10.55,3.16,-33.13333333,5.396666667,-28.33,2.985,-27.4,0,4.4,-33.13333333,5.396666667,-28.33,2.985,-4.80333333
Johnston,Wigwascence,N.Ontario,Walleye,9616,2012,NA,NA,NA,52.45,-89.41,12.9,high_doc,405,-28,10.95,3.16,-33.13333333,5.396666667,-28.33,2.985,-27.6,0,4.4,-33.13333333,5.396666667,-28.33,2.985,-4.80333333
Johnston,Wigwascence,N.Ontario,Walleye,9607,2012,NA,NA,NA,52.45,-89.41,12.9,high_doc,391,-28.31,11.33,3.22,-33.13333333,5.396666667,-28.33,2.985,-27.8,0,4.5,-33.13333333,5.396666667,-28.33,2.985,-4.80333333
Johnston,Wigwascence,N.Ontario,Walleye,9611,2012,NA,NA,NA,52.45,-89.41,12.9,high_doc,375,-27.95,11.06,3.19,-33.13333333,5.396666667,-28.33,2.985,-27.5,0,4.5,-33.13333333,5.396666667,-28.33,2.985,-4.80333333
Johnston,Wigwascence,N.Ontario,Walleye,9613,2012,NA,NA,NA,52.45,-89.41,12.9,high_doc,362,-28.06,10.64,3.21,-33.13333333,5.396666667,-28.33,2.985,-27.6,0,4.4,-33.13333333,5.396666667,-28.33,2.985,-4.80333333
Johnston,Wigwascence,N.Ontario,Yellow perch,10785,2012,NA,NA,NA,52.45,-89.41,12.9,high_doc,267.01,-28.09,9.01,3.11,-33.13333333,5.396666667,-28.33,2.985,-27.8,0,3.9,-33.13333333,5.396666667,-28.33,2.985,-4.80333333
Johnston,Wigwascence,N.Ontario,Yellow perch,10784,2012,NA,NA,NA,52.45,-89.41,12.9,high_doc,237.67,-26.49,8.91,3.15,-33.13333333,5.396666667,-28.33,2.985,-26.2,0,4.1,-33.13333333,5.396666667,-28.33,2.985,-4.80333333
Johnston,Wigwascence,N.Ontario,Yellow perch,10776,2012,NA,NA,NA,52.45,-89.41,12.9,high_doc,227.19,-27.42,9.27,3.12,-33.13333333,5.396666667,-28.33,2.985,-27.2,0,4,-33.13333333,5.396666667,-28.33,2.985,-4.80333333
Johnston,Wigwascence,N.Ontario,Yellow perch,10780,2012,NA,NA,NA,52.45,-89.41,12.9,high_doc,223,-27.37,8.85,3.12,-33.13333333,5.396666667,-28.33,2.985,-27.1,0,3.9,-33.13333333,5.396666667,-28.33,2.985,-4.80333333
Johnston,Wigwascence,N.Ontario,Yellow perch,10779,2012,NA,NA,NA,52.45,-89.41,12.9,high_doc,204.13,-27.42,9.64,3.14,-33.13333333,5.396666667,-28.33,2.985,-27.1,0,4.1,-33.13333333,5.396666667,-28.33,2.985,-4.80333333
Johnston,Wigwascence,N.Ontario,Yellow perch,10782,2012,NA,NA,NA,52.45,-89.41,12.9,high_doc,193.65,-26.56,8.54,3.14,-33.13333333,5.396666667,-28.33,2.985,-26.2,0,3.9,-33.13333333,5.396666667,-28.33,2.985,-4.80333333
Johnston,Wigwascence,N.Ontario,Yellow perch,10777,2012,NA,NA,NA,52.45,-89.41,12.9,high_doc,152.78,-27.52,8.63,3.13,-33.13333333,5.396666667,-28.33,2.985,-27.2,0,3.8,-33.13333333,5.396666667,-28.33,2.985,-4.80333333
Johnston,Wigwascence,N.Ontario,Yellow perch,10778,2012,NA,NA,NA,52.45,-89.41,12.9,high_doc,147.54,-27.04,9.93,3.19,-33.13333333,5.396666667,-28.33,2.985,-26.6,0,4.3,-33.13333333,5.396666667,-28.33,2.985,-4.80333333
Johnston,Wigwascence,N.Ontario,Yellow perch,10781,2012,NA,NA,NA,52.45,-89.41,12.9,high_doc,146.49,-27.16,9.45,3.15,-33.13333333,5.396666667,-28.33,2.985,-26.8,0,4.1,-33.13333333,5.396666667,-28.33,2.985,-4.80333333
Johnston,Wigwascence,N.Ontario,Yellow perch,10783,2012,NA,NA,NA,52.45,-89.41,12.9,high_doc,141.25,-27.78,8.78,3.11,-33.13333333,5.396666667,-28.33,2.985,-27.5,0,3.8,-33.13333333,5.396666667,-28.33,2.985,-4.80333333
Johnston,Trading,N.Ontario,Northern pike,14729,2015,9,18,2015-09-18,51.83,-88.96,13.2,high_doc,712,-28.75,11.6,3.18,-33.41,4.76,-28.076,3.416,-28.3,0.04,4.4,-33.41,4.76,-28.076,3.416,-5.334
Johnston,Trading,N.Ontario,Northern pike,14730,2015,9,18,2015-09-18,51.83,-88.96,13.2,high_doc,576,-28.41,11.06,3.18,-33.41,4.76,-28.076,3.416,-28,0,4.3,-33.41,4.76,-28.076,3.416,-5.334
Johnston,Trading,N.Ontario,Northern pike,14735,2015,9,18,2015-09-18,51.83,-88.96,13.2,high_doc,555,-29.36,12.58,3.21,-33.41,4.76,-28.076,3.416,-28.9,0.15,4.6,-33.41,4.76,-28.076,3.416,-5.334
Johnston,Trading,N.Ontario,Northern pike,14728,2015,9,18,2015-09-18,51.83,-88.96,13.2,high_doc,528,-29.39,11.15,3.2,-33.41,4.76,-28.076,3.416,-28.9,0.15,4.2,-33.41,4.76,-28.076,3.416,-5.334
Johnston,Trading,N.Ontario,Northern pike,14731,2015,9,18,2015-09-18,51.83,-88.96,13.2,high_doc,500,-29.23,11.26,3.28,-33.41,4.76,-28.076,3.416,-28.6,0.1,4.3,-33.41,4.76,-28.076,3.416,-5.334
Johnston,Trading,N.Ontario,Northern pike,14736,2015,9,18,2015-09-18,51.83,-88.96,13.2,high_doc,490,-29.52,12.26,3.15,-33.41,4.76,-28.076,3.416,-29.2,0.21,4.5,-33.41,4.76,-28.076,3.416,-5.334
Johnston,Trading,N.Ontario,Northern pike,14732,2015,9,18,2015-09-18,51.83,-88.96,13.2,high_doc,456,-29,11.02,3.25,-33.41,4.76,-28.076,3.416,-28.5,0.08,4.2,-33.41,4.76,-28.076,3.416,-5.334
Johnston,Trading,N.Ontario,Northern pike,14733,2015,9,18,2015-09-18,51.83,-88.96,13.2,high_doc,436,-29.63,11.19,3.22,-33.41,4.76,-28.076,3.416,-29.1,0.19,4.2,-33.41,4.76,-28.076,3.416,-5.334
Johnston,Trading,N.Ontario,Northern pike,14727,2015,9,17,2015-09-17,51.83,-88.96,13.2,high_doc,315,-30.15,10.36,3.21,-33.41,4.76,-28.076,3.416,-29.7,0.3,3.9,-33.41,4.76,-28.076,3.416,-5.334
Johnston,Trading,N.Ontario,Northern pike,14734,2015,9,18,2015-09-18,51.83,-88.96,13.2,high_doc,284,-30.31,10,3.19,-33.41,4.76,-28.076,3.416,-29.9,0.34,3.8,-33.41,4.76,-28.076,3.416,-5.334
Johnston,Trading,N.Ontario,Northern pike,15961,2015,NA,NA,NA,51.83,-88.96,13.2,high_doc,139,-29.78,9.34,3.17,-33.41,4.76,-28.076,3.416,-29.4,0.25,3.6,-33.41,4.76,-28.076,3.416,-5.334
Johnston,Trading,N.Ontario,Northern pike,15960,2015,NA,NA,NA,51.83,-88.96,13.2,high_doc,122,-31.2,6.38,3.17,-33.41,4.76,-28.076,3.416,-30.8,0.51,2.7,-33.41,4.76,-28.076,3.416,-5.334
Johnston,Trading,N.Ontario,Walleye,14747,2015,9,17,2015-09-17,51.83,-88.96,13.2,high_doc,566,-29.69,11.18,3.23,-33.41,4.76,-28.076,3.416,-29.2,0.21,4.2,-33.41,4.76,-28.076,3.416,-5.334
Johnston,Trading,N.Ontario,Walleye,14754,2015,9,17,2015-09-17,51.83,-88.96,13.2,high_doc,560,-29.72,11.18,3.18,-33.41,4.76,-28.076,3.416,-29.3,0.23,4.2,-33.41,4.76,-28.076,3.416,-5.334
Johnston,Trading,N.Ontario,Walleye,14751,2015,9,17,2015-09-17,51.83,-88.96,13.2,high_doc,533,-29.77,11.57,3.25,-33.41,4.76,-28.076,3.416,-29.2,0.21,4.3,-33.41,4.76,-28.076,3.416,-5.334
Johnston,Trading,N.Ontario,Walleye,14755,2015,9,17,2015-09-17,51.83,-88.96,13.2,high_doc,492,-29.71,11.2,3.09,-33.41,4.76,-28.076,3.416,-29.5,0.27,4.2,-33.41,4.76,-28.076,3.416,-5.334
Johnston,Trading,N.Ontario,Walleye,14750,2015,9,17,2015-09-17,51.83,-88.96,13.2,high_doc,480,-30.04,11.7,3.22,-33.41,4.76,-28.076,3.416,-29.6,0.29,4.3,-33.41,4.76,-28.076,3.416,-5.334
Johnston,Trading,N.Ontario,Walleye,14749,2015,9,17,2015-09-17,51.83,-88.96,13.2,high_doc,476,-29.96,10.96,3.31,-33.41,4.76,-28.076,3.416,-29.3,0.23,4.1,-33.41,4.76,-28.076,3.416,-5.334
Johnston,Trading,N.Ontario,Walleye,14756,2015,9,17,2015-09-17,51.83,-88.96,13.2,high_doc,429,-29.87,11.14,3.25,-33.41,4.76,-28.076,3.416,-29.3,0.23,4.2,-33.41,4.76,-28.076,3.416,-5.334
Johnston,Trading,N.Ontario,Walleye,14748,2015,9,17,2015-09-17,51.83,-88.96,13.2,high_doc,420,-29.42,11.52,3.19,-33.41,4.76,-28.076,3.416,-29,0.17,4.3,-33.41,4.76,-28.076,3.416,-5.334
Johnston,Trading,N.Ontario,Walleye,14752,2015,9,17,2015-09-17,51.83,-88.96,13.2,high_doc,350,-30.31,10.42,3.12,-33.41,4.76,-28.076,3.416,-30,0.36,3.9,-33.41,4.76,-28.076,3.416,-5.334
Johnston,Trading,N.Ontario,Walleye,14753,2015,9,17,2015-09-17,51.83,-88.96,13.2,high_doc,327,-28.54,11.11,3.18,-33.41,4.76,-28.076,3.416,-28.1,0,4.3,-33.41,4.76,-28.076,3.416,-5.334
Johnston,Trading,N.Ontario,Walleye,15963,2015,NA,NA,NA,51.83,-88.96,13.2,high_doc,225,-31,9.88,3.19,-33.41,4.76,-28.076,3.416,-30.6,0.47,3.7,-33.41,4.76,-28.076,3.416,-5.334
Johnston,Trading,N.Ontario,Walleye,15962,2015,NA,NA,NA,51.83,-88.96,13.2,high_doc,182,-31.05,10.03,3.25,-33.41,4.76,-28.076,3.416,-30.5,0.45,3.8,-33.41,4.76,-28.076,3.416,-5.334
Johnston,Trading,N.Ontario,Yellow perch,18457,2015,NA,NA,NA,51.83,-88.96,13.2,high_doc,156,-30.06,10.35,3.24,-33.41,4.76,-28.076,3.416,-29.5,0.27,3.9,-33.41,4.76,-28.076,3.416,-5.334
Johnston,Trading,N.Ontario,Yellow perch,18464,2015,NA,NA,NA,51.83,-88.96,13.2,high_doc,116,-29.13,8.92,3.3,-33.41,4.76,-28.076,3.416,-28.5,0.08,3.6,-33.41,4.76,-28.076,3.416,-5.334
Johnston,Trading,N.Ontario,Yellow perch,18465,2015,NA,NA,NA,51.83,-88.96,13.2,high_doc,101,-29.73,8.45,3.25,-33.41,4.76,-28.076,3.416,-29.2,0.21,3.4,-33.41,4.76,-28.076,3.416,-5.334
Johnston,Trading,N.Ontario,Yellow perch,18466,2015,NA,NA,NA,51.83,-88.96,13.2,high_doc,86,-30.38,8.77,3.46,-33.41,4.76,-28.076,3.416,-29.4,0.25,3.5,-33.41,4.76,-28.076,3.416,-5.334
Johnston,Trading,N.Ontario,Yellow perch,18458,2015,NA,NA,NA,51.83,-88.96,13.2,high_doc,74,-32.01,8.14,3.48,-33.41,4.76,-28.076,3.416,-31,0.55,3.2,-33.41,4.76,-28.076,3.416,-5.334
Johnston,Trading,N.Ontario,Yellow perch,18459,2015,NA,NA,NA,51.83,-88.96,13.2,high_doc,73,-32.29,8.3,3.52,-33.41,4.76,-28.076,3.416,-31.2,0.59,3.2,-33.41,4.76,-28.076,3.416,-5.334
Johnston,Trading,N.Ontario,Yellow perch,18462,2015,NA,NA,NA,51.83,-88.96,13.2,high_doc,73,-32.56,8.25,3.66,-33.41,4.76,-28.076,3.416,-31.3,0.6,3.2,-33.41,4.76,-28.076,3.416,-5.334
Johnston,Trading,N.Ontario,Yellow perch,18460,2015,NA,NA,NA,51.83,-88.96,13.2,high_doc,65,-32.52,8.74,3.54,-33.41,4.76,-28.076,3.416,-31.4,0.62,3.3,-33.41,4.76,-28.076,3.416,-5.334
Johnston,Trading,N.Ontario,Yellow perch,18461,2015,NA,NA,NA,51.83,-88.96,13.2,high_doc,65,-32.63,8.33,3.68,-33.41,4.76,-28.076,3.416,-31.3,0.6,3.2,-33.41,4.76,-28.076,3.416,-5.334
Johnston,Trading,N.Ontario,Yellow perch,18463,2015,NA,NA,NA,51.83,-88.96,13.2,high_doc,63,-32.73,8.42,3.75,-33.41,4.76,-28.076,3.416,-31.3,0.6,3.2,-33.41,4.76,-28.076,3.416,-5.334
Johnston,Kwinkwaga,N.Ontario,Northern pike,17227,2016,8,29,2016-08-29,48.81,-85.33,9,medium_doc,871,-27.76,10.93,3.04,-34.014,4.234,-27.458,2.26,-27.7,0.04,4.5,-34.014,4.234,-27.458,2.26,-6.556
Johnston,Kwinkwaga,N.Ontario,Northern pike,17223,2016,8,29,2016-08-29,48.81,-85.33,9,medium_doc,714,-29.55,10.3,3.04,-34.014,4.234,-27.458,2.26,-29.5,0.31,4.2,-34.014,4.234,-27.458,2.26,-6.556
Johnston,Kwinkwaga,N.Ontario,Northern pike,17224,2016,8,29,2016-08-29,48.81,-85.33,9,medium_doc,667,-30.5,10.12,3.05,-34.014,4.234,-27.458,2.26,-30.4,0.45,4.1,-34.014,4.234,-27.458,2.26,-6.556
Johnston,Kwinkwaga,N.Ontario,Northern pike,17228,2016,8,29,2016-08-29,48.81,-85.33,9,medium_doc,652,-28.24,10.02,3,-34.014,4.234,-27.458,2.26,-28.2,0.11,4.2,-34.014,4.234,-27.458,2.26,-6.556
Johnston,Kwinkwaga,N.Ontario,Northern pike,17222,2016,8,29,2016-08-29,48.81,-85.33,9,medium_doc,624,-29.23,10.27,3.06,-34.014,4.234,-27.458,2.26,-29.1,0.25,4.2,-34.014,4.234,-27.458,2.26,-6.556
Johnston,Kwinkwaga,N.Ontario,Northern pike,17221,2016,8,29,2016-08-29,48.81,-85.33,9,medium_doc,591,-29.01,10.32,3,-34.014,4.234,-27.458,2.26,-29,0.24,4.2,-34.014,4.234,-27.458,2.26,-6.556
Johnston,Kwinkwaga,N.Ontario,Northern pike,17220,2016,8,29,2016-08-29,48.81,-85.33,9,medium_doc,572,-29.54,9.8,3.01,-34.014,4.234,-27.458,2.26,-29.5,0.31,4,-34.014,4.234,-27.458,2.26,-6.556
Johnston,Kwinkwaga,N.Ontario,Northern pike,17225,2016,8,29,2016-08-29,48.81,-85.33,9,medium_doc,560,-28.58,9.59,3.02,-34.014,4.234,-27.458,2.26,-28.5,0.16,4.1,-34.014,4.234,-27.458,2.26,-6.556
Johnston,Kwinkwaga,N.Ontario,Northern pike,17229,2016,8,29,2016-08-29,48.81,-85.33,9,medium_doc,547,-29.07,9.29,3.03,-34.014,4.234,-27.458,2.26,-29,0.24,3.9,-34.014,4.234,-27.458,2.26,-6.556
Johnston,Kwinkwaga,N.Ontario,Northern pike,17226,2016,8,29,2016-08-29,48.81,-85.33,9,medium_doc,526,-28.27,9.15,3.06,-34.014,4.234,-27.458,2.26,-28.1,0.1,4,-34.014,4.234,-27.458,2.26,-6.556
Johnston,Kwinkwaga,N.Ontario,Walleye,17233,2016,8,29,2016-08-29,48.81,-85.33,9,medium_doc,714,-29.55,10.55,3.07,-34.014,4.234,-27.458,2.26,-29.4,0.3,4.3,-34.014,4.234,-27.458,2.26,-6.556
Johnston,Kwinkwaga,N.Ontario,Walleye,17237,2016,8,29,2016-08-29,48.81,-85.33,9,medium_doc,620,-28.96,10.13,3.16,-34.014,4.234,-27.458,2.26,-28.6,0.17,4.2,-34.014,4.234,-27.458,2.26,-6.556
Johnston,Kwinkwaga,N.Ontario,Walleye,17234,2016,8,29,2016-08-29,48.81,-85.33,9,medium_doc,566,-29.22,10.43,3.11,-34.014,4.234,-27.458,2.26,-29,0.24,4.3,-34.014,4.234,-27.458,2.26,-6.556
Johnston,Kwinkwaga,N.Ontario,Walleye,17232,2016,8,29,2016-08-29,48.81,-85.33,9,medium_doc,549,-29.71,11.28,3.04,-34.014,4.234,-27.458,2.26,-29.6,0.33,4.5,-34.014,4.234,-27.458,2.26,-6.556
Johnston,Kwinkwaga,N.Ontario,Walleye,17236,2016,8,29,2016-08-29,48.81,-85.33,9,medium_doc,521,-29.34,10.7,3.05,-34.014,4.234,-27.458,2.26,-29.2,0.27,4.3,-34.014,4.234,-27.458,2.26,-6.556
Johnston,Kwinkwaga,N.Ontario,Walleye,17231,2016,8,29,2016-08-29,48.81,-85.33,9,medium_doc,516,-30.04,10.27,3.08,-34.014,4.234,-27.458,2.26,-29.9,0.37,4.1,-34.014,4.234,-27.458,2.26,-6.556
Johnston,Kwinkwaga,N.Ontario,Walleye,17239,2016,8,29,2016-08-29,48.81,-85.33,9,medium_doc,515,-29.68,10.02,3.1,-34.014,4.234,-27.458,2.26,-29.5,0.31,4.1,-34.014,4.234,-27.458,2.26,-6.556
Johnston,Kwinkwaga,N.Ontario,Walleye,17238,2016,8,29,2016-08-29,48.81,-85.33,9,medium_doc,492,-29.19,10.96,3.03,-34.014,4.234,-27.458,2.26,-29.1,0.25,4.4,-34.014,4.234,-27.458,2.26,-6.556
Johnston,Kwinkwaga,N.Ontario,Walleye,17235,2016,8,29,2016-08-29,48.81,-85.33,9,medium_doc,483,-27.47,10.2,3.11,-34.014,4.234,-27.458,2.26,-27.2,0,4.4,-34.014,4.234,-27.458,2.26,-6.556
Johnston,Kwinkwaga,N.Ontario,Walleye,17230,2016,8,29,2016-08-29,48.81,-85.33,9,medium_doc,426,-30.05,9.71,3.09,-34.014,4.234,-27.458,2.26,-29.8,0.36,4,-34.014,4.234,-27.458,2.26,-6.556
Johnston,Kwinkwaga,N.Ontario,Walleye,18002,2017,NA,NA,NA,48.81,-85.33,8.3,medium_doc,425,-29.24,10.76,3.18,-34.014,4.234,-27.458,2.26,-28.8,0.2,4.4,-34.014,4.234,-27.458,2.26,-6.556
Johnston,Kwinkwaga,N.Ontario,Walleye,18003,2017,NA,NA,NA,48.81,-85.33,8.3,medium_doc,316,-29.75,9.92,3.26,-34.014,4.234,-27.458,2.26,-29.2,0.27,4.1,-34.014,4.234,-27.458,2.26,-6.556
Johnston,Badesdawa,N.Ontario,Northern pike,19781,2018,8,2,2018-08-02,51.73,-89.78,16.2,high_doc,881,-26.34,11.47,3.11,-33.155,5.237,-27.204,3.455,-26.1,0,4.5,-33.155,5.237,-27.204,3.455,-5.951
Johnston,Badesdawa,N.Ontario,Northern pike,19785,2018,8,2,2018-08-02,51.73,-89.78,16.2,high_doc,845,-26.36,12.23,3.06,-33.155,5.237,-27.204,3.455,-26.2,0,4.7,-33.155,5.237,-27.204,3.455,-5.951
Johnston,Badesdawa,N.Ontario,Northern pike,19783,2018,8,2,2018-08-02,51.73,-89.78,16.2,high_doc,818,-26.49,11.81,3.11,-33.155,5.237,-27.204,3.455,-26.2,0,4.5,-33.155,5.237,-27.204,3.455,-5.951
Johnston,Badesdawa,N.Ontario,Northern pike,19780,2018,8,2,2018-08-02,51.73,-89.78,16.2,high_doc,800,-26.5,12.31,3.08,-33.155,5.237,-27.204,3.455,-26.3,0,4.7,-33.155,5.237,-27.204,3.455,-5.951
Johnston,Badesdawa,N.Ontario,Northern pike,2783,2009,7,3,2009-07-03,51.73,-89.78,16.2,high_doc,737,-27.48,11.36,3.13,-33.155,5.237,-27.204,3.455,-27.2,0,4.3,-33.155,5.237,-27.204,3.455,-5.951
Johnston,Badesdawa,N.Ontario,Northern pike,19787,2018,8,2,2018-08-02,51.73,-89.78,16.2,high_doc,728,-27.65,11.71,3.07,-33.155,5.237,-27.204,3.455,-27.5,0.05,4.4,-33.155,5.237,-27.204,3.455,-5.951
Johnston,Badesdawa,N.Ontario,Northern pike,2780,2009,7,3,2009-07-03,51.73,-89.78,16.2,high_doc,687,-27.5,12.15,3.2,-33.155,5.237,-27.204,3.455,-27.1,0,4.6,-33.155,5.237,-27.204,3.455,-5.951
Johnston,Badesdawa,N.Ontario,Northern pike,2787,2009,7,4,2009-07-04,51.73,-89.78,16.2,high_doc,655,-27.07,12.19,3.18,-33.155,5.237,-27.204,3.455,-26.7,0,4.6,-33.155,5.237,-27.204,3.455,-5.951
Johnston,Badesdawa,N.Ontario,Northern pike,19777,2018,8,2,2018-08-02,51.73,-89.78,16.2,high_doc,597,-28.6,11.78,3.08,-33.155,5.237,-27.204,3.455,-28.4,0.2,4.3,-33.155,5.237,-27.204,3.455,-5.951
Johnston,Badesdawa,N.Ontario,Northern pike,2788,2009,7,4,2009-07-04,51.73,-89.78,16.2,high_doc,588,-27.51,12.33,3.2,-33.155,5.237,-27.204,3.455,-27.1,0,4.6,-33.155,5.237,-27.204,3.455,-5.951
Johnston,Badesdawa,N.Ontario,Northern pike,19784,2018,8,2,2018-08-02,51.73,-89.78,16.2,high_doc,588,-21.64,8.64,3.02,-33.155,5.237,-27.204,3.455,-21.6,0,4,-33.155,5.237,-27.204,3.455,-5.951
Johnston,Badesdawa,N.Ontario,Northern pike,19786,2018,8,2,2018-08-02,51.73,-89.78,16.2,high_doc,573,-26.69,11.87,3.05,-33.155,5.237,-27.204,3.455,-26.6,0,4.5,-33.155,5.237,-27.204,3.455,-5.951
Johnston,Badesdawa,N.Ontario,Northern pike,2786,2009,7,3,2009-07-03,51.73,-89.78,16.2,high_doc,568,-27.25,12.08,3.14,-33.155,5.237,-27.204,3.455,-26.9,0,4.6,-33.155,5.237,-27.204,3.455,-5.951
Johnston,Badesdawa,N.Ontario,Northern pike,2785,2009,7,3,2009-07-03,51.73,-89.78,16.2,high_doc,555,-27.91,11.41,3.15,-33.155,5.237,-27.204,3.455,-27.6,0.07,4.3,-33.155,5.237,-27.204,3.455,-5.951
Johnston,Badesdawa,N.Ontario,Northern pike,2781,2009,7,3,2009-07-03,51.73,-89.78,16.2,high_doc,543,-27.92,10.97,3.17,-33.155,5.237,-27.204,3.455,-27.5,0.05,4.2,-33.155,5.237,-27.204,3.455,-5.951
Johnston,Badesdawa,N.Ontario,Northern pike,2782,2009,7,3,2009-07-03,51.73,-89.78,16.2,high_doc,491,-28.98,11.72,3.19,-33.155,5.237,-27.204,3.455,-28.6,0.23,4.3,-33.155,5.237,-27.204,3.455,-5.951
Johnston,Badesdawa,N.Ontario,Northern pike,2784,2009,7,3,2009-07-03,51.73,-89.78,16.2,high_doc,470,-27.69,12.7,3.2,-33.155,5.237,-27.204,3.455,-27.2,0,4.7,-33.155,5.237,-27.204,3.455,-5.951
Johnston,Badesdawa,N.Ontario,Northern pike,19782,2018,8,2,2018-08-02,51.73,-89.78,16.2,high_doc,459,-26.78,10.67,3.05,-33.155,5.237,-27.204,3.455,-26.7,0,4.2,-33.155,5.237,-27.204,3.455,-5.951
Johnston,Badesdawa,N.Ontario,Northern pike,19778,2018,8,2,2018-08-02,51.73,-89.78,16.2,high_doc,453,-28.58,11.68,3.1,-33.155,5.237,-27.204,3.455,-28.4,0.2,4.3,-33.155,5.237,-27.204,3.455,-5.951
Johnston,Badesdawa,N.Ontario,Northern pike,19779,2018,8,2,2018-08-02,51.73,-89.78,16.2,high_doc,446,-27.69,11.73,3.08,-33.155,5.237,-27.204,3.455,-27.5,0.05,4.4,-33.155,5.237,-27.204,3.455,-5.951
Johnston,Badesdawa,N.Ontario,Northern pike,2789,2009,7,4,2009-07-04,51.73,-89.78,16.2,high_doc,343,-28.92,10.73,3.19,-33.155,5.237,-27.204,3.455,-28.5,0.22,4,-33.155,5.237,-27.204,3.455,-5.951
Johnston,Badesdawa,N.Ontario,Walleye,2795,2009,7,4,2009-07-04,51.73,-89.78,16.2,high_doc,615,-27.28,12.16,3.16,-33.155,5.237,-27.204,3.455,-26.9,0,4.6,-33.155,5.237,-27.204,3.455,-5.951
Johnston,Badesdawa,N.Ontario,Walleye,2796,2009,7,4,2009-07-04,51.73,-89.78,16.2,high_doc,550,-27.76,11.84,3.18,-33.155,5.237,-27.204,3.455,-27.4,0.03,4.5,-33.155,5.237,-27.204,3.455,-5.951
Johnston,Badesdawa,N.Ontario,Walleye,2790,2009,7,3,2009-07-03,51.73,-89.78,16.2,high_doc,512,-31,11.9,3.23,-33.155,5.237,-27.204,3.455,-30.5,0.55,4.2,-33.155,5.237,-27.204,3.455,-5.951
Johnston,Badesdawa,N.Ontario,Walleye,2799,2009,7,4,2009-07-04,51.73,-89.78,16.2,high_doc,497,-27.85,11.8,3.17,-33.155,5.237,-27.204,3.455,-27.5,0.05,4.4,-33.155,5.237,-27.204,3.455,-5.951
Johnston,Badesdawa,N.Ontario,Walleye,19810,2018,8,2,2018-08-02,51.73,-89.78,16.2,high_doc,477,-28.12,11.23,3.06,-33.155,5.237,-27.204,3.455,-28,0.13,4.2,-33.155,5.237,-27.204,3.455,-5.951
Johnston,Badesdawa,N.Ontario,Walleye,19809,2018,8,2,2018-08-02,51.73,-89.78,16.2,high_doc,450,-28.04,10.93,3.09,-33.155,5.237,-27.204,3.455,-27.8,0.1,4.1,-33.155,5.237,-27.204,3.455,-5.951
Johnston,Badesdawa,N.Ontario,Walleye,2791,2009,7,3,2009-07-03,51.73,-89.78,16.2,high_doc,435,-27.56,12.74,3.16,-33.155,5.237,-27.204,3.455,-27.2,0,4.7,-33.155,5.237,-27.204,3.455,-5.951
Johnston,Badesdawa,N.Ontario,Walleye,2793,2009,7,3,2009-07-03,51.73,-89.78,16.2,high_doc,393,-28.7,10.83,3.18,-33.155,5.237,-27.204,3.455,-28.3,0.18,4.1,-33.155,5.237,-27.204,3.455,-5.951
Johnston,Badesdawa,N.Ontario,Walleye,19808,2018,8,2,2018-08-02,51.73,-89.78,16.2,high_doc,374,-28.65,10.55,3.1,-33.155,5.237,-27.204,3.455,-28.4,0.2,4,-33.155,5.237,-27.204,3.455,-5.951
Johnston,Badesdawa,N.Ontario,Walleye,19811,2018,8,2,2018-08-02,51.73,-89.78,16.2,high_doc,369,-22.68,9.01,3.1,-33.155,5.237,-27.204,3.455,-22.5,0,4,-33.155,5.237,-27.204,3.455,-5.951
Johnston,Badesdawa,N.Ontario,Walleye,2792,2009,7,3,2009-07-03,51.73,-89.78,16.2,high_doc,357,-28.22,11.64,3.2,-33.155,5.237,-27.204,3.455,-27.8,0.1,4.4,-33.155,5.237,-27.204,3.455,-5.951
Johnston,Badesdawa,N.Ontario,Walleye,19812,2018,8,2,2018-08-02,51.73,-89.78,16.2,high_doc,305,-27.85,10.92,3.08,-33.155,5.237,-27.204,3.455,-27.7,0.08,4.2,-33.155,5.237,-27.204,3.455,-5.951
Johnston,Badesdawa,N.Ontario,Walleye,19814,2018,8,2,2018-08-02,51.73,-89.78,16.2,high_doc,290,-26.72,10.6,3.09,-33.155,5.237,-27.204,3.455,-26.5,0,4.2,-33.155,5.237,-27.204,3.455,-5.951
Johnston,Badesdawa,N.Ontario,Walleye,2797,2009,7,4,2009-07-04,51.73,-89.78,16.2,high_doc,276,-29.11,10.83,3.19,-33.155,5.237,-27.204,3.455,-28.7,0.25,4,-33.155,5.237,-27.204,3.455,-5.951
Johnston,Badesdawa,N.Ontario,Walleye,2798,2009,7,4,2009-07-04,51.73,-89.78,16.2,high_doc,274,-28.42,11.58,3.16,-33.155,5.237,-27.204,3.455,-28.1,0.15,4.3,-33.155,5.237,-27.204,3.455,-5.951
Johnston,Badesdawa,N.Ontario,Walleye,19813,2018,8,2,2018-08-02,51.73,-89.78,16.2,high_doc,264,-27.69,10.83,3.09,-33.155,5.237,-27.204,3.455,-27.5,0.05,4.1,-33.155,5.237,-27.204,3.455,-5.951
Johnston,Badesdawa,N.Ontario,Walleye,2794,2009,7,3,2009-07-03,51.73,-89.78,16.2,high_doc,218,-29.15,10.47,3.19,-33.155,5.237,-27.204,3.455,-28.7,0.25,3.9,-33.155,5.237,-27.204,3.455,-5.951
Johnston,Kenogamisis,N.Ontario,Northern pike,19482,2018,6,20,2018-06-20,49.69,-86.88,11.2,high_doc,620,-29.18,10.31,3.14,-33.06,4.376666667,-27.095,2.888333333,-28.9,0.3,4.1,-33.06,4.376666667,-27.095,2.888333333,-5.965
Johnston,Kenogamisis,N.Ontario,Northern pike,19484,2018,6,20,2018-06-20,49.69,-86.88,11.2,high_doc,613,-30.26,10.74,3.25,-33.06,4.376666667,-27.095,2.888333333,-29.7,0.44,4.1,-33.06,4.376666667,-27.095,2.888333333,-5.965
Johnston,Kenogamisis,N.Ontario,Northern pike,20397,2018,8,27,2018-08-27,49.69,-86.88,11.2,high_doc,545,-30.18,10.64,3.22,-33.06,4.376666667,-27.095,2.888333333,-29.7,0.44,4.1,-33.06,4.376666667,-27.095,2.888333333,-5.965
Johnston,Kenogamisis,N.Ontario,Northern pike,19481,2018,6,20,2018-06-20,49.69,-86.88,11.2,high_doc,515,-29.59,10.52,3.26,-33.06,4.376666667,-27.095,2.888333333,-29,0.32,4.1,-33.06,4.376666667,-27.095,2.888333333,-5.965
Johnston,Kenogamisis,N.Ontario,Northern pike,19480,2018,6,20,2018-06-20,49.69,-86.88,11.2,high_doc,506,-29.87,10.85,3.24,-33.06,4.376666667,-27.095,2.888333333,-29.3,0.37,4.2,-33.06,4.376666667,-27.095,2.888333333,-5.965
Johnston,Kenogamisis,N.Ontario,Northern pike,20400,2018,8,27,2018-08-27,49.69,-86.88,11.2,high_doc,502,-30.16,10.69,3.19,-33.06,4.376666667,-27.095,2.888333333,-29.7,0.44,4.1,-33.06,4.376666667,-27.095,2.888333333,-5.965
Johnston,Kenogamisis,N.Ontario,Northern pike,19487,2018,6,20,2018-06-20,49.69,-86.88,11.2,high_doc,460,-29.16,9.35,3.25,-33.06,4.376666667,-27.095,2.888333333,-28.6,0.25,3.8,-33.06,4.376666667,-27.095,2.888333333,-5.965
Johnston,Kenogamisis,N.Ontario,Northern pike,19486,2018,6,20,2018-06-20,49.69,-86.88,11.2,high_doc,455,-29.74,10.76,3.27,-33.06,4.376666667,-27.095,2.888333333,-29.2,0.35,4.2,-33.06,4.376666667,-27.095,2.888333333,-5.965
Johnston,Kenogamisis,N.Ontario,Northern pike,19483,2018,6,20,2018-06-20,49.69,-86.88,11.2,high_doc,455,-30.01,10.71,3.24,-33.06,4.376666667,-27.095,2.888333333,-29.5,0.4,4.1,-33.06,4.376666667,-27.095,2.888333333,-5.965
Johnston,Kenogamisis,N.Ontario,Northern pike,20398,2018,8,27,2018-08-27,49.69,-86.88,11.2,high_doc,443,-30.36,10.64,3.21,-33.06,4.376666667,-27.095,2.888333333,-29.9,0.47,4.1,-33.06,4.376666667,-27.095,2.888333333,-5.965
Johnston,Kenogamisis,N.Ontario,Northern pike,20396,2018,8,27,2018-08-27,49.69,-86.88,11.2,high_doc,419,-30.97,10.08,3.14,-33.06,4.376666667,-27.095,2.888333333,-30.7,0.6,3.9,-33.06,4.376666667,-27.095,2.888333333,-5.965
Johnston,Kenogamisis,N.Ontario,Northern pike,19485,2018,6,20,2018-06-20,49.69,-86.88,11.2,high_doc,410,-31.54,11.57,3.15,-33.06,4.376666667,-27.095,2.888333333,-31.2,0.69,4.3,-33.06,4.376666667,-27.095,2.888333333,-5.965
Johnston,Kenogamisis,N.Ontario,Northern pike,20399,2018,8,27,2018-08-27,49.69,-86.88,11.2,high_doc,363,-29.14,9.93,3.22,-33.06,4.376666667,-27.095,2.888333333,-28.7,0.27,4,-33.06,4.376666667,-27.095,2.888333333,-5.965
Johnston,Kenogamisis,N.Ontario,Northern pike,19488,2018,6,20,2018-06-20,49.69,-86.88,11.2,high_doc,356,-29.92,10.54,3.18,-33.06,4.376666667,-27.095,2.888333333,-29.5,0.4,4.1,-33.06,4.376666667,-27.095,2.888333333,-5.965
Johnston,Kenogamisis,N.Ontario,Northern pike,19479,2018,6,20,2018-06-20,49.69,-86.88,11.2,high_doc,326,-30.2,10.52,3.25,-33.06,4.376666667,-27.095,2.888333333,-29.7,0.44,4.1,-33.06,4.376666667,-27.095,2.888333333,-5.965
Johnston,Kenogamisis,N.Ontario,Walleye,20410,2018,8,27,2018-08-27,49.69,-86.88,11.2,high_doc,641,-27.34,11.99,3.21,-33.06,4.376666667,-27.095,2.888333333,-26.9,0,4.7,-33.06,4.376666667,-27.095,2.888333333,-5.965
Johnston,Kenogamisis,N.Ontario,Walleye,20404,2018,8,27,2018-08-27,49.69,-86.88,11.2,high_doc,639,-29.09,12.77,3.37,-33.06,4.376666667,-27.095,2.888333333,-28.3,0.2,4.8,-33.06,4.376666667,-27.095,2.888333333,-5.965
Johnston,Kenogamisis,N.Ontario,Walleye,20401,2018,8,27,2018-08-27,49.69,-86.88,11.2,high_doc,637,-27.91,11.16,3.2,-33.06,4.376666667,-27.095,2.888333333,-27.5,0.07,4.4,-33.06,4.376666667,-27.095,2.888333333,-5.965
Johnston,Kenogamisis,N.Ontario,Walleye,20407,2018,8,27,2018-08-27,49.69,-86.88,11.2,high_doc,578,-28.13,12.02,3.21,-33.06,4.376666667,-27.095,2.888333333,-27.7,0.1,4.6,-33.06,4.376666667,-27.095,2.888333333,-5.965
Johnston,Kenogamisis,N.Ontario,Walleye,20403,2018,8,27,2018-08-27,49.69,-86.88,11.2,high_doc,478,-31.42,11.92,3.23,-33.06,4.376666667,-27.095,2.888333333,-30.9,0.64,4.4,-33.06,4.376666667,-27.095,2.888333333,-5.965
Johnston,Kenogamisis,N.Ontario,Walleye,20402,2018,8,27,2018-08-27,49.69,-86.88,11.2,high_doc,457,-30.15,11.91,3.31,-33.06,4.376666667,-27.095,2.888333333,-29.5,0.4,4.5,-33.06,4.376666667,-27.095,2.888333333,-5.965
Johnston,Kenogamisis,N.Ontario,Walleye,20406,2018,8,27,2018-08-27,49.69,-86.88,11.2,high_doc,420,-30.8,11.63,3.25,-33.06,4.376666667,-27.095,2.888333333,-30.3,0.54,4.3,-33.06,4.376666667,-27.095,2.888333333,-5.965
Johnston,Kenogamisis,N.Ontario,Walleye,20405,2018,8,27,2018-08-27,49.69,-86.88,11.2,high_doc,392,-30.58,11.71,3.19,-33.06,4.376666667,-27.095,2.888333333,-30.2,0.52,4.4,-33.06,4.376666667,-27.095,2.888333333,-5.965
Johnston,Kenogamisis,N.Ontario,Walleye,20408,2018,8,27,2018-08-27,49.69,-86.88,11.2,high_doc,389,-28.24,10.28,3.25,-33.06,4.376666667,-27.095,2.888333333,-27.7,0.1,4.1,-33.06,4.376666667,-27.095,2.888333333,-5.965
Johnston,Kenogamisis,N.Ontario,Walleye,20409,2018,8,27,2018-08-27,49.69,-86.88,11.2,high_doc,381,-29.47,10.86,3.23,-33.06,4.376666667,-27.095,2.888333333,-29,0.32,4.2,-33.06,4.376666667,-27.095,2.888333333,-5.965
Johnston,Pine,N.Ontario,Northern pike,9355,2012,NA,NA,NA,54.15,-85.03,8.6,medium_doc,739,-26.85,13.6,3.29,-30.988,8.058,-26.614,5.312,-26.2,0,4.5,-30.988,8.058,-26.614,5.312,-4.374
Johnston,Pine,N.Ontario,Northern pike,9359,2012,NA,NA,NA,54.15,-85.03,8.6,medium_doc,710,-25.94,13.49,3.31,-30.988,8.058,-26.614,5.312,-25.3,0,4.6,-30.988,8.058,-26.614,5.312,-4.374
Johnston,Pine,N.Ontario,Northern pike,9356,2012,NA,NA,NA,54.15,-85.03,8.6,medium_doc,698,-28.01,12.92,3.24,-30.988,8.058,-26.614,5.312,-27.5,0.2,4.1,-30.988,8.058,-26.614,5.312,-4.374
Johnston,Pine,N.Ontario,Northern pike,9357,2012,NA,NA,NA,54.15,-85.03,8.6,medium_doc,644,-27.95,13.03,3.18,-30.988,8.058,-26.614,5.312,-27.5,0.2,4.1,-30.988,8.058,-26.614,5.312,-4.374
Johnston,Pine,N.Ontario,Northern pike,9362,2012,NA,NA,NA,54.15,-85.03,8.6,medium_doc,597,-28.14,11.94,3.32,-30.988,8.058,-26.614,5.312,-27.5,0.2,3.8,-30.988,8.058,-26.614,5.312,-4.374
Johnston,Pine,N.Ontario,Northern pike,9358,2012,NA,NA,NA,54.15,-85.03,8.6,medium_doc,548,-27.65,13.43,3.27,-30.988,8.058,-26.614,5.312,-27.1,0.11,4.3,-30.988,8.058,-26.614,5.312,-4.374
Johnston,Pine,N.Ontario,Northern pike,9361,2012,NA,NA,NA,54.15,-85.03,8.6,medium_doc,512,-27.21,13.45,3.33,-30.988,8.058,-26.614,5.312,-26.5,0,4.4,-30.988,8.058,-26.614,5.312,-4.374
Johnston,Pine,N.Ontario,Northern pike,9360,2012,NA,NA,NA,54.15,-85.03,8.6,medium_doc,454,-27.73,13.19,3.27,-30.988,8.058,-26.614,5.312,-27.1,0.11,4.2,-30.988,8.058,-26.614,5.312,-4.374
Johnston,Pine,N.Ontario,Northern pike,9364,2012,NA,NA,NA,54.15,-85.03,8.6,medium_doc,442,-28.07,11.18,3.22,-30.988,8.058,-26.614,5.312,-27.6,0.23,3.5,-30.988,8.058,-26.614,5.312,-4.374
Johnston,Pine,N.Ontario,Northern pike,9363,2012,NA,NA,NA,54.15,-85.03,8.6,medium_doc,422,-25.89,10.32,3.26,-30.988,8.058,-26.614,5.312,-25.3,0,3.7,-30.988,8.058,-26.614,5.312,-4.374
Johnston,Pine,N.Ontario,Walleye,9368,2012,NA,NA,NA,54.15,-85.03,8.6,medium_doc,638,-28.21,13.43,3.49,-30.988,8.058,-26.614,5.312,-27.2,0.13,4.3,-30.988,8.058,-26.614,5.312,-4.374
Johnston,Pine,N.Ontario,Walleye,9365,2012,NA,NA,NA,54.15,-85.03,8.6,medium_doc,583,-28.12,14.23,3.27,-30.988,8.058,-26.614,5.312,-27.5,0.2,4.5,-30.988,8.058,-26.614,5.312,-4.374
Johnston,Pine,N.Ontario,Walleye,9371,2012,NA,NA,NA,54.15,-85.03,8.6,medium_doc,566,-28.71,13.31,3.31,-30.988,8.058,-26.614,5.312,-28,0.32,4.1,-30.988,8.058,-26.614,5.312,-4.374
Johnston,Pine,N.Ontario,Walleye,9366,2012,NA,NA,NA,54.15,-85.03,8.6,medium_doc,552,-28.45,13.91,3.29,-30.988,8.058,-26.614,5.312,-27.8,0.27,4.3,-30.988,8.058,-26.614,5.312,-4.374
Johnston,Pine,N.Ontario,Walleye,9372,2012,NA,NA,NA,54.15,-85.03,8.6,medium_doc,530,-28.56,13.1,3.37,-30.988,8.058,-26.614,5.312,-27.8,0.27,4.1,-30.988,8.058,-26.614,5.312,-4.374
Johnston,Pine,N.Ontario,Walleye,9370,2012,NA,NA,NA,54.15,-85.03,8.6,medium_doc,484,-27.43,13.69,3.34,-30.988,8.058,-26.614,5.312,-26.7,0.02,4.4,-30.988,8.058,-26.614,5.312,-4.374
Johnston,Pine,N.Ontario,Walleye,9369,2012,NA,NA,NA,54.15,-85.03,8.6,medium_doc,472,-28.46,13.39,3.28,-30.988,8.058,-26.614,5.312,-27.9,0.29,4.1,-30.988,8.058,-26.614,5.312,-4.374
Johnston,Pine,N.Ontario,Walleye,9374,2012,NA,NA,NA,54.15,-85.03,8.6,medium_doc,372,-28.83,11.79,3.32,-30.988,8.058,-26.614,5.312,-28.1,0.34,3.6,-30.988,8.058,-26.614,5.312,-4.374
Johnston,Pine,N.Ontario,Walleye,9373,2012,NA,NA,NA,54.15,-85.03,8.6,medium_doc,323,-28.55,13.37,3.34,-30.988,8.058,-26.614,5.312,-27.8,0.27,4.2,-30.988,8.058,-26.614,5.312,-4.374
Johnston,Pine,N.Ontario,Walleye,9367,2012,NA,NA,NA,54.15,-85.03,8.6,medium_doc,228,-28.6,11.45,3.35,-30.988,8.058,-26.614,5.312,-27.9,0.29,3.6,-30.988,8.058,-26.614,5.312,-4.374
Johnston,Giroux,N.Ontario,Black bass,7953,2011,NA,NA,NA,45.71,-80.51,8.5,medium_doc,460,-28.64,9.18,3.1,-31.956,3.844,-24.51166667,3.986666667,-28.4,0.52,3.5,-31.956,3.844,-24.51166667,3.986666667,-7.44433333
Johnston,Giroux,N.Ontario,Black bass,7952,2011,NA,NA,NA,45.71,-80.51,8.5,medium_doc,453,-31.6,9.62,3.08,-31.956,3.844,-24.51166667,3.986666667,-31.4,0.93,3.7,-31.956,3.844,-24.51166667,3.986666667,-7.44433333
Johnston,Giroux,N.Ontario,Black bass,7958,2011,NA,NA,NA,45.71,-80.51,8.5,medium_doc,450,-30.98,9.2,3.2,-31.956,3.844,-24.51166667,3.986666667,-30.5,0.8,3.6,-31.956,3.844,-24.51166667,3.986666667,-7.44433333
Johnston,Giroux,N.Ontario,Black bass,7964,2011,NA,NA,NA,45.71,-80.51,8.5,medium_doc,446,-31.61,9.9,3.08,-31.956,3.844,-24.51166667,3.986666667,-31.4,0.93,3.8,-31.956,3.844,-24.51166667,3.986666667,-7.44433333
Johnston,Giroux,N.Ontario,Black bass,7960,2011,NA,NA,NA,45.71,-80.51,8.5,medium_doc,442,-29.49,8.66,3.13,-31.956,3.844,-24.51166667,3.986666667,-29.2,0.63,3.4,-31.956,3.844,-24.51166667,3.986666667,-7.44433333
Johnston,Giroux,N.Ontario,Black bass,7963,2011,NA,NA,NA,45.71,-80.51,8.5,medium_doc,441,-31.03,9.44,3.15,-31.956,3.844,-24.51166667,3.986666667,-30.7,0.83,3.6,-31.956,3.844,-24.51166667,3.986666667,-7.44433333
Johnston,Giroux,N.Ontario,Black bass,7959,2011,NA,NA,NA,45.71,-80.51,8.5,medium_doc,439,-32.11,9.81,3.2,-31.956,3.844,-24.51166667,3.986666667,-31.7,0.97,3.8,-31.956,3.844,-24.51166667,3.986666667,-7.44433333
Johnston,Giroux,N.Ontario,Black bass,7967,2011,NA,NA,NA,45.71,-80.51,8.5,medium_doc,432,-31.38,9.9,3.16,-31.956,3.844,-24.51166667,3.986666667,-31,0.87,3.8,-31.956,3.844,-24.51166667,3.986666667,-7.44433333
Johnston,Giroux,N.Ontario,Black bass,7954,2011,NA,NA,NA,45.71,-80.51,8.5,medium_doc,430,-29.9,8.98,3.2,-31.956,3.844,-24.51166667,3.986666667,-29.5,0.67,3.5,-31.956,3.844,-24.51166667,3.986666667,-7.44433333
Johnston,Giroux,N.Ontario,Black bass,7955,2011,NA,NA,NA,45.71,-80.51,8.5,medium_doc,427,-31.93,9.6,3.13,-31.956,3.844,-24.51166667,3.986666667,-31.6,0.95,3.7,-31.956,3.844,-24.51166667,3.986666667,-7.44433333
Johnston,Giroux,N.Ontario,Black bass,7950,2011,NA,NA,NA,45.71,-80.51,8.5,medium_doc,422,-31.8,9.51,3.15,-31.956,3.844,-24.51166667,3.986666667,-31.5,0.94,3.7,-31.956,3.844,-24.51166667,3.986666667,-7.44433333
Johnston,Giroux,N.Ontario,Black bass,7966,2011,NA,NA,NA,45.71,-80.51,8.5,medium_doc,410,-31.79,9.94,3.19,-31.956,3.844,-24.51166667,3.986666667,-31.4,0.93,3.8,-31.956,3.844,-24.51166667,3.986666667,-7.44433333
Johnston,Giroux,N.Ontario,Black bass,7965,2011,NA,NA,NA,45.71,-80.51,8.5,medium_doc,405,-31.53,10.06,3.14,-31.956,3.844,-24.51166667,3.986666667,-31.2,0.9,3.8,-31.956,3.844,-24.51166667,3.986666667,-7.44433333
Johnston,Giroux,N.Ontario,Black bass,7951,2011,NA,NA,NA,45.71,-80.51,8.5,medium_doc,399,-30.03,9.36,3.11,-31.956,3.844,-24.51166667,3.986666667,-29.8,0.71,3.6,-31.956,3.844,-24.51166667,3.986666667,-7.44433333
Johnston,Giroux,N.Ontario,Black bass,7948,2011,NA,NA,NA,45.71,-80.51,8.5,medium_doc,394,-32.34,9.78,3.13,-31.956,3.844,-24.51166667,3.986666667,-32,1,3.7,-31.956,3.844,-24.51166667,3.986666667,-7.44433333
Johnston,Giroux,N.Ontario,Black bass,7962,2011,NA,NA,NA,45.71,-80.51,8.5,medium_doc,373,-31.33,9.73,3.09,-31.956,3.844,-24.51166667,3.986666667,-31.1,0.89,3.7,-31.956,3.844,-24.51166667,3.986666667,-7.44433333
Johnston,Giroux,N.Ontario,Black bass,7961,2011,NA,NA,NA,45.71,-80.51,8.5,medium_doc,343,-32.88,9.58,3.26,-31.956,3.844,-24.51166667,3.986666667,-32.3,1,3.7,-31.956,3.844,-24.51166667,3.986666667,-7.44433333
Johnston,Giroux,N.Ontario,Black bass,7949,2011,NA,NA,NA,45.71,-80.51,8.5,medium_doc,290,-28.6,9.59,3.1,-31.956,3.844,-24.51166667,3.986666667,-28.4,0.52,3.7,-31.956,3.844,-24.51166667,3.986666667,-7.44433333
Johnston,Giroux,N.Ontario,Black bass,7956,2011,NA,NA,NA,45.71,-80.51,8.5,medium_doc,226,-31.75,9.99,3.07,-31.956,3.844,-24.51166667,3.986666667,-31.6,0.95,3.8,-31.956,3.844,-24.51166667,3.986666667,-7.44433333
Johnston,Giroux,N.Ontario,Black bass,7957,2011,NA,NA,NA,45.71,-80.51,8.5,medium_doc,223,-29.63,9.69,3.15,-31.956,3.844,-24.51166667,3.986666667,-29.3,0.64,3.7,-31.956,3.844,-24.51166667,3.986666667,-7.44433333
Johnston,Giroux,N.Ontario,Walleye,7939,2011,NA,NA,NA,45.71,-80.51,8.5,medium_doc,587,-30.58,10.73,3.31,-31.956,3.844,-24.51166667,3.986666667,-29.9,0.72,4,-31.956,3.844,-24.51166667,3.986666667,-7.44433333
Johnston,Giroux,N.Ontario,Walleye,7942,2011,NA,NA,NA,45.71,-80.51,8.5,medium_doc,516,-30.35,11.08,3.03,-31.956,3.844,-24.51166667,3.986666667,-30.3,0.78,4.1,-31.956,3.844,-24.51166667,3.986666667,-7.44433333
Johnston,Giroux,N.Ontario,Walleye,7933,2011,NA,NA,NA,45.71,-80.51,8.5,medium_doc,511,-32.08,10.3,3.17,-31.956,3.844,-24.51166667,3.986666667,-31.7,0.97,3.9,-31.956,3.844,-24.51166667,3.986666667,-7.44433333
Johnston,Giroux,N.Ontario,Walleye,7932,2011,NA,NA,NA,45.71,-80.51,8.5,medium_doc,507,-32.14,9.95,3.12,-31.956,3.844,-24.51166667,3.986666667,-31.9,0.99,3.8,-31.956,3.844,-24.51166667,3.986666667,-7.44433333
Johnston,Giroux,N.Ontario,Walleye,7931,2011,NA,NA,NA,45.71,-80.51,8.5,medium_doc,472,-32.13,10.13,3.2,-31.956,3.844,-24.51166667,3.986666667,-31.7,0.97,3.8,-31.956,3.844,-24.51166667,3.986666667,-7.44433333
Johnston,Giroux,N.Ontario,Walleye,7947,2011,NA,NA,NA,45.71,-80.51,8.5,medium_doc,470,-31.95,10.29,3.04,-31.956,3.844,-24.51166667,3.986666667,-31.9,0.99,3.9,-31.956,3.844,-24.51166667,3.986666667,-7.44433333
Johnston,Giroux,N.Ontario,Walleye,7938,2011,NA,NA,NA,45.71,-80.51,8.5,medium_doc,443,-31.73,10.15,3.23,-31.956,3.844,-24.51166667,3.986666667,-31.2,0.9,3.9,-31.956,3.844,-24.51166667,3.986666667,-7.44433333
Johnston,Giroux,N.Ontario,Walleye,7943,2011,NA,NA,NA,45.71,-80.51,8.5,medium_doc,430,-31.67,9.71,3.01,-31.956,3.844,-24.51166667,3.986666667,-31.7,0.97,3.7,-31.956,3.844,-24.51166667,3.986666667,-7.44433333
Johnston,Giroux,N.Ontario,Walleye,7930,2011,NA,NA,NA,45.71,-80.51,8.5,medium_doc,421,-32.13,10.62,3.39,-31.956,3.844,-24.51166667,3.986666667,-31.3,0.91,4,-31.956,3.844,-24.51166667,3.986666667,-7.44433333
Johnston,Giroux,N.Ontario,Walleye,7935,2011,NA,NA,NA,45.71,-80.51,8.5,medium_doc,415,-32.44,10.33,3.27,-31.956,3.844,-24.51166667,3.986666667,-31.9,0.99,3.9,-31.956,3.844,-24.51166667,3.986666667,-7.44433333
Johnston,Giroux,N.Ontario,Walleye,7937,2011,NA,NA,NA,45.71,-80.51,8.5,medium_doc,384,-32.3,10.63,3.16,-31.956,3.844,-24.51166667,3.986666667,-31.9,0.99,4,-31.956,3.844,-24.51166667,3.986666667,-7.44433333
Johnston,Giroux,N.Ontario,Walleye,7944,2011,NA,NA,NA,45.71,-80.51,8.5,medium_doc,361,-32.33,9.64,2.97,-31.956,3.844,-24.51166667,3.986666667,-32.4,1,3.7,-31.956,3.844,-24.51166667,3.986666667,-7.44433333
Johnston,Giroux,N.Ontario,Walleye,7945,2011,NA,NA,NA,45.71,-80.51,8.5,medium_doc,346,-32.25,9.83,3.01,-31.956,3.844,-24.51166667,3.986666667,-32.2,1,3.8,-31.956,3.844,-24.51166667,3.986666667,-7.44433333
Johnston,Giroux,N.Ontario,Walleye,7934,2011,NA,NA,NA,45.71,-80.51,8.5,medium_doc,305,-32.83,9.86,3.18,-31.956,3.844,-24.51166667,3.986666667,-32.4,1,3.8,-31.956,3.844,-24.51166667,3.986666667,-7.44433333
Johnston,Giroux,N.Ontario,Walleye,7936,2011,NA,NA,NA,45.71,-80.51,8.5,medium_doc,304,-32.54,10.46,3.22,-31.956,3.844,-24.51166667,3.986666667,-32.1,1,3.9,-31.956,3.844,-24.51166667,3.986666667,-7.44433333
Johnston,Giroux,N.Ontario,Walleye,7946,2011,NA,NA,NA,45.71,-80.51,8.5,medium_doc,285,-32.34,9.62,3.01,-31.956,3.844,-24.51166667,3.986666667,-32.3,1,3.7,-31.956,3.844,-24.51166667,3.986666667,-7.44433333
Johnston,Giroux,N.Ontario,Walleye,7928,2011,NA,NA,NA,45.71,-80.51,8.5,medium_doc,280,-31.99,9.51,3.2,-31.956,3.844,-24.51166667,3.986666667,-31.5,0.94,3.7,-31.956,3.844,-24.51166667,3.986666667,-7.44433333
Johnston,Giroux,N.Ontario,Walleye,7929,2011,NA,NA,NA,45.71,-80.51,8.5,medium_doc,265,-31.93,10.2,3.2,-31.956,3.844,-24.51166667,3.986666667,-31.5,0.94,3.9,-31.956,3.844,-24.51166667,3.986666667,-7.44433333
Johnston,Giroux,N.Ontario,Walleye,7940,2011,NA,NA,NA,45.71,-80.51,8.5,medium_doc,205,-32.84,10.41,3.23,-31.956,3.844,-24.51166667,3.986666667,-32.3,1,3.9,-31.956,3.844,-24.51166667,3.986666667,-7.44433333
Johnston,Williams,N.Ontario,Northern pike,14793,2015,8,7,2015-08-07,51.83,-90.68,10.2,high_doc,690,-26.51,10.94,3.21,-29.025,4.5175,-23.421,3.772,-26,0.46,4,-29.025,4.5175,-23.421,3.772,-5.604
Johnston,Williams,N.Ontario,Northern pike,14791,2015,8,7,2015-08-07,51.83,-90.68,10.2,high_doc,632,-27.34,11,3.16,-29.025,4.5175,-23.421,3.772,-27,0.64,4,-29.025,4.5175,-23.421,3.772,-5.604
Johnston,Williams,N.Ontario,Northern pike,14794,2015,8,7,2015-08-07,51.83,-90.68,10.2,high_doc,594,-26.59,10.26,3.17,-29.025,4.5175,-23.421,3.772,-26.2,0.5,3.8,-29.025,4.5175,-23.421,3.772,-5.604
Johnston,Williams,N.Ontario,Northern pike,14788,2015,8,7,2015-08-07,51.83,-90.68,10.2,high_doc,591,-22.4,8.83,3.19,-29.025,4.5175,-23.421,3.772,-22,0,3.5,-29.025,4.5175,-23.421,3.772,-5.604
Johnston,Williams,N.Ontario,Northern pike,14789,2015,8,7,2015-08-07,51.83,-90.68,10.2,high_doc,563,-23.83,9.63,3.25,-29.025,4.5175,-23.421,3.772,-23.3,0,3.7,-29.025,4.5175,-23.421,3.772,-5.604
Johnston,Williams,N.Ontario,Northern pike,14796,2015,8,7,2015-08-07,51.83,-90.68,10.2,high_doc,525,-26.94,10.56,3.23,-29.025,4.5175,-23.421,3.772,-26.4,0.53,3.9,-29.025,4.5175,-23.421,3.772,-5.604
Johnston,Williams,N.Ontario,Northern pike,14792,2015,8,7,2015-08-07,51.83,-90.68,10.2,high_doc,474,-26.2,10.14,3.22,-29.025,4.5175,-23.421,3.772,-25.7,0.41,3.8,-29.025,4.5175,-23.421,3.772,-5.604
Johnston,Williams,N.Ontario,Northern pike,14795,2015,8,7,2015-08-07,51.83,-90.68,10.2,high_doc,444,-27.97,10.88,3.25,-29.025,4.5175,-23.421,3.772,-27.4,0.71,3.9,-29.025,4.5175,-23.421,3.772,-5.604
Johnston,Williams,N.Ontario,Northern pike,14790,2015,8,7,2015-08-07,51.83,-90.68,10.2,high_doc,397,-26.68,10.31,3.24,-29.025,4.5175,-23.421,3.772,-26.2,0.5,3.8,-29.025,4.5175,-23.421,3.772,-5.604
Johnston,Williams,N.Ontario,Northern pike,14787,2015,8,6,2015-08-06,51.83,-90.68,10.2,high_doc,233,-27.76,8.32,3.19,-29.025,4.5175,-23.421,3.772,-27.3,0.69,3.2,-29.025,4.5175,-23.421,3.772,-5.604
Johnston,Williams,N.Ontario,Walleye,14813,2015,8,7,2015-08-07,51.83,-90.68,10.2,high_doc,500,-26.28,11.18,3.13,-29.025,4.5175,-23.421,3.772,-26,0.46,4.1,-29.025,4.5175,-23.421,3.772,-5.604
Johnston,Williams,N.Ontario,Walleye,14811,2015,8,7,2015-08-07,51.83,-90.68,10.2,high_doc,474,-25.43,11.38,3.13,-29.025,4.5175,-23.421,3.772,-25.1,0.3,4.2,-29.025,4.5175,-23.421,3.772,-5.604
Johnston,Williams,N.Ontario,Walleye,14812,2015,8,7,2015-08-07,51.83,-90.68,10.2,high_doc,435,-25.74,10.58,3.2,-29.025,4.5175,-23.421,3.772,-25.3,0.34,3.9,-29.025,4.5175,-23.421,3.772,-5.604
Johnston,Williams,N.Ontario,Walleye,14816,2015,8,7,2015-08-07,51.83,-90.68,10.2,high_doc,431,-26.58,10.59,3.31,-29.025,4.5175,-23.421,3.772,-25.9,0.44,3.9,-29.025,4.5175,-23.421,3.772,-5.604
Johnston,Williams,N.Ontario,Walleye,14815,2015,8,7,2015-08-07,51.83,-90.68,10.2,high_doc,426,-26.04,11.27,3.37,-29.025,4.5175,-23.421,3.772,-25.3,0.34,4.1,-29.025,4.5175,-23.421,3.772,-5.604
Johnston,Williams,N.Ontario,Walleye,14814,2015,8,7,2015-08-07,51.83,-90.68,10.2,high_doc,390,-26.17,10.6,3.3,-29.025,4.5175,-23.421,3.772,-25.5,0.37,3.9,-29.025,4.5175,-23.421,3.772,-5.604
Johnston,Williams,N.Ontario,Walleye,14807,2015,8,7,2015-08-07,51.83,-90.68,10.2,high_doc,385,-24.34,10.06,3.16,-29.025,4.5175,-23.421,3.772,-24,0.1,3.8,-29.025,4.5175,-23.421,3.772,-5.604
Johnston,Williams,N.Ontario,Walleye,14808,2015,8,7,2015-08-07,51.83,-90.68,10.2,high_doc,365,-25.3,9.98,3.15,-29.025,4.5175,-23.421,3.772,-25,0.28,3.8,-29.025,4.5175,-23.421,3.772,-5.604
Johnston,Williams,N.Ontario,Walleye,14809,2015,8,7,2015-08-07,51.83,-90.68,10.2,high_doc,326,-24.59,9.48,3.29,-29.025,4.5175,-23.421,3.772,-24,0.1,3.7,-29.025,4.5175,-23.421,3.772,-5.604
Johnston,Williams,N.Ontario,Walleye,14810,2015,8,7,2015-08-07,51.83,-90.68,10.2,high_doc,305,-26.35,9.97,3.21,-29.025,4.5175,-23.421,3.772,-25.9,0.44,3.7,-29.025,4.5175,-23.421,3.772,-5.604
Johnston,Williams,N.Ontario,Walleye,15976,2015,NA,NA,NA,51.83,-90.68,10.2,high_doc,99,-27.43,9.81,3.29,-29.025,4.5175,-23.421,3.772,-26.8,0.6,3.6,-29.025,4.5175,-23.421,3.772,-5.604
Johnston,Williams,N.Ontario,Walleye,15974,2015,NA,NA,NA,51.83,-90.68,10.2,high_doc,94,-27.72,9.88,3.32,-29.025,4.5175,-23.421,3.772,-27,0.64,3.7,-29.025,4.5175,-23.421,3.772,-5.604
Johnston,Williams,N.Ontario,Walleye,15975,2015,NA,NA,NA,51.83,-90.68,10.2,high_doc,89,-25.72,9.52,3.31,-29.025,4.5175,-23.421,3.772,-25.1,0.3,3.6,-29.025,4.5175,-23.421,3.772,-5.604
Johnston,Williams,N.Ontario,Yellow perch,18631,2015,NA,NA,NA,51.83,-90.68,10.2,high_doc,142,-20.49,5.63,3.19,-29.025,4.5175,-23.421,3.772,-20.1,0,2.7,-29.025,4.5175,-23.421,3.772,-5.604
Johnston,Williams,N.Ontario,Yellow perch,18639,2015,NA,NA,NA,51.83,-90.68,10.2,high_doc,131,-22.09,6.21,3.33,-29.025,4.5175,-23.421,3.772,-21.4,0,2.8,-29.025,4.5175,-23.421,3.772,-5.604
Johnston,Williams,N.Ontario,Yellow perch,18632,2015,NA,NA,NA,51.83,-90.68,10.2,high_doc,129,-21.61,5.97,3.32,-29.025,4.5175,-23.421,3.772,-20.9,0,2.7,-29.025,4.5175,-23.421,3.772,-5.604
Johnston,Williams,N.Ontario,Yellow perch,18640,2015,NA,NA,NA,51.83,-90.68,10.2,high_doc,124,-22.06,6.53,3.27,-29.025,4.5175,-23.421,3.772,-21.5,0,2.9,-29.025,4.5175,-23.421,3.772,-5.604
Johnston,Williams,N.Ontario,Yellow perch,18637,2015,NA,NA,NA,51.83,-90.68,10.2,high_doc,115,-21.29,5.89,3.31,-29.025,4.5175,-23.421,3.772,-20.6,0,2.7,-29.025,4.5175,-23.421,3.772,-5.604
Johnston,Williams,N.Ontario,Yellow perch,18638,2015,NA,NA,NA,51.83,-90.68,10.2,high_doc,85,-22.1,6.26,3.36,-29.025,4.5175,-23.421,3.772,-21.3,0,2.8,-29.025,4.5175,-23.421,3.772,-5.604
Johnston,Williams,N.Ontario,Yellow perch,18633,2015,NA,NA,NA,51.83,-90.68,10.2,high_doc,53,-29.34,8.46,3.5,-29.025,4.5175,-23.421,3.772,-28.3,0.87,3.2,-29.025,4.5175,-23.421,3.772,-5.604
Johnston,Williams,N.Ontario,Yellow perch,18634,2015,NA,NA,NA,51.83,-90.68,10.2,high_doc,53,-27.31,7.26,3.37,-29.025,4.5175,-23.421,3.772,-26.5,0.55,2.9,-29.025,4.5175,-23.421,3.772,-5.604
Johnston,Williams,N.Ontario,Yellow perch,18635,2015,NA,NA,NA,51.83,-90.68,10.2,high_doc,53,-25.36,7.32,3.38,-29.025,4.5175,-23.421,3.772,-24.6,0.21,3,-29.025,4.5175,-23.421,3.772,-5.604
Johnston,Williams,N.Ontario,Yellow perch,18636,2015,NA,NA,NA,51.83,-90.68,10.2,high_doc,49,-28.83,8.56,3.42,-29.025,4.5175,-23.421,3.772,-28,0.82,3.2,-29.025,4.5175,-23.421,3.772,-5.604
Johnston,Makami,N.Ontario,Northern pike,8942,2011,NA,NA,NA,47.74,-81.84,9.8,medium_doc,763,-27.11,10.46,3.19,-32.635,3.918,-23.198,2.092,-26.7,0.37,4.3,-32.635,3.918,-23.198,2.092,-9.437
Johnston,Makami,N.Ontario,Northern pike,8940,2011,NA,NA,NA,47.74,-81.84,9.8,medium_doc,603,-28.21,10,3.19,-32.635,3.918,-23.198,2.092,-27.8,0.49,4.1,-32.635,3.918,-23.198,2.092,-9.437
Johnston,Makami,N.Ontario,Northern pike,8944,2011,NA,NA,NA,47.74,-81.84,9.8,medium_doc,524,-26.58,9.94,3.17,-32.635,3.918,-23.198,2.092,-26.2,0.32,4.1,-32.635,3.918,-23.198,2.092,-9.437
Johnston,Makami,N.Ontario,Northern pike,8945,2011,NA,NA,NA,47.74,-81.84,9.8,medium_doc,524,-28.14,9.93,3.18,-32.635,3.918,-23.198,2.092,-27.7,0.48,4,-32.635,3.918,-23.198,2.092,-9.437
Johnston,Makami,N.Ontario,Northern pike,8943,2011,NA,NA,NA,47.74,-81.84,9.8,medium_doc,510,-26.71,9.98,3.14,-32.635,3.918,-23.198,2.092,-26.4,0.34,4.1,-32.635,3.918,-23.198,2.092,-9.437
Johnston,Makami,N.Ontario,Northern pike,8941,2011,NA,NA,NA,47.74,-81.84,9.8,medium_doc,423,-27.39,8.88,3.21,-32.635,3.918,-23.198,2.092,-26.9,0.39,3.8,-32.635,3.918,-23.198,2.092,-9.437
Johnston,Makami,N.Ontario,Black bass,7487,2011,8,4,2011-08-04,47.74,-81.84,9.8,medium_doc,483,-27.2,9.37,3.53,-32.635,3.918,-23.198,2.092,-26.1,0.31,4,-32.635,3.918,-23.198,2.092,-9.437
Johnston,Makami,N.Ontario,Black bass,7475,2011,8,4,2011-08-04,47.74,-81.84,9.8,medium_doc,475,-27.3,9.17,3.38,-32.635,3.918,-23.198,2.092,-26.5,0.35,3.9,-32.635,3.918,-23.198,2.092,-9.437
Johnston,Makami,N.Ontario,Black bass,7474,2011,8,4,2011-08-04,47.74,-81.84,9.8,medium_doc,418,-26.47,9.21,3.32,-32.635,3.918,-23.198,2.092,-25.8,0.28,3.9,-32.635,3.918,-23.198,2.092,-9.437
Johnston,Makami,N.Ontario,Black bass,7468,2011,8,4,2011-08-04,47.74,-81.84,9.8,medium_doc,417,-25.56,8.78,3.28,-32.635,3.918,-23.198,2.092,-25,0.19,3.9,-32.635,3.918,-23.198,2.092,-9.437
Johnston,Makami,N.Ontario,Black bass,7477,2011,8,4,2011-08-04,47.74,-81.84,9.8,medium_doc,390,-26.73,9.01,3.33,-32.635,3.918,-23.198,2.092,-26,0.3,3.9,-32.635,3.918,-23.198,2.092,-9.437
Johnston,Makami,N.Ontario,Black bass,7476,2011,8,4,2011-08-04,47.74,-81.84,9.8,medium_doc,387,-27.72,9.23,3.37,-32.635,3.918,-23.198,2.092,-26.9,0.39,3.9,-32.635,3.918,-23.198,2.092,-9.437
Johnston,Makami,N.Ontario,Black bass,7469,2011,8,4,2011-08-04,47.74,-81.84,9.8,medium_doc,382,-27.14,8.97,3.4,-32.635,3.918,-23.198,2.092,-26.3,0.33,3.8,-32.635,3.918,-23.198,2.092,-9.437
Johnston,Makami,N.Ontario,Black bass,7473,2011,8,4,2011-08-04,47.74,-81.84,9.8,medium_doc,371,-26.82,9.22,3.37,-32.635,3.918,-23.198,2.092,-26,0.3,3.9,-32.635,3.918,-23.198,2.092,-9.437
Johnston,Makami,N.Ontario,Black bass,7471,2011,8,4,2011-08-04,47.74,-81.84,9.8,medium_doc,368,-26.73,9.3,3.44,-32.635,3.918,-23.198,2.092,-25.8,0.28,4,-32.635,3.918,-23.198,2.092,-9.437
Johnston,Makami,N.Ontario,Black bass,7472,2011,8,4,2011-08-04,47.74,-81.84,9.8,medium_doc,356,-26.71,9.13,3.3,-32.635,3.918,-23.198,2.092,-26.1,0.31,3.9,-32.635,3.918,-23.198,2.092,-9.437
Johnston,Makami,N.Ontario,Black bass,7480,2011,8,4,2011-08-04,47.74,-81.84,9.8,medium_doc,353,-27.21,9.22,3.38,-32.635,3.918,-23.198,2.092,-26.4,0.34,3.9,-32.635,3.918,-23.198,2.092,-9.437
Johnston,Makami,N.Ontario,Black bass,7482,2011,8,4,2011-08-04,47.74,-81.84,9.8,medium_doc,342,-25.91,8.51,3.42,-32.635,3.918,-23.198,2.092,-25,0.19,3.8,-32.635,3.918,-23.198,2.092,-9.437
Johnston,Makami,N.Ontario,Black bass,7470,2011,8,4,2011-08-04,47.74,-81.84,9.8,medium_doc,338,-27.1,9.08,3.45,-32.635,3.918,-23.198,2.092,-26.2,0.32,3.9,-32.635,3.918,-23.198,2.092,-9.437
Johnston,Makami,N.Ontario,Black bass,7479,2011,8,4,2011-08-04,47.74,-81.84,9.8,medium_doc,331,-26.38,9.3,3.42,-32.635,3.918,-23.198,2.092,-25.5,0.24,4,-32.635,3.918,-23.198,2.092,-9.437
Johnston,Makami,N.Ontario,Black bass,7485,2011,8,4,2011-08-04,47.74,-81.84,9.8,medium_doc,329,-26.73,8.71,3.44,-32.635,3.918,-23.198,2.092,-25.8,0.28,3.8,-32.635,3.918,-23.198,2.092,-9.437
Johnston,Makami,N.Ontario,Black bass,7478,2011,8,4,2011-08-04,47.74,-81.84,9.8,medium_doc,328,-29.09,9.14,3.33,-32.635,3.918,-23.198,2.092,-28.4,0.55,3.8,-32.635,3.918,-23.198,2.092,-9.437
Johnston,Makami,N.Ontario,Black bass,7481,2011,8,4,2011-08-04,47.74,-81.84,9.8,medium_doc,318,-27.93,9.38,3.38,-32.635,3.918,-23.198,2.092,-27.1,0.41,3.9,-32.635,3.918,-23.198,2.092,-9.437
Johnston,Makami,N.Ontario,Black bass,7483,2011,8,4,2011-08-04,47.74,-81.84,9.8,medium_doc,312,-27.58,9.23,3.61,-32.635,3.918,-23.198,2.092,-26.4,0.34,3.9,-32.635,3.918,-23.198,2.092,-9.437
Johnston,Makami,N.Ontario,Black bass,7486,2011,8,4,2011-08-04,47.74,-81.84,9.8,medium_doc,311,-25.7,9.1,3.33,-32.635,3.918,-23.198,2.092,-25,0.19,4,-32.635,3.918,-23.198,2.092,-9.437
Johnston,Makami,N.Ontario,Black bass,7484,2011,8,4,2011-08-04,47.74,-81.84,9.8,medium_doc,153,-27.45,7.96,3.42,-32.635,3.918,-23.198,2.092,-26.6,0.36,3.5,-32.635,3.918,-23.198,2.092,-9.437
Johnston,Makami,N.Ontario,Walleye,7462,2011,8,4,2011-08-04,47.74,-81.84,9.8,medium_doc,639,-26.93,11.92,3.37,-32.635,3.918,-23.198,2.092,-26.1,0.31,4.7,-32.635,3.918,-23.198,2.092,-9.437
Johnston,Makami,N.Ontario,Walleye,7453,2011,8,4,2011-08-04,47.74,-81.84,9.8,medium_doc,558,-26.72,12.18,3.34,-32.635,3.918,-23.198,2.092,-26,0.3,4.8,-32.635,3.918,-23.198,2.092,-9.437
Johnston,Makami,N.Ontario,Walleye,7458,2011,8,4,2011-08-04,47.74,-81.84,9.8,medium_doc,547,-28.86,10.8,3.36,-32.635,3.918,-23.198,2.092,-28.1,0.52,4.3,-32.635,3.918,-23.198,2.092,-9.437
Johnston,Makami,N.Ontario,Walleye,7455,2011,8,4,2011-08-04,47.74,-81.84,9.8,medium_doc,428,-25.95,9.95,3.25,-32.635,3.918,-23.198,2.092,-25.4,0.23,4.2,-32.635,3.918,-23.198,2.092,-9.437
Johnston,Makami,N.Ontario,Walleye,7457,2011,8,4,2011-08-04,47.74,-81.84,9.8,medium_doc,424,-27.34,10.53,3.28,-32.635,3.918,-23.198,2.092,-26.7,0.37,4.3,-32.635,3.918,-23.198,2.092,-9.437
Johnston,Makami,N.Ontario,Walleye,7459,2011,8,4,2011-08-04,47.74,-81.84,9.8,medium_doc,420,-28.57,9.86,3.29,-32.635,3.918,-23.198,2.092,-27.9,0.5,4,-32.635,3.918,-23.198,2.092,-9.437
Johnston,Makami,N.Ontario,Walleye,7466,2011,8,4,2011-08-04,47.74,-81.84,9.8,medium_doc,412,-28.52,10.22,3.36,-32.635,3.918,-23.198,2.092,-27.8,0.49,4.1,-32.635,3.918,-23.198,2.092,-9.437
Johnston,Makami,N.Ontario,Walleye,7467,2011,8,4,2011-08-04,47.74,-81.84,9.8,medium_doc,368,-28.63,9.4,3.41,-32.635,3.918,-23.198,2.092,-27.8,0.49,3.9,-32.635,3.918,-23.198,2.092,-9.437
Johnston,Makami,N.Ontario,Walleye,7451,2011,8,4,2011-08-04,47.74,-81.84,9.8,medium_doc,366,-29.67,10.05,3.28,-32.635,3.918,-23.198,2.092,-29.1,0.63,4,-32.635,3.918,-23.198,2.092,-9.437
Johnston,Makami,N.Ontario,Walleye,7456,2011,8,4,2011-08-04,47.74,-81.84,9.8,medium_doc,348,-28.34,9.31,3.29,-32.635,3.918,-23.198,2.092,-27.7,0.48,3.9,-32.635,3.918,-23.198,2.092,-9.437
Johnston,Makami,N.Ontario,Walleye,7460,2011,8,4,2011-08-04,47.74,-81.84,9.8,medium_doc,343,-27.82,9.17,3.21,-32.635,3.918,-23.198,2.092,-27.4,0.45,3.8,-32.635,3.918,-23.198,2.092,-9.437
Johnston,Makami,N.Ontario,Walleye,7461,2011,8,4,2011-08-04,47.74,-81.84,9.8,medium_doc,343,-28.88,9.07,3.3,-32.635,3.918,-23.198,2.092,-28.2,0.53,3.8,-32.635,3.918,-23.198,2.092,-9.437
Johnston,Makami,N.Ontario,Walleye,7465,2011,8,4,2011-08-04,47.74,-81.84,9.8,medium_doc,328,-28.47,8.93,3.28,-32.635,3.918,-23.198,2.092,-27.9,0.5,3.7,-32.635,3.918,-23.198,2.092,-9.437
Johnston,Makami,N.Ontario,Walleye,7464,2011,8,4,2011-08-04,47.74,-81.84,9.8,medium_doc,326,-28.21,8.97,3.27,-32.635,3.918,-23.198,2.092,-27.6,0.47,3.8,-32.635,3.918,-23.198,2.092,-9.437
Johnston,Makami,N.Ontario,Walleye,7454,2011,8,4,2011-08-04,47.74,-81.84,9.8,medium_doc,326,-28.35,9.53,3.31,-32.635,3.918,-23.198,2.092,-27.7,0.48,3.9,-32.635,3.918,-23.198,2.092,-9.437
Johnston,Makami,N.Ontario,Walleye,7452,2011,8,4,2011-08-04,47.74,-81.84,9.8,medium_doc,308,-28.15,9.21,3.25,-32.635,3.918,-23.198,2.092,-27.6,0.47,3.8,-32.635,3.918,-23.198,2.092,-9.437
Johnston,Makami,N.Ontario,Walleye,7463,2011,8,4,2011-08-04,47.74,-81.84,9.8,medium_doc,239,-28.98,8.52,3.23,-32.635,3.918,-23.198,2.092,-28.5,0.56,3.6,-32.635,3.918,-23.198,2.092,-9.437
Johnston,Trout,N.Ontario,Northern pike,17062,2016,9,21,2016-09-21,51.2,-93.31,3.7,low_doc,756,-23.15,9.36,3.18,-26.779,3.701,-22.814,0.878,-22.7,0,4.5,-26.779,3.701,-22.814,0.878,-3.965
Johnston,Trout,N.Ontario,Northern pike,17058,2016,9,18,2016-09-18,51.2,-93.31,3.7,low_doc,754,-21.23,8.76,3.13,-26.779,3.701,-22.814,0.878,-20.9,0,4.7,-26.779,3.701,-22.814,0.878,-3.965
Johnston,Trout,N.Ontario,Northern pike,17060,2016,9,19,2016-09-19,51.2,-93.31,3.7,low_doc,723,-19.89,8.18,3.14,-26.779,3.701,-22.814,0.878,-19.6,0,4.8,-26.779,3.701,-22.814,0.878,-3.965
Johnston,Trout,N.Ontario,Northern pike,17065,2016,9,21,2016-09-21,51.2,-93.31,3.7,low_doc,690,-24.43,8.11,3.12,-26.779,3.701,-22.814,0.878,-24.2,0.35,3.8,-26.779,3.701,-22.814,0.878,-3.965
Johnston,Trout,N.Ontario,Northern pike,17059,2016,9,18,2016-09-18,51.2,-93.31,3.7,low_doc,645,-19.31,7.84,3.14,-26.779,3.701,-22.814,0.878,-19,0,4.8,-26.779,3.701,-22.814,0.878,-3.965
Johnston,Trout,N.Ontario,Northern pike,17055,2016,9,17,2016-09-17,51.2,-93.31,3.7,low_doc,607,-23.62,8.82,3.11,-26.779,3.701,-22.814,0.878,-23.4,0.15,4.2,-26.779,3.701,-22.814,0.878,-3.965
Johnston,Trout,N.Ontario,Northern pike,17768,2016,9,21,2016-09-21,51.2,-93.31,3.7,low_doc,605,-19.81,7.47,3.24,-26.779,3.701,-22.814,0.878,-19.3,0,4.7,-26.779,3.701,-22.814,0.878,-3.965
Johnston,Trout,N.Ontario,Northern pike,17054,2016,9,17,2016-09-17,51.2,-93.31,3.7,low_doc,594,-20.64,8.52,3.15,-26.779,3.701,-22.814,0.878,-20.3,0,4.8,-26.779,3.701,-22.814,0.878,-3.965
Johnston,Trout,N.Ontario,Northern pike,17061,2016,9,19,2016-09-19,51.2,-93.31,3.7,low_doc,565,-20.26,7.63,3.17,-26.779,3.701,-22.814,0.878,-19.9,0,4.6,-26.779,3.701,-22.814,0.878,-3.965
Johnston,Trout,N.Ontario,Northern pike,17063,2016,9,21,2016-09-21,51.2,-93.31,3.7,low_doc,525,-23.15,8.29,3.14,-26.779,3.701,-22.814,0.878,-22.8,0,4.2,-26.779,3.701,-22.814,0.878,-3.965
Johnston,Trout,N.Ontario,Northern pike,17056,2016,9,17,2016-09-17,51.2,-93.31,3.7,low_doc,467,-21.57,7.91,3.13,-26.779,3.701,-22.814,0.878,-21.3,0,4.4,-26.779,3.701,-22.814,0.878,-3.965
Johnston,Trout,N.Ontario,Northern pike,17057,2016,9,17,2016-09-17,51.2,-93.31,3.7,low_doc,459,-22.18,7.69,3.14,-26.779,3.701,-22.814,0.878,-21.9,0,4.2,-26.779,3.701,-22.814,0.878,-3.965
Johnston,Trout,N.Ontario,Northern pike,17064,2016,9,21,2016-09-21,51.2,-93.31,3.7,low_doc,425,-20.65,8.71,3.18,-26.779,3.701,-22.814,0.878,-20.2,0,4.9,-26.779,3.701,-22.814,0.878,-3.965
Johnston,Trout,N.Ontario,Walleye,17071,2016,9,17,2016-09-17,51.2,-93.31,3.7,low_doc,585,-25.08,8.76,3.12,-26.779,3.701,-22.814,0.878,-24.8,0.5,3.9,-26.779,3.701,-22.814,0.878,-3.965
Johnston,Trout,N.Ontario,Walleye,17078,2016,9,19,2016-09-19,51.2,-93.31,3.7,low_doc,582,-25.06,9.02,3.17,-26.779,3.701,-22.814,0.878,-24.7,0.48,4,-26.779,3.701,-22.814,0.878,-3.965
Johnston,Trout,N.Ontario,Walleye,17077,2016,9,19,2016-09-19,51.2,-93.31,3.7,low_doc,577,-24.95,9.37,3.16,-26.779,3.701,-22.814,0.878,-24.6,0.45,4.1,-26.779,3.701,-22.814,0.878,-3.965
Johnston,Trout,N.Ontario,Walleye,17066,2016,9,17,2016-09-17,51.2,-93.31,3.7,low_doc,572,-24.44,9.31,3.17,-26.779,3.701,-22.814,0.878,-24.1,0.32,4.2,-26.779,3.701,-22.814,0.878,-3.965
Johnston,Trout,N.Ontario,Walleye,17070,2016,9,17,2016-09-17,51.2,-93.31,3.7,low_doc,569,-25.16,8.9,3.16,-26.779,3.701,-22.814,0.878,-24.8,0.5,3.9,-26.779,3.701,-22.814,0.878,-3.965
Johnston,Trout,N.Ontario,Walleye,17069,2016,9,17,2016-09-17,51.2,-93.31,3.7,low_doc,564,-24.16,9.08,3.17,-26.779,3.701,-22.814,0.878,-23.8,0.25,4.2,-26.779,3.701,-22.814,0.878,-3.965
Johnston,Trout,N.Ontario,Walleye,17072,2016,9,18,2016-09-18,51.2,-93.31,3.7,low_doc,558,-23.21,8.96,3.16,-26.779,3.701,-22.814,0.878,-22.9,0.02,4.4,-26.779,3.701,-22.814,0.878,-3.965
Johnston,Trout,N.Ontario,Walleye,17079,2016,9,19,2016-09-19,51.2,-93.31,3.7,low_doc,546,-23.78,9.17,3.19,-26.779,3.701,-22.814,0.878,-23.4,0.15,4.3,-26.779,3.701,-22.814,0.878,-3.965
Johnston,Trout,N.Ontario,Walleye,17067,2016,9,17,2016-09-17,51.2,-93.31,3.7,low_doc,536,-24.68,9.39,3.1,-26.779,3.701,-22.814,0.878,-24.5,0.43,4.1,-26.779,3.701,-22.814,0.878,-3.965
Johnston,Trout,N.Ontario,Walleye,17076,2016,9,19,2016-09-19,51.2,-93.31,3.7,low_doc,527,-24.86,9.19,3.21,-26.779,3.701,-22.814,0.878,-24.4,0.4,4.1,-26.779,3.701,-22.814,0.878,-3.965
Johnston,Trout,N.Ontario,Walleye,17073,2016,9,18,2016-09-18,51.2,-93.31,3.7,low_doc,511,-25.1,8.75,3.12,-26.779,3.701,-22.814,0.878,-24.8,0.5,3.9,-26.779,3.701,-22.814,0.878,-3.965
Johnston,Trout,N.Ontario,Walleye,17068,2016,9,17,2016-09-17,51.2,-93.31,3.7,low_doc,508,-24.73,9.48,3.16,-26.779,3.701,-22.814,0.878,-24.4,0.4,4.2,-26.779,3.701,-22.814,0.878,-3.965
Johnston,Trout,N.Ontario,Walleye,17080,2016,9,19,2016-09-19,51.2,-93.31,3.7,low_doc,503,-24.75,8.98,3.16,-26.779,3.701,-22.814,0.878,-24.4,0.4,4.1,-26.779,3.701,-22.814,0.878,-3.965
Johnston,Trout,N.Ontario,Walleye,17081,2016,9,19,2016-09-19,51.2,-93.31,3.7,low_doc,502,-25.39,8.62,3.25,-26.779,3.701,-22.814,0.878,-24.8,0.5,3.9,-26.779,3.701,-22.814,0.878,-3.965
Johnston,Trout,N.Ontario,Walleye,17075,2016,9,19,2016-09-19,51.2,-93.31,3.7,low_doc,486,-25.14,9,3.17,-26.779,3.701,-22.814,0.878,-24.8,0.5,4,-26.779,3.701,-22.814,0.878,-3.965
Johnston,Trout,N.Ontario,Walleye,17082,2016,9,20,2016-09-20,51.2,-93.31,3.7,low_doc,474,-25.1,8.33,3.22,-26.779,3.701,-22.814,0.878,-24.6,0.45,3.8,-26.779,3.701,-22.814,0.878,-3.965
Johnston,Trout,N.Ontario,Walleye,17074,2016,9,18,2016-09-18,51.2,-93.31,3.7,low_doc,469,-22.65,8.6,3.18,-26.779,3.701,-22.814,0.878,-22.2,0,4.4,-26.779,3.701,-22.814,0.878,-3.965
Johnston,Trout,N.Ontario,Walleye,17084,2016,9,20,2016-09-20,51.2,-93.31,3.7,low_doc,452,-25.56,8.87,3.29,-26.779,3.701,-22.814,0.878,-24.9,0.53,3.9,-26.779,3.701,-22.814,0.878,-3.965
Johnston,Trout,N.Ontario,Walleye,17083,2016,9,20,2016-09-20,51.2,-93.31,3.7,low_doc,449,-23.81,8.42,3.22,-26.779,3.701,-22.814,0.878,-23.3,0.12,4.1,-26.779,3.701,-22.814,0.878,-3.965
Johnston,Trout,N.Ontario,Walleye,17085,2016,9,21,2016-09-21,51.2,-93.31,3.7,low_doc,422,-24.87,8.73,3.22,-26.779,3.701,-22.814,0.878,-24.4,0.4,4,-26.779,3.701,-22.814,0.878,-3.965
Johnston,Trout,N.Ontario,Yellow perch,NA,2002,NA,NA,NA,46.31,-79.32,3.7,low_doc,103,-18.38,9.27,3.18,-26.779,3.701,-22.814,0.878,-18,0,5.5,-26.779,3.701,-22.814,0.878,-3.965
Johnston,Trout,N.Ontario,Yellow perch,NA,2002,NA,NA,NA,46.31,-79.32,3.7,low_doc,98,-27.33,8.92,3.02,-26.779,3.701,-22.814,0.878,-27.3,1,3.4,-26.779,3.701,-22.814,0.878,-3.965
Johnston,Trout,N.Ontario,Yellow perch,NA,2002,NA,NA,NA,46.31,-79.32,3.7,low_doc,92,-23.89,9.6,3.04,-26.779,3.701,-22.814,0.878,-23.8,0.25,4.4,-26.779,3.701,-22.814,0.878,-3.965
Johnston,Trout,N.Ontario,Yellow perch,NA,2002,NA,NA,NA,46.31,-79.32,3.7,low_doc,90,-26.78,9.19,3.07,-26.779,3.701,-22.814,0.878,-26.6,0.95,3.7,-26.779,3.701,-22.814,0.878,-3.965
Johnston,Trout,N.Ontario,Yellow perch,NA,2002,NA,NA,NA,46.31,-79.32,3.7,low_doc,90,-24.98,9.55,3.07,-26.779,3.701,-22.814,0.878,-24.8,0.5,4.1,-26.779,3.701,-22.814,0.878,-3.965
Johnston,Trout,N.Ontario,Yellow perch,NA,2002,NA,NA,NA,46.31,-79.32,3.7,low_doc,85,-27.67,8.75,3.12,-26.779,3.701,-22.814,0.878,-27.4,1,3.4,-26.779,3.701,-22.814,0.878,-3.965
Johnston,Trout,N.Ontario,Yellow perch,NA,2002,NA,NA,NA,46.31,-79.32,3.7,low_doc,85,-27.51,8.89,3.04,-26.779,3.701,-22.814,0.878,-27.4,1,3.4,-26.779,3.701,-22.814,0.878,-3.965
Johnston,Trout,N.Ontario,Yellow perch,NA,2002,NA,NA,NA,46.31,-79.32,3.7,low_doc,84,-27.43,8.76,3.09,-26.779,3.701,-22.814,0.878,-27.2,1,3.4,-26.779,3.701,-22.814,0.878,-3.965
Johnston,Trout,N.Ontario,Yellow perch,NA,2002,NA,NA,NA,46.31,-79.32,3.7,low_doc,77,-27.4,8.2,3.04,-26.779,3.701,-22.814,0.878,-27.3,1,3.2,-26.779,3.701,-22.814,0.878,-3.965
Johnston,Trout,N.Ontario,Yellow perch,NA,2002,NA,NA,NA,46.31,-79.32,3.7,low_doc,67,-26.07,8.72,3.06,-26.779,3.701,-22.814,0.878,-25.9,0.78,3.7,-26.779,3.701,-22.814,0.878,-3.965
Johnston,Lang,N.Ontario,Yellow perch,18673,2015,NA,NA,NA,51.58,-91.52,12.8,high_doc,159,-26.4,8.43,3.11,-31.65,3.46,-22.77,2.2,-26.2,0.39,3.7,-31.6,3.31,-19.02,1.02,-12.58
Johnston,Lang,N.Ontario,Yellow perch,18675,2015,NA,NA,NA,51.58,-91.52,12.8,high_doc,141,-25.72,6.85,3.1,-31.65,3.46,-22.77,2.2,-25.5,0.31,3.3,-31.6,3.31,-19.02,1.02,-12.58
Johnston,Lang,N.Ontario,Yellow perch,18674,2015,NA,NA,NA,51.58,-91.52,12.8,high_doc,125,-26.76,7.86,3.1,-31.65,3.46,-22.77,2.2,-26.5,0.42,3.5,-31.6,3.31,-19.02,1.02,-12.58
Johnston,Lang,N.Ontario,Yellow perch,18670,2015,NA,NA,NA,51.58,-91.52,12.8,high_doc,86,-26.58,6.79,3.07,-31.65,3.46,-22.77,2.2,-26.4,0.41,3.2,-31.6,3.31,-19.02,1.02,-12.58
Johnston,Lang,N.Ontario,Yellow perch,18669,2015,NA,NA,NA,51.58,-91.52,12.8,high_doc,85,-26.47,6.58,3.12,-31.65,3.46,-22.77,2.2,-26.2,0.39,3.1,-31.6,3.31,-19.02,1.02,-12.58
Johnston,Lang,N.Ontario,Yellow perch,18668,2015,NA,NA,NA,51.58,-91.52,12.8,high_doc,52,-29.77,8.12,3.22,-31.65,3.46,-22.77,2.2,-29.3,0.74,3.5,-31.6,3.31,-19.02,1.02,-12.58
Johnston,Lang,N.Ontario,Yellow perch,18672,2015,NA,NA,NA,51.58,-91.52,12.8,high_doc,46,-29.53,7.94,3.19,-31.65,3.46,-22.77,2.2,-29.1,0.71,3.4,-31.6,3.31,-19.02,1.02,-12.58
Johnston,Lang,N.Ontario,Yellow perch,18671,2015,NA,NA,NA,51.58,-91.52,12.8,high_doc,45,-29.46,7.51,3.24,-31.65,3.46,-22.77,2.2,-28.9,0.69,3.3,-31.6,3.31,-19.02,1.02,-12.58
Johnston,Quantz,N.Ontario,Walleye,15936,2015,NA,NA,NA,51.17,-85.38,15.4,high_doc,275,-29.75,10.04,3.18,-32.76,3.46,-22.51090909,2.807272727,-29.3,0.66,4,-31.35,3.73,-22.51090909,2.807272727,-8.83909091
Johnston,Quantz,N.Ontario,Walleye,15935,2015,NA,NA,NA,51.17,-85.38,15.4,high_doc,230,-30,10.31,3.2,-32.76,3.46,-22.51090909,2.807272727,-29.6,0.69,4.1,-31.35,3.73,-22.51090909,2.807272727,-8.83909091
Johnston,Quantz,N.Ontario,Yellow perch,18524,2015,NA,NA,NA,51.17,-85.38,15.4,high_doc,228,-30.19,8.6,3.06,-32.76,3.46,-22.51090909,2.807272727,-30.1,0.74,3.6,-31.35,3.73,-22.51090909,2.807272727,-8.83909091
Johnston,Quantz,N.Ontario,Yellow perch,18523,2015,NA,NA,NA,51.17,-85.38,15.4,high_doc,188,-29.88,8.33,3.05,-32.76,3.46,-22.51090909,2.807272727,-29.8,0.71,3.5,-31.35,3.73,-22.51090909,2.807272727,-8.83909091
Johnston,Quantz,N.Ontario,Yellow perch,18525,2015,NA,NA,NA,51.17,-85.38,15.4,high_doc,169,-31.2,8.73,3.1,-32.76,3.46,-22.51090909,2.807272727,-31,0.83,3.6,-31.35,3.73,-22.51090909,2.807272727,-8.83909091
Johnston,Quantz,N.Ontario,Yellow perch,18643,2015,NA,NA,NA,51.17,-85.38,15.4,high_doc,154,-31.6,7.93,3.27,-32.76,3.46,-22.51090909,2.807272727,-31,0.83,3.3,-31.35,3.73,-22.51090909,2.807272727,-8.83909091
Johnston,Quantz,N.Ontario,Yellow perch,18522,2015,NA,NA,NA,51.17,-85.38,15.4,high_doc,141,-29.35,7.27,3.05,-32.76,3.46,-22.51090909,2.807272727,-29.2,0.65,3.2,-31.35,3.73,-22.51090909,2.807272727,-8.83909091
Johnston,Quantz,N.Ontario,Yellow perch,18521,2015,NA,NA,NA,51.17,-85.38,15.4,high_doc,104,-29.7,7.52,3.11,-32.76,3.46,-22.51090909,2.807272727,-29.5,0.68,3.3,-31.35,3.73,-22.51090909,2.807272727,-8.83909091
Johnston,Quantz,N.Ontario,Yellow perch,18520,2015,NA,NA,NA,51.17,-85.38,15.4,high_doc,94,-30.36,7.11,3.1,-32.76,3.46,-22.51090909,2.807272727,-30.1,0.74,3.1,-31.35,3.73,-22.51090909,2.807272727,-8.83909091
Johnston,Quantz,N.Ontario,Yellow perch,18519,2015,NA,NA,NA,51.17,-85.38,15.4,high_doc,80,-30.1,7.11,3.13,-32.76,3.46,-22.51090909,2.807272727,-29.8,0.71,3.1,-31.35,3.73,-22.51090909,2.807272727,-8.83909091
Johnston,Quantz,N.Ontario,Yellow perch,18516,2015,NA,NA,NA,51.17,-85.38,15.4,high_doc,45,-30.74,7.53,3.22,-32.76,3.46,-22.51090909,2.807272727,-30.3,0.76,3.2,-31.35,3.73,-22.51090909,2.807272727,-8.83909091
Johnston,Quantz,N.Ontario,Yellow perch,18645,2015,NA,NA,NA,51.17,-85.38,15.4,high_doc,43,-29.51,7.28,3.27,-32.76,3.46,-22.51090909,2.807272727,-28.9,0.62,3.2,-31.35,3.73,-22.51090909,2.807272727,-8.83909091
Johnston,Quantz,N.Ontario,Yellow perch,18517,2015,NA,NA,NA,51.17,-85.38,15.4,high_doc,41,-31,6.95,3.21,-32.76,3.46,-22.51090909,2.807272727,-30.5,0.78,3.1,-31.35,3.73,-22.51090909,2.807272727,-8.83909091
Johnston,Quantz,N.Ontario,Yellow perch,18518,2015,NA,NA,NA,51.17,-85.38,15.4,high_doc,41,-28.76,7.22,3.25,-32.76,3.46,-22.51090909,2.807272727,-28.2,0.56,3.2,-31.35,3.73,-22.51090909,2.807272727,-8.83909091
Johnston,Quantz,N.Ontario,Yellow perch,18644,2015,NA,NA,NA,51.17,-85.38,15.4,high_doc,41,-28.3,6.86,3.31,-32.76,3.46,-22.51090909,2.807272727,-27.6,0.5,3.1,-31.35,3.73,-22.51090909,2.807272727,-8.83909091
Johnston,Quantz,N.Ontario,Northern pike,8264,2011,NA,NA,NA,51.17,-85.38,15.4,high_doc,921,-28.81,12.12,3.17,-31.35,3.73,-22.51090909,2.807272727,-28.4,0.67,4.6,-31.35,3.73,-22.51090909,2.807272727,-8.83909091
Johnston,Quantz,N.Ontario,Northern pike,8260,2011,NA,NA,NA,51.17,-85.38,15.4,high_doc,843,-29.51,10.93,3.19,-31.35,3.73,-22.51090909,2.807272727,-29.1,0.75,4.2,-31.35,3.73,-22.51090909,2.807272727,-8.83909091
Johnston,Quantz,N.Ontario,Northern pike,8262,2011,NA,NA,NA,51.17,-85.38,15.4,high_doc,779,-29.36,10.61,3.21,-31.35,3.73,-22.51090909,2.807272727,-28.9,0.72,4.1,-31.35,3.73,-22.51090909,2.807272727,-8.83909091
Johnston,Quantz,N.Ontario,Northern pike,8263,2011,NA,NA,NA,51.17,-85.38,15.4,high_doc,762,-29.42,10.9,3.17,-31.35,3.73,-22.51090909,2.807272727,-29,0.73,4.2,-31.35,3.73,-22.51090909,2.807272727,-8.83909091
Johnston,Quantz,N.Ontario,Northern pike,8265,2011,NA,NA,NA,51.17,-85.38,15.4,high_doc,710,-29.12,11.68,3.16,-31.35,3.73,-22.51090909,2.807272727,-28.8,0.71,4.4,-31.35,3.73,-22.51090909,2.807272727,-8.83909091
Johnston,Quantz,N.Ontario,Northern pike,8261,2011,NA,NA,NA,51.17,-85.38,15.4,high_doc,628,-29.49,10.45,3.16,-31.35,3.73,-22.51090909,2.807272727,-29.1,0.75,4,-31.35,3.73,-22.51090909,2.807272727,-8.83909091
Johnston,Quantz,N.Ontario,Northern pike,8269,2011,NA,NA,NA,51.17,-85.38,15.4,high_doc,591,-29.12,10.48,3.1,-31.35,3.73,-22.51090909,2.807272727,-28.9,0.72,4.1,-31.35,3.73,-22.51090909,2.807272727,-8.83909091
Johnston,Quantz,N.Ontario,Northern pike,8266,2011,NA,NA,NA,51.17,-85.38,15.4,high_doc,511,-28.91,10.98,3.14,-31.35,3.73,-22.51090909,2.807272727,-28.6,0.69,4.2,-31.35,3.73,-22.51090909,2.807272727,-8.83909091
Johnston,Quantz,N.Ontario,Northern pike,8267,2011,NA,NA,NA,51.17,-85.38,15.4,high_doc,496,-29.18,11.37,3.17,-31.35,3.73,-22.51090909,2.807272727,-28.8,0.71,4.3,-31.35,3.73,-22.51090909,2.807272727,-8.83909091
Johnston,Quantz,N.Ontario,Northern pike,8268,2011,NA,NA,NA,51.17,-85.38,15.4,high_doc,427,-29.67,9.55,3.15,-31.35,3.73,-22.51090909,2.807272727,-29.3,0.77,3.8,-31.35,3.73,-22.51090909,2.807272727,-8.83909091
Johnston,Quantz,N.Ontario,Walleye,8275,2011,NA,NA,NA,51.17,-85.38,15.4,high_doc,665,-29.09,11.25,3.13,-31.35,3.73,-22.51090909,2.807272727,-28.8,0.71,4.3,-31.35,3.73,-22.51090909,2.807272727,-8.83909091
Johnston,Quantz,N.Ontario,Walleye,8276,2011,NA,NA,NA,51.17,-85.38,15.4,high_doc,590,-28.58,11.46,3.13,-31.35,3.73,-22.51090909,2.807272727,-28.3,0.65,4.4,-31.35,3.73,-22.51090909,2.807272727,-8.83909091
Johnston,Quantz,N.Ontario,Walleye,8278,2011,NA,NA,NA,51.17,-85.38,15.4,high_doc,536,-28.92,10.95,3.12,-31.35,3.73,-22.51090909,2.807272727,-28.7,0.7,4.2,-31.35,3.73,-22.51090909,2.807272727,-8.83909091
Johnston,Quantz,N.Ontario,Walleye,8279,2011,NA,NA,NA,51.17,-85.38,15.4,high_doc,497,-29.19,11.24,3.17,-31.35,3.73,-22.51090909,2.807272727,-28.8,0.71,4.3,-31.35,3.73,-22.51090909,2.807272727,-8.83909091
Johnston,Quantz,N.Ontario,Walleye,8271,2011,NA,NA,NA,51.17,-85.38,15.4,high_doc,453,-29.24,10.83,3.09,-31.35,3.73,-22.51090909,2.807272727,-29,0.73,4.2,-31.35,3.73,-22.51090909,2.807272727,-8.83909091
Johnston,Quantz,N.Ontario,Walleye,8272,2011,NA,NA,NA,51.17,-85.38,15.4,high_doc,410,-29.04,12.48,3.14,-31.35,3.73,-22.51090909,2.807272727,-28.7,0.7,4.7,-31.35,3.73,-22.51090909,2.807272727,-8.83909091
Johnston,Quantz,N.Ontario,Walleye,8273,2011,NA,NA,NA,51.17,-85.38,15.4,high_doc,367,-29.35,11.77,3.15,-31.35,3.73,-22.51090909,2.807272727,-29,0.73,4.4,-31.35,3.73,-22.51090909,2.807272727,-8.83909091
Johnston,Quantz,N.Ontario,Walleye,8270,2011,NA,NA,NA,51.17,-85.38,15.4,high_doc,344,-28.79,10.64,3.23,-31.35,3.73,-22.51090909,2.807272727,-28.3,0.65,4.1,-31.35,3.73,-22.51090909,2.807272727,-8.83909091
Johnston,Quantz,N.Ontario,Walleye,8277,2011,NA,NA,NA,51.17,-85.38,15.4,high_doc,333,-28.6,10.66,3.24,-31.35,3.73,-22.51090909,2.807272727,-28.1,0.63,4.1,-31.35,3.73,-22.51090909,2.807272727,-8.83909091
Johnston,Quantz,N.Ontario,Walleye,8274,2011,NA,NA,NA,51.17,-85.38,15.4,high_doc,207,-28.72,10.01,3.22,-31.35,3.73,-22.51090909,2.807272727,-28.2,0.64,3.9,-31.35,3.73,-22.51090909,2.807272727,-8.83909091
Johnston,Addie,N.Ontario,Northern pike,8823,2011,8,10,2011-08-10,48.17,-90.43,7.6,medium_doc,917,-28.75,10.92,3.28,-32.233,4.026,-22.15166667,1.965,-28.1,0.59,4.3,-32.233,4.026,-22.15166667,1.965,-10.08133333
Johnston,Addie,N.Ontario,Northern pike,8831,2011,8,10,2011-08-10,48.17,-90.43,7.6,medium_doc,615,-27.16,10,3.13,-32.233,4.026,-22.15166667,1.965,-26.9,0.47,4.1,-32.233,4.026,-22.15166667,1.965,-10.08133333
Johnston,Addie,N.Ontario,Northern pike,8828,2011,8,10,2011-08-10,48.17,-90.43,7.6,medium_doc,586,-27.83,9.89,3.17,-32.233,4.026,-22.15166667,1.965,-27.5,0.53,4,-32.233,4.026,-22.15166667,1.965,-10.08133333
Johnston,Addie,N.Ontario,Northern pike,8825,2011,8,10,2011-08-10,48.17,-90.43,7.6,medium_doc,580,-28.21,10.41,3.15,-32.233,4.026,-22.15166667,1.965,-27.9,0.57,4.1,-32.233,4.026,-22.15166667,1.965,-10.08133333
Johnston,Addie,N.Ontario,Northern pike,8826,2011,8,10,2011-08-10,48.17,-90.43,7.6,medium_doc,562,-28.01,9.87,3.31,-32.233,4.026,-22.15166667,1.965,-27.3,0.51,4,-32.233,4.026,-22.15166667,1.965,-10.08133333
Johnston,Addie,N.Ontario,Northern pike,8829,2011,8,10,2011-08-10,48.17,-90.43,7.6,medium_doc,516,-28.11,10.04,3.12,-32.233,4.026,-22.15166667,1.965,-27.8,0.56,4,-32.233,4.026,-22.15166667,1.965,-10.08133333
Johnston,Addie,N.Ontario,Northern pike,8824,2011,8,10,2011-08-10,48.17,-90.43,7.6,medium_doc,512,-27.87,9.7,3.14,-32.233,4.026,-22.15166667,1.965,-27.6,0.54,3.9,-32.233,4.026,-22.15166667,1.965,-10.08133333
Johnston,Addie,N.Ontario,Northern pike,8832,2011,8,10,2011-08-10,48.17,-90.43,7.6,medium_doc,490,-27.63,10.24,3.11,-32.233,4.026,-22.15166667,1.965,-27.4,0.52,4.1,-32.233,4.026,-22.15166667,1.965,-10.08133333
Johnston,Addie,N.Ontario,Northern pike,8827,2011,8,10,2011-08-10,48.17,-90.43,7.6,medium_doc,400,-28.55,9.02,3.05,-32.233,4.026,-22.15166667,1.965,-28.4,0.62,3.7,-32.233,4.026,-22.15166667,1.965,-10.08133333
Johnston,Addie,N.Ontario,Northern pike,8830,2011,8,10,2011-08-10,48.17,-90.43,7.6,medium_doc,220,-27.4,7.93,3.12,-32.233,4.026,-22.15166667,1.965,-27.1,0.49,3.5,-32.233,4.026,-22.15166667,1.965,-10.08133333
Johnston,Addie,N.Ontario,Black bass,7275,2011,8,10,2011-08-10,48.17,-90.43,7.6,medium_doc,488,-27.16,9.74,3.25,-32.233,4.026,-22.15166667,1.965,-26.6,0.44,4,-32.233,4.026,-22.15166667,1.965,-10.08133333
Johnston,Addie,N.Ontario,Black bass,7266,2011,8,10,2011-08-10,48.17,-90.43,7.6,medium_doc,464,-27.33,9.51,3.33,-32.233,4.026,-22.15166667,1.965,-26.6,0.44,4,-32.233,4.026,-22.15166667,1.965,-10.08133333
Johnston,Addie,N.Ontario,Black bass,7271,2011,8,10,2011-08-10,48.17,-90.43,7.6,medium_doc,451,-27.75,9.66,3.45,-32.233,4.026,-22.15166667,1.965,-26.8,0.46,4,-32.233,4.026,-22.15166667,1.965,-10.08133333
Johnston,Addie,N.Ontario,Black bass,7263,2011,8,10,2011-08-10,48.17,-90.43,7.6,medium_doc,419,-27.09,9.61,3.27,-32.233,4.026,-22.15166667,1.965,-26.5,0.43,4,-32.233,4.026,-22.15166667,1.965,-10.08133333
Johnston,Addie,N.Ontario,Black bass,7272,2011,8,10,2011-08-10,48.17,-90.43,7.6,medium_doc,416,-26.87,9.78,3.28,-32.233,4.026,-22.15166667,1.965,-26.3,0.41,4,-32.233,4.026,-22.15166667,1.965,-10.08133333
Johnston,Addie,N.Ontario,Black bass,7277,2011,8,10,2011-08-10,48.17,-90.43,7.6,medium_doc,404,-27.73,9.7,3.46,-32.233,4.026,-22.15166667,1.965,-26.8,0.46,4,-32.233,4.026,-22.15166667,1.965,-10.08133333
Johnston,Addie,N.Ontario,Black bass,7261,2011,8,10,2011-08-10,48.17,-90.43,7.6,medium_doc,401,-26.65,9.69,3.35,-32.233,4.026,-22.15166667,1.965,-25.9,0.37,4,-32.233,4.026,-22.15166667,1.965,-10.08133333
Johnston,Addie,N.Ontario,Black bass,7270,2011,8,10,2011-08-10,48.17,-90.43,7.6,medium_doc,395,-25.82,9.32,3.16,-32.233,4.026,-22.15166667,1.965,-25.5,0.33,4,-32.233,4.026,-22.15166667,1.965,-10.08133333
Johnston,Addie,N.Ontario,Black bass,7267,2011,8,10,2011-08-10,48.17,-90.43,7.6,medium_doc,385,-28.37,9.75,3.58,-32.233,4.026,-22.15166667,1.965,-27.2,0.5,4,-32.233,4.026,-22.15166667,1.965,-10.08133333
Johnston,Addie,N.Ontario,Black bass,7278,2011,8,10,2011-08-10,48.17,-90.43,7.6,medium_doc,381,-26.78,9.27,3.4,-32.233,4.026,-22.15166667,1.965,-25.9,0.37,3.9,-32.233,4.026,-22.15166667,1.965,-10.08133333
Johnston,Addie,N.Ontario,Black bass,7262,2011,8,10,2011-08-10,48.17,-90.43,7.6,medium_doc,376,-28.32,9.63,3.24,-32.233,4.026,-22.15166667,1.965,-27.8,0.56,3.9,-32.233,4.026,-22.15166667,1.965,-10.08133333
Johnston,Addie,N.Ontario,Black bass,7269,2011,8,10,2011-08-10,48.17,-90.43,7.6,medium_doc,374,-26.94,9.92,3.21,-32.233,4.026,-22.15166667,1.965,-26.5,0.43,4.1,-32.233,4.026,-22.15166667,1.965,-10.08133333
Johnston,Addie,N.Ontario,Black bass,7274,2011,8,10,2011-08-10,48.17,-90.43,7.6,medium_doc,370,-28.19,9.75,3.37,-32.233,4.026,-22.15166667,1.965,-27.4,0.52,4,-32.233,4.026,-22.15166667,1.965,-10.08133333
Johnston,Addie,N.Ontario,Black bass,7265,2011,8,10,2011-08-10,48.17,-90.43,7.6,medium_doc,365,-28.21,9.77,3.38,-32.233,4.026,-22.15166667,1.965,-27.4,0.52,4,-32.233,4.026,-22.15166667,1.965,-10.08133333
Johnston,Addie,N.Ontario,Black bass,7273,2011,8,10,2011-08-10,48.17,-90.43,7.6,medium_doc,365,-28.18,9.83,3.38,-32.233,4.026,-22.15166667,1.965,-27.4,0.52,4,-32.233,4.026,-22.15166667,1.965,-10.08133333
Johnston,Addie,N.Ontario,Black bass,7264,2011,8,10,2011-08-10,48.17,-90.43,7.6,medium_doc,364,-26.94,9.1,3.59,-32.233,4.026,-22.15166667,1.965,-25.8,0.36,3.9,-32.233,4.026,-22.15166667,1.965,-10.08133333
Johnston,Addie,N.Ontario,Black bass,7268,2011,8,10,2011-08-10,48.17,-90.43,7.6,medium_doc,358,-26.62,9.71,3.2,-32.233,4.026,-22.15166667,1.965,-26.2,0.4,4,-32.233,4.026,-22.15166667,1.965,-10.08133333
Johnston,Addie,N.Ontario,Black bass,7260,2011,8,10,2011-08-10,48.17,-90.43,7.6,medium_doc,293,-27.01,9.17,3.29,-32.233,4.026,-22.15166667,1.965,-26.4,0.42,3.9,-32.233,4.026,-22.15166667,1.965,-10.08133333
Johnston,Addie,N.Ontario,Black bass,7259,2011,8,10,2011-08-10,48.17,-90.43,7.6,medium_doc,155,-29.08,8.14,3.3,-32.233,4.026,-22.15166667,1.965,-28.4,0.62,3.4,-32.233,4.026,-22.15166667,1.965,-10.08133333
Johnston,Addie,N.Ontario,Black bass,7276,2011,8,10,2011-08-10,48.17,-90.43,7.6,medium_doc,142,-29.03,8.52,3.42,-32.233,4.026,-22.15166667,1.965,-28.2,0.6,3.6,-32.233,4.026,-22.15166667,1.965,-10.08133333
Johnston,Addie,N.Ontario,Walleye,7248,2011,8,10,2011-08-10,48.17,-90.43,7.6,medium_doc,546,-27.99,11.08,3.27,-32.233,4.026,-22.15166667,1.965,-27.4,0.52,4.4,-32.233,4.026,-22.15166667,1.965,-10.08133333
Johnston,Addie,N.Ontario,Walleye,7258,2011,8,10,2011-08-10,48.17,-90.43,7.6,medium_doc,538,-28.66,10.05,3.19,-32.233,4.026,-22.15166667,1.965,-28.2,0.6,4,-32.233,4.026,-22.15166667,1.965,-10.08133333
Johnston,Addie,N.Ontario,Walleye,7243,2011,8,10,2011-08-10,48.17,-90.43,7.6,medium_doc,532,-29.34,10.65,3.21,-32.233,4.026,-22.15166667,1.965,-28.9,0.67,4.1,-32.233,4.026,-22.15166667,1.965,-10.08133333
Johnston,Addie,N.Ontario,Walleye,7253,2011,8,10,2011-08-10,48.17,-90.43,7.6,medium_doc,531,-28.29,10.5,3.19,-32.233,4.026,-22.15166667,1.965,-27.9,0.57,4.2,-32.233,4.026,-22.15166667,1.965,-10.08133333
Johnston,Addie,N.Ontario,Walleye,7256,2011,8,10,2011-08-10,48.17,-90.43,7.6,medium_doc,524,-28.39,11.08,3.27,-32.233,4.026,-22.15166667,1.965,-27.8,0.56,4.3,-32.233,4.026,-22.15166667,1.965,-10.08133333
Johnston,Addie,N.Ontario,Walleye,7239,2011,8,10,2011-08-10,48.17,-90.43,7.6,medium_doc,507,-28.99,10.42,3.32,-32.233,4.026,-22.15166667,1.965,-28.3,0.61,4.1,-32.233,4.026,-22.15166667,1.965,-10.08133333
Johnston,Addie,N.Ontario,Walleye,7252,2011,8,10,2011-08-10,48.17,-90.43,7.6,medium_doc,493,-29.2,10.74,3.25,-32.233,4.026,-22.15166667,1.965,-28.7,0.65,4.2,-32.233,4.026,-22.15166667,1.965,-10.08133333
Johnston,Addie,N.Ontario,Walleye,7255,2011,8,10,2011-08-10,48.17,-90.43,7.6,medium_doc,485,-28.66,11.12,3.31,-32.233,4.026,-22.15166667,1.965,-28,0.58,4.3,-32.233,4.026,-22.15166667,1.965,-10.08133333
Johnston,Addie,N.Ontario,Walleye,7240,2011,8,10,2011-08-10,48.17,-90.43,7.6,medium_doc,471,-29.72,10.14,3.28,-32.233,4.026,-22.15166667,1.965,-29.1,0.69,4,-32.233,4.026,-22.15166667,1.965,-10.08133333
Johnston,Addie,N.Ontario,Walleye,7241,2011,8,10,2011-08-10,48.17,-90.43,7.6,medium_doc,452,-28.57,10.53,3.22,-32.233,4.026,-22.15166667,1.965,-28.1,0.59,4.2,-32.233,4.026,-22.15166667,1.965,-10.08133333
Johnston,Addie,N.Ontario,Walleye,7254,2011,8,10,2011-08-10,48.17,-90.43,7.6,medium_doc,428,-27.07,10.3,3.28,-32.233,4.026,-22.15166667,1.965,-26.5,0.43,4.2,-32.233,4.026,-22.15166667,1.965,-10.08133333
Johnston,Addie,N.Ontario,Walleye,7245,2011,8,10,2011-08-10,48.17,-90.43,7.6,medium_doc,410,-29.9,10.28,3.21,-32.233,4.026,-22.15166667,1.965,-29.4,0.72,4,-32.233,4.026,-22.15166667,1.965,-10.08133333
Johnston,Addie,N.Ontario,Walleye,7247,2011,8,10,2011-08-10,48.17,-90.43,7.6,medium_doc,390,-29.25,10.29,3.2,-32.233,4.026,-22.15166667,1.965,-28.8,0.66,4,-32.233,4.026,-22.15166667,1.965,-10.08133333
Johnston,Addie,N.Ontario,Walleye,7249,2011,8,10,2011-08-10,48.17,-90.43,7.6,medium_doc,387,-29.55,10.08,3.22,-32.233,4.026,-22.15166667,1.965,-29.1,0.69,4,-32.233,4.026,-22.15166667,1.965,-10.08133333
Johnston,Addie,N.Ontario,Walleye,7250,2011,8,10,2011-08-10,48.17,-90.43,7.6,medium_doc,366,-29.32,10.11,3.22,-32.233,4.026,-22.15166667,1.965,-28.8,0.66,4,-32.233,4.026,-22.15166667,1.965,-10.08133333
Johnston,Addie,N.Ontario,Walleye,7251,2011,8,10,2011-08-10,48.17,-90.43,7.6,medium_doc,314,-28.36,10.02,3.24,-32.233,4.026,-22.15166667,1.965,-27.8,0.56,4,-32.233,4.026,-22.15166667,1.965,-10.08133333
Johnston,Addie,N.Ontario,Walleye,7257,2011,8,10,2011-08-10,48.17,-90.43,7.6,medium_doc,303,-28.95,10.37,3.34,-32.233,4.026,-22.15166667,1.965,-28.2,0.6,4.1,-32.233,4.026,-22.15166667,1.965,-10.08133333
Johnston,Addie,N.Ontario,Walleye,7242,2011,8,10,2011-08-10,48.17,-90.43,7.6,medium_doc,271,-29.53,10.09,3.28,-32.233,4.026,-22.15166667,1.965,-28.9,0.67,4,-32.233,4.026,-22.15166667,1.965,-10.08133333
Johnston,Addie,N.Ontario,Walleye,7244,2011,8,10,2011-08-10,48.17,-90.43,7.6,medium_doc,267,-28.8,9.95,3.27,-32.233,4.026,-22.15166667,1.965,-28.2,0.6,4,-32.233,4.026,-22.15166667,1.965,-10.08133333
Johnston,Addie,N.Ontario,Walleye,7246,2011,8,10,2011-08-10,48.17,-90.43,7.6,medium_doc,244,-29.46,10.2,3.19,-32.233,4.026,-22.15166667,1.965,-29,0.68,4,-32.233,4.026,-22.15166667,1.965,-10.08133333
Johnston,Andy,N.Ontario,Northern pike,8845,2011,NA,NA,NA,49.63,-94.09,8.6,medium_doc,610,-25.84,13.17,3.08,-31.5275,6.665,-21.806,4.62,-25.7,0.4,4.3,-31.5275,6.665,-21.806,4.62,-9.7215
Johnston,Andy,N.Ontario,Northern pike,8852,2011,NA,NA,NA,49.63,-94.09,8.6,medium_doc,576,-26.47,13.33,3.16,-31.5275,6.665,-21.806,4.62,-26.1,0.44,4.3,-31.5275,6.665,-21.806,4.62,-9.7215
Johnston,Andy,N.Ontario,Northern pike,8849,2011,NA,NA,NA,49.63,-94.09,8.6,medium_doc,544,-30.85,11.48,3.06,-31.5275,6.665,-21.806,4.62,-30.7,0.91,3.5,-31.5275,6.665,-21.806,4.62,-9.7215
Johnston,Andy,N.Ontario,Northern pike,8846,2011,NA,NA,NA,49.63,-94.09,8.6,medium_doc,527,-27.2,12.52,3.12,-31.5275,6.665,-21.806,4.62,-26.9,0.52,4,-31.5275,6.665,-21.806,4.62,-9.7215
Johnston,Andy,N.Ontario,Northern pike,8847,2011,NA,NA,NA,49.63,-94.09,8.6,medium_doc,500,-26.42,12.21,3.13,-31.5275,6.665,-21.806,4.62,-26.1,0.44,4,-31.5275,6.665,-21.806,4.62,-9.7215
Johnston,Andy,N.Ontario,Northern pike,8850,2011,NA,NA,NA,49.63,-94.09,8.6,medium_doc,475,-26.87,11.98,3.08,-31.5275,6.665,-21.806,4.62,-26.7,0.5,3.9,-31.5275,6.665,-21.806,4.62,-9.7215
Johnston,Andy,N.Ontario,Northern pike,8844,2011,NA,NA,NA,49.63,-94.09,8.6,medium_doc,464,-27.5,11.61,3.07,-31.5275,6.665,-21.806,4.62,-27.3,0.57,3.7,-31.5275,6.665,-21.806,4.62,-9.7215
Johnston,Andy,N.Ontario,Northern pike,8851,2011,NA,NA,NA,49.63,-94.09,8.6,medium_doc,427,-26.97,12.18,3.05,-31.5275,6.665,-21.806,4.62,-26.9,0.52,3.9,-31.5275,6.665,-21.806,4.62,-9.7215
Johnston,Andy,N.Ontario,Northern pike,8848,2011,NA,NA,NA,49.63,-94.09,8.6,medium_doc,421,-27.18,11.89,3.11,-31.5275,6.665,-21.806,4.62,-26.9,0.52,3.8,-31.5275,6.665,-21.806,4.62,-9.7215
Johnston,Andy,N.Ontario,Black bass,7308,2011,8,17,2011-08-17,49.63,-94.09,8.6,medium_doc,419,-24.96,11.39,3.24,-31.5275,6.665,-21.806,4.62,-24.4,0.27,3.8,-31.5275,6.665,-21.806,4.62,-9.7215
Johnston,Andy,N.Ontario,Black bass,7302,2011,8,17,2011-08-17,49.63,-94.09,8.6,medium_doc,401,-25.93,11.64,3.28,-31.5275,6.665,-21.806,4.62,-25.3,0.36,3.8,-31.5275,6.665,-21.806,4.62,-9.7215
Johnston,Andy,N.Ontario,Black bass,7311,2011,8,17,2011-08-17,49.63,-94.09,8.6,medium_doc,392,-23.87,11.59,3.24,-31.5275,6.665,-21.806,4.62,-23.3,0.15,4,-31.5275,6.665,-21.806,4.62,-9.7215
Johnston,Andy,N.Ontario,Black bass,7299,2011,8,17,2011-08-17,49.63,-94.09,8.6,medium_doc,386,-25.55,11.24,3.63,-31.5275,6.665,-21.806,4.62,-24.3,0.26,3.8,-31.5275,6.665,-21.806,4.62,-9.7215
Johnston,Andy,N.Ontario,Black bass,7304,2011,8,17,2011-08-17,49.63,-94.09,8.6,medium_doc,384,-26.11,12.13,3.33,-31.5275,6.665,-21.806,4.62,-25.4,0.37,4,-31.5275,6.665,-21.806,4.62,-9.7215
Johnston,Andy,N.Ontario,Black bass,7310,2011,8,17,2011-08-17,49.63,-94.09,8.6,medium_doc,382,-23.63,11.38,3.22,-31.5275,6.665,-21.806,4.62,-23.1,0.13,3.9,-31.5275,6.665,-21.806,4.62,-9.7215
Johnston,Andy,N.Ontario,Black bass,7316,2011,8,17,2011-08-17,49.63,-94.09,8.6,medium_doc,375,-24.2,11.74,3.15,-31.5275,6.665,-21.806,4.62,-23.9,0.22,4,-31.5275,6.665,-21.806,4.62,-9.7215
Johnston,Andy,N.Ontario,Black bass,7303,2011,8,17,2011-08-17,49.63,-94.09,8.6,medium_doc,370,-24.79,11.55,3.35,-31.5275,6.665,-21.806,4.62,-24,0.23,3.9,-31.5275,6.665,-21.806,4.62,-9.7215
Johnston,Andy,N.Ontario,Black bass,7313,2011,8,17,2011-08-17,49.63,-94.09,8.6,medium_doc,365,-25.03,11.42,3.32,-31.5275,6.665,-21.806,4.62,-24.3,0.26,3.8,-31.5275,6.665,-21.806,4.62,-9.7215
Johnston,Andy,N.Ontario,Black bass,7301,2011,8,17,2011-08-17,49.63,-94.09,8.6,medium_doc,363,-25.04,11.62,3.46,-31.5275,6.665,-21.806,4.62,-24.1,0.24,3.9,-31.5275,6.665,-21.806,4.62,-9.7215
Johnston,Andy,N.Ontario,Black bass,7318,2011,8,17,2011-08-17,49.63,-94.09,8.6,medium_doc,360,-24.55,11.25,3.24,-31.5275,6.665,-21.806,4.62,-24,0.23,3.8,-31.5275,6.665,-21.806,4.62,-9.7215
Johnston,Andy,N.Ontario,Black bass,7306,2011,8,17,2011-08-17,49.63,-94.09,8.6,medium_doc,359,-25.56,11.86,3.2,-31.5275,6.665,-21.806,4.62,-25.1,0.34,3.9,-31.5275,6.665,-21.806,4.62,-9.7215
Johnston,Andy,N.Ontario,Black bass,7309,2011,8,17,2011-08-17,49.63,-94.09,8.6,medium_doc,355,-24.2,11.77,3.44,-31.5275,6.665,-21.806,4.62,-23.3,0.15,4,-31.5275,6.665,-21.806,4.62,-9.7215
Johnston,Andy,N.Ontario,Black bass,7315,2011,8,17,2011-08-17,49.63,-94.09,8.6,medium_doc,346,-24.62,11.73,3.28,-31.5275,6.665,-21.806,4.62,-24,0.23,4,-31.5275,6.665,-21.806,4.62,-9.7215
Johnston,Andy,N.Ontario,Black bass,7317,2011,8,17,2011-08-17,49.63,-94.09,8.6,medium_doc,344,-25.49,11.65,3.31,-31.5275,6.665,-21.806,4.62,-24.8,0.31,3.9,-31.5275,6.665,-21.806,4.62,-9.7215
Johnston,Andy,N.Ontario,Black bass,7307,2011,8,17,2011-08-17,49.63,-94.09,8.6,medium_doc,334,-25.2,11.77,3.17,-31.5275,6.665,-21.806,4.62,-24.8,0.31,3.9,-31.5275,6.665,-21.806,4.62,-9.7215
Johnston,Andy,N.Ontario,Black bass,7300,2011,8,17,2011-08-17,49.63,-94.09,8.6,medium_doc,329,-25.26,12.11,3.3,-31.5275,6.665,-21.806,4.62,-24.6,0.29,4,-31.5275,6.665,-21.806,4.62,-9.7215
Johnston,Andy,N.Ontario,Black bass,7305,2011,8,17,2011-08-17,49.63,-94.09,8.6,medium_doc,323,-25.12,11.39,3.42,-31.5275,6.665,-21.806,4.62,-24.2,0.25,3.8,-31.5275,6.665,-21.806,4.62,-9.7215
Johnston,Andy,N.Ontario,Black bass,7312,2011,8,17,2011-08-17,49.63,-94.09,8.6,medium_doc,317,-23.86,11.31,3.16,-31.5275,6.665,-21.806,4.62,-23.5,0.17,3.9,-31.5275,6.665,-21.806,4.62,-9.7215
Johnston,Andy,N.Ontario,Black bass,7314,2011,8,17,2011-08-17,49.63,-94.09,8.6,medium_doc,290,-25.23,11.49,3.21,-31.5275,6.665,-21.806,4.62,-24.8,0.31,3.8,-31.5275,6.665,-21.806,4.62,-9.7215
Johnston,Andy,N.Ontario,Walleye,7286,2011,8,17,2011-08-17,49.63,-94.09,8.6,medium_doc,624,-26.22,13.56,3.19,-31.5275,6.665,-21.806,4.62,-25.8,0.41,4.4,-31.5275,6.665,-21.806,4.62,-9.7215
Johnston,Andy,N.Ontario,Walleye,7290,2011,8,17,2011-08-17,49.63,-94.09,8.6,medium_doc,616,-26.57,13.4,3.24,-31.5275,6.665,-21.806,4.62,-26,0.43,4.3,-31.5275,6.665,-21.806,4.62,-9.7215
Johnston,Andy,N.Ontario,Walleye,7298,2011,8,17,2011-08-17,49.63,-94.09,8.6,medium_doc,592,-27.23,13.58,3.27,-31.5275,6.665,-21.806,4.62,-26.6,0.49,4.3,-31.5275,6.665,-21.806,4.62,-9.7215
Johnston,Andy,N.Ontario,Walleye,7279,2011,8,17,2011-08-17,49.63,-94.09,8.6,medium_doc,590,-27.57,12.9,3.32,-31.5275,6.665,-21.806,4.62,-26.9,0.52,4.1,-31.5275,6.665,-21.806,4.62,-9.7215
Johnston,Andy,N.Ontario,Walleye,7291,2011,8,17,2011-08-17,49.63,-94.09,8.6,medium_doc,570,-28.21,13.14,3.32,-31.5275,6.665,-21.806,4.62,-27.5,0.59,4.2,-31.5275,6.665,-21.806,4.62,-9.7215
Johnston,Andy,N.Ontario,Walleye,7294,2011,8,17,2011-08-17,49.63,-94.09,8.6,medium_doc,554,-27.39,13.45,3.33,-31.5275,6.665,-21.806,4.62,-26.7,0.5,4.3,-31.5275,6.665,-21.806,4.62,-9.7215
Johnston,Andy,N.Ontario,Walleye,7293,2011,8,17,2011-08-17,49.63,-94.09,8.6,medium_doc,506,-28.22,13.52,3.29,-31.5275,6.665,-21.806,4.62,-27.6,0.6,4.3,-31.5275,6.665,-21.806,4.62,-9.7215
Johnston,Andy,N.Ontario,Walleye,7297,2011,8,17,2011-08-17,49.63,-94.09,8.6,medium_doc,501,-27.41,13.58,3.31,-31.5275,6.665,-21.806,4.62,-26.7,0.5,4.3,-31.5275,6.665,-21.806,4.62,-9.7215
Johnston,Andy,N.Ontario,Walleye,7287,2011,8,17,2011-08-17,49.63,-94.09,8.6,medium_doc,497,-28.44,13.06,3.31,-31.5275,6.665,-21.806,4.62,-27.8,0.62,4.1,-31.5275,6.665,-21.806,4.62,-9.7215
Johnston,Andy,N.Ontario,Walleye,7283,2011,8,17,2011-08-17,49.63,-94.09,8.6,medium_doc,443,-27.97,13.12,3.27,-31.5275,6.665,-21.806,4.62,-27.4,0.58,4.2,-31.5275,6.665,-21.806,4.62,-9.7215
Johnston,Andy,N.Ontario,Walleye,7285,2011,8,17,2011-08-17,49.63,-94.09,8.6,medium_doc,405,-28.11,12.62,3.31,-31.5275,6.665,-21.806,4.62,-27.4,0.58,4,-31.5275,6.665,-21.806,4.62,-9.7215
Johnston,Andy,N.Ontario,Walleye,7284,2011,8,17,2011-08-17,49.63,-94.09,8.6,medium_doc,395,-28.7,12.56,3.31,-31.5275,6.665,-21.806,4.62,-28,0.64,4,-31.5275,6.665,-21.806,4.62,-9.7215
Johnston,Andy,N.Ontario,Walleye,7282,2011,8,17,2011-08-17,49.63,-94.09,8.6,medium_doc,317,-27.73,12.27,3.29,-31.5275,6.665,-21.806,4.62,-27.1,0.54,3.9,-31.5275,6.665,-21.806,4.62,-9.7215
Johnston,Andy,N.Ontario,Walleye,7281,2011,8,17,2011-08-17,49.63,-94.09,8.6,medium_doc,308,-28.13,12.46,3.36,-31.5275,6.665,-21.806,4.62,-27.4,0.58,4,-31.5275,6.665,-21.806,4.62,-9.7215
Johnston,Andy,N.Ontario,Walleye,7289,2011,8,17,2011-08-17,49.63,-94.09,8.6,medium_doc,305,-28.27,12.56,3.22,-31.5275,6.665,-21.806,4.62,-27.8,0.62,4,-31.5275,6.665,-21.806,4.62,-9.7215
Johnston,Andy,N.Ontario,Walleye,7288,2011,8,17,2011-08-17,49.63,-94.09,8.6,medium_doc,300,-28.58,12.23,3.29,-31.5275,6.665,-21.806,4.62,-28,0.64,3.9,-31.5275,6.665,-21.806,4.62,-9.7215
Johnston,Andy,N.Ontario,Walleye,7280,2011,8,17,2011-08-17,49.63,-94.09,8.6,medium_doc,292,-28.52,11.99,3.36,-31.5275,6.665,-21.806,4.62,-27.8,0.62,3.8,-31.5275,6.665,-21.806,4.62,-9.7215
Johnston,Andy,N.Ontario,Walleye,7296,2011,8,17,2011-08-17,49.63,-94.09,8.6,medium_doc,274,-28.08,12.54,3.25,-31.5275,6.665,-21.806,4.62,-27.5,0.59,4,-31.5275,6.665,-21.806,4.62,-9.7215
Johnston,Andy,N.Ontario,Walleye,7295,2011,8,17,2011-08-17,49.63,-94.09,8.6,medium_doc,269,-28.57,12.36,3.24,-31.5275,6.665,-21.806,4.62,-28,0.64,3.9,-31.5275,6.665,-21.806,4.62,-9.7215
Johnston,Andy,N.Ontario,Walleye,7292,2011,8,17,2011-08-17,49.63,-94.09,8.6,medium_doc,263,-28.27,12.36,3.29,-31.5275,6.665,-21.806,4.62,-27.6,0.6,3.9,-31.5275,6.665,-21.806,4.62,-9.7215
Johnston,Eagle (west basin),N.Ontario,Northern pike,17293,2016,7,7,2016-07-07,49.76,-93.36,6.5,medium_doc,1066,-25.36,11.65,3.17,-27.96,2.34,-21.596,2.664,-25,0.53,4.7,-27.96,2.34,-21.596,2.664,-6.364
Johnston,Eagle (west basin),N.Ontario,Northern pike,17292,2016,7,7,2016-07-07,49.76,-93.36,6.5,medium_doc,992,-25.31,11.37,3.14,-27.96,2.34,-21.596,2.664,-25,0.53,4.6,-27.96,2.34,-21.596,2.664,-6.364
Johnston,Eagle (west basin),N.Ontario,Northern pike,17294,2016,7,7,2016-07-07,49.76,-93.36,6.5,medium_doc,897,-24.87,11.47,3.12,-27.96,2.34,-21.596,2.664,-24.6,0.47,4.6,-27.96,2.34,-21.596,2.664,-6.364
Johnston,Eagle (west basin),N.Ontario,Northern pike,17282,2016,7,7,2016-07-07,49.76,-93.36,6.5,medium_doc,631,-22.38,9.04,3.12,-27.96,2.34,-21.596,2.664,-22.1,0.08,3.9,-27.96,2.34,-21.596,2.664,-6.364
Johnston,Eagle (west basin),N.Ontario,Northern pike,17290,2016,7,7,2016-07-07,49.76,-93.36,6.5,medium_doc,534,-21.87,9.04,3.08,-27.96,2.34,-21.596,2.664,-21.7,0.02,3.9,-27.96,2.34,-21.596,2.664,-6.364
Johnston,Eagle (west basin),N.Ontario,Northern pike,17283,2016,7,7,2016-07-07,49.76,-93.36,6.5,medium_doc,513,-23.69,9.69,3.1,-27.96,2.34,-21.596,2.664,-23.5,0.3,4.1,-27.96,2.34,-21.596,2.664,-6.364
Johnston,Eagle (west basin),N.Ontario,Northern pike,17298,2016,7,7,2016-07-07,49.76,-93.36,6.5,medium_doc,480,-24.6,9.78,3.12,-27.96,2.34,-21.596,2.664,-24.3,0.42,4.1,-27.96,2.34,-21.596,2.664,-6.364
Johnston,Eagle (west basin),N.Ontario,Northern pike,17291,2016,7,7,2016-07-07,49.76,-93.36,6.5,medium_doc,459,-24.89,9.33,3.04,-27.96,2.34,-21.596,2.664,-24.8,0.5,4,-27.96,2.34,-21.596,2.664,-6.364
Johnston,Eagle (west basin),N.Ontario,Northern pike,17284,2016,7,7,2016-07-07,49.76,-93.36,6.5,medium_doc,450,-21.79,9.48,3.14,-27.96,2.34,-21.596,2.664,-21.5,0,4,-27.96,2.34,-21.596,2.664,-6.364
Johnston,Eagle (west basin),N.Ontario,Northern pike,17285,2016,7,7,2016-07-07,49.76,-93.36,6.5,medium_doc,428,-23.82,9.34,3.11,-27.96,2.34,-21.596,2.664,-23.6,0.31,4,-27.96,2.34,-21.596,2.664,-6.364
Johnston,Eagle (west basin),N.Ontario,Northern pike,17286,2016,7,7,2016-07-07,49.76,-93.36,6.5,medium_doc,427,-23.26,9.4,3.19,-27.96,2.34,-21.596,2.664,-22.8,0.19,4,-27.96,2.34,-21.596,2.664,-6.364
Johnston,Eagle (west basin),N.Ontario,Black bass,17313,2016,7,7,2016-07-07,49.76,-93.36,6.5,medium_doc,466,-20.85,8.75,3.27,-27.96,2.34,-21.596,2.664,-20.3,0,3.8,-27.96,2.34,-21.596,2.664,-6.364
Johnston,Eagle (west basin),N.Ontario,Black bass,17316,2016,7,7,2016-07-07,49.76,-93.36,6.5,medium_doc,387,-23.31,8.72,3.43,-27.96,2.34,-21.596,2.664,-22.4,0.13,3.8,-27.96,2.34,-21.596,2.664,-6.364
Johnston,Eagle (west basin),N.Ontario,Walleye,17319,2016,7,7,2016-07-07,49.76,-93.36,6.5,medium_doc,700,-26.42,11.41,3.2,-27.96,2.34,-21.596,2.664,-26,0.69,4.6,-27.96,2.34,-21.596,2.664,-6.364
Johnston,Eagle (west basin),N.Ontario,Walleye,17320,2016,7,7,2016-07-07,49.76,-93.36,6.5,medium_doc,667,-26.18,10.54,3.1,-27.96,2.34,-21.596,2.664,-26,0.69,4.4,-27.96,2.34,-21.596,2.664,-6.364
Johnston,Eagle (west basin),N.Ontario,Walleye,17331,2016,7,7,2016-07-07,49.76,-93.36,6.5,medium_doc,581,-25.37,9.62,3.12,-27.96,2.34,-21.596,2.664,-25.1,0.55,4.1,-27.96,2.34,-21.596,2.664,-6.364
Johnston,Eagle (west basin),N.Ontario,Walleye,17317,2016,7,7,2016-07-07,49.76,-93.36,6.5,medium_doc,581,-26.21,9.41,3.22,-27.96,2.34,-21.596,2.664,-25.7,0.64,4,-27.96,2.34,-21.596,2.664,-6.364
Johnston,Eagle (west basin),N.Ontario,Walleye,17321,2016,7,7,2016-07-07,49.76,-93.36,6.5,medium_doc,537,-25.58,9.69,3.13,-27.96,2.34,-21.596,2.664,-25.3,0.58,4.1,-27.96,2.34,-21.596,2.664,-6.364
Johnston,Eagle (west basin),N.Ontario,Walleye,17332,2016,7,7,2016-07-07,49.76,-93.36,6.5,medium_doc,499,-26.25,10.39,3.15,-27.96,2.34,-21.596,2.664,-25.9,0.68,4.3,-27.96,2.34,-21.596,2.664,-6.364
Johnston,Eagle (west basin),N.Ontario,Walleye,17322,2016,7,7,2016-07-07,49.76,-93.36,6.5,medium_doc,449,-26.63,9.36,3.35,-27.96,2.34,-21.596,2.664,-25.9,0.68,4,-27.96,2.34,-21.596,2.664,-6.364
Johnston,Eagle (west basin),N.Ontario,Walleye,17329,2016,7,7,2016-07-07,49.76,-93.36,6.5,medium_doc,404,-26.24,8.92,3.14,-27.96,2.34,-21.596,2.664,-25.9,0.68,3.9,-27.96,2.34,-21.596,2.664,-6.364
Johnston,Eagle (west basin),N.Ontario,Walleye,17330,2016,7,7,2016-07-07,49.76,-93.36,6.5,medium_doc,354,-25.62,9.72,3.16,-27.96,2.34,-21.596,2.664,-25.3,0.58,4.1,-27.96,2.34,-21.596,2.664,-6.364
Johnston,Eagle (west basin),N.Ontario,Walleye,17318,2016,7,7,2016-07-07,49.76,-93.36,6.5,medium_doc,346,-25.51,10.31,3.38,-27.96,2.34,-21.596,2.664,-24.7,0.49,4.3,-27.96,2.34,-21.596,2.664,-6.364
Johnston,Troutfly,N.Ontario,Northern pike,8206,2011,NA,NA,NA,51.7,-88.89,4.9,low_doc,858,-26.28,11.83,3.18,-28.968,5.02,-21.46714286,2.591428571,-25.9,0.59,4.3,-28.968,5.02,-21.46714286,2.591428571,-7.50085714
Johnston,Troutfly,N.Ontario,Northern pike,8198,2011,NA,NA,NA,51.7,-88.89,4.9,low_doc,830,-26.54,11.97,3.23,-28.968,5.02,-21.46714286,2.591428571,-26,0.6,4.3,-28.968,5.02,-21.46714286,2.591428571,-7.50085714
Johnston,Troutfly,N.Ontario,Northern pike,8199,2011,NA,NA,NA,51.7,-88.89,4.9,low_doc,761,-26.03,10.13,3.26,-28.968,5.02,-21.46714286,2.591428571,-25.5,0.54,3.8,-28.968,5.02,-21.46714286,2.591428571,-7.50085714
Johnston,Troutfly,N.Ontario,Northern pike,8209,2011,NA,NA,NA,51.7,-88.89,4.9,low_doc,697,-25.58,10.96,3.15,-28.968,5.02,-21.46714286,2.591428571,-25.2,0.5,4.1,-28.968,5.02,-21.46714286,2.591428571,-7.50085714
Johnston,Troutfly,N.Ontario,Northern pike,8201,2011,NA,NA,NA,51.7,-88.89,4.9,low_doc,686,-25.82,10.88,3.22,-28.968,5.02,-21.46714286,2.591428571,-25.3,0.51,4.1,-28.968,5.02,-21.46714286,2.591428571,-7.50085714
Johnston,Troutfly,N.Ontario,Northern pike,8205,2011,NA,NA,NA,51.7,-88.89,4.9,low_doc,678,-26.05,11.08,3.26,-28.968,5.02,-21.46714286,2.591428571,-25.5,0.54,4.1,-28.968,5.02,-21.46714286,2.591428571,-7.50085714
Johnston,Troutfly,N.Ontario,Northern pike,8203,2011,NA,NA,NA,51.7,-88.89,4.9,low_doc,659,-26.99,8.93,3.17,-28.968,5.02,-21.46714286,2.591428571,-26.6,0.68,3.4,-28.968,5.02,-21.46714286,2.591428571,-7.50085714
Johnston,Troutfly,N.Ontario,Northern pike,8200,2011,NA,NA,NA,51.7,-88.89,4.9,low_doc,635,-24.57,9.95,3.23,-28.968,5.02,-21.46714286,2.591428571,-24.1,0.35,3.9,-28.968,5.02,-21.46714286,2.591428571,-7.50085714
Johnston,Troutfly,N.Ontario,Northern pike,8204,2011,NA,NA,NA,51.7,-88.89,4.9,low_doc,587,-23.81,8.33,3.23,-28.968,5.02,-21.46714286,2.591428571,-23.3,0.24,3.5,-28.968,5.02,-21.46714286,2.591428571,-7.50085714
Johnston,Troutfly,N.Ontario,Northern pike,8207,2011,NA,NA,NA,51.7,-88.89,4.9,low_doc,555,-23.31,7.76,3.17,-28.968,5.02,-21.46714286,2.591428571,-22.9,0.19,3.4,-28.968,5.02,-21.46714286,2.591428571,-7.50085714
Johnston,Troutfly,N.Ontario,Northern pike,8202,2011,NA,NA,NA,51.7,-88.89,4.9,low_doc,519,-23.52,8.48,3.21,-28.968,5.02,-21.46714286,2.591428571,-23.1,0.22,3.6,-28.968,5.02,-21.46714286,2.591428571,-7.50085714
Johnston,Troutfly,N.Ontario,Northern pike,8208,2011,NA,NA,NA,51.7,-88.89,4.9,low_doc,519,-25.72,8.72,3.18,-28.968,5.02,-21.46714286,2.591428571,-25.3,0.51,3.4,-28.968,5.02,-21.46714286,2.591428571,-7.50085714
Johnston,Troutfly,N.Ontario,Walleye,8214,2011,NA,NA,NA,51.7,-88.89,4.9,low_doc,605,-27.31,13.25,3.22,-28.968,5.02,-21.46714286,2.591428571,-26.8,0.71,4.6,-28.968,5.02,-21.46714286,2.591428571,-7.50085714
Johnston,Troutfly,N.Ontario,Walleye,8212,2011,NA,NA,NA,51.7,-88.89,4.9,low_doc,595,-27.08,13.13,3.25,-28.968,5.02,-21.46714286,2.591428571,-26.5,0.67,4.6,-28.968,5.02,-21.46714286,2.591428571,-7.50085714
Johnston,Troutfly,N.Ontario,Walleye,8210,2011,NA,NA,NA,51.7,-88.89,4.9,low_doc,560,-27.42,13.59,3.21,-28.968,5.02,-21.46714286,2.591428571,-27,0.74,4.7,-28.968,5.02,-21.46714286,2.591428571,-7.50085714
Johnston,Troutfly,N.Ontario,Walleye,8213,2011,NA,NA,NA,51.7,-88.89,4.9,low_doc,518,-27.25,12.49,3.25,-28.968,5.02,-21.46714286,2.591428571,-26.7,0.7,4.4,-28.968,5.02,-21.46714286,2.591428571,-7.50085714
Johnston,Troutfly,N.Ontario,Walleye,8211,2011,NA,NA,NA,51.7,-88.89,4.9,low_doc,501,-26.48,12.44,3.26,-28.968,5.02,-21.46714286,2.591428571,-25.9,0.59,4.5,-28.968,5.02,-21.46714286,2.591428571,-7.50085714
Johnston,Troutfly,N.Ontario,Walleye,8218,2011,NA,NA,NA,51.7,-88.89,4.9,low_doc,485,-26.17,11.8,3.31,-28.968,5.02,-21.46714286,2.591428571,-25.5,0.54,4.3,-28.968,5.02,-21.46714286,2.591428571,-7.50085714
Johnston,Troutfly,N.Ontario,Walleye,8215,2011,NA,NA,NA,51.7,-88.89,4.9,low_doc,466,-26.17,11.63,3.23,-28.968,5.02,-21.46714286,2.591428571,-25.7,0.56,4.3,-28.968,5.02,-21.46714286,2.591428571,-7.50085714
Johnston,Troutfly,N.Ontario,Walleye,8217,2011,NA,NA,NA,51.7,-88.89,4.9,low_doc,446,-26.42,11.87,3.24,-28.968,5.02,-21.46714286,2.591428571,-25.9,0.59,4.3,-28.968,5.02,-21.46714286,2.591428571,-7.50085714
Johnston,Troutfly,N.Ontario,Walleye,8219,2011,NA,NA,NA,51.7,-88.89,4.9,low_doc,417,-27.84,12.56,3.22,-28.968,5.02,-21.46714286,2.591428571,-27.4,0.79,4.4,-28.968,5.02,-21.46714286,2.591428571,-7.50085714
Johnston,Troutfly,N.Ontario,Walleye,8216,2011,NA,NA,NA,51.7,-88.89,4.9,low_doc,396,-26.72,11.27,3.29,-28.968,5.02,-21.46714286,2.591428571,-26.1,0.62,4.1,-28.968,5.02,-21.46714286,2.591428571,-7.50085714
Johnston,Sturgeon,N.Ontario,Northern pike,16680,2016,7,4,2016-07-04,49.97,-90.77,5.9,medium_doc,754,-24.52,9.1,3.18,-29.92125,1.97375,-21.29714286,0.82,-24.1,0.33,4.3,-29.92125,1.97375,-21.29714286,0.82,-8.62410714
Johnston,Sturgeon,N.Ontario,Northern pike,16690,2016,7,6,2016-07-06,49.97,-90.77,5.9,medium_doc,745,-25.04,9,3.13,-29.92125,1.97375,-21.29714286,0.82,-24.7,0.39,4.3,-29.92125,1.97375,-21.29714286,0.82,-8.62410714
Johnston,Sturgeon,N.Ontario,Northern pike,16689,2016,7,6,2016-07-06,49.97,-90.77,5.9,medium_doc,744,-24.53,9.07,3.17,-29.92125,1.97375,-21.29714286,0.82,-24.2,0.34,4.3,-29.92125,1.97375,-21.29714286,0.82,-8.62410714
Johnston,Sturgeon,N.Ontario,Northern pike,16682,2016,7,5,2016-07-05,49.97,-90.77,5.9,medium_doc,709,-24.36,9.68,3.15,-29.92125,1.97375,-21.29714286,0.82,-24,0.31,4.5,-29.92125,1.97375,-21.29714286,0.82,-8.62410714
Johnston,Sturgeon,N.Ontario,Northern pike,16692,2016,7,6,2016-07-06,49.97,-90.77,5.9,medium_doc,684,-24.84,9.19,3.24,-29.92125,1.97375,-21.29714286,0.82,-24.3,0.35,4.3,-29.92125,1.97375,-21.29714286,0.82,-8.62410714
Johnston,Sturgeon,N.Ontario,Northern pike,16679,2016,7,4,2016-07-04,49.97,-90.77,5.9,medium_doc,628,-23.87,8.67,3.17,-29.92125,1.97375,-21.29714286,0.82,-23.5,0.26,4.2,-29.92125,1.97375,-21.29714286,0.82,-8.62410714
Johnston,Sturgeon,N.Ontario,Northern pike,16684,2016,7,5,2016-07-05,49.97,-90.77,5.9,medium_doc,617,-25.26,8.48,3.16,-29.92125,1.97375,-21.29714286,0.82,-24.9,0.42,4.1,-29.92125,1.97375,-21.29714286,0.82,-8.62410714
Johnston,Sturgeon,N.Ontario,Northern pike,16681,2016,7,5,2016-07-05,49.97,-90.77,5.9,medium_doc,591,-22.81,9.11,3.23,-29.92125,1.97375,-21.29714286,0.82,-22.3,0.12,4.4,-29.92125,1.97375,-21.29714286,0.82,-8.62410714
Johnston,Sturgeon,N.Ontario,Northern pike,16685,2016,7,5,2016-07-05,49.97,-90.77,5.9,medium_doc,578,-23.07,8.89,3.17,-29.92125,1.97375,-21.29714286,0.82,-22.7,0.16,4.3,-29.92125,1.97375,-21.29714286,0.82,-8.62410714
Johnston,Sturgeon,N.Ontario,Northern pike,16683,2016,7,5,2016-07-05,49.97,-90.77,5.9,medium_doc,525,-23.5,8.87,3.17,-29.92125,1.97375,-21.29714286,0.82,-23.1,0.21,4.3,-29.92125,1.97375,-21.29714286,0.82,-8.62410714
Johnston,Sturgeon,N.Ontario,Northern pike,16688,2016,7,6,2016-07-06,49.97,-90.77,5.9,medium_doc,523,-23.6,9.12,3.23,-29.92125,1.97375,-21.29714286,0.82,-23.1,0.21,4.4,-29.92125,1.97375,-21.29714286,0.82,-8.62410714
Johnston,Sturgeon,N.Ontario,Northern pike,16678,2016,7,3,2016-07-03,49.97,-90.77,5.9,medium_doc,492,-24.83,8.64,3.17,-29.92125,1.97375,-21.29714286,0.82,-24.5,0.37,4.2,-29.92125,1.97375,-21.29714286,0.82,-8.62410714
Johnston,Sturgeon,N.Ontario,Northern pike,16686,2016,7,5,2016-07-05,49.97,-90.77,5.9,medium_doc,466,-22.56,8.77,3.26,-29.92125,1.97375,-21.29714286,0.82,-22,0.08,4.3,-29.92125,1.97375,-21.29714286,0.82,-8.62410714
Johnston,Sturgeon,N.Ontario,Northern pike,16687,2016,7,5,2016-07-05,49.97,-90.77,5.9,medium_doc,451,-24.44,8.68,3.23,-29.92125,1.97375,-21.29714286,0.82,-23.9,0.3,4.2,-29.92125,1.97375,-21.29714286,0.82,-8.62410714
Johnston,Sturgeon,N.Ontario,Walleye,16703,2016,7,4,2016-07-04,49.97,-90.77,5.9,medium_doc,673,-26.04,10.17,3.27,-29.92125,1.97375,-21.29714286,0.82,-25.5,0.49,4.6,-29.92125,1.97375,-21.29714286,0.82,-8.62410714
Johnston,Sturgeon,N.Ontario,Walleye,16695,2016,7,3,2016-07-03,49.97,-90.77,5.9,medium_doc,667,-25.1,10.21,3.23,-29.92125,1.97375,-21.29714286,0.82,-24.6,0.38,4.6,-29.92125,1.97375,-21.29714286,0.82,-8.62410714
Johnston,Sturgeon,N.Ontario,Walleye,16697,2016,7,4,2016-07-04,49.97,-90.77,5.9,medium_doc,624,-26.37,9.58,3.29,-29.92125,1.97375,-21.29714286,0.82,-25.7,0.51,4.4,-29.92125,1.97375,-21.29714286,0.82,-8.62410714
Johnston,Sturgeon,N.Ontario,Walleye,16696,2016,7,4,2016-07-04,49.97,-90.77,5.9,medium_doc,601,-25.93,9.55,3.22,-29.92125,1.97375,-21.29714286,0.82,-25.4,0.48,4.4,-29.92125,1.97375,-21.29714286,0.82,-8.62410714
Johnston,Sturgeon,N.Ontario,Walleye,16704,2016,7,4,2016-07-04,49.97,-90.77,5.9,medium_doc,594,-25.7,9.52,3.17,-29.92125,1.97375,-21.29714286,0.82,-25.3,0.46,4.4,-29.92125,1.97375,-21.29714286,0.82,-8.62410714
Johnston,Sturgeon,N.Ontario,Walleye,16698,2016,7,4,2016-07-04,49.97,-90.77,5.9,medium_doc,591,-23.62,9.91,3.2,-29.92125,1.97375,-21.29714286,0.82,-23.2,0.22,4.6,-29.92125,1.97375,-21.29714286,0.82,-8.62410714
Johnston,Sturgeon,N.Ontario,Walleye,16702,2016,7,4,2016-07-04,49.97,-90.77,5.9,medium_doc,590,-26.4,9.51,3.42,-29.92125,1.97375,-21.29714286,0.82,-25.5,0.49,4.4,-29.92125,1.97375,-21.29714286,0.82,-8.62410714
Johnston,Sturgeon,N.Ontario,Walleye,16706,2016,7,4,2016-07-04,49.97,-90.77,5.9,medium_doc,577,-26.12,9.71,3.38,-29.92125,1.97375,-21.29714286,0.82,-25.3,0.46,4.5,-29.92125,1.97375,-21.29714286,0.82,-8.62410714
Johnston,Sturgeon,N.Ontario,Walleye,16694,2016,7,3,2016-07-03,49.97,-90.77,5.9,medium_doc,576,-25.75,9.67,3.28,-29.92125,1.97375,-21.29714286,0.82,-25.1,0.44,4.5,-29.92125,1.97375,-21.29714286,0.82,-8.62410714
Johnston,Sturgeon,N.Ontario,Walleye,16693,2016,7,3,2016-07-03,49.97,-90.77,5.9,medium_doc,533,-25.68,9.93,3.21,-29.92125,1.97375,-21.29714286,0.82,-25.2,0.45,4.5,-29.92125,1.97375,-21.29714286,0.82,-8.62410714
Johnston,Sturgeon,N.Ontario,Walleye,16707,2016,7,4,2016-07-04,49.97,-90.77,5.9,medium_doc,526,-25.61,9.42,3.17,-29.92125,1.97375,-21.29714286,0.82,-25.2,0.45,4.4,-29.92125,1.97375,-21.29714286,0.82,-8.62410714
Johnston,Sturgeon,N.Ontario,Walleye,16700,2016,7,4,2016-07-04,49.97,-90.77,5.9,medium_doc,488,-26.47,9.58,3.35,-29.92125,1.97375,-21.29714286,0.82,-25.7,0.51,4.4,-29.92125,1.97375,-21.29714286,0.82,-8.62410714
Johnston,Sturgeon,N.Ontario,Walleye,16705,2016,7,4,2016-07-04,49.97,-90.77,5.9,medium_doc,470,-25.95,9.21,3.23,-29.92125,1.97375,-21.29714286,0.82,-25.4,0.48,4.3,-29.92125,1.97375,-21.29714286,0.82,-8.62410714
Johnston,Sturgeon,N.Ontario,Walleye,16708,2016,7,5,2016-07-05,49.97,-90.77,5.9,medium_doc,408,-26.64,8.93,3.21,-29.92125,1.97375,-21.29714286,0.82,-26.2,0.57,4.2,-29.92125,1.97375,-21.29714286,0.82,-8.62410714
Johnston,Sturgeon,N.Ontario,Walleye,16691,2016,7,6,2016-07-06,49.97,-90.77,5.9,medium_doc,394,-25.95,8.82,3.25,-29.92125,1.97375,-21.29714286,0.82,-25.4,0.48,4.2,-29.92125,1.97375,-21.29714286,0.82,-8.62410714
Johnston,Sturgeon,N.Ontario,Walleye,16701,2016,7,4,2016-07-04,49.97,-90.77,5.9,medium_doc,241,-26.1,8.07,3.16,-29.92125,1.97375,-21.29714286,0.82,-25.7,0.51,4,-29.92125,1.97375,-21.29714286,0.82,-8.62410714
Johnston,Sturgeon,N.Ontario,Walleye,16699,2016,7,4,2016-07-04,49.97,-90.77,5.9,medium_doc,227,-26.01,8.35,3.23,-29.92125,1.97375,-21.29714286,0.82,-25.5,0.49,4,-29.92125,1.97375,-21.29714286,0.82,-8.62410714
Johnston,Wright,N.Ontario,Northern pike,9647,2012,NA,NA,NA,51.33,-90.96,12.3,high_doc,975,-22.56,10.35,3.18,-30.247,3.699,-20.682,2.748,-22.2,0.16,4.2,-30.247,3.699,-20.682,2.748,-9.565
Johnston,Wright,N.Ontario,Northern pike,9641,2012,NA,NA,NA,51.33,-90.96,12.3,high_doc,855,-24.86,10.83,3.21,-30.247,3.699,-20.682,2.748,-24.4,0.39,4.3,-30.247,3.699,-20.682,2.748,-9.565
Johnston,Wright,N.Ontario,Northern pike,9643,2012,NA,NA,NA,51.33,-90.96,12.3,high_doc,837,-25.69,10.59,3.24,-30.247,3.699,-20.682,2.748,-25.2,0.47,4.2,-30.247,3.699,-20.682,2.748,-9.565
Johnston,Wright,N.Ontario,Northern pike,9645,2012,NA,NA,NA,51.33,-90.96,12.3,high_doc,673,-27.13,10.76,3.17,-30.247,3.699,-20.682,2.748,-26.8,0.64,4.2,-30.247,3.699,-20.682,2.748,-9.565
Johnston,Wright,N.Ontario,Northern pike,9638,2012,NA,NA,NA,51.33,-90.96,12.3,high_doc,602,-26.2,10.68,3.23,-30.247,3.699,-20.682,2.748,-25.7,0.52,4.2,-30.247,3.699,-20.682,2.748,-9.565
Johnston,Wright,N.Ontario,Northern pike,9639,2012,NA,NA,NA,51.33,-90.96,12.3,high_doc,576,-26.08,10.75,3.22,-30.247,3.699,-20.682,2.748,-25.6,0.51,4.2,-30.247,3.699,-20.682,2.748,-9.565
Johnston,Wright,N.Ontario,Northern pike,9644,2012,NA,NA,NA,51.33,-90.96,12.3,high_doc,572,-26.39,10.21,3.2,-30.247,3.699,-20.682,2.748,-25.9,0.55,4,-30.247,3.699,-20.682,2.748,-9.565
Johnston,Wright,N.Ontario,Northern pike,9646,2012,NA,NA,NA,51.33,-90.96,12.3,high_doc,536,-26.4,10.23,3.25,-30.247,3.699,-20.682,2.748,-25.9,0.55,4,-30.247,3.699,-20.682,2.748,-9.565
Johnston,Wright,N.Ontario,Northern pike,9640,2012,NA,NA,NA,51.33,-90.96,12.3,high_doc,502,-26.66,11.31,3.18,-30.247,3.699,-20.682,2.748,-26.3,0.59,4.4,-30.247,3.699,-20.682,2.748,-9.565
Johnston,Wright,N.Ontario,Northern pike,9642,2012,NA,NA,NA,51.33,-90.96,12.3,high_doc,500,-25.47,9.61,3.17,-30.247,3.699,-20.682,2.748,-25.1,0.46,3.9,-30.247,3.699,-20.682,2.748,-9.565
Johnston,Wright,N.Ontario,Walleye,9652,2012,NA,NA,NA,51.33,-90.96,12.3,high_doc,625,-26.33,11.28,3.2,-30.247,3.699,-20.682,2.748,-25.9,0.55,4.4,-30.247,3.699,-20.682,2.748,-9.565
Johnston,Wright,N.Ontario,Walleye,9656,2012,NA,NA,NA,51.33,-90.96,12.3,high_doc,579,-24.23,10.49,3.22,-30.247,3.699,-20.682,2.748,-23.7,0.32,4.2,-30.247,3.699,-20.682,2.748,-9.565
Johnston,Wright,N.Ontario,Walleye,9648,2012,NA,NA,NA,51.33,-90.96,12.3,high_doc,558,-27.4,11.66,3.2,-30.247,3.699,-20.682,2.748,-27,0.66,4.4,-30.247,3.699,-20.682,2.748,-9.565
Johnston,Wright,N.Ontario,Walleye,9657,2012,NA,NA,NA,51.33,-90.96,12.3,high_doc,497,-25.24,10.8,3.22,-30.247,3.699,-20.682,2.748,-24.8,0.43,4.2,-30.247,3.699,-20.682,2.748,-9.565
Johnston,Wright,N.Ontario,Walleye,9650,2012,NA,NA,NA,51.33,-90.96,12.3,high_doc,485,-26.49,11.59,3.2,-30.247,3.699,-20.682,2.748,-26,0.56,4.4,-30.247,3.699,-20.682,2.748,-9.565
Johnston,Wright,N.Ontario,Walleye,9649,2012,NA,NA,NA,51.33,-90.96,12.3,high_doc,484,-25.05,10.95,3.18,-30.247,3.699,-20.682,2.748,-24.6,0.41,4.3,-30.247,3.699,-20.682,2.748,-9.565
Johnston,Wright,N.Ontario,Walleye,9651,2012,NA,NA,NA,51.33,-90.96,12.3,high_doc,425,-23.77,9.93,3.17,-30.247,3.699,-20.682,2.748,-23.4,0.28,4,-30.247,3.699,-20.682,2.748,-9.565
Johnston,Wright,N.Ontario,Walleye,9655,2012,NA,NA,NA,51.33,-90.96,12.3,high_doc,371,-26.14,10.6,3.21,-30.247,3.699,-20.682,2.748,-25.7,0.52,4.2,-30.247,3.699,-20.682,2.748,-9.565
Johnston,Wright,N.Ontario,Walleye,9653,2012,NA,NA,NA,51.33,-90.96,12.3,high_doc,264,-25.76,10.13,3.22,-30.247,3.699,-20.682,2.748,-25.3,0.48,4,-30.247,3.699,-20.682,2.748,-9.565
Johnston,Wright,N.Ontario,Walleye,9654,2012,NA,NA,NA,51.33,-90.96,12.3,high_doc,226,-26.06,10.19,3.18,-30.247,3.699,-20.682,2.748,-25.7,0.52,4,-30.247,3.699,-20.682,2.748,-9.565
Johnston,Shillington,N.Ontario,Northern pike,15551,2015,6,13,2015-06-13,47.77,-80.65,7.3,medium_doc,943,-29.65,12.23,3.15,-32.213,3.607,-19.98555556,1.538888889,-29.3,0.76,4.7,-32.213,3.607,-19.98555556,1.538888889,-12.22744444
Johnston,Shillington,N.Ontario,Northern pike,7098,2011,NA,NA,NA,47.77,-80.65,7.1,medium_doc,815,-29.71,12.49,3.25,-32.213,3.607,-19.98555556,1.538888889,-29.2,0.75,4.8,-32.213,3.607,-19.98555556,1.538888889,-12.22744444
Johnston,Shillington,N.Ontario,Northern pike,15550,2015,6,13,2015-06-13,47.77,-80.65,7.3,medium_doc,771,-31,11.67,3.14,-32.213,3.607,-19.98555556,1.538888889,-30.7,0.88,4.4,-32.213,3.607,-19.98555556,1.538888889,-12.22744444
Johnston,Shillington,N.Ontario,Northern pike,7092,2011,NA,NA,NA,47.77,-80.65,7.1,medium_doc,700,-31.41,11.02,3.19,-32.213,3.607,-19.98555556,1.538888889,-31,0.9,4.2,-32.213,3.607,-19.98555556,1.538888889,-12.22744444
Johnston,Shillington,N.Ontario,Northern pike,7093,2011,NA,NA,NA,47.77,-80.65,7.1,medium_doc,640,-30.72,10.87,3.22,-32.213,3.607,-19.98555556,1.538888889,-30.2,0.84,4.2,-32.213,3.607,-19.98555556,1.538888889,-12.22744444
Johnston,Shillington,N.Ontario,Northern pike,15552,2015,6,13,2015-06-13,47.77,-80.65,7.3,medium_doc,620,-29.2,10.52,3.1,-32.213,3.607,-19.98555556,1.538888889,-29,0.74,4.2,-32.213,3.607,-19.98555556,1.538888889,-12.22744444
Johnston,Shillington,N.Ontario,Northern pike,7095,2011,NA,NA,NA,47.77,-80.65,7.1,medium_doc,594,-29.96,10.66,3.23,-32.213,3.607,-19.98555556,1.538888889,-29.5,0.78,4.2,-32.213,3.607,-19.98555556,1.538888889,-12.22744444
Johnston,Shillington,N.Ontario,Northern pike,7096,2011,NA,NA,NA,47.77,-80.65,7.1,medium_doc,586,-27.73,10.64,3.17,-32.213,3.607,-19.98555556,1.538888889,-27.4,0.61,4.3,-32.213,3.607,-19.98555556,1.538888889,-12.22744444
Johnston,Shillington,N.Ontario,Northern pike,7099,2011,NA,NA,NA,47.77,-80.65,7.1,medium_doc,555,-28.25,10.17,3.22,-32.213,3.607,-19.98555556,1.538888889,-27.8,0.64,4.1,-32.213,3.607,-19.98555556,1.538888889,-12.22744444
Johnston,Shillington,N.Ontario,Northern pike,15553,2015,6,13,2015-06-13,47.77,-80.65,7.3,medium_doc,549,-29.6,9.83,3.2,-32.213,3.607,-19.98555556,1.538888889,-29.2,0.75,4,-32.213,3.607,-19.98555556,1.538888889,-12.22744444
Johnston,Shillington,N.Ontario,Northern pike,7097,2011,NA,NA,NA,47.77,-80.65,7.1,medium_doc,520,-27.32,9.94,3.12,-32.213,3.607,-19.98555556,1.538888889,-27.1,0.58,4.1,-32.213,3.607,-19.98555556,1.538888889,-12.22744444
Johnston,Shillington,N.Ontario,Northern pike,7094,2011,NA,NA,NA,47.77,-80.65,7.1,medium_doc,465,-28.93,10.06,3.17,-32.213,3.607,-19.98555556,1.538888889,-28.6,0.7,4.1,-32.213,3.607,-19.98555556,1.538888889,-12.22744444
Johnston,Shillington,N.Ontario,Black bass,7122,2011,NA,NA,NA,47.77,-80.65,7.1,medium_doc,483,-29.03,10.12,3.51,-32.213,3.607,-19.98555556,1.538888889,-28,0.66,4.1,-32.213,3.607,-19.98555556,1.538888889,-12.22744444
Johnston,Shillington,N.Ontario,Black bass,7114,2011,NA,NA,NA,47.77,-80.65,7.1,medium_doc,470,-24.32,9.23,3.25,-32.213,3.607,-19.98555556,1.538888889,-23.8,0.31,4.1,-32.213,3.607,-19.98555556,1.538888889,-12.22744444
Johnston,Shillington,N.Ontario,Black bass,7109,2011,NA,NA,NA,47.77,-80.65,7.1,medium_doc,466,-28.69,9.89,3.25,-32.213,3.607,-19.98555556,1.538888889,-28.1,0.66,4.1,-32.213,3.607,-19.98555556,1.538888889,-12.22744444
Johnston,Shillington,N.Ontario,Black bass,7111,2011,NA,NA,NA,47.77,-80.65,7.1,medium_doc,454,-28.08,9.84,3.42,-32.213,3.607,-19.98555556,1.538888889,-27.2,0.59,4.1,-32.213,3.607,-19.98555556,1.538888889,-12.22744444
Johnston,Shillington,N.Ontario,Black bass,7113,2011,NA,NA,NA,47.77,-80.65,7.1,medium_doc,454,-28.77,9.98,3.37,-32.213,3.607,-19.98555556,1.538888889,-28,0.66,4.1,-32.213,3.607,-19.98555556,1.538888889,-12.22744444
Johnston,Shillington,N.Ontario,Black bass,7116,2011,NA,NA,NA,47.77,-80.65,7.1,medium_doc,451,-27.27,9.34,3.33,-32.213,3.607,-19.98555556,1.538888889,-26.6,0.54,4,-32.213,3.607,-19.98555556,1.538888889,-12.22744444
Johnston,Shillington,N.Ontario,Black bass,7108,2011,NA,NA,NA,47.77,-80.65,7.1,medium_doc,440,-28.72,9.81,3.64,-32.213,3.607,-19.98555556,1.538888889,-27.5,0.61,4.1,-32.213,3.607,-19.98555556,1.538888889,-12.22744444
Johnston,Shillington,N.Ontario,Black bass,7106,2011,NA,NA,NA,47.77,-80.65,7.1,medium_doc,422,-27.94,9.62,3.34,-32.213,3.607,-19.98555556,1.538888889,-27.2,0.59,4,-32.213,3.607,-19.98555556,1.538888889,-12.22744444
Johnston,Shillington,N.Ontario,Black bass,7112,2011,NA,NA,NA,47.77,-80.65,7.1,medium_doc,410,-28.95,9.68,3.35,-32.213,3.607,-19.98555556,1.538888889,-28.2,0.67,4,-32.213,3.607,-19.98555556,1.538888889,-12.22744444
Johnston,Shillington,N.Ontario,Black bass,7115,2011,NA,NA,NA,47.77,-80.65,7.1,medium_doc,407,-28.69,12.28,3.38,-32.213,3.607,-19.98555556,1.538888889,-27.9,0.65,4.8,-32.213,3.607,-19.98555556,1.538888889,-12.22744444
Johnston,Shillington,N.Ontario,Black bass,7124,2011,NA,NA,NA,47.77,-80.65,7.1,medium_doc,390,-28.84,9.7,3.25,-32.213,3.607,-19.98555556,1.538888889,-28.3,0.68,4,-32.213,3.607,-19.98555556,1.538888889,-12.22744444
Johnston,Shillington,N.Ontario,Black bass,7107,2011,NA,NA,NA,47.77,-80.65,7.1,medium_doc,388,-29.08,9.59,3.36,-32.213,3.607,-19.98555556,1.538888889,-28.3,0.68,4,-32.213,3.607,-19.98555556,1.538888889,-12.22744444
Johnston,Shillington,N.Ontario,Black bass,7118,2011,NA,NA,NA,47.77,-80.65,7.1,medium_doc,365,-26.07,9.22,3.46,-32.213,3.607,-19.98555556,1.538888889,-25.1,0.42,4,-32.213,3.607,-19.98555556,1.538888889,-12.22744444
Johnston,Shillington,N.Ontario,Black bass,7117,2011,NA,NA,NA,47.77,-80.65,7.1,medium_doc,357,-26.43,9.37,3.28,-32.213,3.607,-19.98555556,1.538888889,-25.8,0.48,4,-32.213,3.607,-19.98555556,1.538888889,-12.22744444
Johnston,Shillington,N.Ontario,Black bass,7110,2011,NA,NA,NA,47.77,-80.65,7.1,medium_doc,353,-28.36,9.36,3.29,-32.213,3.607,-19.98555556,1.538888889,-27.7,0.63,3.9,-32.213,3.607,-19.98555556,1.538888889,-12.22744444
Johnston,Shillington,N.Ontario,Black bass,7120,2011,NA,NA,NA,47.77,-80.65,7.1,medium_doc,336,-26.91,9.33,3.35,-32.213,3.607,-19.98555556,1.538888889,-26.2,0.51,4,-32.213,3.607,-19.98555556,1.538888889,-12.22744444
Johnston,Shillington,N.Ontario,Black bass,7121,2011,NA,NA,NA,47.77,-80.65,7.1,medium_doc,331,-26.79,9.22,3.3,-32.213,3.607,-19.98555556,1.538888889,-26.1,0.5,4,-32.213,3.607,-19.98555556,1.538888889,-12.22744444
Johnston,Shillington,N.Ontario,Black bass,7123,2011,NA,NA,NA,47.77,-80.65,7.1,medium_doc,319,-26.94,8.69,3.23,-32.213,3.607,-19.98555556,1.538888889,-26.4,0.52,3.8,-32.213,3.607,-19.98555556,1.538888889,-12.22744444
Johnston,Shillington,N.Ontario,Black bass,7119,2011,NA,NA,NA,47.77,-80.65,7.1,medium_doc,310,-27.49,9.06,3.27,-32.213,3.607,-19.98555556,1.538888889,-26.9,0.57,3.9,-32.213,3.607,-19.98555556,1.538888889,-12.22744444
Johnston,Shillington,N.Ontario,Black bass,7125,2011,NA,NA,NA,47.77,-80.65,7.1,medium_doc,152,-29.52,8.34,3.52,-32.213,3.607,-19.98555556,1.538888889,-28.5,0.7,3.6,-32.213,3.607,-19.98555556,1.538888889,-12.22744444
Johnston,Shillington,N.Ontario,Walleye,7137,2011,NA,NA,NA,47.77,-80.65,7.1,medium_doc,711,-29.85,12.45,3.3,-32.213,3.607,-19.98555556,1.538888889,-29.2,0.75,4.8,-32.213,3.607,-19.98555556,1.538888889,-12.22744444
Johnston,Shillington,N.Ontario,Walleye,7140,2011,NA,NA,NA,47.77,-80.65,7.1,medium_doc,695,-28.88,10.87,3.31,-32.213,3.607,-19.98555556,1.538888889,-28.2,0.67,4.3,-32.213,3.607,-19.98555556,1.538888889,-12.22744444
Johnston,Shillington,N.Ontario,Walleye,7130,2011,NA,NA,NA,47.77,-80.65,7.1,medium_doc,689,-29.58,12.31,3.28,-32.213,3.607,-19.98555556,1.538888889,-29,0.74,4.7,-32.213,3.607,-19.98555556,1.538888889,-12.22744444
Johnston,Shillington,N.Ontario,Walleye,7131,2011,NA,NA,NA,47.77,-80.65,7.1,medium_doc,667,-27.43,12.47,3.14,-32.213,3.607,-19.98555556,1.538888889,-27.1,0.58,4.9,-32.213,3.607,-19.98555556,1.538888889,-12.22744444
Johnston,Shillington,N.Ontario,Walleye,7129,2011,NA,NA,NA,47.77,-80.65,7.1,medium_doc,657,-29.2,11.24,3.3,-32.213,3.607,-19.98555556,1.538888889,-28.6,0.7,4.4,-32.213,3.607,-19.98555556,1.538888889,-12.22744444
Johnston,Shillington,N.Ontario,Walleye,7128,2011,NA,NA,NA,47.77,-80.65,7.1,medium_doc,570,-30.79,11.2,3.29,-32.213,3.607,-19.98555556,1.538888889,-30.2,0.84,4.3,-32.213,3.607,-19.98555556,1.538888889,-12.22744444
Johnston,Shillington,N.Ontario,Walleye,15556,2015,6,13,2015-06-13,47.77,-80.65,7.3,medium_doc,568,-29.5,10.94,3.17,-32.213,3.607,-19.98555556,1.538888889,-29.1,0.75,4.3,-32.213,3.607,-19.98555556,1.538888889,-12.22744444
Johnston,Shillington,N.Ontario,Walleye,7136,2011,NA,NA,NA,47.77,-80.65,7.1,medium_doc,466,-26.67,10.11,3.17,-32.213,3.607,-19.98555556,1.538888889,-26.3,0.52,4.2,-32.213,3.607,-19.98555556,1.538888889,-12.22744444
Johnston,Shillington,N.Ontario,Walleye,7126,2011,NA,NA,NA,47.77,-80.65,7.1,medium_doc,425,-28.84,10.44,3.25,-32.213,3.607,-19.98555556,1.538888889,-28.3,0.68,4.2,-32.213,3.607,-19.98555556,1.538888889,-12.22744444
Johnston,Shillington,N.Ontario,Walleye,7132,2011,NA,NA,NA,47.77,-80.65,7.1,medium_doc,408,-30.43,10.76,3.25,-32.213,3.607,-19.98555556,1.538888889,-29.9,0.81,4.2,-32.213,3.607,-19.98555556,1.538888889,-12.22744444
Johnston,Shillington,N.Ontario,Walleye,7143,2011,NA,NA,NA,47.77,-80.65,7.1,medium_doc,405,-28.8,9.75,3.22,-32.213,3.607,-19.98555556,1.538888889,-28.3,0.68,4,-32.213,3.607,-19.98555556,1.538888889,-12.22744444
Johnston,Shillington,N.Ontario,Walleye,7144,2011,NA,NA,NA,47.77,-80.65,7.1,medium_doc,399,-29.65,10.73,3.31,-32.213,3.607,-19.98555556,1.538888889,-29,0.74,4.3,-32.213,3.607,-19.98555556,1.538888889,-12.22744444
Johnston,Shillington,N.Ontario,Walleye,15554,2015,6,13,2015-06-13,47.77,-80.65,7.3,medium_doc,379,-29.24,10.92,3.18,-32.213,3.607,-19.98555556,1.538888889,-28.8,0.72,4.3,-32.213,3.607,-19.98555556,1.538888889,-12.22744444
Johnston,Shillington,N.Ontario,Walleye,7127,2011,NA,NA,NA,47.77,-80.65,7.1,medium_doc,372,-29.73,10.24,3.16,-32.213,3.607,-19.98555556,1.538888889,-29.4,0.77,4.1,-32.213,3.607,-19.98555556,1.538888889,-12.22744444
Johnston,Shillington,N.Ontario,Walleye,7134,2011,NA,NA,NA,47.77,-80.65,7.1,medium_doc,365,-29.64,9.95,3.2,-32.213,3.607,-19.98555556,1.538888889,-29.2,0.75,4,-32.213,3.607,-19.98555556,1.538888889,-12.22744444
Johnston,Shillington,N.Ontario,Walleye,7133,2011,NA,NA,NA,47.77,-80.65,7.1,medium_doc,360,-28.5,10.81,3.15,-32.213,3.607,-19.98555556,1.538888889,-28.2,0.67,4.3,-32.213,3.607,-19.98555556,1.538888889,-12.22744444
Johnston,Shillington,N.Ontario,Walleye,7141,2011,NA,NA,NA,47.77,-80.65,7.1,medium_doc,340,-28.27,9.61,3.15,-32.213,3.607,-19.98555556,1.538888889,-27.9,0.65,4,-32.213,3.607,-19.98555556,1.538888889,-12.22744444
Johnston,Shillington,N.Ontario,Walleye,7138,2011,NA,NA,NA,47.77,-80.65,7.1,medium_doc,322,-30.74,10.07,3.19,-32.213,3.607,-19.98555556,1.538888889,-30.3,0.84,4,-32.213,3.607,-19.98555556,1.538888889,-12.22744444
Johnston,Shillington,N.Ontario,Walleye,7142,2011,NA,NA,NA,47.77,-80.65,7.1,medium_doc,319,-29.49,9.96,3.24,-32.213,3.607,-19.98555556,1.538888889,-29,0.74,4,-32.213,3.607,-19.98555556,1.538888889,-12.22744444
Johnston,Shillington,N.Ontario,Walleye,15555,2015,6,13,2015-06-13,47.77,-80.65,7.3,medium_doc,260,-29.52,10.54,3.23,-32.213,3.607,-19.98555556,1.538888889,-29,0.74,4.2,-32.213,3.607,-19.98555556,1.538888889,-12.22744444
Johnston,Shillington,N.Ontario,Walleye,7135,2011,NA,NA,NA,47.77,-80.65,7.1,medium_doc,202,-30.95,8.26,3.23,-32.213,3.607,-19.98555556,1.538888889,-30.4,0.85,3.5,-32.213,3.607,-19.98555556,1.538888889,-12.22744444
Johnston,Shillington,N.Ontario,Walleye,7145,2011,NA,NA,NA,47.77,-80.65,7.1,medium_doc,201,-29.88,8.05,3.25,-32.213,3.607,-19.98555556,1.538888889,-29.3,0.76,3.5,-32.213,3.607,-19.98555556,1.538888889,-12.22744444
Johnston,Shillington,N.Ontario,Walleye,7139,2011,NA,NA,NA,47.77,-80.65,7.1,medium_doc,185,-30.06,8.46,3.18,-32.213,3.607,-19.98555556,1.538888889,-29.7,0.79,3.6,-32.213,3.607,-19.98555556,1.538888889,-12.22744444
Johnston,Nipissing,N.Ontario,Walleye,12933,2014,8,29,2014-08-29,46.28,-80,5.4,medium_doc,294,-26.61,11.18,3.27,-28.29,4.38,-19.81,3.8,-26,0.73,4,-28.43,4.34,-17.77,2.99,-10.66
Johnston,Nipissing,N.Ontario,Walleye,12836,2014,7,17,2014-07-17,46.28,-80,5.4,medium_doc,270,-25.6,11.12,3.17,-28.29,4.38,-19.81,3.8,-25.2,0.64,4,-28.43,4.34,-17.77,2.99,-10.66
Johnston,Nipissing,N.Ontario,Walleye,12835,2014,7,17,2014-07-17,46.28,-80,5.4,medium_doc,267,-25.3,11.22,3.22,-28.29,4.38,-19.81,3.8,-24.8,0.59,4.1,-28.43,4.34,-17.77,2.99,-10.66
Johnston,Nipissing,N.Ontario,Walleye,12932,2014,8,29,2014-08-29,46.28,-80,5.4,medium_doc,265,-27.18,10.72,3.26,-28.29,4.38,-19.81,3.8,-26.6,0.8,3.9,-28.43,4.34,-17.77,2.99,-10.66
Johnston,Nipissing,N.Ontario,Walleye,12930,2014,8,29,2014-08-29,46.28,-80,5.4,medium_doc,240,-27.1,10.33,3.21,-28.29,4.38,-19.81,3.8,-26.6,0.8,3.8,-28.43,4.34,-17.77,2.99,-10.66
Johnston,Nipissing,N.Ontario,Walleye,12939,2014,8,29,2014-08-29,46.28,-80,5.4,medium_doc,227,-26.52,10.88,3.2,-28.29,4.38,-19.81,3.8,-26.1,0.74,4,-28.43,4.34,-17.77,2.99,-10.66
Johnston,Nipissing,N.Ontario,Walleye,12925,2014,8,26,2014-08-26,46.28,-80,5.4,medium_doc,225,-24.81,10.41,3.21,-28.29,4.38,-19.81,3.8,-24.3,0.53,3.9,-28.43,4.34,-17.77,2.99,-10.66
Johnston,Nipissing,N.Ontario,Walleye,12931,2014,8,29,2014-08-29,46.28,-80,5.4,medium_doc,225,-26.75,10.46,3.23,-28.29,4.38,-19.81,3.8,-26.2,0.75,3.8,-28.43,4.34,-17.77,2.99,-10.66
Johnston,Nipissing,N.Ontario,Walleye,12995,2014,9,10,2014-09-10,46.28,-80,5.4,medium_doc,219,-24.47,10.41,3.19,-28.29,4.38,-19.81,3.8,-24,0.49,3.9,-28.43,4.34,-17.77,2.99,-10.66
Johnston,Nipissing,N.Ontario,Walleye,12923,2014,8,26,2014-08-26,46.28,-80,5.4,medium_doc,210,-25.19,10.3,3.23,-28.29,4.38,-19.81,3.8,-24.7,0.58,3.8,-28.43,4.34,-17.77,2.99,-10.66
Johnston,Nipissing,N.Ontario,Walleye,12924,2014,8,26,2014-08-26,46.28,-80,5.4,medium_doc,208,-25.45,10.34,3.19,-28.29,4.38,-19.81,3.8,-25,0.61,3.8,-28.43,4.34,-17.77,2.99,-10.66
Johnston,Nipissing,N.Ontario,Walleye,12929,2014,8,29,2014-08-29,46.28,-80,5.4,medium_doc,205,-26.47,10.67,3.23,-28.29,4.38,-19.81,3.8,-26,0.73,3.9,-28.43,4.34,-17.77,2.99,-10.66
Johnston,Nipissing,N.Ontario,Walleye,12833,2014,7,17,2014-07-17,46.28,-80,5.4,medium_doc,202,-26.3,10.75,3.2,-28.29,4.38,-19.81,3.8,-25.9,0.72,3.9,-28.43,4.34,-17.77,2.99,-10.66
Johnston,Nipissing,N.Ontario,Walleye,12834,2014,7,17,2014-07-17,46.28,-80,5.4,medium_doc,194,-25.96,10.82,3.21,-28.29,4.38,-19.81,3.8,-25.5,0.67,4,-28.43,4.34,-17.77,2.99,-10.66
Johnston,Nipissing,N.Ontario,Walleye,12831,2014,7,17,2014-07-17,46.28,-80,5.4,medium_doc,192,-25.83,10.66,3.2,-28.29,4.38,-19.81,3.8,-25.4,0.66,3.9,-28.43,4.34,-17.77,2.99,-10.66
Johnston,Nipissing,N.Ontario,Walleye,12830,2014,7,17,2014-07-17,46.28,-80,5.4,medium_doc,180,-26.43,10.78,3.21,-28.29,4.38,-19.81,3.8,-26,0.73,3.9,-28.43,4.34,-17.77,2.99,-10.66
Johnston,Nipissing,N.Ontario,Walleye,12832,2014,7,17,2014-07-17,46.28,-80,5.4,medium_doc,177,-23.62,10.65,3.22,-28.29,4.38,-19.81,3.8,-23.1,0.39,3.9,-28.43,4.34,-17.77,2.99,-10.66
Johnston,Nipissing,N.Ontario,Walleye,12993,2014,9,10,2014-09-10,46.28,-80,5.4,medium_doc,153,-25.09,9.97,3.22,-28.29,4.38,-19.81,3.8,-24.6,0.56,3.7,-28.43,4.34,-17.77,2.99,-10.66
Johnston,Nipissing,N.Ontario,Walleye,12994,2014,9,10,2014-09-10,46.28,-80,5.4,medium_doc,152,-25.48,10.05,3.24,-28.29,4.38,-19.81,3.8,-25,0.61,3.7,-28.43,4.34,-17.77,2.99,-10.66
Johnston,Nipissing,N.Ontario,Walleye,12990,2014,9,10,2014-09-10,46.28,-80,5.4,medium_doc,152,-25.71,10.06,3.23,-28.29,4.38,-19.81,3.8,-25.2,0.64,3.7,-28.43,4.34,-17.77,2.99,-10.66
Johnston,Nipissing,N.Ontario,Walleye,12988,2014,9,10,2014-09-10,46.28,-80,5.4,medium_doc,151,-24.91,10.23,3.22,-28.29,4.38,-19.81,3.8,-24.4,0.54,3.8,-28.43,4.34,-17.77,2.99,-10.66
Johnston,Nipissing,N.Ontario,Walleye,12921,2014,8,26,2014-08-26,46.28,-80,5.4,medium_doc,151,-25.64,9.52,3.25,-28.29,4.38,-19.81,3.8,-25.1,0.62,3.6,-28.43,4.34,-17.77,2.99,-10.66
Johnston,Nipissing,N.Ontario,Walleye,12992,2014,9,10,2014-09-10,46.28,-80,5.4,medium_doc,150,-25.51,10.15,3.19,-28.29,4.38,-19.81,3.8,-25.1,0.62,3.8,-28.43,4.34,-17.77,2.99,-10.66
Johnston,Nipissing,N.Ontario,Walleye,12922,2014,8,26,2014-08-26,46.28,-80,5.4,medium_doc,149,-25.05,9.45,3.27,-28.29,4.38,-19.81,3.8,-24.5,0.55,3.6,-28.43,4.34,-17.77,2.99,-10.66
Johnston,Nipissing,N.Ontario,Walleye,12991,2014,9,10,2014-09-10,46.28,-80,5.4,medium_doc,149,-25.78,10.27,3.22,-28.29,4.38,-19.81,3.8,-25.3,0.65,3.8,-28.43,4.34,-17.77,2.99,-10.66
Johnston,Nipissing,N.Ontario,Walleye,12928,2014,8,29,2014-08-29,46.28,-80,5.4,medium_doc,144,-27.52,10,3.25,-28.29,4.38,-19.81,3.8,-27,0.85,3.7,-28.43,4.34,-17.77,2.99,-10.66
Johnston,Nipissing,N.Ontario,Walleye,12920,2014,8,26,2014-08-26,46.28,-80,5.4,medium_doc,142,-25.85,9.93,3.27,-28.29,4.38,-19.81,3.8,-25.3,0.65,3.7,-28.43,4.34,-17.77,2.99,-10.66
Johnston,Nipissing,N.Ontario,Walleye,12919,2014,8,26,2014-08-26,46.28,-80,5.4,medium_doc,141,-25.03,9.81,3.28,-28.29,4.38,-19.81,3.8,-24.4,0.54,3.7,-28.43,4.34,-17.77,2.99,-10.66
Johnston,Nipissing,N.Ontario,Walleye,12989,2014,9,10,2014-09-10,46.28,-80,5.4,medium_doc,140,-25.82,10.63,3.22,-28.29,4.38,-19.81,3.8,-25.3,0.65,3.9,-28.43,4.34,-17.77,2.99,-10.66
Johnston,Nipissing,N.Ontario,Walleye,12917,2014,8,26,2014-08-26,46.28,-80,5.4,medium_doc,136,-25.94,9.99,3.27,-28.29,4.38,-19.81,3.8,-25.4,0.66,3.7,-28.43,4.34,-17.77,2.99,-10.66
Johnston,Nipissing,N.Ontario,Walleye,12918,2014,8,26,2014-08-26,46.28,-80,5.4,medium_doc,132,-25.72,9.56,3.26,-28.29,4.38,-19.81,3.8,-25.2,0.64,3.6,-28.43,4.34,-17.77,2.99,-10.66
Johnston,Nipissing,N.Ontario,Walleye,12916,2014,8,26,2014-08-26,46.28,-80,5.4,medium_doc,129,-25.11,9.52,3.23,-28.29,4.38,-19.81,3.8,-24.6,0.56,3.6,-28.43,4.34,-17.77,2.99,-10.66
Johnston,Nipissing,N.Ontario,Walleye,12937,2014,8,29,2014-08-29,46.28,-80,5.4,medium_doc,129,-26.08,10.04,3.25,-28.29,4.38,-19.81,3.8,-25.5,0.67,3.7,-28.43,4.34,-17.77,2.99,-10.66
Johnston,Nipissing,N.Ontario,Walleye,12926,2014,8,29,2014-08-29,46.28,-80,5.4,medium_doc,125,-25.9,9.52,3.26,-28.29,4.38,-19.81,3.8,-25.3,0.65,3.6,-28.43,4.34,-17.77,2.99,-10.66
Johnston,Nipissing,N.Ontario,Walleye,12936,2014,8,29,2014-08-29,46.28,-80,5.4,medium_doc,125,-26.68,10.33,3.26,-28.29,4.38,-19.81,3.8,-26.1,0.74,3.8,-28.43,4.34,-17.77,2.99,-10.66
Johnston,Nipissing,N.Ontario,Walleye,12927,2014,8,29,2014-08-29,46.28,-80,5.4,medium_doc,125,-27.13,10.17,3.3,-28.29,4.38,-19.81,3.8,-26.5,0.79,3.7,-28.43,4.34,-17.77,2.99,-10.66
Johnston,Nipissing,N.Ontario,Walleye,12934,2014,8,29,2014-08-29,46.28,-80,5.4,medium_doc,124,-26.58,10.38,3.29,-28.29,4.38,-19.81,3.8,-26,0.73,3.8,-28.43,4.34,-17.77,2.99,-10.66
Johnston,Nipissing,N.Ontario,Walleye,12935,2014,8,29,2014-08-29,46.28,-80,5.4,medium_doc,123,-26.06,10.2,3.3,-28.29,4.38,-19.81,3.8,-25.4,0.66,3.8,-28.43,4.34,-17.77,2.99,-10.66
Johnston,Nipissing,N.Ontario,Walleye,12938,2014,8,29,2014-08-29,46.28,-80,5.4,medium_doc,117,-26.63,10.23,3.27,-28.29,4.38,-19.81,3.8,-26,0.73,3.8,-28.43,4.34,-17.77,2.99,-10.66
Johnston,Nipissing,N.Ontario,Yellow perch,12947,2014,9,10,2014-09-10,46.28,-80,5.4,medium_doc,208,-24.07,9.62,3.2,-28.29,4.38,-19.81,3.8,-23.6,0.45,3.6,-28.43,4.34,-17.77,2.99,-10.66
Johnston,Nipissing,N.Ontario,Yellow perch,12773,2014,7,17,2014-07-17,46.28,-80,5.4,medium_doc,190,-25.12,10.38,3.31,-28.29,4.38,-19.81,3.8,-24.5,0.55,3.8,-28.43,4.34,-17.77,2.99,-10.66
Johnston,Nipissing,N.Ontario,Yellow perch,12783,2014,7,30,2014-07-30,46.28,-80,5.4,medium_doc,180,-23.13,10.01,3.25,-28.29,4.38,-19.81,3.8,-22.6,0.33,3.8,-28.43,4.34,-17.77,2.99,-10.66
Johnston,Nipissing,N.Ontario,Yellow perch,12793,2014,7,23,2014-07-23,46.28,-80,5.4,medium_doc,180,-22.03,9.65,3.28,-28.29,4.38,-19.81,3.8,-21.4,0.19,3.7,-28.43,4.34,-17.77,2.99,-10.66
Johnston,Nipissing,N.Ontario,Yellow perch,12772,2014,7,17,2014-07-17,46.28,-80,5.4,medium_doc,174,-24.16,10.1,3.3,-28.29,4.38,-19.81,3.8,-23.5,0.44,3.8,-28.43,4.34,-17.77,2.99,-10.66
Johnston,Nipissing,N.Ontario,Yellow perch,11480,2014,6,17,2014-06-17,46.28,-80,5.4,medium_doc,172.69,-24.92,10.26,3.12,-28.29,4.38,-19.81,3.8,-24.7,0.58,3.8,-28.43,4.34,-17.77,2.99,-10.66
Johnston,Nipissing,N.Ontario,Yellow perch,12946,2014,9,10,2014-09-10,46.28,-80,5.4,medium_doc,170,-23.21,9.14,3.24,-28.29,4.38,-19.81,3.8,-22.7,0.34,3.5,-28.43,4.34,-17.77,2.99,-10.66
Johnston,Nipissing,N.Ontario,Yellow perch,12960,2014,9,10,2014-09-10,46.28,-80,5.4,medium_doc,168,-25.97,10.39,3.22,-28.29,4.38,-19.81,3.8,-25.5,0.67,3.8,-28.43,4.34,-17.77,2.99,-10.66
Johnston,Nipissing,N.Ontario,Yellow perch,12962,2014,9,10,2014-09-10,46.28,-80,5.4,medium_doc,165,-25.19,9.18,3.21,-28.29,4.38,-19.81,3.8,-24.7,0.58,3.5,-28.43,4.34,-17.77,2.99,-10.66
Johnston,Nipissing,N.Ontario,Yellow perch,12961,2014,9,10,2014-09-10,46.28,-80,5.4,medium_doc,159,-25.34,9.76,3.22,-28.29,4.38,-19.81,3.8,-24.9,0.6,3.7,-28.43,4.34,-17.77,2.99,-10.66
Johnston,Nipissing,N.Ontario,Yellow perch,12856,2014,8,29,2014-08-29,46.28,-80,5.4,medium_doc,158,-26.09,9.94,3.25,-28.29,4.38,-19.81,3.8,-25.5,0.67,3.7,-28.43,4.34,-17.77,2.99,-10.66
Johnston,Nipissing,N.Ontario,Yellow perch,12771,2014,7,17,2014-07-17,46.28,-80,5.4,medium_doc,157,-26.34,10.84,3.28,-28.29,4.38,-19.81,3.8,-25.7,0.69,4,-28.43,4.34,-17.77,2.99,-10.66
Johnston,Nipissing,N.Ontario,Yellow perch,12855,2014,8,29,2014-08-29,46.28,-80,5.4,medium_doc,157,-26.64,10.06,3.24,-28.29,4.38,-19.81,3.8,-26.1,0.74,3.7,-28.43,4.34,-17.77,2.99,-10.66
Johnston,Nipissing,N.Ontario,Yellow perch,12864,2014,8,29,2014-08-29,46.28,-80,5.4,medium_doc,156,-28.69,8.89,3.21,-28.29,4.38,-19.81,3.8,-28.2,0.99,3.3,-28.43,4.34,-17.77,2.99,-10.66
Johnston,Nipissing,N.Ontario,Yellow perch,12945,2014,9,10,2014-09-10,46.28,-80,5.4,medium_doc,154,-21.77,9.23,3.22,-28.29,4.38,-19.81,3.8,-21.3,0.18,3.6,-28.43,4.34,-17.77,2.99,-10.66
Johnston,Nipissing,N.Ontario,Yellow perch,12863,2014,8,29,2014-08-29,46.28,-80,5.4,medium_doc,152,-25.74,9.69,3.18,-28.29,4.38,-19.81,3.8,-25.3,0.65,3.6,-28.43,4.34,-17.77,2.99,-10.66
Johnston,Nipissing,N.Ontario,Yellow perch,12942,2014,9,10,2014-09-10,46.28,-80,5.4,medium_doc,147,-24.31,9.74,3.21,-28.29,4.38,-19.81,3.8,-23.8,0.47,3.7,-28.43,4.34,-17.77,2.99,-10.66
Johnston,Nipissing,N.Ontario,Yellow perch,12955,2014,9,4,2014-09-04,46.28,-80,5.4,medium_doc,147,-25.43,10.39,3.19,-28.29,4.38,-19.81,3.8,-25,0.61,3.8,-28.43,4.34,-17.77,2.99,-10.66
Johnston,Nipissing,N.Ontario,Yellow perch,12944,2014,9,10,2014-09-10,46.28,-80,5.4,medium_doc,146,-23.74,8.89,3.23,-28.29,4.38,-19.81,3.8,-23.2,0.4,3.4,-28.43,4.34,-17.77,2.99,-10.66
Johnston,Nipissing,N.Ontario,Yellow perch,11484,2014,6,17,2014-06-17,46.28,-80,5.4,medium_doc,143.35,-24.3,9.98,3.15,-28.29,4.38,-19.81,3.8,-24,0.49,3.7,-28.43,4.34,-17.77,2.99,-10.66
Johnston,Nipissing,N.Ontario,Yellow perch,12941,2014,9,10,2014-09-10,46.28,-80,5.4,medium_doc,143,-20.84,7.03,3.22,-28.29,4.38,-19.81,3.8,-20.4,0.07,2.9,-28.43,4.34,-17.77,2.99,-10.66
Johnston,Nipissing,N.Ontario,Yellow perch,12782,2014,7,30,2014-07-30,46.28,-80,5.4,medium_doc,142,-22.13,8.7,3.25,-28.29,4.38,-19.81,3.8,-21.6,0.21,3.4,-28.43,4.34,-17.77,2.99,-10.66
Johnston,Nipissing,N.Ontario,Yellow perch,12769,2014,7,17,2014-07-17,46.28,-80,5.4,medium_doc,140,-24.53,9.99,3.43,-28.29,4.38,-19.81,3.8,-23.6,0.45,3.7,-28.43,4.34,-17.77,2.99,-10.66
Johnston,Nipissing,N.Ontario,Yellow perch,12854,2014,8,29,2014-08-29,46.28,-80,5.4,medium_doc,140,-26.7,10.44,3.25,-28.29,4.38,-19.81,3.8,-26.2,0.75,3.8,-28.43,4.34,-17.77,2.99,-10.66
Johnston,Nipissing,N.Ontario,Yellow perch,12943,2014,9,10,2014-09-10,46.28,-80,5.4,medium_doc,140,-21.36,8.34,3.21,-28.29,4.38,-19.81,3.8,-20.9,0.13,3.3,-28.43,4.34,-17.77,2.99,-10.66
Johnston,Nipissing,N.Ontario,Yellow perch,12770,2014,7,17,2014-07-17,46.28,-80,5.4,medium_doc,137,-26.57,10.28,3.28,-28.29,4.38,-19.81,3.8,-26,0.73,3.8,-28.43,4.34,-17.77,2.99,-10.66
Johnston,Nipissing,N.Ontario,Yellow perch,12853,2014,8,29,2014-08-29,46.28,-80,5.4,medium_doc,137,-26.8,10.6,3.23,-28.29,4.38,-19.81,3.8,-26.3,0.77,3.9,-28.43,4.34,-17.77,2.99,-10.66
Johnston,Nipissing,N.Ontario,Yellow perch,11482,2014,6,17,2014-06-17,46.28,-80,5.4,medium_doc,133.92,-25.37,9.71,3.11,-28.29,4.38,-19.81,3.8,-25.1,0.62,3.6,-28.43,4.34,-17.77,2.99,-10.66
Johnston,Nipissing,N.Ontario,Yellow perch,12959,2014,9,10,2014-09-10,46.28,-80,5.4,medium_doc,133,-24.82,9.13,3.22,-28.29,4.38,-19.81,3.8,-24.3,0.53,3.5,-28.43,4.34,-17.77,2.99,-10.66
Johnston,Nipissing,N.Ontario,Yellow perch,12767,2014,7,17,2014-07-17,46.28,-80,5.4,medium_doc,130,-26.38,10.07,3.32,-28.29,4.38,-19.81,3.8,-25.7,0.69,3.7,-28.43,4.34,-17.77,2.99,-10.66
Johnston,Nipissing,N.Ontario,Yellow perch,12852,2014,8,29,2014-08-29,46.28,-80,5.4,medium_doc,130,-26.53,9.85,3.23,-28.29,4.38,-19.81,3.8,-26,0.73,3.7,-28.43,4.34,-17.77,2.99,-10.66
Johnston,Nipissing,N.Ontario,Yellow perch,12958,2014,9,10,2014-09-10,46.28,-80,5.4,medium_doc,128,-25.46,9.69,3.22,-28.29,4.38,-19.81,3.8,-25,0.61,3.6,-28.43,4.34,-17.77,2.99,-10.66
Johnston,Nipissing,N.Ontario,Yellow perch,11485,2014,6,17,2014-06-17,46.28,-80,5.4,medium_doc,127.63,-24.73,9.12,3.13,-28.29,4.38,-19.81,3.8,-24.4,0.54,3.5,-28.43,4.34,-17.77,2.99,-10.66
Johnston,Nipissing,N.Ontario,Yellow perch,12765,2014,7,17,2014-07-17,46.28,-80,5.4,medium_doc,126,-26.03,10.26,3.3,-28.29,4.38,-19.81,3.8,-25.4,0.66,3.8,-28.43,4.34,-17.77,2.99,-10.66
Johnston,Nipissing,N.Ontario,Yellow perch,12849,2014,8,29,2014-08-29,46.28,-80,5.4,medium_doc,126,-26.32,9.9,3.19,-28.29,4.38,-19.81,3.8,-25.9,0.72,3.7,-28.43,4.34,-17.77,2.99,-10.66
Johnston,Nipissing,N.Ontario,Yellow perch,11456,2014,6,10,2014-06-10,46.28,-80,5.4,medium_doc,125.53,-26.54,10.7,3.28,-28.29,4.38,-19.81,3.8,-25.9,0.72,3.9,-28.43,4.34,-17.77,2.99,-10.66
Johnston,Nipissing,N.Ontario,Yellow perch,12953,2014,9,4,2014-09-04,46.28,-80,5.4,medium_doc,125,-26.79,9.58,3.24,-28.29,4.38,-19.81,3.8,-26.3,0.77,3.6,-28.43,4.34,-17.77,2.99,-10.66
Johnston,Nipissing,N.Ontario,Yellow perch,12768,2014,7,17,2014-07-17,46.28,-80,5.4,medium_doc,124,-26.7,9.86,3.32,-28.29,4.38,-19.81,3.8,-26,0.73,3.7,-28.43,4.34,-17.77,2.99,-10.66
Johnston,Nipissing,N.Ontario,Yellow perch,12862,2014,8,29,2014-08-29,46.28,-80,5.4,medium_doc,124,-25.51,8.44,3.18,-28.29,4.38,-19.81,3.8,-25.1,0.62,3.3,-28.43,4.34,-17.77,2.99,-10.66
Johnston,Nipissing,N.Ontario,Yellow perch,12954,2014,9,4,2014-09-04,46.28,-80,5.4,medium_doc,124,-26.78,10.2,3.21,-28.29,4.38,-19.81,3.8,-26.3,0.77,3.8,-28.43,4.34,-17.77,2.99,-10.66
Johnston,Nipissing,N.Ontario,Yellow perch,12940,2014,9,10,2014-09-10,46.28,-80,5.4,medium_doc,123,-20.44,7.3,3.23,-28.29,4.38,-19.81,3.8,-19.9,0.01,3,-28.43,4.34,-17.77,2.99,-10.66
Johnston,Nipissing,N.Ontario,Yellow perch,11501,2014,6,20,2014-06-20,46.28,-80,5.4,medium_doc,122.39,-23.59,10.14,3.2,-28.29,4.38,-19.81,3.8,-23.1,0.39,3.8,-28.43,4.34,-17.77,2.99,-10.66
Johnston,Nipissing,N.Ontario,Yellow perch,12851,2014,8,29,2014-08-29,46.28,-80,5.4,medium_doc,121,-27.48,10.04,3.18,-28.29,4.38,-19.81,3.8,-27.1,0.86,3.7,-28.43,4.34,-17.77,2.99,-10.66
Johnston,Nipissing,N.Ontario,Yellow perch,11455,2014,6,10,2014-06-10,46.28,-80,5.4,medium_doc,120.29,-27.06,10.68,3.22,-28.29,4.38,-19.81,3.8,-26.6,0.8,3.9,-28.43,4.34,-17.77,2.99,-10.66
Johnston,Nipissing,N.Ontario,Yellow perch,12952,2014,9,4,2014-09-04,46.28,-80,5.4,medium_doc,119,-27.56,9.93,3.23,-28.29,4.38,-19.81,3.8,-27.1,0.86,3.7,-28.43,4.34,-17.77,2.99,-10.66
Johnston,Nipissing,N.Ontario,Yellow perch,11500,2014,6,20,2014-06-20,46.28,-80,5.4,medium_doc,118.2,-21.87,8.66,3.15,-28.29,4.38,-19.81,3.8,-21.5,0.2,3.4,-28.43,4.34,-17.77,2.99,-10.66
Johnston,Nipissing,N.Ontario,Yellow perch,11453,2014,6,10,2014-06-10,46.28,-80,5.4,medium_doc,117.15,-26.65,10.51,3.24,-28.29,4.38,-19.81,3.8,-26.1,0.74,3.8,-28.43,4.34,-17.77,2.99,-10.66
Johnston,Nipissing,N.Ontario,Yellow perch,12791,2014,7,23,2014-07-23,46.28,-80,5.4,medium_doc,117,-25.84,9.74,3.31,-28.29,4.38,-19.81,3.8,-25.2,0.64,3.6,-28.43,4.34,-17.77,2.99,-10.66
Johnston,Nipissing,N.Ontario,Yellow perch,12951,2014,9,4,2014-09-04,46.28,-80,5.4,medium_doc,116,-26.62,10.08,3.21,-28.29,4.38,-19.81,3.8,-26.2,0.75,3.7,-28.43,4.34,-17.77,2.99,-10.66
Johnston,Nipissing,N.Ontario,Yellow perch,11457,2014,6,11,2014-06-11,46.28,-80,5.4,medium_doc,114.01,-26.55,11.01,3.36,-28.29,4.38,-19.81,3.8,-25.8,0.71,4,-28.43,4.34,-17.77,2.99,-10.66
Johnston,Nipissing,N.Ontario,Yellow perch,11481,2014,6,17,2014-06-17,46.28,-80,5.4,medium_doc,114.01,-23.84,9.39,3.18,-28.29,4.38,-19.81,3.8,-23.4,0.42,3.6,-28.43,4.34,-17.77,2.99,-10.66
Johnston,Nipissing,N.Ontario,Yellow perch,12850,2014,8,29,2014-08-29,46.28,-80,5.4,medium_doc,112,-27.34,10.06,3.23,-28.29,4.38,-19.81,3.8,-26.8,0.82,3.7,-28.43,4.34,-17.77,2.99,-10.66
Johnston,Nipissing,N.Ontario,Yellow perch,12957,2014,9,10,2014-09-10,46.28,-80,5.4,medium_doc,112,-25.3,9.66,3.25,-28.29,4.38,-19.81,3.8,-24.8,0.59,3.6,-28.43,4.34,-17.77,2.99,-10.66
Johnston,Nipissing,N.Ontario,Yellow perch,11483,2014,6,17,2014-06-17,46.28,-80,5.4,medium_doc,111.91,-25.34,9.4,3.18,-28.29,4.38,-19.81,3.8,-24.9,0.6,3.5,-28.43,4.34,-17.77,2.99,-10.66
Johnston,Nipissing,N.Ontario,Yellow perch,11498,2014,6,20,2014-06-20,46.28,-80,5.4,medium_doc,111.91,-22.95,8.13,3.21,-28.29,4.38,-19.81,3.8,-22.5,0.32,3.2,-28.43,4.34,-17.77,2.99,-10.66
Johnston,Nipissing,N.Ontario,Yellow perch,12781,2014,7,30,2014-07-30,46.28,-80,5.4,medium_doc,111,-25.61,9.44,3.26,-28.29,4.38,-19.81,3.8,-25,0.61,3.6,-28.43,4.34,-17.77,2.99,-10.66
Johnston,Nipissing,N.Ontario,Yellow perch,12779,2014,7,30,2014-07-30,46.28,-80,5.4,medium_doc,110,-24.88,9.16,3.26,-28.29,4.38,-19.81,3.8,-24.3,0.53,3.5,-28.43,4.34,-17.77,2.99,-10.66
Johnston,Nipissing,N.Ontario,Yellow perch,12861,2014,8,29,2014-08-29,46.28,-80,5.4,medium_doc,110,-24.78,7.9,3.22,-28.29,4.38,-19.81,3.8,-24.3,0.53,3.1,-28.43,4.34,-17.77,2.99,-10.66
Johnston,Nipissing,N.Ontario,Yellow perch,12780,2014,7,30,2014-07-30,46.28,-80,5.4,medium_doc,109,-25.28,9.21,3.35,-28.29,4.38,-19.81,3.8,-24.5,0.55,3.5,-28.43,4.34,-17.77,2.99,-10.66
Johnston,Nipissing,N.Ontario,Yellow perch,12792,2014,7,23,2014-07-23,46.28,-80,5.4,medium_doc,109,-26.63,9.8,3.35,-28.29,4.38,-19.81,3.8,-25.9,0.72,3.6,-28.43,4.34,-17.77,2.99,-10.66
Johnston,Nipissing,N.Ontario,Yellow perch,11454,2014,6,10,2014-06-10,46.28,-80,5.4,medium_doc,107.72,-27.26,10.58,3.22,-28.29,4.38,-19.81,3.8,-26.8,0.82,3.9,-28.43,4.34,-17.77,2.99,-10.66
Johnston,Nipissing,N.Ontario,Yellow perch,12858,2014,8,29,2014-08-29,46.28,-80,5.4,medium_doc,107,-26.13,8.73,3.19,-28.29,4.38,-19.81,3.8,-25.7,0.69,3.3,-28.43,4.34,-17.77,2.99,-10.66
Johnston,Nipissing,N.Ontario,Yellow perch,12859,2014,8,29,2014-08-29,46.28,-80,5.4,medium_doc,107,-23.44,7.55,3.22,-28.29,4.38,-19.81,3.8,-23,0.38,3,-28.43,4.34,-17.77,2.99,-10.66
Johnston,Nipissing,N.Ontario,Yellow perch,12860,2014,8,29,2014-08-29,46.28,-80,5.4,medium_doc,107,-23.17,7.56,3.23,-28.29,4.38,-19.81,3.8,-22.7,0.34,3,-28.43,4.34,-17.77,2.99,-10.66
Johnston,Nipissing,N.Ontario,Yellow perch,12789,2014,7,23,2014-07-23,46.28,-80,5.4,medium_doc,106,-24.89,9.42,3.35,-28.29,4.38,-19.81,3.8,-24.1,0.51,3.6,-28.43,4.34,-17.77,2.99,-10.66
Johnston,Nipissing,N.Ontario,Yellow perch,12778,2014,7,30,2014-07-30,46.28,-80,5.4,medium_doc,105,-24.35,8.4,3.4,-28.29,4.38,-19.81,3.8,-23.5,0.44,3.3,-28.43,4.34,-17.77,2.99,-10.66
Johnston,Nipissing,N.Ontario,Yellow perch,12790,2014,7,23,2014-07-23,46.28,-80,5.4,medium_doc,105,-24.93,9.47,3.3,-28.29,4.38,-19.81,3.8,-24.3,0.53,3.6,-28.43,4.34,-17.77,2.99,-10.66
Johnston,Nipissing,N.Ontario,Yellow perch,11495,2014,6,20,2014-06-20,46.28,-80,5.4,medium_doc,103.53,-27.18,10.23,3.23,-28.29,4.38,-19.81,3.8,-26.7,0.81,3.8,-28.43,4.34,-17.77,2.99,-10.66
Johnston,Nipissing,N.Ontario,Yellow perch,11492,2014,6,20,2014-06-20,46.28,-80,5.4,medium_doc,102.48,-24.29,9.65,3.12,-28.29,4.38,-19.81,3.8,-24,0.49,3.6,-28.43,4.34,-17.77,2.99,-10.66
Johnston,Nipissing,N.Ontario,Yellow perch,12950,2014,9,4,2014-09-04,46.28,-80,5.4,medium_doc,100,-25.85,9.09,3.26,-28.29,4.38,-19.81,3.8,-25.3,0.65,3.4,-28.43,4.34,-17.77,2.99,-10.66
Johnston,Nipissing,N.Ontario,Yellow perch,12766,2014,7,17,2014-07-17,46.28,-80,5.4,medium_doc,99,-26.59,9.09,3.43,-28.29,4.38,-19.81,3.8,-25.7,0.69,3.4,-28.43,4.34,-17.77,2.99,-10.66
Johnston,Nipissing,N.Ontario,Yellow perch,11487,2014,6,17,2014-06-17,46.28,-80,5.4,medium_doc,98.29,-25.41,9.2,3.15,-28.29,4.38,-19.81,3.8,-25.1,0.62,3.5,-28.43,4.34,-17.77,2.99,-10.66
Johnston,Nipissing,N.Ontario,Yellow perch,12848,2014,8,29,2014-08-29,46.28,-80,5.4,medium_doc,98,-27.45,9.69,3.24,-28.29,4.38,-19.81,3.8,-26.9,0.84,3.6,-28.43,4.34,-17.77,2.99,-10.66
Johnston,Nipissing,N.Ontario,Yellow perch,12857,2014,8,29,2014-08-29,46.28,-80,5.4,medium_doc,97,-22.92,7.06,3.24,-28.29,4.38,-19.81,3.8,-22.4,0.31,2.9,-28.43,4.34,-17.77,2.99,-10.66
Johnston,Nipissing,N.Ontario,Yellow perch,11488,2014,6,17,2014-06-17,46.28,-80,5.4,medium_doc,96.19,-26.03,9.11,3.16,-28.29,4.38,-19.81,3.8,-25.7,0.69,3.4,-28.43,4.34,-17.77,2.99,-10.66
Johnston,Nipissing,N.Ontario,Yellow perch,12949,2014,9,4,2014-09-04,46.28,-80,5.4,medium_doc,94,-25.4,9.86,3.27,-28.29,4.38,-19.81,3.8,-24.8,0.59,3.7,-28.43,4.34,-17.77,2.99,-10.66
Johnston,Nipissing,N.Ontario,Yellow perch,11489,2014,6,17,2014-06-17,46.28,-80,5.4,medium_doc,93.05,-25.03,8.89,3.15,-28.29,4.38,-19.81,3.8,-24.7,0.58,3.4,-28.43,4.34,-17.77,2.99,-10.66
Johnston,Nipissing,N.Ontario,Yellow perch,12956,2014,9,10,2014-09-10,46.28,-80,5.4,medium_doc,92,-27.3,10.12,3.31,-28.29,4.38,-19.81,3.8,-26.6,0.8,3.7,-28.43,4.34,-17.77,2.99,-10.66
Johnston,Nipissing,N.Ontario,Yellow perch,12776,2014,7,30,2014-07-30,46.28,-80,5.4,medium_doc,90,-28.27,9.96,3.35,-28.29,4.38,-19.81,3.8,-27.5,0.91,3.7,-28.43,4.34,-17.77,2.99,-10.66
Johnston,Nipissing,N.Ontario,Yellow perch,12777,2014,7,30,2014-07-30,46.28,-80,5.4,medium_doc,90,-27.95,9.57,3.3,-28.29,4.38,-19.81,3.8,-27.3,0.88,3.5,-28.43,4.34,-17.77,2.99,-10.66
Johnston,Nipissing,N.Ontario,Yellow perch,12785,2014,7,23,2014-07-23,46.28,-80,5.4,medium_doc,90,-22.46,8.58,3.45,-28.29,4.38,-19.81,3.8,-21.5,0.2,3.4,-28.43,4.34,-17.77,2.99,-10.66
Johnston,Nipissing,N.Ontario,Yellow perch,12786,2014,7,23,2014-07-23,46.28,-80,5.4,medium_doc,89,-23.86,8.7,3.36,-28.29,4.38,-19.81,3.8,-23.1,0.39,3.4,-28.43,4.34,-17.77,2.99,-10.66
Johnston,Nipissing,N.Ontario,Yellow perch,12847,2014,8,29,2014-08-29,46.28,-80,5.4,medium_doc,88,-27.32,9.54,3.24,-28.29,4.38,-19.81,3.8,-26.8,0.82,3.5,-28.43,4.34,-17.77,2.99,-10.66
Johnston,Nipissing,N.Ontario,Yellow perch,12948,2014,9,4,2014-09-04,46.28,-80,5.4,medium_doc,88,-27.01,9.26,3.27,-28.29,4.38,-19.81,3.8,-26.4,0.78,3.5,-28.43,4.34,-17.77,2.99,-10.66
Johnston,Nipissing,N.Ontario,Yellow perch,12774,2014,7,30,2014-07-30,46.28,-80,5.4,medium_doc,85,-28.4,9.73,3.31,-28.29,4.38,-19.81,3.8,-27.7,0.93,3.6,-28.43,4.34,-17.77,2.99,-10.66
Johnston,Nipissing,N.Ontario,Yellow perch,11499,2014,6,20,2014-06-20,46.28,-80,5.4,medium_doc,83.61,-25.05,9.73,3.18,-28.29,4.38,-19.81,3.8,-24.6,0.56,3.6,-28.43,4.34,-17.77,2.99,-10.66
Johnston,Nipissing,N.Ontario,Yellow perch,12764,2014,7,17,2014-07-17,46.28,-80,5.4,medium_doc,80,-26.37,8.9,3.33,-28.29,4.38,-19.81,3.8,-25.7,0.69,3.4,-28.43,4.34,-17.77,2.99,-10.66
Johnston,Nipissing,N.Ontario,Yellow perch,12787,2014,7,23,2014-07-23,46.28,-80,5.4,medium_doc,79,-24.53,9.14,3.29,-28.29,4.38,-19.81,3.8,-23.9,0.48,3.5,-28.43,4.34,-17.77,2.99,-10.66
Johnston,Nipissing,N.Ontario,Yellow perch,12788,2014,7,23,2014-07-23,46.28,-80,5.4,medium_doc,79,-28.73,9.63,3.33,-28.29,4.38,-19.81,3.8,-28,0.97,3.5,-28.43,4.34,-17.77,2.99,-10.66
Johnston,Nipissing,N.Ontario,Yellow perch,12775,2014,7,30,2014-07-30,46.28,-80,5.4,medium_doc,75,-27.03,8.58,3.55,-28.29,4.38,-19.81,3.8,-25.9,0.72,3.3,-28.43,4.34,-17.77,2.99,-10.66
Johnston,Nipissing,N.Ontario,Yellow perch,11494,2014,6,20,2014-06-20,46.28,-80,5.4,medium_doc,73.13,-29.2,8.69,3.41,-28.29,4.38,-19.81,3.8,-28.3,1,3.3,-28.43,4.34,-17.77,2.99,-10.66
Johnston,Nipissing,N.Ontario,Yellow perch,12784,2014,7,23,2014-07-23,46.28,-80,5.4,medium_doc,71,-22.68,9.15,3.45,-28.29,4.38,-19.81,3.8,-21.7,0.22,3.5,-28.43,4.34,-17.77,2.99,-10.66
Johnston,Nipissing,N.Ontario,Yellow perch,11486,2014,6,17,2014-06-17,46.28,-80,5.4,medium_doc,68.94,-26.88,9.45,3.32,-28.29,4.38,-19.81,3.8,-26.2,0.75,3.5,-28.43,4.34,-17.77,2.99,-10.66
Johnston,Nipissing,N.Ontario,Yellow perch,11496,2014,6,20,2014-06-20,46.28,-80,5.4,medium_doc,64.75,-25.36,8.57,3.17,-28.29,4.38,-19.81,3.8,-25,0.61,3.3,-28.43,4.34,-17.77,2.99,-10.66
Johnston,Nipissing,N.Ontario,Yellow perch,11493,2014,6,20,2014-06-20,46.28,-80,5.4,medium_doc,61.61,-27.82,9.53,3.22,-28.29,4.38,-19.81,3.8,-27.3,0.88,3.5,-28.43,4.34,-17.77,2.99,-10.66
Johnston,Nipissing,N.Ontario,Yellow perch,11497,2014,6,20,2014-06-20,46.28,-80,5.4,medium_doc,60.56,-27.96,9.22,3.16,-28.29,4.38,-19.81,3.8,-27.6,0.92,3.4,-28.43,4.34,-17.77,2.99,-10.66
Johnston,Nipissing,N.Ontario,Yellow perch,12842,2014,8,26,2014-08-26,46.28,-80,5.4,medium_doc,59,-24.42,7.46,3.33,-28.29,4.38,-19.81,3.8,-23.7,0.46,3,-28.43,4.34,-17.77,2.99,-10.66
Johnston,Nipissing,N.Ontario,Yellow perch,12843,2014,8,26,2014-08-26,46.28,-80,5.4,medium_doc,59,-23.47,7.27,3.37,-28.29,4.38,-19.81,3.8,-22.7,0.34,3,-28.43,4.34,-17.77,2.99,-10.66
Johnston,Nipissing,N.Ontario,Yellow perch,12837,2014,8,26,2014-08-26,46.28,-80,5.4,medium_doc,57,-22.87,7.46,3.31,-28.29,4.38,-19.81,3.8,-22.2,0.28,3,-28.43,4.34,-17.77,2.99,-10.66
Johnston,Nipissing,N.Ontario,Yellow perch,12841,2014,8,26,2014-08-26,46.28,-80,5.4,medium_doc,57,-23.16,7.81,3.26,-28.29,4.38,-19.81,3.8,-22.6,0.33,3.1,-28.43,4.34,-17.77,2.99,-10.66
Johnston,Nipissing,N.Ontario,Yellow perch,12846,2014,8,26,2014-08-26,46.28,-80,5.4,medium_doc,57,-24.2,7.12,3.39,-28.29,4.38,-19.81,3.8,-23.4,0.42,2.9,-28.43,4.34,-17.77,2.99,-10.66
Johnston,Nipissing,N.Ontario,Yellow perch,12839,2014,8,26,2014-08-26,46.28,-80,5.4,medium_doc,56,-22.37,7.5,3.3,-28.29,4.38,-19.81,3.8,-21.7,0.22,3.1,-28.43,4.34,-17.77,2.99,-10.66
Johnston,Nipissing,N.Ontario,Yellow perch,12845,2014,8,26,2014-08-26,46.28,-80,5.4,medium_doc,55,-24.19,7.54,3.34,-28.29,4.38,-19.81,3.8,-23.5,0.44,3,-28.43,4.34,-17.77,2.99,-10.66
Johnston,Nipissing,N.Ontario,Yellow perch,12838,2014,8,26,2014-08-26,46.28,-80,5.4,medium_doc,54,-23.96,7.53,3.22,-28.29,4.38,-19.81,3.8,-23.5,0.44,3,-28.43,4.34,-17.77,2.99,-10.66
Johnston,Nipissing,N.Ontario,Yellow perch,12840,2014,8,26,2014-08-26,46.28,-80,5.4,medium_doc,54,-24.02,7.17,3.29,-28.29,4.38,-19.81,3.8,-23.4,0.42,2.9,-28.43,4.34,-17.77,2.99,-10.66
Johnston,Nipissing,N.Ontario,Yellow perch,12844,2014,8,26,2014-08-26,46.28,-80,5.4,medium_doc,53,-24.72,7.77,3.33,-28.29,4.38,-19.81,3.8,-24,0.49,3.1,-28.43,4.34,-17.77,2.99,-10.66
Johnston,Temagami,N.Ontario,Northern pike,16304,2016,6,1,2016-06-01,47.01,-80.08,2.9,low_doc,949,-23.55,9.03,3.26,-28.9275,1.5,-19.75,-0.21,-23,0.35,4.5,-28.9275,1.5,-19.75,-0.21,-9.1775
Johnston,Temagami,N.Ontario,Northern pike,16313,2016,6,2,2016-06-02,47.01,-80.08,2.9,low_doc,900,-24.33,9.58,3.25,-28.9275,1.5,-19.75,-0.21,-23.8,0.44,4.7,-28.9275,1.5,-19.75,-0.21,-9.1775
Johnston,Temagami,N.Ontario,Northern pike,12140,2014,8,5,2014-08-05,47.01,-80.08,2.9,low_doc,839,-26.45,10.17,3.03,-28.9275,1.5,-19.75,-0.21,-26.4,0.72,4.7,-28.9275,1.5,-19.75,-0.21,-9.1775
Johnston,Temagami,N.Ontario,Northern pike,16311,2016,6,2,2016-06-02,47.01,-80.08,2.9,low_doc,831,-23.56,9.3,3.27,-28.9275,1.5,-19.75,-0.21,-23,0.35,4.6,-28.9275,1.5,-19.75,-0.21,-9.1775
Johnston,Temagami,N.Ontario,Northern pike,16314,2016,6,2,2016-06-02,47.01,-80.08,2.9,low_doc,829,-23.81,9.33,3.24,-28.9275,1.5,-19.75,-0.21,-23.3,0.39,4.6,-28.9275,1.5,-19.75,-0.21,-9.1775
Johnston,Temagami,N.Ontario,Northern pike,16318,2016,6,3,2016-06-03,47.01,-80.08,2.9,low_doc,825,-23.94,9.41,3.45,-28.9275,1.5,-19.75,-0.21,-23,0.35,4.7,-28.9275,1.5,-19.75,-0.21,-9.1775
Johnston,Temagami,N.Ontario,Northern pike,16312,2016,6,2,2016-06-02,47.01,-80.08,2.9,low_doc,800,-24.29,9.57,3.26,-28.9275,1.5,-19.75,-0.21,-23.7,0.43,4.7,-28.9275,1.5,-19.75,-0.21,-9.1775
Johnston,Temagami,N.Ontario,Northern pike,16316,2016,6,4,2016-06-04,47.01,-80.08,2.9,low_doc,768,-24.17,9.32,3.22,-28.9275,1.5,-19.75,-0.21,-23.7,0.43,4.6,-28.9275,1.5,-19.75,-0.21,-9.1775
Johnston,Temagami,N.Ontario,Northern pike,16317,2016,6,4,2016-06-04,47.01,-80.08,2.9,low_doc,742,-24.08,9.5,3.23,-28.9275,1.5,-19.75,-0.21,-23.6,0.42,4.6,-28.9275,1.5,-19.75,-0.21,-9.1775
Johnston,Temagami,N.Ontario,Northern pike,16306,2016,6,1,2016-06-01,47.01,-80.08,2.9,low_doc,655,-22.8,9.04,3.28,-28.9275,1.5,-19.75,-0.21,-22.2,0.27,4.6,-28.9275,1.5,-19.75,-0.21,-9.1775
Johnston,Temagami,N.Ontario,Northern pike,16308,2016,6,1,2016-06-01,47.01,-80.08,2.9,low_doc,616,-24.03,9.25,3.21,-28.9275,1.5,-19.75,-0.21,-23.6,0.42,4.6,-28.9275,1.5,-19.75,-0.21,-9.1775
Johnston,Temagami,N.Ontario,Northern pike,12141,2014,8,5,2014-08-05,47.01,-80.08,2.9,low_doc,605,-22.56,8.9,2.91,-28.9275,1.5,-19.75,-0.21,-22.8,0.33,4.5,-28.9275,1.5,-19.75,-0.21,-9.1775
Johnston,Temagami,N.Ontario,Northern pike,12143,2014,8,5,2014-08-05,47.01,-80.08,2.9,low_doc,575,-21.29,8.41,2.93,-28.9275,1.5,-19.75,-0.21,-21.5,0.19,4.4,-28.9275,1.5,-19.75,-0.21,-9.1775
Johnston,Temagami,N.Ontario,Northern pike,16309,2016,6,1,2016-06-01,47.01,-80.08,2.9,low_doc,567,-25.16,9.35,3.27,-28.9275,1.5,-19.75,-0.21,-24.6,0.53,4.5,-28.9275,1.5,-19.75,-0.21,-9.1775
Johnston,Temagami,N.Ontario,Northern pike,16310,2016,6,2,2016-06-02,47.01,-80.08,2.9,low_doc,535,-23.51,8.03,3.26,-28.9275,1.5,-19.75,-0.21,-22.9,0.34,4.3,-28.9275,1.5,-19.75,-0.21,-9.1775
Johnston,Temagami,N.Ontario,Northern pike,16315,2016,6,3,2016-06-03,47.01,-80.08,2.9,low_doc,526,-22.48,8.31,3.22,-28.9275,1.5,-19.75,-0.21,-22,0.25,4.4,-28.9275,1.5,-19.75,-0.21,-9.1775
Johnston,Temagami,N.Ontario,Northern pike,16307,2016,6,1,2016-06-01,47.01,-80.08,2.9,low_doc,459,-23.99,8.65,3.23,-28.9275,1.5,-19.75,-0.21,-23.5,0.41,4.4,-28.9275,1.5,-19.75,-0.21,-9.1775
Johnston,Temagami,N.Ontario,Northern pike,16305,2016,6,1,2016-06-01,47.01,-80.08,2.9,low_doc,432,-22.81,7.46,3.24,-28.9275,1.5,-19.75,-0.21,-22.3,0.28,4.1,-28.9275,1.5,-19.75,-0.21,-9.1775
Johnston,Temagami,N.Ontario,Northern pike,12142,2014,8,5,2014-08-05,47.01,-80.08,2.9,low_doc,396,-23.51,7.9,2.95,-28.9275,1.5,-19.75,-0.21,-23.6,0.42,4.2,-28.9275,1.5,-19.75,-0.21,-9.1775
Johnston,Temagami,N.Ontario,Black bass,12145,2014,8,5,2014-08-05,47.01,-80.08,2.9,low_doc,492,-24.09,8.14,3.11,-28.9275,1.5,-19.75,-0.21,-23.8,0.44,4.2,-28.9275,1.5,-19.75,-0.21,-9.1775
Johnston,Temagami,N.Ontario,Black bass,12149,2014,8,5,2014-08-05,47.01,-80.08,2.9,low_doc,470,-26.08,8.72,3.25,-28.9275,1.5,-19.75,-0.21,-25.5,0.63,4.3,-28.9275,1.5,-19.75,-0.21,-9.1775
Johnston,Temagami,N.Ontario,Black bass,12146,2014,8,5,2014-08-05,47.01,-80.08,2.9,low_doc,468,-21.68,7.87,3.17,-28.9275,1.5,-19.75,-0.21,-21.3,0.17,4.3,-28.9275,1.5,-19.75,-0.21,-9.1775
Johnston,Temagami,N.Ontario,Black bass,12144,2014,8,5,2014-08-05,47.01,-80.08,2.9,low_doc,426,-24.71,7.76,3.2,-28.9275,1.5,-19.75,-0.21,-24.3,0.5,4.1,-28.9275,1.5,-19.75,-0.21,-9.1775
Johnston,Temagami,N.Ontario,Black bass,12147,2014,8,5,2014-08-05,47.01,-80.08,2.9,low_doc,425,-24.07,8.39,3.34,-28.9275,1.5,-19.75,-0.21,-23.3,0.39,4.3,-28.9275,1.5,-19.75,-0.21,-9.1775
Johnston,Temagami,N.Ontario,Black bass,12148,2014,8,5,2014-08-05,47.01,-80.08,2.9,low_doc,411,-26.29,8.53,3.14,-28.9275,1.5,-19.75,-0.21,-26,0.68,4.2,-28.9275,1.5,-19.75,-0.21,-9.1775
Johnston,Temagami,N.Ontario,Black bass,16322,2016,6,2,2016-06-02,47.01,-80.08,2.9,low_doc,405,-23.32,7.86,3.48,-28.9275,1.5,-19.75,-0.21,-22.3,0.28,4.2,-28.9275,1.5,-19.75,-0.21,-9.1775
Johnston,Temagami,N.Ontario,Black bass,16321,2016,6,2,2016-06-02,47.01,-80.08,2.9,low_doc,370,-23.28,8.51,3.35,-28.9275,1.5,-19.75,-0.21,-22.5,0.3,4.4,-28.9275,1.5,-19.75,-0.21,-9.1775
Johnston,Temagami,N.Ontario,Black bass,12151,2014,8,5,2014-08-05,47.01,-80.08,2.9,low_doc,366,-23.39,7.63,3.38,-28.9275,1.5,-19.75,-0.21,-22.6,0.31,4.1,-28.9275,1.5,-19.75,-0.21,-9.1775
Johnston,Temagami,N.Ontario,Black bass,16320,2016,6,2,2016-06-02,47.01,-80.08,2.9,low_doc,354,-22.33,8.27,3.39,-28.9275,1.5,-19.75,-0.21,-21.5,0.19,4.4,-28.9275,1.5,-19.75,-0.21,-9.1775
Johnston,Temagami,N.Ontario,Black bass,16319,2016,6,1,2016-06-01,47.01,-80.08,2.9,low_doc,331,-26.39,8.67,3.29,-28.9275,1.5,-19.75,-0.21,-25.8,0.66,4.3,-28.9275,1.5,-19.75,-0.21,-9.1775
Johnston,Temagami,N.Ontario,Black bass,16324,2016,6,4,2016-06-04,47.01,-80.08,2.9,low_doc,293,-23.54,7.52,3.23,-28.9275,1.5,-19.75,-0.21,-23,0.35,4.1,-28.9275,1.5,-19.75,-0.21,-9.1775
Johnston,Temagami,N.Ontario,Black bass,12150,2014,8,5,2014-08-05,47.01,-80.08,2.9,low_doc,285,-21.3,8.1,3.27,-28.9275,1.5,-19.75,-0.21,-20.7,0.1,4.4,-28.9275,1.5,-19.75,-0.21,-9.1775
Johnston,Temagami,N.Ontario,Black bass,16323,2016,6,4,2016-06-04,47.01,-80.08,2.9,low_doc,274,-24.03,7.94,3.25,-28.9275,1.5,-19.75,-0.21,-23.5,0.41,4.2,-28.9275,1.5,-19.75,-0.21,-9.1775
Johnston,Temagami,N.Ontario,Black bass,12152,2014,8,5,2014-08-05,47.01,-80.08,2.9,low_doc,248,-23.88,6.89,3.17,-28.9275,1.5,-19.75,-0.21,-23.5,0.41,3.9,-28.9275,1.5,-19.75,-0.21,-9.1775
Johnston,Temagami,N.Ontario,Black bass,12153,2014,8,5,2014-08-05,47.01,-80.08,2.9,low_doc,210,-20.96,7.38,3.17,-28.9275,1.5,-19.75,-0.21,-20.6,0.09,4.2,-28.9275,1.5,-19.75,-0.21,-9.1775
Johnston,Temagami,N.Ontario,Black bass,18238,2017,7,13,2017-07-13,47.01,-80.08,2.9,low_doc,152,-23.56,6.7,3.14,-28.9275,1.5,-19.75,-0.21,-23.2,0.38,3.8,-28.9275,1.5,-19.75,-0.21,-9.1775
Johnston,Temagami,N.Ontario,Black bass,18236,2017,7,13,2017-07-13,47.01,-80.08,2.9,low_doc,147,-22.77,6.6,3.12,-28.9275,1.5,-19.75,-0.21,-22.5,0.3,3.9,-28.9275,1.5,-19.75,-0.21,-9.1775
Johnston,Temagami,N.Ontario,Black bass,18237,2017,7,13,2017-07-13,47.01,-80.08,2.9,low_doc,132,-20.53,6.58,3.16,-28.9275,1.5,-19.75,-0.21,-20.2,0.05,4,-28.9275,1.5,-19.75,-0.21,-9.1775
Johnston,Temagami,N.Ontario,Black bass,18233,2017,7,13,2017-07-13,47.01,-80.08,2.9,low_doc,130,-22.52,6.89,3.17,-28.9275,1.5,-19.75,-0.21,-22.1,0.26,4,-28.9275,1.5,-19.75,-0.21,-9.1775
Johnston,Temagami,N.Ontario,Black bass,18234,2017,7,13,2017-07-13,47.01,-80.08,2.9,low_doc,127,-20.04,6.17,3.14,-28.9275,1.5,-19.75,-0.21,-19.7,0,3.9,-28.9275,1.5,-19.75,-0.21,-9.1775
Johnston,Temagami,N.Ontario,Black bass,18235,2017,7,13,2017-07-13,47.01,-80.08,2.9,low_doc,120,-19.64,6.23,3.13,-28.9275,1.5,-19.75,-0.21,-19.3,0,3.9,-28.9275,1.5,-19.75,-0.21,-9.1775
Johnston,Temagami,N.Ontario,Black bass,18232,2017,7,13,2017-07-13,47.01,-80.08,2.9,low_doc,70,-24.16,4.93,3.27,-28.9275,1.5,-19.75,-0.21,-23.6,0.42,3.3,-28.9275,1.5,-19.75,-0.21,-9.1775
Johnston,Temagami,N.Ontario,Walleye,12156,2014,8,5,2014-08-05,47.01,-80.08,2.9,low_doc,815,-24.23,8.94,3.06,-28.9275,1.5,-19.75,-0.21,-24.1,0.47,4.5,-28.9275,1.5,-19.75,-0.21,-9.1775
Johnston,Temagami,N.Ontario,Walleye,16332,2016,6,2,2016-06-02,47.01,-80.08,2.9,low_doc,738,-25.17,9.33,3.39,-28.9275,1.5,-19.75,-0.21,-24.3,0.5,4.6,-28.9275,1.5,-19.75,-0.21,-9.1775
Johnston,Temagami,N.Ontario,Walleye,12160,2014,8,5,2014-08-05,47.01,-80.08,2.9,low_doc,709,-24.92,10.93,3.06,-28.9275,1.5,-19.75,-0.21,-24.8,0.55,5,-28.9275,1.5,-19.75,-0.21,-9.1775
Johnston,Temagami,N.Ontario,Walleye,16329,2016,6,2,2016-06-02,47.01,-80.08,2.9,low_doc,618,-25.59,9.11,3.24,-28.9275,1.5,-19.75,-0.21,-25.1,0.58,4.4,-28.9275,1.5,-19.75,-0.21,-9.1775
Johnston,Temagami,N.Ontario,Walleye,12157,2014,8,5,2014-08-05,47.01,-80.08,2.9,low_doc,606,-22.61,11.43,3.08,-28.9275,1.5,-19.75,-0.21,-22.4,0.29,5.3,-28.9275,1.5,-19.75,-0.21,-9.1775
Johnston,Temagami,N.Ontario,Walleye,16331,2016,6,2,2016-06-02,47.01,-80.08,2.9,low_doc,600,-25.25,8.86,3.17,-28.9275,1.5,-19.75,-0.21,-24.9,0.56,4.4,-28.9275,1.5,-19.75,-0.21,-9.1775
Johnston,Temagami,N.Ontario,Walleye,16325,2016,6,1,2016-06-01,47.01,-80.08,2.9,low_doc,551,-24.37,8.14,3.4,-28.9275,1.5,-19.75,-0.21,-23.5,0.41,4.2,-28.9275,1.5,-19.75,-0.21,-9.1775
Johnston,Temagami,N.Ontario,Walleye,16327,2016,6,2,2016-06-02,47.01,-80.08,2.9,low_doc,542,-25.28,8.72,3.4,-28.9275,1.5,-19.75,-0.21,-24.4,0.51,4.4,-28.9275,1.5,-19.75,-0.21,-9.1775
Johnston,Temagami,N.Ontario,Walleye,12155,2014,8,5,2014-08-05,47.01,-80.08,2.9,low_doc,530,-25.68,8.59,3.11,-28.9275,1.5,-19.75,-0.21,-25.4,0.62,4.3,-28.9275,1.5,-19.75,-0.21,-9.1775
Johnston,Temagami,N.Ontario,Walleye,12158,2014,8,5,2014-08-05,47.01,-80.08,2.9,low_doc,509,-22,8.79,3.12,-28.9275,1.5,-19.75,-0.21,-21.7,0.21,4.5,-28.9275,1.5,-19.75,-0.21,-9.1775
Johnston,Temagami,N.Ontario,Walleye,16328,2016,6,2,2016-06-02,47.01,-80.08,2.9,low_doc,508,-24.33,9.2,3.3,-28.9275,1.5,-19.75,-0.21,-23.7,0.43,4.6,-28.9275,1.5,-19.75,-0.21,-9.1775
Johnston,Temagami,N.Ontario,Walleye,16326,2016,6,1,2016-06-01,47.01,-80.08,2.9,low_doc,468,-26.36,8.36,3.49,-28.9275,1.5,-19.75,-0.21,-25.4,0.62,4.2,-28.9275,1.5,-19.75,-0.21,-9.1775
Johnston,Temagami,N.Ontario,Walleye,16330,2016,6,2,2016-06-02,47.01,-80.08,2.9,low_doc,462,-24.73,9.28,3.29,-28.9275,1.5,-19.75,-0.21,-24.1,0.47,4.6,-28.9275,1.5,-19.75,-0.21,-9.1775
Johnston,Temagami,N.Ontario,Walleye,12159,2014,8,5,2014-08-05,47.01,-80.08,2.9,low_doc,461,-25.07,8.24,3.09,-28.9275,1.5,-19.75,-0.21,-24.9,0.56,4.2,-28.9275,1.5,-19.75,-0.21,-9.1775
Johnston,Temagami,N.Ontario,Walleye,12163,2014,8,5,2014-08-05,47.01,-80.08,2.9,low_doc,460,-24.85,8.07,3.07,-28.9275,1.5,-19.75,-0.21,-24.7,0.54,4.2,-28.9275,1.5,-19.75,-0.21,-9.1775
Johnston,Temagami,N.Ontario,Walleye,16334,2016,6,3,2016-06-03,47.01,-80.08,2.9,low_doc,418,-25.12,8.02,3.5,-28.9275,1.5,-19.75,-0.21,-24.1,0.47,4.2,-28.9275,1.5,-19.75,-0.21,-9.1775
Johnston,Temagami,N.Ontario,Walleye,12154,2014,8,5,2014-08-05,47.01,-80.08,2.9,low_doc,379,-24.44,8.21,3.08,-28.9275,1.5,-19.75,-0.21,-24.3,0.5,4.2,-28.9275,1.5,-19.75,-0.21,-9.1775
Johnston,Temagami,N.Ontario,Walleye,12162,2014,8,5,2014-08-05,47.01,-80.08,2.9,low_doc,377,-24.42,7.79,3.06,-28.9275,1.5,-19.75,-0.21,-24.3,0.5,4.1,-28.9275,1.5,-19.75,-0.21,-9.1775
Johnston,Temagami,N.Ontario,Walleye,16333,2016,6,2,2016-06-02,47.01,-80.08,2.9,low_doc,328,-25.03,8.78,3.29,-28.9275,1.5,-19.75,-0.21,-24.4,0.51,4.4,-28.9275,1.5,-19.75,-0.21,-9.1775
Johnston,Temagami,N.Ontario,Walleye,12161,2014,8,5,2014-08-05,47.01,-80.08,2.9,low_doc,250,-24.9,7.49,3,-28.9275,1.5,-19.75,-0.21,-24.9,0.56,4,-28.9275,1.5,-19.75,-0.21,-9.1775
Johnston,Temagami,N.Ontario,Yellow perch,18384,2017,9,26,2017-09-26,47.01,-80.08,2.9,low_doc,106,-24.15,6,3.11,-28.9275,1.5,-19.75,-0.21,-23.9,0.45,3.6,-28.9275,1.5,-19.75,-0.21,-9.1775
Johnston,Temagami,N.Ontario,Yellow perch,18392,2017,9,26,2017-09-26,47.01,-80.08,2.9,low_doc,94,-22.79,5.81,3.11,-28.9275,1.5,-19.75,-0.21,-22.5,0.3,3.6,-28.9275,1.5,-19.75,-0.21,-9.1775
Johnston,Temagami,N.Ontario,Yellow perch,18385,2017,9,26,2017-09-26,47.01,-80.08,2.9,low_doc,90,-25.73,5.92,3.17,-28.9275,1.5,-19.75,-0.21,-25.4,0.62,3.5,-28.9275,1.5,-19.75,-0.21,-9.1775
Johnston,Temagami,N.Ontario,Yellow perch,18383,2017,9,26,2017-09-26,47.01,-80.08,2.9,low_doc,89,-24.85,5.66,3.17,-28.9275,1.5,-19.75,-0.21,-24.5,0.52,3.5,-28.9275,1.5,-19.75,-0.21,-9.1775
Johnston,Temagami,N.Ontario,Yellow perch,18391,2017,9,26,2017-09-26,47.01,-80.08,2.9,low_doc,89,-25.13,5.48,3.17,-28.9275,1.5,-19.75,-0.21,-24.8,0.55,3.4,-28.9275,1.5,-19.75,-0.21,-9.1775
Johnston,Temagami,N.Ontario,Yellow perch,18386,2017,9,26,2017-09-26,47.01,-80.08,2.9,low_doc,87,-24.86,5.18,3.2,-28.9275,1.5,-19.75,-0.21,-24.4,0.51,3.3,-28.9275,1.5,-19.75,-0.21,-9.1775
Johnston,Temagami,N.Ontario,Yellow perch,18388,2017,9,26,2017-09-26,47.01,-80.08,2.9,low_doc,59,-25.72,4.87,3.19,-28.9275,1.5,-19.75,-0.21,-25.3,0.6,3.2,-28.9275,1.5,-19.75,-0.21,-9.1775
Johnston,Temagami,N.Ontario,Yellow perch,18390,2017,9,26,2017-09-26,47.01,-80.08,2.9,low_doc,57,-25.86,5.06,3.19,-28.9275,1.5,-19.75,-0.21,-25.4,0.62,3.2,-28.9275,1.5,-19.75,-0.21,-9.1775
Johnston,Temagami,N.Ontario,Yellow perch,18389,2017,9,26,2017-09-26,47.01,-80.08,2.9,low_doc,55,-26,5.1,3.27,-28.9275,1.5,-19.75,-0.21,-25.4,0.62,3.2,-28.9275,1.5,-19.75,-0.21,-9.1775
Johnston,Temagami,N.Ontario,Yellow perch,18387,2017,9,26,2017-09-26,47.01,-80.08,2.9,low_doc,NA,-25.64,5.86,3.18,-28.9275,1.5,-19.75,-0.21,-25.2,0.59,3.5,-28.9275,1.5,-19.75,-0.21,-9.1775
Johnston,Rib,N.Ontario,Northern pike,16228,2016,5,10,2016-05-10,47.22,-79.72,3.4,low_doc,1010,-25.02,10.04,3.41,-30.15,2.045,-19.275,-0.368333333,-24.2,0.45,4.7,-30.15,2.045,-19.275,-0.368333333,-10.875
Johnston,Rib,N.Ontario,Northern pike,16227,2016,5,10,2016-05-10,47.22,-79.72,3.4,low_doc,902,-26.1,9.89,3.36,-30.15,2.045,-19.275,-0.368333333,-25.3,0.55,4.6,-30.15,2.045,-19.275,-0.368333333,-10.875
Johnston,Rib,N.Ontario,Northern pike,16226,2016,5,10,2016-05-10,47.22,-79.72,3.4,low_doc,855,-23.05,8.67,3.3,-30.15,2.045,-19.275,-0.368333333,-22.4,0.29,4.5,-30.15,2.045,-19.275,-0.368333333,-10.875
Johnston,Rib,N.Ontario,Northern pike,12426,2014,8,18,2014-08-18,47.22,-79.72,3.4,low_doc,669,-24.15,9.33,3.3,-30.15,2.045,-19.275,-0.368333333,-23.5,0.39,4.6,-30.15,2.045,-19.275,-0.368333333,-10.875
Johnston,Rib,N.Ontario,Northern pike,16229,2016,5,10,2016-05-10,47.22,-79.72,3.4,low_doc,650,-24.12,8.57,3.24,-30.15,2.045,-19.275,-0.368333333,-23.6,0.4,4.3,-30.15,2.045,-19.275,-0.368333333,-10.875
Johnston,Rib,N.Ontario,Northern pike,16231,2016,5,10,2016-05-10,47.22,-79.72,3.4,low_doc,554,-24.78,8.28,3.28,-30.15,2.045,-19.275,-0.368333333,-24.2,0.45,4.2,-30.15,2.045,-19.275,-0.368333333,-10.875
Johnston,Rib,N.Ontario,Northern pike,12422,2014,8,18,2014-08-18,47.22,-79.72,3.4,low_doc,475,-28.08,8.93,3.3,-30.15,2.045,-19.275,-0.368333333,-27.4,0.75,4.2,-30.15,2.045,-19.275,-0.368333333,-10.875
Johnston,Rib,N.Ontario,Northern pike,12427,2014,8,18,2014-08-18,47.22,-79.72,3.4,low_doc,460,-24.95,8.56,3.27,-30.15,2.045,-19.275,-0.368333333,-24.4,0.47,4.3,-30.15,2.045,-19.275,-0.368333333,-10.875
Johnston,Rib,N.Ontario,Northern pike,12425,2014,8,18,2014-08-18,47.22,-79.72,3.4,low_doc,457,-27.85,9.37,3.27,-30.15,2.045,-19.275,-0.368333333,-27.3,0.74,4.3,-30.15,2.045,-19.275,-0.368333333,-10.875
Johnston,Rib,N.Ontario,Northern pike,12421,2014,8,18,2014-08-18,47.22,-79.72,3.4,low_doc,402,-23.41,7.31,3.24,-30.15,2.045,-19.275,-0.368333333,-22.9,0.33,4,-30.15,2.045,-19.275,-0.368333333,-10.875
Johnston,Rib,N.Ontario,Northern pike,16230,2016,5,10,2016-05-10,47.22,-79.72,3.4,low_doc,356,-28.17,9.46,3.28,-30.15,2.045,-19.275,-0.368333333,-27.6,0.77,4.3,-30.15,2.045,-19.275,-0.368333333,-10.875
Johnston,Rib,N.Ontario,Northern pike,12423,2014,8,18,2014-08-18,47.22,-79.72,3.4,low_doc,303,-27.54,8.75,3.23,-30.15,2.045,-19.275,-0.368333333,-27,0.71,4.2,-30.15,2.045,-19.275,-0.368333333,-10.875
Johnston,Rib,N.Ontario,Northern pike,12424,2014,8,18,2014-08-18,47.22,-79.72,3.4,low_doc,279,-27.67,9.06,3.24,-30.15,2.045,-19.275,-0.368333333,-27.1,0.72,4.3,-30.15,2.045,-19.275,-0.368333333,-10.875
Johnston,Rib,N.Ontario,Black bass,12431,2014,8,18,2014-08-18,47.22,-79.72,3.4,low_doc,442,-25.49,7.58,3.34,-30.15,2.045,-19.275,-0.368333333,-24.8,0.51,4,-30.15,2.045,-19.275,-0.368333333,-10.875
Johnston,Rib,N.Ontario,Black bass,12428,2014,8,18,2014-08-18,47.22,-79.72,3.4,low_doc,425,-25.79,7.17,3.26,-30.15,2.045,-19.275,-0.368333333,-25.2,0.54,3.8,-30.15,2.045,-19.275,-0.368333333,-10.875
Johnston,Rib,N.Ontario,Black bass,12437,2014,8,18,2014-08-18,47.22,-79.72,3.4,low_doc,405,-25.64,7.89,3.36,-30.15,2.045,-19.275,-0.368333333,-24.9,0.52,4.1,-30.15,2.045,-19.275,-0.368333333,-10.875
Johnston,Rib,N.Ontario,Black bass,12429,2014,8,18,2014-08-18,47.22,-79.72,3.4,low_doc,380,-24.71,7.52,3.28,-30.15,2.045,-19.275,-0.368333333,-24.1,0.44,4,-30.15,2.045,-19.275,-0.368333333,-10.875
Johnston,Rib,N.Ontario,Black bass,12430,2014,8,18,2014-08-18,47.22,-79.72,3.4,low_doc,364,-25.17,7.59,3.35,-30.15,2.045,-19.275,-0.368333333,-24.4,0.47,4,-30.15,2.045,-19.275,-0.368333333,-10.875
Johnston,Rib,N.Ontario,Black bass,12434,2014,8,18,2014-08-18,47.22,-79.72,3.4,low_doc,345,-24.65,7.57,3.11,-30.15,2.045,-19.275,-0.368333333,-24.4,0.47,4,-30.15,2.045,-19.275,-0.368333333,-10.875
Johnston,Rib,N.Ontario,Black bass,12433,2014,8,18,2014-08-18,47.22,-79.72,3.4,low_doc,326,-25.15,8.09,3.01,-30.15,2.045,-19.275,-0.368333333,-25.1,0.54,4.1,-30.15,2.045,-19.275,-0.368333333,-10.875
Johnston,Rib,N.Ontario,Black bass,12432,2014,8,18,2014-08-18,47.22,-79.72,3.4,low_doc,304,-23.7,7.43,3.17,-30.15,2.045,-19.275,-0.368333333,-23.3,0.37,4,-30.15,2.045,-19.275,-0.368333333,-10.875
Johnston,Rib,N.Ontario,Black bass,12436,2014,8,18,2014-08-18,47.22,-79.72,3.4,low_doc,302,-25.24,7.97,3.04,-30.15,2.045,-19.275,-0.368333333,-25.2,0.54,4.1,-30.15,2.045,-19.275,-0.368333333,-10.875
Johnston,Rib,N.Ontario,Black bass,12435,2014,8,18,2014-08-18,47.22,-79.72,3.4,low_doc,234,-25.94,7.48,3.17,-30.15,2.045,-19.275,-0.368333333,-25.6,0.58,3.9,-30.15,2.045,-19.275,-0.368333333,-10.875
Johnston,Rib,N.Ontario,Walleye,12447,2014,8,18,2014-08-18,47.22,-79.72,3.4,low_doc,765,-24.75,10.82,3.02,-30.15,2.045,-19.275,-0.368333333,-24.7,0.5,4.9,-30.15,2.045,-19.275,-0.368333333,-10.875
Johnston,Rib,N.Ontario,Walleye,12446,2014,8,18,2014-08-18,47.22,-79.72,3.4,low_doc,461,-26.6,8.07,3.25,-30.15,2.045,-19.275,-0.368333333,-26.1,0.63,4,-30.15,2.045,-19.275,-0.368333333,-10.875
Johnston,Rib,N.Ontario,Walleye,12441,2014,8,18,2014-08-18,47.22,-79.72,3.4,low_doc,400,-26.4,7.73,3.04,-30.15,2.045,-19.275,-0.368333333,-26.3,0.65,3.9,-30.15,2.045,-19.275,-0.368333333,-10.875
Johnston,Rib,N.Ontario,Walleye,12442,2014,8,18,2014-08-18,47.22,-79.72,3.4,low_doc,376,-26.17,7.47,3.14,-30.15,2.045,-19.275,-0.368333333,-25.9,0.61,3.9,-30.15,2.045,-19.275,-0.368333333,-10.875
Johnston,Rib,N.Ontario,Walleye,12439,2014,8,18,2014-08-18,47.22,-79.72,3.4,low_doc,375,-25.89,7.72,3.01,-30.15,2.045,-19.275,-0.368333333,-25.9,0.61,3.9,-30.15,2.045,-19.275,-0.368333333,-10.875
Johnston,Rib,N.Ontario,Walleye,12445,2014,8,18,2014-08-18,47.22,-79.72,3.4,low_doc,356,-26.28,7.77,3.08,-30.15,2.045,-19.275,-0.368333333,-26.1,0.63,3.9,-30.15,2.045,-19.275,-0.368333333,-10.875
Johnston,Rib,N.Ontario,Walleye,12444,2014,8,18,2014-08-18,47.22,-79.72,3.4,low_doc,320,-26.35,7.46,3.14,-30.15,2.045,-19.275,-0.368333333,-26,0.62,3.9,-30.15,2.045,-19.275,-0.368333333,-10.875
Johnston,Rib,N.Ontario,Walleye,12443,2014,8,18,2014-08-18,47.22,-79.72,3.4,low_doc,310,-26.62,7.23,3.04,-30.15,2.045,-19.275,-0.368333333,-26.5,0.66,3.8,-30.15,2.045,-19.275,-0.368333333,-10.875
Johnston,Rib,N.Ontario,Walleye,12440,2014,8,18,2014-08-18,47.22,-79.72,3.4,low_doc,305,-26.54,7.31,3.03,-30.15,2.045,-19.275,-0.368333333,-26.5,0.66,3.8,-30.15,2.045,-19.275,-0.368333333,-10.875
Johnston,Rib,N.Ontario,Walleye,12438,2014,8,18,2014-08-18,47.22,-79.72,3.4,low_doc,281,-26.17,7.36,2.96,-30.15,2.045,-19.275,-0.368333333,-26.3,0.65,3.8,-30.15,2.045,-19.275,-0.368333333,-10.875
Johnston,Cherrington,N.Ontario,Northern pike,17133,2016,9,30,2016-09-30,52.58,-94.89,4.8,low_doc,900,-24.15,10.74,3.19,-28.98,2.465,-19.241,0.779,-23.7,0.46,4.7,-28.98,2.465,-19.241,0.779,-9.739
Johnston,Cherrington,N.Ontario,Northern pike,17123,2016,9,26,2016-09-26,52.58,-94.89,4.8,low_doc,775,-24.11,10.21,3.25,-28.98,2.465,-19.241,0.779,-23.6,0.45,4.6,-28.98,2.465,-19.241,0.779,-9.739
Johnston,Cherrington,N.Ontario,Northern pike,17127,2016,9,27,2016-09-27,52.58,-94.89,4.8,low_doc,734,-25.45,10.09,3.22,-28.98,2.465,-19.241,0.779,-25,0.59,4.4,-28.98,2.465,-19.241,0.779,-9.739
Johnston,Cherrington,N.Ontario,Northern pike,17119,2016,9,25,2016-09-25,52.58,-94.89,4.8,low_doc,728,-25.57,9.92,3.2,-28.98,2.465,-19.241,0.779,-25.1,0.6,4.4,-28.98,2.465,-19.241,0.779,-9.739
Johnston,Cherrington,N.Ontario,Northern pike,17121,2016,9,25,2016-09-25,52.58,-94.89,4.8,low_doc,712,-23.66,9.86,3.24,-28.98,2.465,-19.241,0.779,-23.1,0.4,4.5,-28.98,2.465,-19.241,0.779,-9.739
Johnston,Cherrington,N.Ontario,Northern pike,17120,2016,9,25,2016-09-25,52.58,-94.89,4.8,low_doc,702,-26.84,9.72,3.2,-28.98,2.465,-19.241,0.779,-26.4,0.74,4.3,-28.98,2.465,-19.241,0.779,-9.739
Johnston,Cherrington,N.Ontario,Northern pike,17130,2016,9,28,2016-09-28,52.58,-94.89,4.8,low_doc,667,-25.62,9.79,3.2,-28.98,2.465,-19.241,0.779,-25.2,0.61,4.3,-28.98,2.465,-19.241,0.779,-9.739
Johnston,Cherrington,N.Ontario,Northern pike,17124,2016,9,26,2016-09-26,52.58,-94.89,4.8,low_doc,620,-23.18,8.78,3.2,-28.98,2.465,-19.241,0.779,-22.7,0.36,4.2,-28.98,2.465,-19.241,0.779,-9.739
Johnston,Cherrington,N.Ontario,Northern pike,17126,2016,9,27,2016-09-27,52.58,-94.89,4.8,low_doc,599,-24.37,9.18,3.26,-28.98,2.465,-19.241,0.779,-23.8,0.47,4.2,-28.98,2.465,-19.241,0.779,-9.739
Johnston,Cherrington,N.Ontario,Northern pike,17131,2016,9,28,2016-09-28,52.58,-94.89,4.8,low_doc,571,-24.75,9.55,3.21,-28.98,2.465,-19.241,0.779,-24.3,0.52,4.3,-28.98,2.465,-19.241,0.779,-9.739
Johnston,Cherrington,N.Ontario,Northern pike,17128,2016,9,27,2016-09-27,52.58,-94.89,4.8,low_doc,569,-24.14,8.74,3.2,-28.98,2.465,-19.241,0.779,-23.7,0.46,4.1,-28.98,2.465,-19.241,0.779,-9.739
Johnston,Cherrington,N.Ontario,Northern pike,17125,2016,9,27,2016-09-27,52.58,-94.89,4.8,low_doc,552,-23.5,8.58,3.23,-28.98,2.465,-19.241,0.779,-23,0.39,4.1,-28.98,2.465,-19.241,0.779,-9.739
Johnston,Cherrington,N.Ontario,Northern pike,17122,2016,9,25,2016-09-25,52.58,-94.89,4.8,low_doc,538,-23.6,8.84,3.16,-28.98,2.465,-19.241,0.779,-23.2,0.41,4.2,-28.98,2.465,-19.241,0.779,-9.739
Johnston,Cherrington,N.Ontario,Northern pike,17129,2016,9,27,2016-09-27,52.58,-94.89,4.8,low_doc,528,-26.48,9.74,3.2,-28.98,2.465,-19.241,0.779,-26,0.69,4.3,-28.98,2.465,-19.241,0.779,-9.739
Johnston,Cherrington,N.Ontario,Northern pike,17132,2016,9,29,2016-09-29,52.58,-94.89,4.8,low_doc,511,-23.2,8.59,3.2,-28.98,2.465,-19.241,0.779,-22.8,0.37,4.1,-28.98,2.465,-19.241,0.779,-9.739
Johnston,Cherrington,N.Ontario,Walleye,17146,2016,9,27,2016-09-27,52.58,-94.89,4.8,low_doc,628,-24.24,9.36,3.2,-28.98,2.465,-19.241,0.779,-23.8,0.47,4.3,-28.98,2.465,-19.241,0.779,-9.739
Johnston,Cherrington,N.Ontario,Walleye,17147,2016,9,27,2016-09-27,52.58,-94.89,4.8,low_doc,569,-25.9,9.82,3.12,-28.98,2.465,-19.241,0.779,-25.6,0.65,4.3,-28.98,2.465,-19.241,0.779,-9.739
Johnston,Cherrington,N.Ontario,Walleye,17144,2016,9,26,2016-09-26,52.58,-94.89,4.8,low_doc,566,-25.63,10.16,3.25,-28.98,2.465,-19.241,0.779,-25.1,0.6,4.5,-28.98,2.465,-19.241,0.779,-9.739
Johnston,Cherrington,N.Ontario,Walleye,17142,2016,9,26,2016-09-26,52.58,-94.89,4.8,low_doc,565,-24.52,10.5,3.25,-28.98,2.465,-19.241,0.779,-24,0.49,4.6,-28.98,2.465,-19.241,0.779,-9.739
Johnston,Cherrington,N.Ontario,Walleye,17140,2016,9,25,2016-09-25,52.58,-94.89,4.8,low_doc,522,-26.75,9.8,3.28,-28.98,2.465,-19.241,0.779,-26.1,0.7,4.3,-28.98,2.465,-19.241,0.779,-9.739
Johnston,Cherrington,N.Ontario,Walleye,17136,2016,9,25,2016-09-25,52.58,-94.89,4.8,low_doc,503,-25.74,9.64,3.24,-28.98,2.465,-19.241,0.779,-25.2,0.61,4.3,-28.98,2.465,-19.241,0.779,-9.739
Johnston,Cherrington,N.Ontario,Walleye,17138,2016,9,25,2016-09-25,52.58,-94.89,4.8,low_doc,503,-26.48,9.99,3.32,-28.98,2.465,-19.241,0.779,-25.8,0.67,4.4,-28.98,2.465,-19.241,0.779,-9.739
Johnston,Cherrington,N.Ontario,Walleye,17134,2016,9,25,2016-09-25,52.58,-94.89,4.8,low_doc,481,-26.46,9.58,3.33,-28.98,2.465,-19.241,0.779,-25.8,0.67,4.3,-28.98,2.465,-19.241,0.779,-9.739
Johnston,Cherrington,N.Ontario,Walleye,17143,2016,9,26,2016-09-26,52.58,-94.89,4.8,low_doc,474,-25.87,10.18,3.29,-28.98,2.465,-19.241,0.779,-25.2,0.61,4.5,-28.98,2.465,-19.241,0.779,-9.739
Johnston,Cherrington,N.Ontario,Walleye,17148,2016,9,27,2016-09-27,52.58,-94.89,4.8,low_doc,448,-27.01,9.95,3.25,-28.98,2.465,-19.241,0.779,-26.5,0.75,4.3,-28.98,2.465,-19.241,0.779,-9.739
Johnston,Cherrington,N.Ontario,Walleye,17145,2016,9,27,2016-09-27,52.58,-94.89,4.8,low_doc,440,-25.8,9.2,3.28,-28.98,2.465,-19.241,0.779,-25.2,0.61,4.2,-28.98,2.465,-19.241,0.779,-9.739
Johnston,Cherrington,N.Ontario,Walleye,17139,2016,9,25,2016-09-25,52.58,-94.89,4.8,low_doc,415,-27.14,9.54,3.25,-28.98,2.465,-19.241,0.779,-26.6,0.76,4.2,-28.98,2.465,-19.241,0.779,-9.739
Johnston,Cherrington,N.Ontario,Walleye,17141,2016,9,25,2016-09-25,52.58,-94.89,4.8,low_doc,373,-26.21,9.95,3.25,-28.98,2.465,-19.241,0.779,-25.7,0.66,4.4,-28.98,2.465,-19.241,0.779,-9.739
Johnston,Cherrington,N.Ontario,Walleye,17135,2016,9,25,2016-09-25,52.58,-94.89,4.8,low_doc,307,-25.79,9.2,3.26,-28.98,2.465,-19.241,0.779,-25.2,0.61,4.2,-28.98,2.465,-19.241,0.779,-9.739
Johnston,Cherrington,N.Ontario,Walleye,17137,2016,9,25,2016-09-25,52.58,-94.89,4.8,low_doc,305,-25.82,9.26,3.23,-28.98,2.465,-19.241,0.779,-25.3,0.62,4.2,-28.98,2.465,-19.241,0.779,-9.739
Johnston,Lang,N.Ontario,Northern pike,9526,2012,NA,NA,NA,51.58,-91.52,11.1,high_doc,800,-26.33,10.74,3.16,-31.6,3.31,-19.02,1.02,-26,0.55,4.5,-31.6,3.31,-19.02,1.02,-12.58
Johnston,Lang,N.Ontario,Northern pike,9520,2012,NA,NA,NA,51.58,-91.52,11.1,high_doc,762,-26.8,11.22,3.18,-31.6,3.31,-19.02,1.02,-26.4,0.59,4.6,-31.6,3.31,-19.02,1.02,-12.58
Johnston,Lang,N.Ontario,Northern pike,9527,2012,NA,NA,NA,51.58,-91.52,11.1,high_doc,593,-26.4,9.52,3.11,-31.6,3.31,-19.02,1.02,-26.2,0.57,4.1,-31.6,3.31,-19.02,1.02,-12.58
Johnston,Lang,N.Ontario,Northern pike,9529,2012,NA,NA,NA,51.58,-91.52,11.1,high_doc,584,-27.03,10.22,3.18,-31.6,3.31,-19.02,1.02,-26.6,0.6,4.3,-31.6,3.31,-19.02,1.02,-12.58
Johnston,Lang,N.Ontario,Northern pike,9521,2012,NA,NA,NA,51.58,-91.52,11.1,high_doc,527,-26.47,9.85,3.19,-31.6,3.31,-19.02,1.02,-26,0.55,4.2,-31.6,3.31,-19.02,1.02,-12.58
Johnston,Lang,N.Ontario,Northern pike,9525,2012,NA,NA,NA,51.58,-91.52,11.1,high_doc,466,-26.29,9.48,3.1,-31.6,3.31,-19.02,1.02,-26.1,0.56,4.1,-31.6,3.31,-19.02,1.02,-12.58
Johnston,Lang,N.Ontario,Northern pike,9523,2012,NA,NA,NA,51.58,-91.52,11.1,high_doc,444,-25.67,9.61,3.1,-31.6,3.31,-19.02,1.02,-25.4,0.51,4.2,-31.6,3.31,-19.02,1.02,-12.58
Johnston,Lang,N.Ontario,Northern pike,9522,2012,NA,NA,NA,51.58,-91.52,11.1,high_doc,437,-26.44,9.41,3.15,-31.6,3.31,-19.02,1.02,-26.1,0.56,4.1,-31.6,3.31,-19.02,1.02,-12.58
Johnston,Lang,N.Ontario,Northern pike,9524,2012,NA,NA,NA,51.58,-91.52,11.1,high_doc,410,-26.53,8.86,3.15,-31.6,3.31,-19.02,1.02,-26.2,0.57,3.9,-31.6,3.31,-19.02,1.02,-12.58
Johnston,Lang,N.Ontario,Northern pike,9528,2012,NA,NA,NA,51.58,-91.52,11.1,high_doc,405,-26.3,8.66,3.11,-31.6,3.31,-19.02,1.02,-26.1,0.56,3.9,-31.6,3.31,-19.02,1.02,-12.58
Johnston,Lang,N.Ontario,Northern pike,15898,2015,NA,NA,NA,51.58,-91.52,12.8,high_doc,277,-25.09,8.15,3.19,-31.6,3.31,-19.02,1.02,-24.7,0.45,3.8,-31.6,3.31,-19.02,1.02,-12.58
Johnston,Lang,N.Ontario,Northern pike,15895,2015,NA,NA,NA,51.58,-91.52,12.8,high_doc,209,-25.23,8.55,3.2,-31.6,3.31,-19.02,1.02,-24.8,0.46,3.9,-31.6,3.31,-19.02,1.02,-12.58
Johnston,Lang,N.Ontario,Northern pike,15896,2015,NA,NA,NA,51.58,-91.52,12.8,high_doc,171,-24.9,8.53,3.19,-31.6,3.31,-19.02,1.02,-24.5,0.44,3.9,-31.6,3.31,-19.02,1.02,-12.58
Johnston,Lang,N.Ontario,Northern pike,15894,2015,NA,NA,NA,51.58,-91.52,12.8,high_doc,155,-24.45,8.41,3.25,-31.6,3.31,-19.02,1.02,-23.9,0.39,3.9,-31.6,3.31,-19.02,1.02,-12.58
Johnston,Lang,N.Ontario,Northern pike,15897,2015,NA,NA,NA,51.58,-91.52,12.8,high_doc,115,-27.02,8.19,3.23,-31.6,3.31,-19.02,1.02,-26.5,0.59,3.7,-31.6,3.31,-19.02,1.02,-12.58
Johnston,Lang,N.Ontario,Walleye,9537,2012,NA,NA,NA,51.58,-91.52,11.1,high_doc,582,-27.06,10.27,3.14,-31.6,3.31,-19.02,1.02,-26.7,0.61,4.3,-31.6,3.31,-19.02,1.02,-12.58
Johnston,Lang,N.Ontario,Walleye,9538,2012,NA,NA,NA,51.58,-91.52,11.1,high_doc,547,-28.51,10.18,3.18,-31.6,3.31,-19.02,1.02,-28.1,0.72,4.2,-31.6,3.31,-19.02,1.02,-12.58
Johnston,Lang,N.Ontario,Walleye,9536,2012,NA,NA,NA,51.58,-91.52,11.1,high_doc,545,-28.44,10.64,3.06,-31.6,3.31,-19.02,1.02,-28.3,0.74,4.3,-31.6,3.31,-19.02,1.02,-12.58
Johnston,Lang,N.Ontario,Walleye,9539,2012,NA,NA,NA,51.58,-91.52,11.1,high_doc,515,-28.1,9.66,3.18,-31.6,3.31,-19.02,1.02,-27.7,0.69,4.1,-31.6,3.31,-19.02,1.02,-12.58
Johnston,Lang,N.Ontario,Walleye,9535,2012,NA,NA,NA,51.58,-91.52,11.1,high_doc,492,-28.35,10.03,3.15,-31.6,3.31,-19.02,1.02,-28,0.71,4.2,-31.6,3.31,-19.02,1.02,-12.58
Johnston,Lang,N.Ontario,Walleye,9530,2012,NA,NA,NA,51.58,-91.52,11.1,high_doc,420,-27.37,9.44,3.16,-31.6,3.31,-19.02,1.02,-27,0.63,4.1,-31.6,3.31,-19.02,1.02,-12.58
Johnston,Lang,N.Ontario,Walleye,9531,2012,NA,NA,NA,51.58,-91.52,11.1,high_doc,375,-27.32,9.58,3.16,-31.6,3.31,-19.02,1.02,-27,0.63,4.1,-31.6,3.31,-19.02,1.02,-12.58
Johnston,Lang,N.Ontario,Walleye,9534,2012,NA,NA,NA,51.58,-91.52,11.1,high_doc,306,-27.8,8.75,3.14,-31.6,3.31,-19.02,1.02,-27.5,0.67,3.8,-31.6,3.31,-19.02,1.02,-12.58
Johnston,Lang,N.Ontario,Walleye,9533,2012,NA,NA,NA,51.58,-91.52,11.1,high_doc,255,-26.81,8.84,3.16,-31.6,3.31,-19.02,1.02,-26.5,0.59,3.9,-31.6,3.31,-19.02,1.02,-12.58
Johnston,Lang,N.Ontario,Walleye,9532,2012,NA,NA,NA,51.58,-91.52,11.1,high_doc,175,-27.36,7.94,3.17,-31.6,3.31,-19.02,1.02,-27,0.63,3.6,-31.6,3.31,-19.02,1.02,-12.58
Johnston,Raven,N.Ontario,Northern pike,3046,2009,7,23,2009-07-23,48.05,-79.55,7.3,medium_doc,927,-25.65,11.54,3.24,-30.86,3.721,-18.81285714,2.084285714,-25.1,0.52,4.5,-30.86,3.721,-18.81285714,2.084285714,-12.04714286
Johnston,Raven,N.Ontario,Northern pike,3048,2009,7,23,2009-07-23,48.05,-79.55,7.3,medium_doc,583,-27,11.02,3.2,-30.86,3.721,-18.81285714,2.084285714,-26.6,0.65,4.3,-30.86,3.721,-18.81285714,2.084285714,-12.04714286
Johnston,Raven,N.Ontario,Northern pike,5752,2010,NA,NA,NA,48.05,-79.55,7.3,medium_doc,570,-25.23,9.19,3.13,-30.86,3.721,-18.81285714,2.084285714,-24.9,0.51,3.8,-30.86,3.721,-18.81285714,2.084285714,-12.04714286
Johnston,Raven,N.Ontario,Northern pike,3044,2009,7,21,2009-07-21,48.05,-79.55,7.3,medium_doc,516,-25.89,10.17,3.22,-30.86,3.721,-18.81285714,2.084285714,-25.4,0.55,4.1,-30.86,3.721,-18.81285714,2.084285714,-12.04714286
Johnston,Raven,N.Ontario,Northern pike,3049,2009,7,24,2009-07-24,48.05,-79.55,7.3,medium_doc,508,-25.19,10.11,3.22,-30.86,3.721,-18.81285714,2.084285714,-24.7,0.49,4.1,-30.86,3.721,-18.81285714,2.084285714,-12.04714286
Johnston,Raven,N.Ontario,Northern pike,3045,2009,7,21,2009-07-21,48.05,-79.55,7.3,medium_doc,501,-26.99,9.64,3.22,-30.86,3.721,-18.81285714,2.084285714,-26.5,0.64,3.9,-30.86,3.721,-18.81285714,2.084285714,-12.04714286
Johnston,Raven,N.Ontario,Northern pike,3047,2009,7,23,2009-07-23,48.05,-79.55,7.3,medium_doc,454,-26.07,10.29,3.17,-30.86,3.721,-18.81285714,2.084285714,-25.7,0.57,4.1,-30.86,3.721,-18.81285714,2.084285714,-12.04714286
Johnston,Raven,N.Ontario,Northern pike,5751,2010,NA,NA,NA,48.05,-79.55,7.3,medium_doc,420,-26.54,9.79,3.19,-30.86,3.721,-18.81285714,2.084285714,-26.1,0.6,4,-30.86,3.721,-18.81285714,2.084285714,-12.04714286
Johnston,Raven,N.Ontario,Northern pike,5747,2010,NA,NA,NA,48.05,-79.55,7.3,medium_doc,388,-25.5,8.98,3.17,-30.86,3.721,-18.81285714,2.084285714,-25.1,0.52,3.8,-30.86,3.721,-18.81285714,2.084285714,-12.04714286
Johnston,Raven,N.Ontario,Northern pike,3050,2009,7,24,2009-07-24,48.05,-79.55,7.3,medium_doc,342,-24.48,8.93,3.17,-30.86,3.721,-18.81285714,2.084285714,-24.1,0.44,3.8,-30.86,3.721,-18.81285714,2.084285714,-12.04714286
Johnston,Raven,N.Ontario,Black bass,3055,2009,7,23,2009-07-23,48.05,-79.55,7.3,medium_doc,476,-26.65,10.22,3.18,-30.86,3.721,-18.81285714,2.084285714,-26.2,0.61,4.1,-30.86,3.721,-18.81285714,2.084285714,-12.04714286
Johnston,Raven,N.Ontario,Black bass,3056,2009,7,23,2009-07-23,48.05,-79.55,7.3,medium_doc,421,-26.96,10.36,3.24,-30.86,3.721,-18.81285714,2.084285714,-26.4,0.63,4.1,-30.86,3.721,-18.81285714,2.084285714,-12.04714286
Johnston,Raven,N.Ontario,Black bass,3059,2009,7,23,2009-07-23,48.05,-79.55,7.3,medium_doc,412,-27.11,10.45,3.22,-30.86,3.721,-18.81285714,2.084285714,-26.6,0.65,4.1,-30.86,3.721,-18.81285714,2.084285714,-12.04714286
Johnston,Raven,N.Ontario,Black bass,3058,2009,7,23,2009-07-23,48.05,-79.55,7.3,medium_doc,377,-26.56,9.96,3.2,-30.86,3.721,-18.81285714,2.084285714,-26.1,0.6,4,-30.86,3.721,-18.81285714,2.084285714,-12.04714286
Johnston,Raven,N.Ontario,Black bass,3057,2009,7,23,2009-07-23,48.05,-79.55,7.3,medium_doc,344,-27.34,10.39,3.33,-30.86,3.721,-18.81285714,2.084285714,-26.6,0.65,4.1,-30.86,3.721,-18.81285714,2.084285714,-12.04714286
Johnston,Raven,N.Ontario,Black bass,3052,2009,7,21,2009-07-21,48.05,-79.55,7.3,medium_doc,301,-24.7,10.15,3.17,-30.86,3.721,-18.81285714,2.084285714,-24.3,0.46,4.2,-30.86,3.721,-18.81285714,2.084285714,-12.04714286
Johnston,Raven,N.Ontario,Black bass,3053,2009,7,22,2009-07-22,48.05,-79.55,7.3,medium_doc,288,-25.21,11.68,3.21,-30.86,3.721,-18.81285714,2.084285714,-24.7,0.49,4.6,-30.86,3.721,-18.81285714,2.084285714,-12.04714286
Johnston,Raven,N.Ontario,Black bass,3051,2009,7,21,2009-07-21,48.05,-79.55,7.3,medium_doc,238,-26.19,9.86,3.2,-30.86,3.721,-18.81285714,2.084285714,-25.7,0.57,4,-30.86,3.721,-18.81285714,2.084285714,-12.04714286
Johnston,Raven,N.Ontario,Black bass,3060,2009,7,23,2009-07-23,48.05,-79.55,7.3,medium_doc,223,-26.17,10.07,3.19,-30.86,3.721,-18.81285714,2.084285714,-25.7,0.57,4.1,-30.86,3.721,-18.81285714,2.084285714,-12.04714286
Johnston,Raven,N.Ontario,Black bass,3054,2009,7,22,2009-07-22,48.05,-79.55,7.3,medium_doc,194,-21.33,8.71,3.23,-30.86,3.721,-18.81285714,2.084285714,-20.8,0.16,3.9,-30.86,3.721,-18.81285714,2.084285714,-12.04714286
Johnston,Raven,N.Ontario,Walleye,3069,2009,7,21,2009-07-21,48.05,-79.55,7.3,medium_doc,631,-27.22,11.37,3.16,-30.86,3.721,-18.81285714,2.084285714,-26.9,0.67,4.4,-30.86,3.721,-18.81285714,2.084285714,-12.04714286
Johnston,Raven,N.Ontario,Walleye,3064,2009,7,21,2009-07-21,48.05,-79.55,7.3,medium_doc,627,-27.43,11.17,3.26,-30.86,3.721,-18.81285714,2.084285714,-26.9,0.67,4.3,-30.86,3.721,-18.81285714,2.084285714,-12.04714286
Johnston,Raven,N.Ontario,Walleye,3066,2009,7,21,2009-07-21,48.05,-79.55,7.3,medium_doc,583,-27.1,12.13,3.19,-30.86,3.721,-18.81285714,2.084285714,-26.7,0.65,4.6,-30.86,3.721,-18.81285714,2.084285714,-12.04714286
Johnston,Raven,N.Ontario,Walleye,3068,2009,7,21,2009-07-21,48.05,-79.55,7.3,medium_doc,537,-27.46,11.77,3.25,-30.86,3.721,-18.81285714,2.084285714,-26.9,0.67,4.5,-30.86,3.721,-18.81285714,2.084285714,-12.04714286
Johnston,Raven,N.Ontario,Walleye,3062,2009,7,21,2009-07-21,48.05,-79.55,7.3,medium_doc,504,-28.01,11.02,3.38,-30.86,3.721,-18.81285714,2.084285714,-27.2,0.7,4.3,-30.86,3.721,-18.81285714,2.084285714,-12.04714286
Johnston,Raven,N.Ontario,Walleye,3063,2009,7,21,2009-07-21,48.05,-79.55,7.3,medium_doc,470,-27.19,11.83,3.23,-30.86,3.721,-18.81285714,2.084285714,-26.7,0.65,4.6,-30.86,3.721,-18.81285714,2.084285714,-12.04714286
Johnston,Raven,N.Ontario,Walleye,3061,2009,7,21,2009-07-21,48.05,-79.55,7.3,medium_doc,437,-27.23,10.63,3.27,-30.86,3.721,-18.81285714,2.084285714,-26.6,0.65,4.2,-30.86,3.721,-18.81285714,2.084285714,-12.04714286
Johnston,Raven,N.Ontario,Walleye,3067,2009,7,21,2009-07-21,48.05,-79.55,7.3,medium_doc,382,-27.74,9.88,3.19,-30.86,3.721,-18.81285714,2.084285714,-27.3,0.7,4,-30.86,3.721,-18.81285714,2.084285714,-12.04714286
Johnston,Raven,N.Ontario,Walleye,3070,2009,7,21,2009-07-21,48.05,-79.55,7.3,medium_doc,345,-27.12,9.91,3.2,-30.86,3.721,-18.81285714,2.084285714,-26.7,0.65,4,-30.86,3.721,-18.81285714,2.084285714,-12.04714286
Johnston,Raven,N.Ontario,Walleye,3065,2009,7,21,2009-07-21,48.05,-79.55,7.3,medium_doc,340,-27.02,9.84,3.2,-30.86,3.721,-18.81285714,2.084285714,-26.6,0.65,4,-30.86,3.721,-18.81285714,2.084285714,-12.04714286
Johnston,Jacob,N.Ontario,Northern pike,8921,2011,NA,NA,NA,48.35,-90.33,9,medium_doc,616,-25.85,10.85,3.19,-30.841,4.238,-18.722,2.22,-25.4,0.55,4.2,-30.841,4.238,-18.722,2.22,-12.119
Johnston,Jacob,N.Ontario,Northern pike,8915,2011,NA,NA,NA,48.35,-90.33,9,medium_doc,570,-25.62,10.22,3.18,-30.841,4.238,-18.722,2.22,-25.2,0.53,4,-30.841,4.238,-18.722,2.22,-12.119
Johnston,Jacob,N.Ontario,Northern pike,8912,2011,NA,NA,NA,48.35,-90.33,9,medium_doc,569,-25.77,10.24,3.15,-30.841,4.238,-18.722,2.22,-25.4,0.55,4,-30.841,4.238,-18.722,2.22,-12.119
Johnston,Jacob,N.Ontario,Northern pike,8914,2011,NA,NA,NA,48.35,-90.33,9,medium_doc,567,-24.93,10.29,3.12,-30.841,4.238,-18.722,2.22,-24.7,0.49,4.1,-30.841,4.238,-18.722,2.22,-12.119
Johnston,Jacob,N.Ontario,Northern pike,8916,2011,NA,NA,NA,48.35,-90.33,9,medium_doc,558,-25.23,10.42,3.15,-30.841,4.238,-18.722,2.22,-24.9,0.51,4.1,-30.841,4.238,-18.722,2.22,-12.119
Johnston,Jacob,N.Ontario,Northern pike,8918,2011,NA,NA,NA,48.35,-90.33,9,medium_doc,513,-26.11,9.68,3.2,-30.841,4.238,-18.722,2.22,-25.7,0.58,3.8,-30.841,4.238,-18.722,2.22,-12.119
Johnston,Jacob,N.Ontario,Northern pike,8917,2011,NA,NA,NA,48.35,-90.33,9,medium_doc,500,-26.52,10.26,3.24,-30.841,4.238,-18.722,2.22,-26,0.6,4,-30.841,4.238,-18.722,2.22,-12.119
Johnston,Jacob,N.Ontario,Northern pike,8920,2011,NA,NA,NA,48.35,-90.33,9,medium_doc,484,-25.63,9.96,3.16,-30.841,4.238,-18.722,2.22,-25.3,0.54,4,-30.841,4.238,-18.722,2.22,-12.119
Johnston,Jacob,N.Ontario,Northern pike,8919,2011,NA,NA,NA,48.35,-90.33,9,medium_doc,476,-25.75,9.87,3.14,-30.841,4.238,-18.722,2.22,-25.4,0.55,3.9,-30.841,4.238,-18.722,2.22,-12.119
Johnston,Jacob,N.Ontario,Black bass,7436,2011,8,13,2011-08-13,48.35,-90.33,9,medium_doc,455,-26.31,9.6,3.32,-30.841,4.238,-18.722,2.22,-25.6,0.57,3.8,-30.841,4.238,-18.722,2.22,-12.119
Johnston,Jacob,N.Ontario,Black bass,7431,2011,8,13,2011-08-13,48.35,-90.33,9,medium_doc,438.34,-25.29,9.53,3.22,-30.841,4.238,-18.722,2.22,-24.8,0.5,3.9,-30.841,4.238,-18.722,2.22,-12.119
Johnston,Jacob,N.Ontario,Black bass,7440,2011,8,13,2011-08-13,48.35,-90.33,9,medium_doc,438,-26.04,9.86,3.16,-30.841,4.238,-18.722,2.22,-25.7,0.58,3.9,-30.841,4.238,-18.722,2.22,-12.119
Johnston,Jacob,N.Ontario,Black bass,7434,2011,8,13,2011-08-13,48.35,-90.33,9,medium_doc,425,-26.56,9.93,3.42,-30.841,4.238,-18.722,2.22,-25.7,0.58,3.9,-30.841,4.238,-18.722,2.22,-12.119
Johnston,Jacob,N.Ontario,Black bass,7444,2011,8,13,2011-08-13,48.35,-90.33,9,medium_doc,423,-24.5,9.2,3.46,-30.841,4.238,-18.722,2.22,-23.5,0.39,3.8,-30.841,4.238,-18.722,2.22,-12.119
Johnston,Jacob,N.Ontario,Black bass,7432,2011,8,13,2011-08-13,48.35,-90.33,9,medium_doc,421,-23.93,8.99,3.2,-30.841,4.238,-18.722,2.22,-23.5,0.39,3.8,-30.841,4.238,-18.722,2.22,-12.119
Johnston,Jacob,N.Ontario,Black bass,7445,2011,8,13,2011-08-13,48.35,-90.33,9,medium_doc,419,-26.5,9.55,3.28,-30.841,4.238,-18.722,2.22,-25.9,0.59,3.8,-30.841,4.238,-18.722,2.22,-12.119
Johnston,Jacob,N.Ontario,Black bass,7448,2011,8,13,2011-08-13,48.35,-90.33,9,medium_doc,416,-25.34,9.1,3.39,-30.841,4.238,-18.722,2.22,-24.5,0.48,3.7,-30.841,4.238,-18.722,2.22,-12.119
Johnston,Jacob,N.Ontario,Black bass,7438,2011,8,13,2011-08-13,48.35,-90.33,9,medium_doc,410,-26.99,10.23,3.25,-30.841,4.238,-18.722,2.22,-26.4,0.63,4,-30.841,4.238,-18.722,2.22,-12.119
Johnston,Jacob,N.Ontario,Black bass,7441,2011,8,13,2011-08-13,48.35,-90.33,9,medium_doc,409,-24.74,9.36,3.3,-30.841,4.238,-18.722,2.22,-24.1,0.44,3.8,-30.841,4.238,-18.722,2.22,-12.119
Johnston,Jacob,N.Ontario,Black bass,7443,2011,8,13,2011-08-13,48.35,-90.33,9,medium_doc,404,-24.59,9.38,3.28,-30.841,4.238,-18.722,2.22,-24,0.44,3.8,-30.841,4.238,-18.722,2.22,-12.119
Johnston,Jacob,N.Ontario,Black bass,7437,2011,8,13,2011-08-13,48.35,-90.33,9,medium_doc,387,-24.29,10.13,3.28,-30.841,4.238,-18.722,2.22,-23.7,0.41,4.1,-30.841,4.238,-18.722,2.22,-12.119
Johnston,Jacob,N.Ontario,Black bass,7435,2011,8,13,2011-08-13,48.35,-90.33,9,medium_doc,383,-24.97,9.46,3.34,-30.841,4.238,-18.722,2.22,-24.2,0.45,3.9,-30.841,4.238,-18.722,2.22,-12.119
Johnston,Jacob,N.Ontario,Black bass,7447,2011,8,13,2011-08-13,48.35,-90.33,9,medium_doc,376,-24.98,8.97,3.59,-30.841,4.238,-18.722,2.22,-23.8,0.42,3.7,-30.841,4.238,-18.722,2.22,-12.119
Johnston,Jacob,N.Ontario,Black bass,7433,2011,8,13,2011-08-13,48.35,-90.33,9,medium_doc,375,-24.26,9.52,3.28,-30.841,4.238,-18.722,2.22,-23.7,0.41,3.9,-30.841,4.238,-18.722,2.22,-12.119
Johnston,Jacob,N.Ontario,Black bass,7439,2011,8,13,2011-08-13,48.35,-90.33,9,medium_doc,373,-23.76,9.48,3.25,-30.841,4.238,-18.722,2.22,-23.2,0.37,3.9,-30.841,4.238,-18.722,2.22,-12.119
Johnston,Jacob,N.Ontario,Black bass,7450,2011,8,13,2011-08-13,48.35,-90.33,9,medium_doc,365,-23.92,8.96,3.4,-30.841,4.238,-18.722,2.22,-23.1,0.36,3.8,-30.841,4.238,-18.722,2.22,-12.119
Johnston,Jacob,N.Ontario,Black bass,7449,2011,8,13,2011-08-13,48.35,-90.33,9,medium_doc,324,-24.46,9.66,3.3,-30.841,4.238,-18.722,2.22,-23.8,0.42,3.9,-30.841,4.238,-18.722,2.22,-12.119
Johnston,Jacob,N.Ontario,Black bass,7442,2011,8,13,2011-08-13,48.35,-90.33,9,medium_doc,232.14,-24.62,9.01,3.24,-30.841,4.238,-18.722,2.22,-24.1,0.44,3.7,-30.841,4.238,-18.722,2.22,-12.119
Johnston,Jacob,N.Ontario,Black bass,7446,2011,8,13,2011-08-13,48.35,-90.33,9,medium_doc,159,-25.66,8.82,3.31,-30.841,4.238,-18.722,2.22,-25,0.52,3.6,-30.841,4.238,-18.722,2.22,-12.119
Johnston,Jacob,N.Ontario,Walleye,7430,2011,8,13,2011-08-13,48.35,-90.33,9,medium_doc,694,-27.61,11,3.18,-30.841,4.238,-18.722,2.22,-27.2,0.7,4.2,-30.841,4.238,-18.722,2.22,-12.119
Johnston,Jacob,N.Ontario,Walleye,7421,2011,8,13,2011-08-13,48.35,-90.33,9,medium_doc,664,-27.18,11.38,3.09,-30.841,4.238,-18.722,2.22,-27,0.68,4.3,-30.841,4.238,-18.722,2.22,-12.119
Johnston,Jacob,N.Ontario,Walleye,7414,2011,8,13,2011-08-13,48.35,-90.33,9,medium_doc,540,-25.73,10.95,3.29,-30.841,4.238,-18.722,2.22,-25.1,0.53,4.3,-30.841,4.238,-18.722,2.22,-12.119
Johnston,Jacob,N.Ontario,Walleye,7425,2011,8,13,2011-08-13,48.35,-90.33,9,medium_doc,518,-25.85,11.36,3.2,-30.841,4.238,-18.722,2.22,-25.4,0.55,4.4,-30.841,4.238,-18.722,2.22,-12.119
Johnston,Jacob,N.Ontario,Walleye,7427,2011,8,13,2011-08-13,48.35,-90.33,9,medium_doc,510,-26.33,10.3,3.21,-30.841,4.238,-18.722,2.22,-25.9,0.59,4,-30.841,4.238,-18.722,2.22,-12.119
Johnston,Jacob,N.Ontario,Walleye,7411,2011,8,13,2011-08-13,48.35,-90.33,9,medium_doc,505,-24.93,11.66,3.31,-30.841,4.238,-18.722,2.22,-24.3,0.46,4.5,-30.841,4.238,-18.722,2.22,-12.119
Johnston,Jacob,N.Ontario,Walleye,7416,2011,8,13,2011-08-13,48.35,-90.33,9,medium_doc,491,-26.09,11.84,3.31,-30.841,4.238,-18.722,2.22,-25.4,0.55,4.5,-30.841,4.238,-18.722,2.22,-12.119
Johnston,Jacob,N.Ontario,Walleye,7417,2011,8,13,2011-08-13,48.35,-90.33,9,medium_doc,479,-27.12,11.19,3.41,-30.841,4.238,-18.722,2.22,-26.3,0.63,4.3,-30.841,4.238,-18.722,2.22,-12.119
Johnston,Jacob,N.Ontario,Walleye,7415,2011,8,13,2011-08-13,48.35,-90.33,9,medium_doc,454,-26.35,10.74,3.27,-30.841,4.238,-18.722,2.22,-25.8,0.58,4.2,-30.841,4.238,-18.722,2.22,-12.119
Johnston,Jacob,N.Ontario,Walleye,7413,2011,8,13,2011-08-13,48.35,-90.33,9,medium_doc,445,-26.59,10.5,3.25,-30.841,4.238,-18.722,2.22,-26,0.6,4.1,-30.841,4.238,-18.722,2.22,-12.119
Johnston,Jacob,N.Ontario,Walleye,7426,2011,8,13,2011-08-13,48.35,-90.33,9,medium_doc,439,-25.67,9.77,3.2,-30.841,4.238,-18.722,2.22,-25.2,0.53,3.9,-30.841,4.238,-18.722,2.22,-12.119
Johnston,Jacob,N.Ontario,Walleye,7420,2011,8,13,2011-08-13,48.35,-90.33,9,medium_doc,395,-25.86,10.32,3.12,-30.841,4.238,-18.722,2.22,-25.6,0.57,4,-30.841,4.238,-18.722,2.22,-12.119
Johnston,Jacob,N.Ontario,Walleye,7424,2011,8,13,2011-08-13,48.35,-90.33,9,medium_doc,390,-25.42,10.39,3.2,-30.841,4.238,-18.722,2.22,-25,0.52,4.1,-30.841,4.238,-18.722,2.22,-12.119
Johnston,Jacob,N.Ontario,Walleye,7429,2011,8,13,2011-08-13,48.35,-90.33,9,medium_doc,380,-24.51,10.45,3.37,-30.841,4.238,-18.722,2.22,-23.7,0.41,4.2,-30.841,4.238,-18.722,2.22,-12.119
Johnston,Jacob,N.Ontario,Walleye,7423,2011,8,13,2011-08-13,48.35,-90.33,9,medium_doc,371,-26.17,10.3,3.27,-30.841,4.238,-18.722,2.22,-25.6,0.57,4,-30.841,4.238,-18.722,2.22,-12.119
Johnston,Jacob,N.Ontario,Walleye,7412,2011,8,13,2011-08-13,48.35,-90.33,9,medium_doc,363,-24.68,9.59,3.23,-30.841,4.238,-18.722,2.22,-24.2,0.45,3.9,-30.841,4.238,-18.722,2.22,-12.119
Johnston,Jacob,N.Ontario,Walleye,7419,2011,8,13,2011-08-13,48.35,-90.33,9,medium_doc,290,-24.92,9.26,3.22,-30.841,4.238,-18.722,2.22,-24.4,0.47,3.8,-30.841,4.238,-18.722,2.22,-12.119
Johnston,Jacob,N.Ontario,Walleye,7418,2011,8,13,2011-08-13,48.35,-90.33,9,medium_doc,288,-25.12,9.72,3.22,-30.841,4.238,-18.722,2.22,-24.6,0.49,3.9,-30.841,4.238,-18.722,2.22,-12.119
Johnston,Jacob,N.Ontario,Walleye,7422,2011,8,13,2011-08-13,48.35,-90.33,9,medium_doc,223,-25.49,8.54,3.14,-30.841,4.238,-18.722,2.22,-25.2,0.53,3.5,-30.841,4.238,-18.722,2.22,-12.119
Johnston,Jacob,N.Ontario,Walleye,7428,2011,8,13,2011-08-13,48.35,-90.33,9,medium_doc,175,-27.17,9.14,3.16,-30.841,4.238,-18.722,2.22,-26.8,0.67,3.6,-30.841,4.238,-18.722,2.22,-12.119
Johnston,McInnes,N.Ontario,Northern pike,7038,2011,NA,NA,NA,52.22,-93.73,9,medium_doc,647,-25.27,9.13,3.15,-29.63,2.39,-18.43,1.21,-24.9,0.58,4.1,-29.63,2.39,-18.43,1.21,-11.2
Johnston,McInnes,N.Ontario,Northern pike,7037,2011,NA,NA,NA,52.22,-93.73,9,medium_doc,605,-26.6,9.32,3.15,-29.63,2.39,-18.43,1.21,-26.3,0.7,4.1,-29.63,2.39,-18.43,1.21,-11.2
Johnston,McInnes,N.Ontario,Northern pike,7036,2011,NA,NA,NA,52.22,-93.73,9,medium_doc,594,-25.22,8.83,3.16,-29.63,2.39,-18.43,1.21,-24.9,0.58,4,-29.63,2.39,-18.43,1.21,-11.2
Johnston,McInnes,N.Ontario,Northern pike,7035,2011,NA,NA,NA,52.22,-93.73,9,medium_doc,565,-24.4,8.79,3.13,-29.63,2.39,-18.43,1.21,-24.1,0.51,4.1,-29.63,2.39,-18.43,1.21,-11.2
Johnston,McInnes,N.Ontario,Northern pike,7034,2011,NA,NA,NA,52.22,-93.73,9,medium_doc,555,-23.02,8.62,3.15,-29.63,2.39,-18.43,1.21,-22.7,0.38,4,-29.63,2.39,-18.43,1.21,-11.2
Johnston,McInnes,N.Ontario,Northern pike,7033,2011,NA,NA,NA,52.22,-93.73,9,medium_doc,554,-26.48,9.35,3.17,-29.63,2.39,-18.43,1.21,-26.1,0.68,4.2,-29.63,2.39,-18.43,1.21,-11.2
Johnston,McInnes,N.Ontario,Northern pike,7032,2011,NA,NA,NA,52.22,-93.73,9,medium_doc,529,-24.43,8.95,3.15,-29.63,2.39,-18.43,1.21,-24.1,0.51,4.1,-29.63,2.39,-18.43,1.21,-11.2
Johnston,McInnes,N.Ontario,Northern pike,7031,2011,NA,NA,NA,52.22,-93.73,9,medium_doc,507,-27.39,8.93,3.12,-29.63,2.39,-18.43,1.21,-27.1,0.77,4,-29.63,2.39,-18.43,1.21,-11.2
Johnston,McInnes,N.Ontario,Northern pike,7030,2011,NA,NA,NA,52.22,-93.73,9,medium_doc,466,-23.83,8.24,3.21,-29.63,2.39,-18.43,1.21,-23.4,0.44,3.9,-29.63,2.39,-18.43,1.21,-11.2
Johnston,McInnes,N.Ontario,Northern pike,7029,2011,NA,NA,NA,52.22,-93.73,9,medium_doc,420,-23.76,7.84,3.17,-29.63,2.39,-18.43,1.21,-23.4,0.44,3.8,-29.63,2.39,-18.43,1.21,-11.2
Johnston,McInnes,N.Ontario,Walleye,7048,2011,NA,NA,NA,52.22,-93.73,9,medium_doc,574,-27.01,9.28,3.11,-29.63,2.39,-18.43,1.21,-26.8,0.75,4.1,-29.63,2.39,-18.43,1.21,-11.2
Johnston,McInnes,N.Ontario,Walleye,7047,2011,NA,NA,NA,52.22,-93.73,9,medium_doc,514,-26.46,9.22,3.11,-29.63,2.39,-18.43,1.21,-26.2,0.69,4.1,-29.63,2.39,-18.43,1.21,-11.2
Johnston,McInnes,N.Ontario,Walleye,7046,2011,NA,NA,NA,52.22,-93.73,9,medium_doc,444,-27.79,9.07,3.2,-29.63,2.39,-18.43,1.21,-27.3,0.79,4,-29.63,2.39,-18.43,1.21,-11.2
Johnston,McInnes,N.Ontario,Walleye,7045,2011,NA,NA,NA,52.22,-93.73,9,medium_doc,416,-27.26,8.72,3.19,-29.63,2.39,-18.43,1.21,-26.8,0.75,3.9,-29.63,2.39,-18.43,1.21,-11.2
Johnston,McInnes,N.Ontario,Walleye,7044,2011,NA,NA,NA,52.22,-93.73,9,medium_doc,397,-25.95,8.46,3.14,-29.63,2.39,-18.43,1.21,-25.6,0.64,3.9,-29.63,2.39,-18.43,1.21,-11.2
Johnston,McInnes,N.Ontario,Walleye,7043,2011,NA,NA,NA,52.22,-93.73,9,medium_doc,350,-28.26,8.64,3.12,-29.63,2.39,-18.43,1.21,-28,0.85,3.9,-29.63,2.39,-18.43,1.21,-11.2
Johnston,McInnes,N.Ontario,Walleye,7042,2011,NA,NA,NA,52.22,-93.73,9,medium_doc,304,-25.23,8.19,3.13,-29.63,2.39,-18.43,1.21,-24.9,0.58,3.9,-29.63,2.39,-18.43,1.21,-11.2
Johnston,McInnes,N.Ontario,Walleye,7041,2011,NA,NA,NA,52.22,-93.73,9,medium_doc,259,-26.39,8.35,3.12,-29.63,2.39,-18.43,1.21,-26.1,0.68,3.9,-29.63,2.39,-18.43,1.21,-11.2
Johnston,McInnes,N.Ontario,Walleye,7040,2011,NA,NA,NA,52.22,-93.73,9,medium_doc,186,-27.94,8.2,3.16,-29.63,2.39,-18.43,1.21,-27.6,0.82,3.8,-29.63,2.39,-18.43,1.21,-11.2
Johnston,McInnes,N.Ontario,Walleye,7039,2011,NA,NA,NA,52.22,-93.73,9,medium_doc,169,-25.95,7.28,3.17,-29.63,2.39,-18.43,1.21,-25.6,0.64,3.6,-29.63,2.39,-18.43,1.21,-11.2
Johnston,Bad Vermilion,N.Ontario,Northern pike,17970,2017,NA,NA,NA,48.74,-92.68,5.5,medium_doc,684,-23.13,8.61,3.08,-29.042,1.847,-18.154,0.624,-23,0.45,4.2,-29.042,1.847,-18.154,0.624,-10.888
Johnston,Bad Vermilion,N.Ontario,Northern pike,17968,2017,NA,NA,NA,48.74,-92.68,5.5,medium_doc,675,-23.27,8.75,3.1,-29.042,1.847,-18.154,0.624,-23,0.45,4.2,-29.042,1.847,-18.154,0.624,-10.888
Johnston,Bad Vermilion,N.Ontario,Northern pike,17453,2016,7,10,2016-07-10,48.74,-92.68,5.5,medium_doc,635,-25.61,9.31,3.22,-29.042,1.847,-18.154,0.624,-25.1,0.64,4.3,-29.042,1.847,-18.154,0.624,-10.888
Johnston,Bad Vermilion,N.Ontario,Northern pike,17456,2016,7,10,2016-07-10,48.74,-92.68,5.5,medium_doc,634,-23.45,8.71,3.14,-29.042,1.847,-18.154,0.624,-23.1,0.45,4.2,-29.042,1.847,-18.154,0.624,-10.888
Johnston,Bad Vermilion,N.Ontario,Northern pike,17451,2016,7,10,2016-07-10,48.74,-92.68,5.5,medium_doc,634,-24.5,9.02,3.19,-29.042,1.847,-18.154,0.624,-24.1,0.55,4.3,-29.042,1.847,-18.154,0.624,-10.888
Johnston,Bad Vermilion,N.Ontario,Northern pike,17454,2016,7,10,2016-07-10,48.74,-92.68,5.5,medium_doc,633,-21.7,8.56,3.16,-29.042,1.847,-18.154,0.624,-21.3,0.29,4.2,-29.042,1.847,-18.154,0.624,-10.888
Johnston,Bad Vermilion,N.Ontario,Northern pike,17455,2016,7,10,2016-07-10,48.74,-92.68,5.5,medium_doc,629,-24.8,9.49,3.22,-29.042,1.847,-18.154,0.624,-24.3,0.56,4.4,-29.042,1.847,-18.154,0.624,-10.888
Johnston,Bad Vermilion,N.Ontario,Northern pike,17452,2016,7,10,2016-07-10,48.74,-92.68,5.5,medium_doc,566,-24.21,8.97,3.18,-29.042,1.847,-18.154,0.624,-23.8,0.52,4.3,-29.042,1.847,-18.154,0.624,-10.888
Johnston,Bad Vermilion,N.Ontario,Northern pike,17969,2017,NA,NA,NA,48.74,-92.68,5.5,medium_doc,511,-24,7.64,3.09,-29.042,1.847,-18.154,0.624,-23.8,0.52,3.9,-29.042,1.847,-18.154,0.624,-10.888
Johnston,Bad Vermilion,N.Ontario,Northern pike,17971,2017,NA,NA,NA,48.74,-92.68,5.5,medium_doc,479,-24.62,7.79,3.13,-29.042,1.847,-18.154,0.624,-24.3,0.56,3.9,-29.042,1.847,-18.154,0.624,-10.888
Johnston,Bad Vermilion,N.Ontario,Black bass,17462,2016,7,10,2016-07-10,48.74,-92.68,5.8,medium_doc,481,-23.66,8.79,3.25,-29.042,1.847,-18.154,0.624,-23.1,0.45,4.2,-29.042,1.847,-18.154,0.624,-10.888
Johnston,Bad Vermilion,N.Ontario,Black bass,17463,2016,7,10,2016-07-10,48.74,-92.68,5.8,medium_doc,472,-20.01,7.91,3.41,-29.042,1.847,-18.154,0.624,-19.2,0.1,4.1,-29.042,1.847,-18.154,0.624,-10.888
Johnston,Bad Vermilion,N.Ontario,Black bass,17464,2016,7,10,2016-07-10,48.74,-92.68,5.8,medium_doc,450,-23.27,8.02,3.37,-29.042,1.847,-18.154,0.624,-22.5,0.4,4,-29.042,1.847,-18.154,0.624,-10.888
Johnston,Bad Vermilion,N.Ontario,Black bass,17461,2016,7,10,2016-07-10,48.74,-92.68,5.8,medium_doc,448,-24.01,8.67,3.28,-29.042,1.847,-18.154,0.624,-23.4,0.48,4.2,-29.042,1.847,-18.154,0.624,-10.888
Johnston,Bad Vermilion,N.Ontario,Black bass,17465,2016,7,10,2016-07-10,48.74,-92.68,5.8,medium_doc,446,-23.49,8.13,3.38,-29.042,1.847,-18.154,0.624,-22.7,0.42,4.1,-29.042,1.847,-18.154,0.624,-10.888
Johnston,Bad Vermilion,N.Ontario,Black bass,17458,2016,7,10,2016-07-10,48.74,-92.68,5.8,medium_doc,425,-19.25,7.04,3.24,-29.042,1.847,-18.154,0.624,-18.7,0.05,3.9,-29.042,1.847,-18.154,0.624,-10.888
Johnston,Bad Vermilion,N.Ontario,Black bass,17460,2016,7,10,2016-07-10,48.74,-92.68,5.8,medium_doc,422,-20.59,7.07,3.21,-29.042,1.847,-18.154,0.624,-20.1,0.18,3.8,-29.042,1.847,-18.154,0.624,-10.888
Johnston,Bad Vermilion,N.Ontario,Black bass,17459,2016,7,10,2016-07-10,48.74,-92.68,5.8,medium_doc,417,-21.86,8.16,3.27,-29.042,1.847,-18.154,0.624,-21.3,0.29,4.1,-29.042,1.847,-18.154,0.624,-10.888
Johnston,Bad Vermilion,N.Ontario,Black bass,17467,2016,7,10,2016-07-10,48.74,-92.68,5.8,medium_doc,375,-20.27,7.98,3.25,-29.042,1.847,-18.154,0.624,-19.7,0.14,4.1,-29.042,1.847,-18.154,0.624,-10.888
Johnston,Bad Vermilion,N.Ontario,Black bass,17466,2016,7,10,2016-07-10,48.74,-92.68,5.8,medium_doc,347,-23.26,8.08,3.28,-29.042,1.847,-18.154,0.624,-22.7,0.42,4,-29.042,1.847,-18.154,0.624,-10.888
Johnston,Bad Vermilion,N.Ontario,Walleye,17474,2016,7,10,2016-07-10,48.74,-92.68,5.5,medium_doc,620,-25.95,8.99,3.36,-29.042,1.847,-18.154,0.624,-25.2,0.65,4.2,-29.042,1.847,-18.154,0.624,-10.888
Johnston,Bad Vermilion,N.Ontario,Walleye,17473,2016,7,10,2016-07-10,48.74,-92.68,5.5,medium_doc,595,-27.85,9.21,4.63,-29.042,1.847,-18.154,0.624,-25.3,0.66,4.3,-29.042,1.847,-18.154,0.624,-10.888
Johnston,Bad Vermilion,N.Ontario,Walleye,17476,2016,7,10,2016-07-10,48.74,-92.68,5.5,medium_doc,557,-25.71,9.49,3.39,-29.042,1.847,-18.154,0.624,-24.9,0.62,4.4,-29.042,1.847,-18.154,0.624,-10.888
Johnston,Bad Vermilion,N.Ontario,Walleye,17475,2016,7,10,2016-07-10,48.74,-92.68,5.5,medium_doc,546,-27.55,8.92,4.53,-29.042,1.847,-18.154,0.624,-25.1,0.64,4.2,-29.042,1.847,-18.154,0.624,-10.888
Johnston,Bad Vermilion,N.Ontario,Walleye,17477,2016,7,10,2016-07-10,48.74,-92.68,5.5,medium_doc,538,-25.41,9.68,3.49,-29.042,1.847,-18.154,0.624,-24.4,0.57,4.5,-29.042,1.847,-18.154,0.624,-10.888
Johnston,Bad Vermilion,N.Ontario,Walleye,17468,2016,7,10,2016-07-10,48.74,-92.68,5.5,medium_doc,528,-25.74,8.95,3.25,-29.042,1.847,-18.154,0.624,-25.2,0.65,4.2,-29.042,1.847,-18.154,0.624,-10.888
Johnston,Bad Vermilion,N.Ontario,Walleye,17469,2016,7,10,2016-07-10,48.74,-92.68,5.5,medium_doc,519,-25.57,8.89,3.25,-29.042,1.847,-18.154,0.624,-25,0.63,4.2,-29.042,1.847,-18.154,0.624,-10.888
Johnston,Bad Vermilion,N.Ontario,Walleye,17470,2016,7,10,2016-07-10,48.74,-92.68,5.5,medium_doc,497,-25.61,8.45,3.24,-29.042,1.847,-18.154,0.624,-25.1,0.64,4.1,-29.042,1.847,-18.154,0.624,-10.888
Johnston,Bad Vermilion,N.Ontario,Walleye,17472,2016,7,10,2016-07-10,48.74,-92.68,5.5,medium_doc,458,-25.54,8.12,3.21,-29.042,1.847,-18.154,0.624,-25.1,0.64,4,-29.042,1.847,-18.154,0.624,-10.888
Johnston,Bad Vermilion,N.Ontario,Walleye,17471,2016,7,10,2016-07-10,48.74,-92.68,5.5,medium_doc,434,-25.66,8.27,3.24,-29.042,1.847,-18.154,0.624,-25.1,0.64,4,-29.042,1.847,-18.154,0.624,-10.888
Johnston,Nipissing,N.Ontario,Northern pike,10264,2012,NA,NA,NA,46.28,-80,5.4,medium_doc,812,-24.34,12.42,3.17,-28.13,4.33,-18.04,3.1,-24,0.59,4.5,-28.43,4.34,-17.77,2.99,-10.66
Johnston,Nipissing,N.Ontario,Northern pike,10265,2012,NA,NA,NA,46.28,-80,5.4,medium_doc,781,-25.23,12.38,3.2,-28.13,4.33,-18.04,3.1,-24.8,0.67,4.5,-28.43,4.34,-17.77,2.99,-10.66
Johnston,Nipissing,N.Ontario,Northern pike,11175,2013,NA,NA,NA,46.28,-80,5.4,medium_doc,697,-25.42,11.9,3.17,-28.13,4.33,-18.04,3.1,-25,0.69,4.3,-28.43,4.34,-17.77,2.99,-10.66
Johnston,Nipissing,N.Ontario,Northern pike,11176,2013,NA,NA,NA,46.28,-80,5.4,medium_doc,637,-24.54,11.64,3.26,-28.13,4.33,-18.04,3.1,-24,0.59,4.3,-28.43,4.34,-17.77,2.99,-10.66
Johnston,Nipissing,N.Ontario,Northern pike,10261,2012,NA,NA,NA,46.28,-80,5.4,medium_doc,591,-24.6,10.62,3.2,-28.13,4.33,-18.04,3.1,-24.2,0.61,4,-28.43,4.34,-17.77,2.99,-10.66
Johnston,Nipissing,N.Ontario,Northern pike,10263,2012,NA,NA,NA,46.28,-80,5.4,medium_doc,580,-23.47,10.68,3.2,-28.13,4.33,-18.04,3.1,-23,0.49,4.1,-28.43,4.34,-17.77,2.99,-10.66
Johnston,Nipissing,N.Ontario,Northern pike,10262,2012,NA,NA,NA,46.28,-80,5.4,medium_doc,561,-26.24,10.93,3.21,-28.13,4.33,-18.04,3.1,-25.8,0.77,4,-28.43,4.34,-17.77,2.99,-10.66
Johnston,Nipissing,N.Ontario,Northern pike,10268,2012,NA,NA,NA,46.28,-80,5.4,medium_doc,531,-25.13,11.51,3.16,-28.13,4.33,-18.04,3.1,-24.8,0.67,4.2,-28.43,4.34,-17.77,2.99,-10.66
Johnston,Nipissing,N.Ontario,Northern pike,10260,2012,NA,NA,NA,46.28,-80,5.4,medium_doc,518,-24.52,10.22,3.19,-28.13,4.33,-18.04,3.1,-24.1,0.6,3.9,-28.43,4.34,-17.77,2.99,-10.66
Johnston,Nipissing,N.Ontario,Northern pike,10267,2012,NA,NA,NA,46.28,-80,5.4,medium_doc,512,-24.56,10.59,3.21,-28.13,4.33,-18.04,3.1,-24.1,0.6,4,-28.43,4.34,-17.77,2.99,-10.66
Johnston,Nipissing,N.Ontario,Northern pike,10266,2012,NA,NA,NA,46.28,-80,5.4,medium_doc,485,-23.76,10.4,3.17,-28.13,4.33,-18.04,3.1,-23.4,0.53,4,-28.43,4.34,-17.77,2.99,-10.66
Johnston,Nipissing,N.Ontario,Black bass,10272,2012,NA,NA,NA,46.28,-80,5.4,medium_doc,462,-24.4,12.43,3.56,-28.13,4.33,-18.04,3.1,-23.3,0.52,4.6,-28.43,4.34,-17.77,2.99,-10.66
Johnston,Nipissing,N.Ontario,Black bass,10278,2012,NA,NA,NA,46.28,-80,5.4,medium_doc,439,-22.85,11.24,3.28,-28.13,4.33,-18.04,3.1,-22.2,0.41,4.2,-28.43,4.34,-17.77,2.99,-10.66
Johnston,Nipissing,N.Ontario,Black bass,10277,2012,NA,NA,NA,46.28,-80,5.4,medium_doc,430,-21.77,11,3.26,-28.13,4.33,-18.04,3.1,-21.2,0.31,4.2,-28.43,4.34,-17.77,2.99,-10.66
Johnston,Nipissing,N.Ontario,Black bass,10275,2012,NA,NA,NA,46.28,-80,5.4,medium_doc,371,-22.2,10.59,3.23,-28.13,4.33,-18.04,3.1,-21.7,0.36,4.1,-28.43,4.34,-17.77,2.99,-10.66
Johnston,Nipissing,N.Ontario,Black bass,10276,2012,NA,NA,NA,46.28,-80,5.4,medium_doc,363,-24.49,11.12,3.36,-28.13,4.33,-18.04,3.1,-23.7,0.56,4.2,-28.43,4.34,-17.77,2.99,-10.66
Johnston,Nipissing,N.Ontario,Black bass,10270,2012,NA,NA,NA,46.28,-80,5.4,medium_doc,330,-22.99,10.98,3.24,-28.13,4.33,-18.04,3.1,-22.5,0.44,4.2,-28.43,4.34,-17.77,2.99,-10.66
Johnston,Nipissing,N.Ontario,Black bass,10271,2012,NA,NA,NA,46.28,-80,5.4,medium_doc,315,-25.4,12.24,3.32,-28.13,4.33,-18.04,3.1,-24.7,0.66,4.4,-28.43,4.34,-17.77,2.99,-10.66
Johnston,Nipissing,N.Ontario,Black bass,10274,2012,NA,NA,NA,46.28,-80,5.4,medium_doc,282,-24.71,11.78,3.39,-28.13,4.33,-18.04,3.1,-23.9,0.58,4.3,-28.43,4.34,-17.77,2.99,-10.66
Johnston,Nipissing,N.Ontario,Black bass,10281,2012,NA,NA,NA,46.28,-80,5.4,medium_doc,272,-21.69,11.24,3.28,-28.13,4.33,-18.04,3.1,-21.1,0.3,4.3,-28.43,4.34,-17.77,2.99,-10.66
Johnston,Nipissing,N.Ontario,Black bass,11179,2013,NA,NA,NA,46.28,-80,5.4,medium_doc,269,-25.41,11.99,3.26,-28.13,4.33,-18.04,3.1,-24.8,0.67,4.4,-28.43,4.34,-17.77,2.99,-10.66
Johnston,Nipissing,N.Ontario,Black bass,11178,2013,NA,NA,NA,46.28,-80,5.4,medium_doc,264,-24.77,11.78,3.27,-28.13,4.33,-18.04,3.1,-24.2,0.61,4.3,-28.43,4.34,-17.77,2.99,-10.66
Johnston,Nipissing,N.Ontario,Black bass,10279,2012,NA,NA,NA,46.28,-80,5.4,medium_doc,255,-25.28,11.91,3.5,-28.13,4.33,-18.04,3.1,-24.3,0.62,4.4,-28.43,4.34,-17.77,2.99,-10.66
Johnston,Nipissing,N.Ontario,Black bass,10273,2012,NA,NA,NA,46.28,-80,5.4,medium_doc,220,-24.13,11.29,3.27,-28.13,4.33,-18.04,3.1,-23.5,0.54,4.2,-28.43,4.34,-17.77,2.99,-10.66
Johnston,Nipissing,N.Ontario,Black bass,10283,2012,NA,NA,NA,46.28,-80,5.4,medium_doc,208,-25.02,11.82,3.25,-28.13,4.33,-18.04,3.1,-24.5,0.64,4.3,-28.43,4.34,-17.77,2.99,-10.66
Johnston,Nipissing,N.Ontario,Black bass,10284,2012,NA,NA,NA,46.28,-80,5.4,medium_doc,204,-25.22,12.12,3.31,-28.13,4.33,-18.04,3.1,-24.6,0.65,4.4,-28.43,4.34,-17.77,2.99,-10.66
Johnston,Nipissing,N.Ontario,Black bass,10280,2012,NA,NA,NA,46.28,-80,5.4,medium_doc,182,-24.52,10.79,3.3,-28.13,4.33,-18.04,3.1,-23.9,0.58,4.1,-28.43,4.34,-17.77,2.99,-10.66
Johnston,Nipissing,N.Ontario,Black bass,10282,2012,NA,NA,NA,46.28,-80,5.4,medium_doc,182,-24.99,11.24,3.26,-28.13,4.33,-18.04,3.1,-24.4,0.63,4.2,-28.43,4.34,-17.77,2.99,-10.66
Johnston,Nipissing,N.Ontario,Walleye,NA,2003,NA,NA,NA,46.28,-80,5.4,medium_doc,739.78,-24.66,11.74,3.17,-28.13,4.33,-18.04,3.1,-24.3,0.62,4.3,-28.43,4.34,-17.77,2.99,-10.66
Johnston,Nipissing,N.Ontario,Walleye,NA,2003,NA,NA,NA,46.28,-80,5.4,medium_doc,712.56,-24.88,12.21,3.29,-28.13,4.33,-18.04,3.1,-24.3,0.62,4.5,-28.43,4.34,-17.77,2.99,-10.66
Johnston,Nipissing,N.Ontario,Walleye,10301,2012,NA,NA,NA,46.28,-80,5.4,medium_doc,712,-25.26,12.6,3.09,-28.13,4.33,-18.04,3.1,-25.1,0.7,4.5,-28.43,4.34,-17.77,2.99,-10.66
Johnston,Nipissing,N.Ontario,Walleye,NA,2003,NA,NA,NA,46.28,-80,5.4,medium_doc,670.68,-24.58,12.17,3.16,-28.13,4.33,-18.04,3.1,-24.2,0.61,4.4,-28.43,4.34,-17.77,2.99,-10.66
Johnston,Nipissing,N.Ontario,Walleye,10297,2012,NA,NA,NA,46.28,-80,5.4,medium_doc,658,-24.91,13.02,3.18,-28.13,4.33,-18.04,3.1,-24.5,0.64,4.7,-28.43,4.34,-17.77,2.99,-10.66
Johnston,Nipissing,N.Ontario,Walleye,NA,2012,NA,NA,NA,46.28,-80,5.4,medium_doc,654.98,-22.43,11.92,3.03,-28.13,4.33,-18.04,3.1,-22.4,0.43,4.4,-28.43,4.34,-17.77,2.99,-10.66
Johnston,Nipissing,N.Ontario,Walleye,9014,2012,NA,NA,NA,46.28,-80,5.4,medium_doc,650,-22.43,11.92,3.03,-28.13,4.33,-18.04,3.1,-22.4,0.43,4.4,-28.43,4.34,-17.77,2.99,-10.66
Johnston,Nipissing,N.Ontario,Walleye,NA,2003,NA,NA,NA,46.28,-80,5.4,medium_doc,631.94,-24.98,12.1,3.2,-28.13,4.33,-18.04,3.1,-24.5,0.64,4.4,-28.43,4.34,-17.77,2.99,-10.66
Johnston,Nipissing,N.Ontario,Walleye,8999,2012,NA,NA,NA,46.28,-80,5.4,medium_doc,626,-23.53,12.52,2.99,-28.13,4.33,-18.04,3.1,-23.6,0.55,4.6,-28.43,4.34,-17.77,2.99,-10.66
Johnston,Nipissing,N.Ontario,Walleye,NA,2012,NA,NA,NA,46.28,-80,5.4,medium_doc,623.57,-25.14,12.64,3.12,-28.13,4.33,-18.04,3.1,-24.9,0.68,4.6,-28.43,4.34,-17.77,2.99,-10.66
Johnston,Nipissing,N.Ontario,Walleye,NA,2012,NA,NA,NA,46.28,-80,5.4,medium_doc,622.52,-23.53,12.52,2.99,-28.13,4.33,-18.04,3.1,-23.6,0.55,4.6,-28.43,4.34,-17.77,2.99,-10.66
Johnston,Nipissing,N.Ontario,Walleye,9015,2012,NA,NA,NA,46.28,-80,5.4,medium_doc,619,-25.14,12.64,3.12,-28.13,4.33,-18.04,3.1,-24.9,0.68,4.6,-28.43,4.34,-17.77,2.99,-10.66
Johnston,Nipissing,N.Ontario,Walleye,10292,2012,NA,NA,NA,46.28,-80,5.4,medium_doc,615,-24.34,12.18,3.2,-28.13,4.33,-18.04,3.1,-23.9,0.58,4.5,-28.43,4.34,-17.77,2.99,-10.66
Johnston,Nipissing,N.Ontario,Walleye,9016,2012,NA,NA,NA,46.28,-80,5.4,medium_doc,603,-27.37,11.5,3.08,-28.13,4.33,-18.04,3.1,-27.2,0.91,4.1,-28.43,4.34,-17.77,2.99,-10.66
Johnston,Nipissing,N.Ontario,Walleye,NA,2012,NA,NA,NA,46.28,-80,5.4,medium_doc,601.58,-27.37,11.5,3.08,-28.13,4.33,-18.04,3.1,-27.2,0.91,4.1,-28.43,4.34,-17.77,2.99,-10.66
Johnston,Nipissing,N.Ontario,Walleye,10291,2012,NA,NA,NA,46.28,-80,5.4,medium_doc,595,-24.32,12.05,3.17,-28.13,4.33,-18.04,3.1,-23.9,0.58,4.4,-28.43,4.34,-17.77,2.99,-10.66
Johnston,Nipissing,N.Ontario,Walleye,NA,2003,NA,NA,NA,46.28,-80,5.4,medium_doc,592.16,-24.49,11.45,3.22,-28.13,4.33,-18.04,3.1,-24,0.59,4.2,-28.43,4.34,-17.77,2.99,-10.66
Johnston,Nipissing,N.Ontario,Walleye,10290,2012,NA,NA,NA,46.28,-80,5.4,medium_doc,581,-23.88,12.04,3.14,-28.13,4.33,-18.04,3.1,-23.6,0.55,4.4,-28.43,4.34,-17.77,2.99,-10.66
Johnston,Nipissing,N.Ontario,Walleye,NA,2012,NA,NA,NA,46.28,-80,5.4,medium_doc,576.45,-24.85,12.49,3.04,-28.13,4.33,-18.04,3.1,-24.8,0.67,4.5,-28.43,4.34,-17.77,2.99,-10.66
Johnston,Nipissing,N.Ontario,Walleye,8998,2012,NA,NA,NA,46.28,-80,5.4,medium_doc,573,-24.85,12.49,3.04,-28.13,4.33,-18.04,3.1,-24.8,0.67,4.5,-28.43,4.34,-17.77,2.99,-10.66
Johnston,Nipissing,N.Ontario,Walleye,NA,2003,NA,NA,NA,46.28,-80,5.4,medium_doc,570.17,-24.82,12.14,3.13,-28.13,4.33,-18.04,3.1,-24.5,0.64,4.4,-28.43,4.34,-17.77,2.99,-10.66
Johnston,Nipissing,N.Ontario,Walleye,9000,2012,NA,NA,NA,46.28,-80,5.4,medium_doc,569,-24.69,12.34,3.03,-28.13,4.33,-18.04,3.1,-24.6,0.65,4.5,-28.43,4.34,-17.77,2.99,-10.66
Johnston,Nipissing,N.Ontario,Walleye,NA,2012,NA,NA,NA,46.28,-80,5.4,medium_doc,567.03,-24.69,12.34,3.03,-28.13,4.33,-18.04,3.1,-24.6,0.65,4.5,-28.43,4.34,-17.77,2.99,-10.66
Johnston,Nipissing,N.Ontario,Walleye,10298,2012,NA,NA,NA,46.28,-80,5.4,medium_doc,541,-25.36,11.67,3.16,-28.13,4.33,-18.04,3.1,-25,0.69,4.3,-28.43,4.34,-17.77,2.99,-10.66
Johnston,Nipissing,N.Ontario,Walleye,NA,2003,NA,NA,NA,46.28,-80,5.4,medium_doc,532.48,-25.12,11.83,3.39,-28.13,4.33,-18.04,3.1,-24.3,0.62,4.3,-28.43,4.34,-17.77,2.99,-10.66
Johnston,Nipissing,N.Ontario,Walleye,9005,2012,NA,NA,NA,46.28,-80,5.4,medium_doc,527,-24.69,14.07,3.14,-28.13,4.33,-18.04,3.1,-24.4,0.63,5,-28.43,4.34,-17.77,2.99,-10.66
Johnston,Nipissing,N.Ontario,Walleye,NA,2012,NA,NA,NA,46.28,-80,5.4,medium_doc,524.1,-24.69,14.07,3.14,-28.13,4.33,-18.04,3.1,-24.4,0.63,5,-28.43,4.34,-17.77,2.99,-10.66
Johnston,Nipissing,N.Ontario,Walleye,NA,2003,NA,NA,NA,46.28,-80,5.4,medium_doc,518.87,-24.95,12,3.21,-28.13,4.33,-18.04,3.1,-24.5,0.64,4.4,-28.43,4.34,-17.77,2.99,-10.66
Johnston,Nipissing,N.Ontario,Walleye,9003,2012,NA,NA,NA,46.28,-80,5.4,medium_doc,511,-24.68,11.92,3.03,-28.13,4.33,-18.04,3.1,-24.6,0.65,4.4,-28.43,4.34,-17.77,2.99,-10.66
Johnston,Nipissing,N.Ontario,Walleye,NA,2012,NA,NA,NA,46.28,-80,5.4,medium_doc,506.3,-24.68,11.92,3.03,-28.13,4.33,-18.04,3.1,-24.6,0.65,4.4,-28.43,4.34,-17.77,2.99,-10.66
Johnston,Nipissing,N.Ontario,Walleye,9002,2012,NA,NA,NA,46.28,-80,5.4,medium_doc,506,-24.52,12.87,3.11,-28.13,4.33,-18.04,3.1,-24.3,0.62,4.6,-28.43,4.34,-17.77,2.99,-10.66
Johnston,Nipissing,N.Ontario,Walleye,NA,2012,NA,NA,NA,46.28,-80,5.4,medium_doc,504.21,-24.89,13.6,3.06,-28.13,4.33,-18.04,3.1,-24.8,0.67,4.8,-28.43,4.34,-17.77,2.99,-10.66
Johnston,Nipissing,N.Ontario,Walleye,9006,2012,NA,NA,NA,46.28,-80,5.4,medium_doc,504,-24.89,13.6,3.06,-28.13,4.33,-18.04,3.1,-24.8,0.67,4.8,-28.43,4.34,-17.77,2.99,-10.66
Johnston,Nipissing,N.Ontario,Walleye,NA,2012,NA,NA,NA,46.28,-80,5.4,medium_doc,501.07,-24.52,12.87,3.11,-28.13,4.33,-18.04,3.1,-24.3,0.62,4.6,-28.43,4.34,-17.77,2.99,-10.66
Johnston,Nipissing,N.Ontario,Walleye,NA,2003,NA,NA,NA,46.28,-80,5.4,medium_doc,498.97,-24.81,12.14,3.33,-28.13,4.33,-18.04,3.1,-24.1,0.6,4.4,-28.43,4.34,-17.77,2.99,-10.66
Johnston,Nipissing,N.Ontario,Walleye,NA,2003,NA,NA,NA,46.28,-80,5.4,medium_doc,497.93,-24.99,11.82,3.37,-28.13,4.33,-18.04,3.1,-24.2,0.61,4.3,-28.43,4.34,-17.77,2.99,-10.66
Johnston,Nipissing,N.Ontario,Walleye,9004,2012,NA,NA,NA,46.28,-80,5.4,medium_doc,494,-25.13,11.59,3.1,-28.13,4.33,-18.04,3.1,-24.9,0.68,4.3,-28.43,4.34,-17.77,2.99,-10.66
Johnston,Nipissing,N.Ontario,Walleye,9011,2012,NA,NA,NA,46.28,-80,5.4,medium_doc,490,-24.9,12.36,3.11,-28.13,4.33,-18.04,3.1,-24.7,0.66,4.5,-28.43,4.34,-17.77,2.99,-10.66
Johnston,Nipissing,N.Ontario,Walleye,NA,2012,NA,NA,NA,46.28,-80,5.4,medium_doc,487.46,-25.13,11.59,3.1,-28.13,4.33,-18.04,3.1,-24.9,0.68,4.3,-28.43,4.34,-17.77,2.99,-10.66
Johnston,Nipissing,N.Ontario,Walleye,NA,2003,NA,NA,NA,46.28,-80,5.4,medium_doc,486.41,-24.82,11.54,3.39,-28.13,4.33,-18.04,3.1,-24,0.59,4.3,-28.43,4.34,-17.77,2.99,-10.66
Johnston,Nipissing,N.Ontario,Walleye,NA,2012,NA,NA,NA,46.28,-80,5.4,medium_doc,484.31,-24.9,12.36,3.11,-28.13,4.33,-18.04,3.1,-24.7,0.66,4.5,-28.43,4.34,-17.77,2.99,-10.66
Johnston,Nipissing,N.Ontario,Walleye,NA,2003,NA,NA,NA,46.28,-80,5.4,medium_doc,475.94,-24.82,11.81,3.41,-28.13,4.33,-18.04,3.1,-24,0.59,4.3,-28.43,4.34,-17.77,2.99,-10.66
Johnston,Nipissing,N.Ontario,Walleye,NA,2003,NA,NA,NA,46.28,-80,5.4,medium_doc,474.89,-24.77,11.38,3.34,-28.13,4.33,-18.04,3.1,-24,0.59,4.2,-28.43,4.34,-17.77,2.99,-10.66
Johnston,Nipissing,N.Ontario,Walleye,9017,2012,NA,NA,NA,46.28,-80,5.4,medium_doc,472,-24.99,12.25,3.1,-28.13,4.33,-18.04,3.1,-24.8,0.67,4.4,-28.43,4.34,-17.77,2.99,-10.66
Johnston,Nipissing,N.Ontario,Walleye,9001,2012,NA,NA,NA,46.28,-80,5.4,medium_doc,469,-24.75,11.98,3.04,-28.13,4.33,-18.04,3.1,-24.7,0.66,4.4,-28.43,4.34,-17.77,2.99,-10.66
Johnston,Nipissing,N.Ontario,Walleye,NA,2012,NA,NA,NA,46.28,-80,5.4,medium_doc,468.61,-24.99,12.25,3.1,-28.13,4.33,-18.04,3.1,-24.8,0.67,4.4,-28.43,4.34,-17.77,2.99,-10.66
Johnston,Nipissing,N.Ontario,Walleye,9008,2012,NA,NA,NA,46.28,-80,5.4,medium_doc,468,-25.19,12.1,3.12,-28.13,4.33,-18.04,3.1,-24.9,0.68,4.4,-28.43,4.34,-17.77,2.99,-10.66
Johnston,Nipissing,N.Ontario,Walleye,10300,2012,NA,NA,NA,46.28,-80,5.4,medium_doc,467,-25.6,11.77,3.14,-28.13,4.33,-18.04,3.1,-25.3,0.72,4.3,-28.43,4.34,-17.77,2.99,-10.66
Johnston,Nipissing,N.Ontario,Walleye,NA,2012,NA,NA,NA,46.28,-80,5.4,medium_doc,466.52,-25.19,12.1,3.12,-28.13,4.33,-18.04,3.1,-24.9,0.68,4.4,-28.43,4.34,-17.77,2.99,-10.66
Johnston,Nipissing,N.Ontario,Walleye,NA,2012,NA,NA,NA,46.28,-80,5.4,medium_doc,465.47,-24.75,11.98,3.04,-28.13,4.33,-18.04,3.1,-24.7,0.66,4.4,-28.43,4.34,-17.77,2.99,-10.66
Johnston,Nipissing,N.Ontario,Walleye,NA,2003,NA,NA,NA,46.28,-80,5.4,medium_doc,456.05,-25.01,11.35,3.33,-28.13,4.33,-18.04,3.1,-24.3,0.62,4.2,-28.43,4.34,-17.77,2.99,-10.66
Johnston,Nipissing,N.Ontario,Walleye,NA,2003,NA,NA,NA,46.28,-80,5.4,medium_doc,450.81,-24.69,11.27,3.38,-28.13,4.33,-18.04,3.1,-23.9,0.58,4.2,-28.43,4.34,-17.77,2.99,-10.66
Johnston,Nipissing,N.Ontario,Walleye,NA,2003,NA,NA,NA,46.28,-80,5.4,medium_doc,446.62,-24.61,12,3.24,-28.13,4.33,-18.04,3.1,-24.1,0.6,4.4,-28.43,4.34,-17.77,2.99,-10.66
Johnston,Nipissing,N.Ontario,Walleye,NA,2003,NA,NA,NA,46.28,-80,5.4,medium_doc,435.11,-24.47,11.66,3.23,-28.13,4.33,-18.04,3.1,-24,0.59,4.3,-28.43,4.34,-17.77,2.99,-10.66
Johnston,Nipissing,N.Ontario,Walleye,9013,2012,NA,NA,NA,46.28,-80,5.4,medium_doc,430,-25.69,12.03,3.22,-28.13,4.33,-18.04,3.1,-25.2,0.71,4.4,-28.43,4.34,-17.77,2.99,-10.66
Johnston,Nipissing,N.Ontario,Walleye,NA,2012,NA,NA,NA,46.28,-80,5.4,medium_doc,427.78,-25.69,12.03,3.22,-28.13,4.33,-18.04,3.1,-25.2,0.71,4.4,-28.43,4.34,-17.77,2.99,-10.66
Johnston,Nipissing,N.Ontario,Walleye,9007,2012,NA,NA,NA,46.28,-80,5.4,medium_doc,427,-25.53,12.21,3.08,-28.13,4.33,-18.04,3.1,-25.4,0.73,4.4,-28.43,4.34,-17.77,2.99,-10.66
Johnston,Nipissing,N.Ontario,Walleye,NA,2012,NA,NA,NA,46.28,-80,5.4,medium_doc,421.49,-25.53,12.21,3.08,-28.13,4.33,-18.04,3.1,-25.4,0.73,4.4,-28.43,4.34,-17.77,2.99,-10.66
Johnston,Nipissing,N.Ontario,Walleye,NA,2003,NA,NA,NA,46.28,-80,5.4,medium_doc,409.98,-24.7,11.24,3.24,-28.13,4.33,-18.04,3.1,-24.2,0.61,4.2,-28.43,4.34,-17.77,2.99,-10.66
Johnston,Nipissing,N.Ontario,Walleye,11185,2013,NA,NA,NA,46.28,-80,5.4,medium_doc,407,-25.49,11.62,3.26,-28.13,4.33,-18.04,3.1,-24.9,0.68,4.3,-28.43,4.34,-17.77,2.99,-10.66
Johnston,Nipissing,N.Ontario,Walleye,11181,2013,NA,NA,NA,46.28,-80,5.4,medium_doc,400,-25.4,11.58,3.3,-28.13,4.33,-18.04,3.1,-24.8,0.67,4.3,-28.43,4.34,-17.77,2.99,-10.66
Johnston,Nipissing,N.Ontario,Walleye,NA,2003,NA,NA,NA,46.28,-80,5.4,medium_doc,397.41,-24.3,12.06,3.16,-28.13,4.33,-18.04,3.1,-23.9,0.58,4.4,-28.43,4.34,-17.77,2.99,-10.66
Johnston,Nipissing,N.Ontario,Walleye,11180,2013,NA,NA,NA,46.28,-80,5.4,medium_doc,390,-25.6,11.43,3.23,-28.13,4.33,-18.04,3.1,-25.1,0.7,4.2,-28.43,4.34,-17.77,2.99,-10.66
Johnston,Nipissing,N.Ontario,Walleye,9012,2012,NA,NA,NA,46.28,-80,5.4,medium_doc,386,-25.28,12.08,3.08,-28.13,4.33,-18.04,3.1,-25.1,0.7,4.4,-28.43,4.34,-17.77,2.99,-10.66
Johnston,Nipissing,N.Ontario,Walleye,9009,2012,NA,NA,NA,46.28,-80,5.4,medium_doc,384,-25.04,12.08,3.06,-28.13,4.33,-18.04,3.1,-24.9,0.68,4.4,-28.43,4.34,-17.77,2.99,-10.66
Johnston,Nipissing,N.Ontario,Walleye,10299,2012,NA,NA,NA,46.28,-80,5.4,medium_doc,384,-25.61,11.34,3.19,-28.13,4.33,-18.04,3.1,-25.2,0.71,4.2,-28.43,4.34,-17.77,2.99,-10.66
Johnston,Nipissing,N.Ontario,Walleye,NA,2012,NA,NA,NA,46.28,-80,5.4,medium_doc,383.8,-25.28,12.08,3.08,-28.13,4.33,-18.04,3.1,-25.1,0.7,4.4,-28.43,4.34,-17.77,2.99,-10.66
Johnston,Nipissing,N.Ontario,Walleye,NA,2012,NA,NA,NA,46.28,-80,5.4,medium_doc,382.75,-25.04,12.08,3.06,-28.13,4.33,-18.04,3.1,-24.9,0.68,4.4,-28.43,4.34,-17.77,2.99,-10.66
Johnston,Nipissing,N.Ontario,Walleye,11186,2013,NA,NA,NA,46.28,-80,5.4,medium_doc,382,-25.71,11.87,3.34,-28.13,4.33,-18.04,3.1,-25,0.69,4.3,-28.43,4.34,-17.77,2.99,-10.66
Johnston,Nipissing,N.Ontario,Walleye,9010,2012,NA,NA,NA,46.28,-80,5.4,medium_doc,378,-24.12,11.64,3.12,-28.13,4.33,-18.04,3.1,-23.9,0.58,4.3,-28.43,4.34,-17.77,2.99,-10.66
Johnston,Nipissing,N.Ontario,Walleye,NA,2012,NA,NA,NA,46.28,-80,5.4,medium_doc,374.38,-24.12,11.64,3.12,-28.13,4.33,-18.04,3.1,-23.9,0.58,4.3,-28.43,4.34,-17.77,2.99,-10.66
Johnston,Nipissing,N.Ontario,Walleye,11183,2013,NA,NA,NA,46.28,-80,5.4,medium_doc,355,-25.5,11.52,3.23,-28.13,4.33,-18.04,3.1,-25,0.69,4.2,-28.43,4.34,-17.77,2.99,-10.66
Johnston,Nipissing,N.Ontario,Walleye,11184,2013,NA,NA,NA,46.28,-80,5.4,medium_doc,355,-25.65,11.61,3.22,-28.13,4.33,-18.04,3.1,-25.2,0.71,4.2,-28.43,4.34,-17.77,2.99,-10.66
Johnston,Nipissing,N.Ontario,Walleye,10293,2012,NA,NA,NA,46.28,-80,5.4,medium_doc,340,-25.57,11.09,3.19,-28.13,4.33,-18.04,3.1,-25.1,0.7,4.1,-28.43,4.34,-17.77,2.99,-10.66
Johnston,Nipissing,N.Ontario,Walleye,11188,2013,NA,NA,NA,46.28,-80,5.4,medium_doc,332,-25.44,11.71,3.26,-28.13,4.33,-18.04,3.1,-24.9,0.68,4.3,-28.43,4.34,-17.77,2.99,-10.66
Johnston,Nipissing,N.Ontario,Walleye,11182,2013,NA,NA,NA,46.28,-80,5.4,medium_doc,332,-25.98,11.73,3.24,-28.13,4.33,-18.04,3.1,-25.5,0.74,4.3,-28.43,4.34,-17.77,2.99,-10.66
Johnston,Nipissing,N.Ontario,Walleye,NA,2003,NA,NA,NA,46.28,-80,5.4,medium_doc,315.75,-25.15,11.13,3.26,-28.13,4.33,-18.04,3.1,-24.6,0.65,4.1,-28.43,4.34,-17.77,2.99,-10.66
Johnston,Nipissing,N.Ontario,Walleye,11187,2013,NA,NA,NA,46.28,-80,5.4,medium_doc,311,-25.92,11.38,3.22,-28.13,4.33,-18.04,3.1,-25.4,0.73,4.2,-28.43,4.34,-17.77,2.99,-10.66
Johnston,Nipissing,N.Ontario,Walleye,10287,2012,NA,NA,NA,46.28,-80,5.4,medium_doc,309,-26.03,11.01,3.18,-28.13,4.33,-18.04,3.1,-25.6,0.75,4.1,-28.43,4.34,-17.77,2.99,-10.66
Johnston,Nipissing,N.Ontario,Walleye,11189,2013,NA,NA,NA,46.28,-80,5.4,medium_doc,299,-25.81,11.2,3.22,-28.13,4.33,-18.04,3.1,-25.3,0.72,4.1,-28.43,4.34,-17.77,2.99,-10.66
Johnston,Nipissing,N.Ontario,Walleye,10288,2012,NA,NA,NA,46.28,-80,5.4,medium_doc,298,-26.04,10.91,3.16,-28.13,4.33,-18.04,3.1,-25.7,0.76,4,-28.43,4.34,-17.77,2.99,-10.66
Johnston,Nipissing,N.Ontario,Walleye,10295,2012,NA,NA,NA,46.28,-80,5.4,medium_doc,269,-24.92,11.24,3.19,-28.13,4.33,-18.04,3.1,-24.5,0.64,4.2,-28.43,4.34,-17.77,2.99,-10.66
Johnston,Nipissing,N.Ontario,Walleye,10289,2012,NA,NA,NA,46.28,-80,5.4,medium_doc,264,-26.06,11.06,3.17,-28.13,4.33,-18.04,3.1,-25.7,0.76,4.1,-28.43,4.34,-17.77,2.99,-10.66
Johnston,Nipissing,N.Ontario,Walleye,10296,2012,NA,NA,NA,46.28,-80,5.4,medium_doc,259,-25.21,10.91,3.17,-28.13,4.33,-18.04,3.1,-24.8,0.67,4.1,-28.43,4.34,-17.77,2.99,-10.66
Johnston,Nipissing,N.Ontario,Walleye,10294,2012,NA,NA,NA,46.28,-80,5.4,medium_doc,185,-25.61,10.93,3.22,-28.13,4.33,-18.04,3.1,-25.1,0.7,4,-28.43,4.34,-17.77,2.99,-10.66
Johnston,Nipissing,N.Ontario,Yellow perch,11252,2013,10,16,2013-10-16,46.28,-80,5.4,medium_doc,290,-25.31,12.35,3.17,-28.13,4.33,-18.04,3.1,-24.9,0.68,4.5,-28.43,4.34,-17.77,2.99,-10.66
Johnston,Nipissing,N.Ontario,Yellow perch,11250,2013,10,16,2013-10-16,46.28,-80,5.4,medium_doc,285,-25.63,11.52,3.18,-28.13,4.33,-18.04,3.1,-25.2,0.71,4.2,-28.43,4.34,-17.77,2.99,-10.66
Johnston,Nipissing,N.Ontario,Yellow perch,9773,2012,NA,NA,NA,46.28,-80,5.4,medium_doc,284,-25.51,11.87,3.14,-28.13,4.33,-18.04,3.1,-25.2,0.71,4.3,-28.43,4.34,-17.77,2.99,-10.66
Johnston,Nipissing,N.Ontario,Yellow perch,11251,2013,10,16,2013-10-16,46.28,-80,5.4,medium_doc,275,-25.55,11.29,3.21,-28.13,4.33,-18.04,3.1,-25.1,0.7,4.2,-28.43,4.34,-17.77,2.99,-10.66
Johnston,Nipissing,N.Ontario,Yellow perch,9772,2012,NA,NA,NA,46.28,-80,5.4,medium_doc,271,-25.62,12.14,3.17,-28.13,4.33,-18.04,3.1,-25.2,0.71,4.4,-28.43,4.34,-17.77,2.99,-10.66
Johnston,Nipissing,N.Ontario,Yellow perch,9771,2012,NA,NA,NA,46.28,-80,5.4,medium_doc,263,-25.87,11.49,3.16,-28.13,4.33,-18.04,3.1,-25.5,0.74,4.2,-28.43,4.34,-17.77,2.99,-10.66
Johnston,Nipissing,N.Ontario,Yellow perch,11257,2013,10,16,2013-10-16,46.28,-80,5.4,medium_doc,256,-25.42,11.61,3.15,-28.13,4.33,-18.04,3.1,-25.1,0.7,4.2,-28.43,4.34,-17.77,2.99,-10.66
Johnston,Nipissing,N.Ontario,Yellow perch,9774,2012,NA,NA,NA,46.28,-80,5.4,medium_doc,253,-25.94,11.16,3.17,-28.13,4.33,-18.04,3.1,-25.6,0.75,4.1,-28.43,4.34,-17.77,2.99,-10.66
Johnston,Nipissing,N.Ontario,Yellow perch,11256,2013,10,16,2013-10-16,46.28,-80,5.4,medium_doc,247,-25.78,11.25,3.18,-28.13,4.33,-18.04,3.1,-25.4,0.73,4.1,-28.43,4.34,-17.77,2.99,-10.66
Johnston,Nipissing,N.Ontario,Yellow perch,9782,2012,NA,NA,NA,46.28,-80,5.4,medium_doc,236,-25.78,11.12,3.21,-28.13,4.33,-18.04,3.1,-25.3,0.72,4.1,-28.43,4.34,-17.77,2.99,-10.66
Johnston,Nipissing,N.Ontario,Yellow perch,11253,2013,10,16,2013-10-16,46.28,-80,5.4,medium_doc,236,-25.67,11.27,3.19,-28.13,4.33,-18.04,3.1,-25.2,0.71,4.1,-28.43,4.34,-17.77,2.99,-10.66
Johnston,Nipissing,N.Ontario,Yellow perch,9760,2012,NA,NA,NA,46.28,-80,5.4,medium_doc,233,-25.91,10.67,3.15,-28.13,4.33,-18.04,3.1,-25.6,0.75,4,-28.43,4.34,-17.77,2.99,-10.66
Johnston,Nipissing,N.Ontario,Yellow perch,9766,2012,NA,NA,NA,46.28,-80,5.4,medium_doc,228,-26.1,10.99,3.19,-28.13,4.33,-18.04,3.1,-25.7,0.76,4,-28.43,4.34,-17.77,2.99,-10.66
Johnston,Nipissing,N.Ontario,Yellow perch,9759,2012,NA,NA,NA,46.28,-80,5.4,medium_doc,226,-25.8,11.32,3.16,-28.13,4.33,-18.04,3.1,-25.4,0.73,4.2,-28.43,4.34,-17.77,2.99,-10.66
Johnston,Nipissing,N.Ontario,Yellow perch,9761,2012,NA,NA,NA,46.28,-80,5.4,medium_doc,225,-25.81,10.7,3.13,-28.13,4.33,-18.04,3.1,-25.5,0.74,4,-28.43,4.34,-17.77,2.99,-10.66
Johnston,Nipissing,N.Ontario,Yellow perch,9762,2012,NA,NA,NA,46.28,-80,5.4,medium_doc,223,-26.12,11.16,3.18,-28.13,4.33,-18.04,3.1,-25.7,0.76,4.1,-28.43,4.34,-17.77,2.99,-10.66
Johnston,Nipissing,N.Ontario,Yellow perch,9765,2012,NA,NA,NA,46.28,-80,5.4,medium_doc,222,-26,10.76,3.19,-28.13,4.33,-18.04,3.1,-25.6,0.75,4,-28.43,4.34,-17.77,2.99,-10.66
Johnston,Nipissing,N.Ontario,Yellow perch,11254,2013,10,16,2013-10-16,46.28,-80,5.4,medium_doc,222,-25.79,11.14,3.28,-28.13,4.33,-18.04,3.1,-25.2,0.71,4.1,-28.43,4.34,-17.77,2.99,-10.66
Johnston,Nipissing,N.Ontario,Yellow perch,9763,2012,NA,NA,NA,46.28,-80,5.4,medium_doc,218,-26.48,10.65,3.15,-28.13,4.33,-18.04,3.1,-26.1,0.8,3.9,-28.43,4.34,-17.77,2.99,-10.66
Johnston,Nipissing,N.Ontario,Yellow perch,9764,2012,NA,NA,NA,46.28,-80,5.4,medium_doc,218,-25.73,10.97,3.22,-28.13,4.33,-18.04,3.1,-25.2,0.71,4.1,-28.43,4.34,-17.77,2.99,-10.66
Johnston,Nipissing,N.Ontario,Yellow perch,9752,2012,NA,NA,NA,46.28,-80,5.4,medium_doc,217,-25.65,11.36,3.15,-28.13,4.33,-18.04,3.1,-25.3,0.72,4.2,-28.43,4.34,-17.77,2.99,-10.66
Johnston,Nipissing,N.Ontario,Yellow perch,9751,2012,NA,NA,NA,46.28,-80,5.4,medium_doc,214,-26.07,10.95,3.2,-28.13,4.33,-18.04,3.1,-25.6,0.75,4,-28.43,4.34,-17.77,2.99,-10.66
Johnston,Nipissing,N.Ontario,Yellow perch,9753,2012,NA,NA,NA,46.28,-80,5.4,medium_doc,213,-26.07,10.94,3.16,-28.13,4.33,-18.04,3.1,-25.7,0.76,4,-28.43,4.34,-17.77,2.99,-10.66
Johnston,Nipissing,N.Ontario,Yellow perch,9775,2012,NA,NA,NA,46.28,-80,5.4,medium_doc,209,-23.82,10.42,3.14,-28.13,4.33,-18.04,3.1,-23.5,0.54,4,-28.43,4.34,-17.77,2.99,-10.66
Johnston,Nipissing,N.Ontario,Yellow perch,9783,2012,NA,NA,NA,46.28,-80,5.4,medium_doc,203,-26.02,10.8,3.16,-28.13,4.33,-18.04,3.1,-25.7,0.76,4,-28.43,4.34,-17.77,2.99,-10.66
Johnston,Nipissing,N.Ontario,Yellow perch,9754,2012,NA,NA,NA,46.28,-80,5.4,medium_doc,192,-22.9,10.7,3.12,-28.13,4.33,-18.04,3.1,-22.6,0.45,4.1,-28.43,4.34,-17.77,2.99,-10.66
Johnston,Nipissing,N.Ontario,Yellow perch,9776,2012,NA,NA,NA,46.28,-80,5.4,medium_doc,181,-25.8,10.64,3.19,-28.13,4.33,-18.04,3.1,-25.4,0.73,4,-28.43,4.34,-17.77,2.99,-10.66
Johnston,Nipissing,N.Ontario,Yellow perch,9784,2012,NA,NA,NA,46.28,-80,5.4,medium_doc,163,-25.59,10.47,3.26,-28.13,4.33,-18.04,3.1,-25,0.69,3.9,-28.43,4.34,-17.77,2.99,-10.66
Johnston,Nipissing,N.Ontario,Yellow perch,11255,2013,10,16,2013-10-16,46.28,-80,5.4,medium_doc,158,-26.87,11,3.18,-28.13,4.33,-18.04,3.1,-26.5,0.84,4,-28.43,4.34,-17.77,2.99,-10.66
Johnston,Nipissing,N.Ontario,Yellow perch,9780,2012,NA,NA,NA,46.28,-80,5.4,medium_doc,151,-27.53,9.67,3.21,-28.13,4.33,-18.04,3.1,-27.1,0.9,3.6,-28.43,4.34,-17.77,2.99,-10.66
Johnston,Nipissing,N.Ontario,Yellow perch,9757,2012,NA,NA,NA,46.28,-80,5.4,medium_doc,149,-27.77,10.07,3.16,-28.13,4.33,-18.04,3.1,-27.4,0.93,3.7,-28.43,4.34,-17.77,2.99,-10.66
Johnston,Nipissing,N.Ontario,Yellow perch,9756,2012,NA,NA,NA,46.28,-80,5.4,medium_doc,146,-27.92,10.42,3.15,-28.13,4.33,-18.04,3.1,-27.6,0.95,3.8,-28.43,4.34,-17.77,2.99,-10.66
Johnston,Nipissing,N.Ontario,Yellow perch,9779,2012,NA,NA,NA,46.28,-80,5.4,medium_doc,146,-29.02,8.69,3.19,-28.13,4.33,-18.04,3.1,-28.6,1,3.3,-28.43,4.34,-17.77,2.99,-10.66
Johnston,Nipissing,N.Ontario,Yellow perch,9777,2012,NA,NA,NA,46.28,-80,5.4,medium_doc,144,-25.04,10.09,3.17,-28.13,4.33,-18.04,3.1,-24.7,0.66,3.8,-28.43,4.34,-17.77,2.99,-10.66
Johnston,Nipissing,N.Ontario,Yellow perch,9755,2012,NA,NA,NA,46.28,-80,5.4,medium_doc,142,-28.01,10.43,3.18,-28.13,4.33,-18.04,3.1,-27.6,0.95,3.8,-28.43,4.34,-17.77,2.99,-10.66
Johnston,Nipissing,N.Ontario,Yellow perch,9758,2012,NA,NA,NA,46.28,-80,5.4,medium_doc,141,-27.67,10.69,3.15,-28.13,4.33,-18.04,3.1,-27.3,0.92,3.9,-28.43,4.34,-17.77,2.99,-10.66
Johnston,Nipissing,N.Ontario,Yellow perch,9781,2012,NA,NA,NA,46.28,-80,5.4,medium_doc,141,-28.56,9.42,3.21,-28.13,4.33,-18.04,3.1,-28.1,1,3.5,-28.43,4.34,-17.77,2.99,-10.66
Johnston,Nipissing,N.Ontario,Yellow perch,11248,2013,10,16,2013-10-16,46.28,-80,5.4,medium_doc,115,-26.09,9.74,3.19,-28.13,4.33,-18.04,3.1,-25.7,0.76,3.7,-28.43,4.34,-17.77,2.99,-10.66
Johnston,Nipissing,N.Ontario,Yellow perch,9785,2012,NA,NA,NA,46.28,-80,5.4,medium_doc,111,-25.54,9.88,3.27,-28.13,4.33,-18.04,3.1,-25,0.69,3.7,-28.43,4.34,-17.77,2.99,-10.66
Johnston,Nipissing,N.Ontario,Yellow perch,11249,2013,10,16,2013-10-16,46.28,-80,5.4,medium_doc,98,-26.19,9.76,3.21,-28.13,4.33,-18.04,3.1,-25.7,0.76,3.7,-28.43,4.34,-17.77,2.99,-10.66
Johnston,Nipissing,N.Ontario,Yellow perch,9778,2012,NA,NA,NA,46.28,-80,5.4,medium_doc,94,-34.16,7.04,3.22,-28.13,4.33,-18.04,3.1,-33.7,1,2.6,-28.43,4.34,-17.77,2.99,-10.66
Johnston,Nipissing,N.Ontario,Walleye,NA,2011,NA,NA,NA,46.28,-80,5.4,medium_doc,665.45,-24.88,12.68,3.19,-26.22,4.12,-18.04,3.1,-24.5,0.79,4.6,-28.43,4.34,-17.77,2.99,-10.66
Johnston,Nipissing,N.Ontario,Walleye,6501,2011,NA,NA,NA,46.28,-80,5.4,medium_doc,663,-24.88,12.68,3.19,-26.22,4.12,-18.04,3.1,-24.5,0.79,4.6,-28.43,4.34,-17.77,2.99,-10.66
Johnston,Nipissing,N.Ontario,Walleye,6509,2011,NA,NA,NA,46.28,-80,5.4,medium_doc,620,-25.47,12.65,3.19,-26.22,4.12,-18.04,3.1,-25,0.85,4.6,-28.43,4.34,-17.77,2.99,-10.66
Johnston,Nipissing,N.Ontario,Walleye,NA,2011,NA,NA,NA,46.28,-80,5.4,medium_doc,619.38,-25.47,12.65,3.19,-26.22,4.12,-18.04,3.1,-25,0.85,4.6,-28.43,4.34,-17.77,2.99,-10.66
Johnston,Nipissing,N.Ontario,Walleye,6502,2011,NA,NA,NA,46.28,-80,5.4,medium_doc,585,-24.69,12.23,3.24,-26.22,4.12,-18.04,3.1,-24.2,0.75,4.5,-28.43,4.34,-17.77,2.99,-10.66
Johnston,Nipissing,N.Ontario,Walleye,NA,2011,NA,NA,NA,46.28,-80,5.4,medium_doc,582.73,-24.69,12.23,3.24,-26.22,4.12,-18.04,3.1,-24.2,0.75,4.5,-28.43,4.34,-17.77,2.99,-10.66
Johnston,Nipissing,N.Ontario,Walleye,6505,2011,NA,NA,NA,46.28,-80,5.4,medium_doc,539,-25.09,12.25,3.25,-26.22,4.12,-18.04,3.1,-24.5,0.79,4.5,-28.43,4.34,-17.77,2.99,-10.66
Johnston,Nipissing,N.Ontario,Walleye,6511,2011,NA,NA,NA,46.28,-80,5.4,medium_doc,539,-25.02,12.16,3.19,-26.22,4.12,-18.04,3.1,-24.6,0.8,4.4,-28.43,4.34,-17.77,2.99,-10.66
Johnston,Nipissing,N.Ontario,Walleye,NA,2011,NA,NA,NA,46.28,-80,5.4,medium_doc,537.71,-25.02,12.16,3.19,-26.22,4.12,-18.04,3.1,-24.6,0.8,4.4,-28.43,4.34,-17.77,2.99,-10.66
Johnston,Nipissing,N.Ontario,Walleye,NA,2011,NA,NA,NA,46.28,-80,5.4,medium_doc,536.66,-25.09,12.25,3.25,-26.22,4.12,-18.04,3.1,-24.5,0.79,4.5,-28.43,4.34,-17.77,2.99,-10.66
Johnston,Nipissing,N.Ontario,Walleye,NA,2011,NA,NA,NA,46.28,-80,5.4,medium_doc,520.96,-24.37,12.54,3.2,-26.22,4.12,-18.04,3.1,-23.9,0.72,4.6,-28.43,4.34,-17.77,2.99,-10.66
Johnston,Nipissing,N.Ontario,Walleye,6503,2011,NA,NA,NA,46.28,-80,5.4,medium_doc,519,-24.37,12.54,3.2,-26.22,4.12,-18.04,3.1,-23.9,0.72,4.6,-28.43,4.34,-17.77,2.99,-10.66
Johnston,Nipissing,N.Ontario,Walleye,6513,2011,NA,NA,NA,46.28,-80,5.4,medium_doc,511,-24.82,14.49,3.39,-26.22,4.12,-18.04,3.1,-24,0.73,5.1,-28.43,4.34,-17.77,2.99,-10.66
Johnston,Nipissing,N.Ontario,Walleye,NA,2011,NA,NA,NA,46.28,-80,5.4,medium_doc,509.44,-24.82,14.49,3.39,-26.22,4.12,-18.04,3.1,-24,0.73,5.1,-28.43,4.34,-17.77,2.99,-10.66
Johnston,Nipissing,N.Ontario,Walleye,6507,2011,NA,NA,NA,46.28,-80,5.4,medium_doc,505,-24.58,12.98,3.24,-26.22,4.12,-18.04,3.1,-24.1,0.74,4.7,-28.43,4.34,-17.77,2.99,-10.66
Johnston,Nipissing,N.Ontario,Walleye,NA,2011,NA,NA,NA,46.28,-80,5.4,medium_doc,503.16,-24.58,12.98,3.24,-26.22,4.12,-18.04,3.1,-24.1,0.74,4.7,-28.43,4.34,-17.77,2.99,-10.66
Johnston,Nipissing,N.Ontario,Walleye,6515,2011,NA,NA,NA,46.28,-80,5.4,medium_doc,484,-25.5,12.3,3.21,-26.22,4.12,-18.04,3.1,-25,0.85,4.5,-28.43,4.34,-17.77,2.99,-10.66
Johnston,Nipissing,N.Ontario,Walleye,NA,2011,NA,NA,NA,46.28,-80,5.4,medium_doc,483.27,-25.5,12.3,3.21,-26.22,4.12,-18.04,3.1,-25,0.85,4.5,-28.43,4.34,-17.77,2.99,-10.66
Johnston,Nipissing,N.Ontario,Walleye,6510,2011,NA,NA,NA,46.28,-80,5.4,medium_doc,483,-25.18,12.17,3.23,-26.22,4.12,-18.04,3.1,-24.7,0.81,4.4,-28.43,4.34,-17.77,2.99,-10.66
Johnston,Nipissing,N.Ontario,Walleye,NA,2011,NA,NA,NA,46.28,-80,5.4,medium_doc,482.22,-25.18,12.17,3.23,-26.22,4.12,-18.04,3.1,-24.7,0.81,4.4,-28.43,4.34,-17.77,2.99,-10.66
Johnston,Nipissing,N.Ontario,Walleye,6504,2011,NA,NA,NA,46.28,-80,5.4,medium_doc,471,-25.78,12.01,3.28,-26.22,4.12,-18.04,3.1,-25.2,0.88,4.4,-28.43,4.34,-17.77,2.99,-10.66
Johnston,Nipissing,N.Ontario,Walleye,6506,2011,NA,NA,NA,46.28,-80,5.4,medium_doc,471,-26.04,11.96,3.37,-26.22,4.12,-18.04,3.1,-25.3,0.89,4.3,-28.43,4.34,-17.77,2.99,-10.66
Johnston,Nipissing,N.Ontario,Walleye,NA,2011,NA,NA,NA,46.28,-80,5.4,medium_doc,468.61,-25.78,12.01,3.28,-26.22,4.12,-18.04,3.1,-25.2,0.88,4.4,-28.43,4.34,-17.77,2.99,-10.66
Johnston,Nipissing,N.Ontario,Walleye,NA,2011,NA,NA,NA,46.28,-80,5.4,medium_doc,466.52,-26.04,11.96,3.37,-26.22,4.12,-18.04,3.1,-25.3,0.89,4.3,-28.43,4.34,-17.77,2.99,-10.66
Johnston,Nipissing,N.Ontario,Walleye,6508,2011,NA,NA,NA,46.28,-80,5.4,medium_doc,451,-25.18,11.98,3.2,-26.22,4.12,-18.04,3.1,-24.7,0.81,4.4,-28.43,4.34,-17.77,2.99,-10.66
Johnston,Nipissing,N.Ontario,Walleye,6514,2011,NA,NA,NA,46.28,-80,5.4,medium_doc,448,-25.14,12.2,3.22,-26.22,4.12,-18.04,3.1,-24.7,0.81,4.4,-28.43,4.34,-17.77,2.99,-10.66
Johnston,Nipissing,N.Ontario,Walleye,NA,2011,NA,NA,NA,46.28,-80,5.4,medium_doc,447.67,-25.14,12.2,3.22,-26.22,4.12,-18.04,3.1,-24.7,0.81,4.4,-28.43,4.34,-17.77,2.99,-10.66
Johnston,Nipissing,N.Ontario,Walleye,NA,2011,NA,NA,NA,46.28,-80,5.4,medium_doc,446.62,-25.18,11.98,3.2,-26.22,4.12,-18.04,3.1,-24.7,0.81,4.4,-28.43,4.34,-17.77,2.99,-10.66
Johnston,Nipissing,N.Ontario,Walleye,6516,2011,NA,NA,NA,46.28,-80,5.4,medium_doc,440,-25.22,12.47,3.25,-26.22,4.12,-18.04,3.1,-24.7,0.81,4.5,-28.43,4.34,-17.77,2.99,-10.66
Johnston,Nipissing,N.Ontario,Walleye,NA,2011,NA,NA,NA,46.28,-80,5.4,medium_doc,437.2,-25.22,12.47,3.25,-26.22,4.12,-18.04,3.1,-24.7,0.81,4.5,-28.43,4.34,-17.77,2.99,-10.66
Johnston,Nipissing,N.Ontario,Walleye,NA,2011,NA,NA,NA,46.28,-80,5.4,medium_doc,430.92,-26.02,12.53,3.33,-26.22,4.12,-18.04,3.1,-25.3,0.89,4.5,-28.43,4.34,-17.77,2.99,-10.66
Johnston,Nipissing,N.Ontario,Walleye,6517,2011,NA,NA,NA,46.28,-80,5.4,medium_doc,430,-26.02,12.53,3.33,-26.22,4.12,-18.04,3.1,-25.3,0.89,4.5,-28.43,4.34,-17.77,2.99,-10.66
Johnston,Nipissing,N.Ontario,Walleye,NA,2011,NA,NA,NA,46.28,-80,5.4,medium_doc,401.6,-26.03,12.22,3.28,-26.22,4.12,-18.04,3.1,-25.4,0.9,4.4,-28.43,4.34,-17.77,2.99,-10.66
Johnston,Nipissing,N.Ontario,Walleye,6512,2011,NA,NA,NA,46.28,-80,5.4,medium_doc,400,-26.03,12.22,3.28,-26.22,4.12,-18.04,3.1,-25.4,0.9,4.4,-28.43,4.34,-17.77,2.99,-10.66
Johnston,Nipissing,N.Ontario,Walleye,6520,2011,NA,NA,NA,46.28,-80,5.4,medium_doc,370,-24.7,12.14,3.19,-26.22,4.12,-18.04,3.1,-24.3,0.77,4.4,-28.43,4.34,-17.77,2.99,-10.66
Johnston,Nipissing,N.Ontario,Walleye,NA,2011,NA,NA,NA,46.28,-80,5.4,medium_doc,367.05,-24.7,12.14,3.19,-26.22,4.12,-18.04,3.1,-24.3,0.77,4.4,-28.43,4.34,-17.77,2.99,-10.66
Johnston,Nipissing,N.Ontario,Walleye,6519,2011,NA,NA,NA,46.28,-80,5.4,medium_doc,364,-25.84,12.04,3.26,-26.22,4.12,-18.04,3.1,-25.3,0.89,4.4,-28.43,4.34,-17.77,2.99,-10.66
Johnston,Nipissing,N.Ontario,Walleye,NA,2011,NA,NA,NA,46.28,-80,5.4,medium_doc,363.91,-25.84,12.04,3.26,-26.22,4.12,-18.04,3.1,-25.3,0.89,4.4,-28.43,4.34,-17.77,2.99,-10.66
Johnston,Nipissing,N.Ontario,Walleye,6518,2011,NA,NA,NA,46.28,-80,5.4,medium_doc,356,-25.97,11.94,3.24,-26.22,4.12,-18.04,3.1,-25.4,0.9,4.3,-28.43,4.34,-17.77,2.99,-10.66
Johnston,Nipissing,N.Ontario,Walleye,NA,2011,NA,NA,NA,46.28,-80,5.4,medium_doc,353.44,-25.97,11.94,3.24,-26.22,4.12,-18.04,3.1,-25.4,0.9,4.3,-28.43,4.34,-17.77,2.99,-10.66
Johnston,Nipissing,N.Ontario,Yellow perch,7228,2011,NA,NA,NA,46.28,-80,5.4,medium_doc,114.01,-27.94,10.27,3.79,-26.22,4.12,-18.04,3.1,-26.4,1,3.8,-28.43,4.34,-17.77,2.99,-10.66
Johnston,Nipissing,N.Ontario,Yellow perch,7227,2011,NA,NA,NA,46.28,-80,5.4,medium_doc,111.91,-25.61,10.4,3.62,-26.22,4.12,-18.04,3.1,-24.4,0.78,3.9,-28.43,4.34,-17.77,2.99,-10.66
Johnston,Nipissing,N.Ontario,Yellow perch,7226,2011,NA,NA,NA,46.28,-80,5.4,medium_doc,110.86,-26.85,9.78,3.44,-26.22,4.12,-18.04,3.1,-25.9,0.96,3.7,-28.43,4.34,-17.77,2.99,-10.66
Johnston,Nipissing,N.Ontario,Yellow perch,7224,2011,NA,NA,NA,46.28,-80,5.4,medium_doc,105.62,-26.55,9.6,3.42,-26.22,4.12,-18.04,3.1,-25.7,0.94,3.6,-28.43,4.34,-17.77,2.99,-10.66
Johnston,Nipissing,N.Ontario,Yellow perch,7225,2011,NA,NA,NA,46.28,-80,5.4,medium_doc,104.57,-25.82,9.42,3.31,-26.22,4.12,-18.04,3.1,-25.2,0.88,3.6,-28.43,4.34,-17.77,2.99,-10.66
Johnston,Nipissing,N.Ontario,Yellow perch,7222,2011,NA,NA,NA,46.28,-80,5.4,medium_doc,97.24,-26.63,9.49,3.35,-26.22,4.12,-18.04,3.1,-25.9,0.96,3.6,-28.43,4.34,-17.77,2.99,-10.66
Johnston,Nipissing,N.Ontario,Yellow perch,7223,2011,NA,NA,NA,46.28,-80,5.4,medium_doc,95.14,-27.31,8.56,3.25,-26.22,4.12,-18.04,3.1,-26.8,1,3.3,-28.43,4.34,-17.77,2.99,-10.66
Johnston,Nipissing,N.Ontario,Yellow perch,7221,2011,NA,NA,NA,46.28,-80,5.4,medium_doc,90.95,-26.85,9.56,3.4,-26.22,4.12,-18.04,3.1,-26,0.97,3.6,-28.43,4.34,-17.77,2.99,-10.66
Johnston,Nipissing,N.Ontario,Yellow perch,7220,2011,NA,NA,NA,46.28,-80,5.4,medium_doc,88.85,-28.45,9.57,3.71,-26.22,4.12,-18.04,3.1,-27.1,1,3.6,-28.43,4.34,-17.77,2.99,-10.66
Johnston,Nipissing,N.Ontario,Yellow perch,7219,2011,NA,NA,NA,46.28,-80,5.4,medium_doc,84.66,-26.62,9.97,3.33,-26.22,4.12,-18.04,3.1,-25.9,0.96,3.7,-28.43,4.34,-17.77,2.99,-10.66
Johnston,Nipissing,N.Ontario,Walleye,NA,2002,NA,NA,NA,46.28,-80,5.4,medium_doc,647.65,-25.02,12.18,3.24,-25.63,4.2,-18.04,3.1,-24.5,0.85,4.4,-28.43,4.34,-17.77,2.99,-10.66
Johnston,Nipissing,N.Ontario,Walleye,NA,2002,NA,NA,NA,46.28,-80,5.4,medium_doc,623.57,-25.22,11.79,3.35,-25.63,4.2,-18.04,3.1,-24.5,0.85,4.3,-28.43,4.34,-17.77,2.99,-10.66
Johnston,Nipissing,N.Ontario,Walleye,NA,2002,NA,NA,NA,46.28,-80,5.4,medium_doc,604.72,-24.12,12.08,3.2,-25.63,4.2,-18.04,3.1,-23.7,0.75,4.4,-28.43,4.34,-17.77,2.99,-10.66
Johnston,Nipissing,N.Ontario,Walleye,NA,2002,NA,NA,NA,46.28,-80,5.4,medium_doc,578.54,-24.87,12.31,3.28,-25.63,4.2,-18.04,3.1,-24.3,0.82,4.4,-28.43,4.34,-17.77,2.99,-10.66
Johnston,Nipissing,N.Ontario,Walleye,NA,2002,NA,NA,NA,46.28,-80,5.4,medium_doc,557.6,-24.75,11.81,3.13,-25.63,4.2,-18.04,3.1,-24.5,0.85,4.3,-28.43,4.34,-17.77,2.99,-10.66
Johnston,Nipissing,N.Ontario,Walleye,NA,2002,NA,NA,NA,46.28,-80,5.4,medium_doc,533.52,-24.47,11.92,3.19,-25.63,4.2,-18.04,3.1,-24,0.79,4.3,-28.43,4.34,-17.77,2.99,-10.66
Johnston,Nipissing,N.Ontario,Walleye,NA,2002,NA,NA,NA,46.28,-80,5.4,medium_doc,508.4,-24.65,11.55,3.26,-25.63,4.2,-18.04,3.1,-24.1,0.8,4.2,-28.43,4.34,-17.77,2.99,-10.66
Johnston,Nipissing,N.Ontario,Walleye,NA,2002,NA,NA,NA,46.28,-80,5.4,medium_doc,507.35,-25.1,11.85,3.27,-25.63,4.2,-18.04,3.1,-24.5,0.85,4.3,-28.43,4.34,-17.77,2.99,-10.66
Johnston,Nipissing,N.Ontario,Walleye,NA,2002,NA,NA,NA,46.28,-80,5.4,medium_doc,482.22,-24.93,12.05,3.37,-25.63,4.2,-18.04,3.1,-24.1,0.8,4.4,-28.43,4.34,-17.77,2.99,-10.66
Johnston,Nipissing,N.Ontario,Walleye,NA,2002,NA,NA,NA,46.28,-80,5.4,medium_doc,474.89,-25.45,11.7,3.49,-25.63,4.2,-18.04,3.1,-24.4,0.84,4.3,-28.43,4.34,-17.77,2.99,-10.66
Johnston,Nipissing,N.Ontario,Walleye,NA,2002,NA,NA,NA,46.28,-80,5.4,medium_doc,462.33,-24.37,12.36,3.16,-25.63,4.2,-18.04,3.1,-24,0.79,4.5,-28.43,4.34,-17.77,2.99,-10.66
Johnston,Nipissing,N.Ontario,Walleye,NA,2002,NA,NA,NA,46.28,-80,5.4,medium_doc,443.48,-25.53,11.96,3.42,-25.63,4.2,-18.04,3.1,-24.7,0.88,4.3,-28.43,4.34,-17.77,2.99,-10.66
Johnston,Nipissing,N.Ontario,Walleye,NA,2002,NA,NA,NA,46.28,-80,5.4,medium_doc,440.34,-25.05,11.78,3.29,-25.63,4.2,-18.04,3.1,-24.4,0.84,4.3,-28.43,4.34,-17.77,2.99,-10.66
Johnston,Nipissing,N.Ontario,Walleye,NA,2002,NA,NA,NA,46.28,-80,5.4,medium_doc,427.78,-24.86,12.04,3.23,-25.63,4.2,-18.04,3.1,-24.4,0.84,4.4,-28.43,4.34,-17.77,2.99,-10.66
Johnston,Nipissing,N.Ontario,Walleye,NA,2002,NA,NA,NA,46.28,-80,5.4,medium_doc,416.26,-25.04,11.97,3.32,-25.63,4.2,-18.04,3.1,-24.4,0.84,4.3,-28.43,4.34,-17.77,2.99,-10.66
Johnston,Nipissing,N.Ontario,Walleye,NA,2002,NA,NA,NA,46.28,-80,5.4,medium_doc,398.46,-25.39,11.29,3.34,-25.63,4.2,-18.04,3.1,-24.7,0.88,4.1,-28.43,4.34,-17.77,2.99,-10.66
Johnston,Nipissing,N.Ontario,Walleye,NA,2002,NA,NA,NA,46.28,-80,5.4,medium_doc,372.29,-24.67,12.64,3.19,-25.63,4.2,-18.04,3.1,-24.2,0.81,4.5,-28.43,4.34,-17.77,2.99,-10.66
Johnston,Nipissing,N.Ontario,Walleye,NA,2002,NA,NA,NA,46.28,-80,5.4,medium_doc,355.53,-25.64,11.41,3.42,-25.63,4.2,-18.04,3.1,-24.8,0.89,4.2,-28.43,4.34,-17.77,2.99,-10.66
Johnston,Nipissing,N.Ontario,Walleye,NA,2002,NA,NA,NA,46.28,-80,5.4,medium_doc,341.92,-25.54,11.21,3.39,-25.63,4.2,-18.04,3.1,-24.7,0.88,4.1,-28.43,4.34,-17.77,2.99,-10.66
Johnston,Nipissing,N.Ontario,Walleye,NA,2002,NA,NA,NA,46.28,-80,5.4,medium_doc,307.37,-25.45,11.89,3.32,-25.63,4.2,-18.04,3.1,-24.8,0.89,4.3,-28.43,4.34,-17.77,2.99,-10.66
Johnston,Nipissing,N.Ontario,Yellow perch,NA,2002,NA,NA,NA,46.28,-80,5.4,medium_doc,212,-24.16,9.82,3.23,-25.63,4.2,-18.04,3.1,-23.7,0.75,3.7,-28.43,4.34,-17.77,2.99,-10.66
Johnston,Nipissing,N.Ontario,Yellow perch,NA,2002,NA,NA,NA,46.28,-80,5.4,medium_doc,176,-24.55,10.05,2.96,-25.63,4.2,-18.04,3.1,-24.7,0.88,3.8,-28.43,4.34,-17.77,2.99,-10.66
Johnston,Nipissing,N.Ontario,Yellow perch,NA,2002,NA,NA,NA,46.28,-80,5.4,medium_doc,159,-24.45,9.75,3.14,-25.63,4.2,-18.04,3.1,-24.1,0.8,3.7,-28.43,4.34,-17.77,2.99,-10.66
Johnston,Nipissing,N.Ontario,Yellow perch,NA,2002,NA,NA,NA,46.28,-80,5.4,medium_doc,115,-23.53,9.77,3.05,-25.63,4.2,-18.04,3.1,-23.4,0.71,3.7,-28.43,4.34,-17.77,2.99,-10.66
Johnston,Nipissing,N.Ontario,Yellow perch,NA,2002,NA,NA,NA,46.28,-80,5.4,medium_doc,100,-25.22,9.78,3.31,-25.63,4.2,-18.04,3.1,-24.6,0.86,3.7,-28.43,4.34,-17.77,2.99,-10.66
Johnston,Nipissing,N.Ontario,Yellow perch,NA,2002,NA,NA,NA,46.28,-80,5.4,medium_doc,94,-24.98,8.99,3.31,-25.63,4.2,-18.04,3.1,-24.3,0.82,3.5,-28.43,4.34,-17.77,2.99,-10.66
Johnston,Nipissing,N.Ontario,Yellow perch,NA,2002,NA,NA,NA,46.28,-80,5.4,medium_doc,90,-25.18,8.81,3.26,-25.63,4.2,-18.04,3.1,-24.6,0.86,3.4,-28.43,4.34,-17.77,2.99,-10.66
Johnston,Nipissing,N.Ontario,Yellow perch,NA,2002,NA,NA,NA,46.28,-80,5.4,medium_doc,85,-25.07,7.83,3.27,-25.63,4.2,-18.04,3.1,-24.5,0.85,3.1,-28.43,4.34,-17.77,2.99,-10.66
Johnston,Nipissing,N.Ontario,Yellow perch,NA,2002,NA,NA,NA,46.28,-80,5.4,medium_doc,82,-25.23,8.43,3.14,-25.63,4.2,-18.04,3.1,-24.9,0.9,3.3,-28.43,4.34,-17.77,2.99,-10.66
Johnston,Nipissing,N.Ontario,Yellow perch,NA,2002,NA,NA,NA,46.28,-80,5.4,medium_doc,75,-25.08,8.8,3.18,-25.63,4.2,-18.04,3.1,-24.7,0.88,3.4,-28.43,4.34,-17.77,2.99,-10.66
Johnston,Nipissing,N.Ontario,Northern pike,14449,2015,8,23,2015-08-23,46.28,-80,6.4,medium_doc,644,-27.02,11.83,3.13,-28.43,4.34,-17.77,2.99,-26.7,0.84,4.3,-28.43,4.34,-17.77,2.99,-10.66
Johnston,Nipissing,N.Ontario,Northern pike,14445,2015,8,19,2015-08-19,46.28,-80,6.4,medium_doc,624,-25.47,11.9,3.14,-28.43,4.34,-17.77,2.99,-25.2,0.7,4.3,-28.43,4.34,-17.77,2.99,-10.66
Johnston,Nipissing,N.Ontario,Northern pike,14453,2015,8,23,2015-08-23,46.28,-80,6.4,medium_doc,612,-25.79,11.91,3.12,-28.43,4.34,-17.77,2.99,-25.5,0.73,4.3,-28.43,4.34,-17.77,2.99,-10.66
Johnston,Nipissing,N.Ontario,Northern pike,14454,2015,8,23,2015-08-23,46.28,-80,6.4,medium_doc,606,-23.98,11.51,3.18,-28.43,4.34,-17.77,2.99,-23.6,0.55,4.3,-28.43,4.34,-17.77,2.99,-10.66
Johnston,Nipissing,N.Ontario,Northern pike,14447,2015,8,22,2015-08-22,46.28,-80,6.4,medium_doc,569,-26.1,11.53,3.17,-28.43,4.34,-17.77,2.99,-25.7,0.74,4.2,-28.43,4.34,-17.77,2.99,-10.66
Johnston,Nipissing,N.Ontario,Northern pike,14455,2015,8,23,2015-08-23,46.28,-80,6.4,medium_doc,565,-25.66,12.12,3.22,-28.43,4.34,-17.77,2.99,-25.2,0.7,4.4,-28.43,4.34,-17.77,2.99,-10.66
Johnston,Nipissing,N.Ontario,Northern pike,14450,2015,8,23,2015-08-23,46.28,-80,6.4,medium_doc,558,-25.86,10.87,3.09,-28.43,4.34,-17.77,2.99,-25.7,0.74,4,-28.43,4.34,-17.77,2.99,-10.66
Johnston,Nipissing,N.Ontario,Northern pike,14448,2015,8,22,2015-08-22,46.28,-80,6.4,medium_doc,539,-25.98,10.58,3.18,-28.43,4.34,-17.77,2.99,-25.6,0.73,3.9,-28.43,4.34,-17.77,2.99,-10.66
Johnston,Nipissing,N.Ontario,Northern pike,14444,2015,8,19,2015-08-19,46.28,-80,6.4,medium_doc,522,-26.31,11.48,3.22,-28.43,4.34,-17.77,2.99,-25.8,0.75,4.2,-28.43,4.34,-17.77,2.99,-10.66
Johnston,Nipissing,N.Ontario,Northern pike,14446,2015,8,20,2015-08-20,46.28,-80,6.4,medium_doc,515,-26.67,12.09,3.16,-28.43,4.34,-17.77,2.99,-26.3,0.8,4.4,-28.43,4.34,-17.77,2.99,-10.66
Johnston,Nipissing,N.Ontario,Northern pike,14442,2015,8,19,2015-08-19,46.28,-80,6.4,medium_doc,496,-25.55,11.78,3.23,-28.43,4.34,-17.77,2.99,-25,0.68,4.3,-28.43,4.34,-17.77,2.99,-10.66
Johnston,Nipissing,N.Ontario,Northern pike,14443,2015,8,19,2015-08-19,46.28,-80,6.4,medium_doc,494,-26.47,11.72,3.21,-28.43,4.34,-17.77,2.99,-26,0.77,4.3,-28.43,4.34,-17.77,2.99,-10.66
Johnston,Nipissing,N.Ontario,Northern pike,14451,2015,8,23,2015-08-23,46.28,-80,6.4,medium_doc,482,-27.53,10.85,3.1,-28.43,4.34,-17.77,2.99,-27.3,0.89,4,-28.43,4.34,-17.77,2.99,-10.66
Johnston,Nipissing,N.Ontario,Northern pike,14452,2015,8,23,2015-08-23,46.28,-80,6.4,medium_doc,440,-24.53,10.24,3.15,-28.43,4.34,-17.77,2.99,-24.2,0.6,3.9,-28.43,4.34,-17.77,2.99,-10.66
Johnston,Nipissing,N.Ontario,Northern pike,14441,2015,8,19,2015-08-19,46.28,-80,6.4,medium_doc,433,-26.58,11.5,3.23,-28.43,4.34,-17.77,2.99,-26.1,0.78,4.2,-28.43,4.34,-17.77,2.99,-10.66
Johnston,Nipissing,N.Ontario,Northern pike,14456,2015,8,24,2015-08-24,46.28,-80,6.4,medium_doc,405,-26.99,12.32,3.19,-28.43,4.34,-17.77,2.99,-26.6,0.83,4.4,-28.43,4.34,-17.77,2.99,-10.66
Johnston,Nipissing,N.Ontario,Black bass,14471,2015,8,22,2015-08-22,46.28,-80,6.4,medium_doc,518,-25.11,11.89,3.19,-28.43,4.34,-17.77,2.99,-24.7,0.65,4.4,-28.43,4.34,-17.77,2.99,-10.66
Johnston,Nipissing,N.Ontario,Black bass,14461,2015,8,19,2015-08-19,46.28,-80,6.4,medium_doc,433,-24.16,11.04,3.21,-28.43,4.34,-17.77,2.99,-23.7,0.56,4.1,-28.43,4.34,-17.77,2.99,-10.66
Johnston,Nipissing,N.Ontario,Black bass,14477,2015,8,24,2015-08-24,46.28,-80,6.4,medium_doc,423,-25.33,10.87,3.25,-28.43,4.34,-17.77,2.99,-24.8,0.66,4.1,-28.43,4.34,-17.77,2.99,-10.66
Johnston,Nipissing,N.Ontario,Black bass,14472,2015,8,22,2015-08-22,46.28,-80,6.4,medium_doc,416,-25.14,11.58,3.23,-28.43,4.34,-17.77,2.99,-24.6,0.64,4.3,-28.43,4.34,-17.77,2.99,-10.66
Johnston,Nipissing,N.Ontario,Black bass,14469,2015,8,20,2015-08-20,46.28,-80,6.4,medium_doc,393,-26.73,11.49,3.25,-28.43,4.34,-17.77,2.99,-26.2,0.79,4.2,-28.43,4.34,-17.77,2.99,-10.66
Johnston,Nipissing,N.Ontario,Black bass,14457,2015,8,18,2015-08-18,46.28,-80,6.4,medium_doc,389,-25.72,11.52,3.18,-28.43,4.34,-17.77,2.99,-25.3,0.71,4.2,-28.43,4.34,-17.77,2.99,-10.66
Johnston,Nipissing,N.Ontario,Black bass,14475,2015,8,24,2015-08-24,46.28,-80,6.4,medium_doc,388,-25.63,11.96,3.23,-28.43,4.34,-17.77,2.99,-25.1,0.69,4.4,-28.43,4.34,-17.77,2.99,-10.66
Johnston,Nipissing,N.Ontario,Black bass,14459,2015,8,19,2015-08-19,46.28,-80,6.4,medium_doc,380,-25.01,12.62,3.24,-28.43,4.34,-17.77,2.99,-24.5,0.63,4.6,-28.43,4.34,-17.77,2.99,-10.66
Johnston,Nipissing,N.Ontario,Black bass,14462,2015,8,19,2015-08-19,46.28,-80,6.4,medium_doc,378,-25.51,11.79,3.29,-28.43,4.34,-17.77,2.99,-24.9,0.67,4.3,-28.43,4.34,-17.77,2.99,-10.66
Johnston,Nipissing,N.Ontario,Black bass,14465,2015,8,19,2015-08-19,46.28,-80,6.4,medium_doc,374,-25.47,11.88,3.27,-28.43,4.34,-17.77,2.99,-24.9,0.67,4.3,-28.43,4.34,-17.77,2.99,-10.66
Johnston,Nipissing,N.Ontario,Black bass,14463,2015,8,19,2015-08-19,46.28,-80,6.4,medium_doc,372,-25.33,11.9,3.22,-28.43,4.34,-17.77,2.99,-24.8,0.66,4.4,-28.43,4.34,-17.77,2.99,-10.66
Johnston,Nipissing,N.Ontario,Black bass,14460,2015,8,19,2015-08-19,46.28,-80,6.4,medium_doc,368,-25.41,12.63,3.15,-28.43,4.34,-17.77,2.99,-25.1,0.69,4.6,-28.43,4.34,-17.77,2.99,-10.66
Johnston,Nipissing,N.Ontario,Black bass,14467,2015,8,20,2015-08-20,46.28,-80,6.4,medium_doc,357,-25.96,12.06,3.22,-28.43,4.34,-17.77,2.99,-25.5,0.73,4.4,-28.43,4.34,-17.77,2.99,-10.66
Johnston,Nipissing,N.Ontario,Black bass,14464,2015,8,19,2015-08-19,46.28,-80,6.4,medium_doc,346,-25.86,12.6,3.19,-28.43,4.34,-17.77,2.99,-25.4,0.72,4.5,-28.43,4.34,-17.77,2.99,-10.66
Johnston,Nipissing,N.Ontario,Black bass,14458,2015,8,18,2015-08-18,46.28,-80,6.4,medium_doc,323,-25.19,12.15,3.27,-28.43,4.34,-17.77,2.99,-24.6,0.64,4.4,-28.43,4.34,-17.77,2.99,-10.66
Johnston,Nipissing,N.Ontario,Black bass,14466,2015,8,19,2015-08-19,46.28,-80,6.4,medium_doc,312,-26.03,12.3,3.2,-28.43,4.34,-17.77,2.99,-25.6,0.73,4.4,-28.43,4.34,-17.77,2.99,-10.66
Johnston,Nipissing,N.Ontario,Black bass,14470,2015,8,22,2015-08-22,46.28,-80,6.4,medium_doc,302,-24.7,11.3,3.21,-28.43,4.34,-17.77,2.99,-24.2,0.6,4.2,-28.43,4.34,-17.77,2.99,-10.66
Johnston,Nipissing,N.Ontario,Black bass,14473,2015,8,23,2015-08-23,46.28,-80,6.4,medium_doc,302,-24.75,11.08,3.2,-28.43,4.34,-17.77,2.99,-24.3,0.61,4.1,-28.43,4.34,-17.77,2.99,-10.66
Johnston,Nipissing,N.Ontario,Black bass,14476,2015,8,24,2015-08-24,46.28,-80,6.4,medium_doc,279,-26.25,11.03,3.21,-28.43,4.34,-17.77,2.99,-25.8,0.75,4.1,-28.43,4.34,-17.77,2.99,-10.66
Johnston,Nipissing,N.Ontario,Black bass,14468,2015,8,20,2015-08-20,46.28,-80,6.4,medium_doc,253,-25.93,12.19,3.37,-28.43,4.34,-17.77,2.99,-25.1,0.69,4.4,-28.43,4.34,-17.77,2.99,-10.66
Johnston,Nipissing,N.Ontario,Black bass,14474,2015,8,23,2015-08-23,46.28,-80,6.4,medium_doc,201,-26.46,11.84,3.2,-28.43,4.34,-17.77,2.99,-26,0.77,4.3,-28.43,4.34,-17.77,2.99,-10.66
Johnston,Nipissing,N.Ontario,Walleye,14494,2015,8,24,2015-08-24,46.28,-80,6.4,medium_doc,574,-25.41,11.42,3.14,-28.43,4.34,-17.77,2.99,-25.1,0.69,4.2,-28.43,4.34,-17.77,2.99,-10.66
Johnston,Nipissing,N.Ontario,Walleye,14485,2015,8,19,2015-08-19,46.28,-80,6.4,medium_doc,529,-25.16,13.72,3.18,-28.43,4.34,-17.77,2.99,-24.8,0.66,4.9,-28.43,4.34,-17.77,2.99,-10.66
Johnston,Nipissing,N.Ontario,Walleye,14491,2015,8,22,2015-08-22,46.28,-80,6.4,medium_doc,514,-25.27,11.71,3.15,-28.43,4.34,-17.77,2.99,-24.9,0.67,4.3,-28.43,4.34,-17.77,2.99,-10.66
Johnston,Nipissing,N.Ontario,Walleye,14482,2015,8,19,2015-08-19,46.28,-80,6.4,medium_doc,511,-28.11,11.47,3.22,-28.43,4.34,-17.77,2.99,-27.6,0.92,4.1,-28.43,4.34,-17.77,2.99,-10.66
Johnston,Nipissing,N.Ontario,Walleye,14487,2015,8,19,2015-08-19,46.28,-80,6.4,medium_doc,477,-26.4,11.84,3.12,-28.43,4.34,-17.77,2.99,-26.1,0.78,4.3,-28.43,4.34,-17.77,2.99,-10.66
Johnston,Nipissing,N.Ontario,Walleye,14493,2015,8,23,2015-08-23,46.28,-80,6.4,medium_doc,471,-26.68,11.87,3.17,-28.43,4.34,-17.77,2.99,-26.3,0.8,4.3,-28.43,4.34,-17.77,2.99,-10.66
Johnston,Nipissing,N.Ontario,Walleye,14492,2015,8,22,2015-08-22,46.28,-80,6.4,medium_doc,425,-26.95,11.41,3.21,-28.43,4.34,-17.77,2.99,-26.5,0.82,4.2,-28.43,4.34,-17.77,2.99,-10.66
Johnston,Nipissing,N.Ontario,Walleye,14483,2015,8,19,2015-08-19,46.28,-80,6.4,medium_doc,412,-27.13,12.03,3.28,-28.43,4.34,-17.77,2.99,-26.5,0.82,4.3,-28.43,4.34,-17.77,2.99,-10.66
Johnston,Nipissing,N.Ontario,Walleye,14486,2015,8,19,2015-08-19,46.28,-80,6.4,medium_doc,401,-26.68,11.92,3.2,-28.43,4.34,-17.77,2.99,-26.2,0.79,4.3,-28.43,4.34,-17.77,2.99,-10.66
Johnston,Nipissing,N.Ontario,Walleye,14490,2015,8,22,2015-08-22,46.28,-80,6.4,medium_doc,395,-26.64,11.47,3.17,-28.43,4.34,-17.77,2.99,-26.3,0.8,4.2,-28.43,4.34,-17.77,2.99,-10.66
Johnston,Nipissing,N.Ontario,Walleye,14489,2015,8,20,2015-08-20,46.28,-80,6.4,medium_doc,381,-26.01,11.93,3.17,-28.43,4.34,-17.77,2.99,-25.6,0.73,4.3,-28.43,4.34,-17.77,2.99,-10.66
Johnston,Nipissing,N.Ontario,Walleye,14488,2015,8,20,2015-08-20,46.28,-80,6.4,medium_doc,380,-26.12,12.43,3.25,-28.43,4.34,-17.77,2.99,-25.6,0.73,4.5,-28.43,4.34,-17.77,2.99,-10.66
Johnston,Nipissing,N.Ontario,Walleye,14484,2015,8,19,2015-08-19,46.28,-80,6.4,medium_doc,378,-25.51,12.39,3.2,-28.43,4.34,-17.77,2.99,-25.1,0.69,4.5,-28.43,4.34,-17.77,2.99,-10.66
Johnston,Nipissing,N.Ontario,Walleye,14479,2015,8,18,2015-08-18,46.28,-80,6.4,medium_doc,377,-25.91,11.79,3.15,-28.43,4.34,-17.77,2.99,-25.6,0.73,4.3,-28.43,4.34,-17.77,2.99,-10.66
Johnston,Nipissing,N.Ontario,Walleye,14478,2015,8,18,2015-08-18,46.28,-80,6.4,medium_doc,361,-26.32,12.2,3.17,-28.43,4.34,-17.77,2.99,-25.9,0.76,4.4,-28.43,4.34,-17.77,2.99,-10.66
Johnston,Nipissing,N.Ontario,Walleye,14481,2015,8,19,2015-08-19,46.28,-80,6.4,medium_doc,360,-27.51,11.83,3.28,-28.43,4.34,-17.77,2.99,-26.9,0.86,4.3,-28.43,4.34,-17.77,2.99,-10.66
Johnston,Nipissing,N.Ontario,Walleye,13775,2015,6,10,2015-06-10,46.28,-80,6.4,medium_doc,302.14,-24.42,11.05,3.17,-28.43,4.34,-17.77,2.99,-24,0.58,4.1,-28.43,4.34,-17.77,2.99,-10.66
Johnston,Nipissing,N.Ontario,Walleye,14480,2015,8,18,2015-08-18,46.28,-80,6.4,medium_doc,302,-24.85,10.89,3.16,-28.43,4.34,-17.77,2.99,-24.5,0.63,4.1,-28.43,4.34,-17.77,2.99,-10.66
Johnston,Nipissing,N.Ontario,Walleye,15156,2015,10,21,2015-10-21,46.28,-80,6.4,medium_doc,256.07,-26.86,11.21,3.21,-28.43,4.34,-17.77,2.99,-26.4,0.81,4.1,-28.43,4.34,-17.77,2.99,-10.66
Johnston,Nipissing,N.Ontario,Walleye,13773,2015,6,10,2015-06-10,46.28,-80,6.4,medium_doc,250.83,-26.4,11.09,3.15,-28.43,4.34,-17.77,2.99,-26.1,0.78,4.1,-28.43,4.34,-17.77,2.99,-10.66
Johnston,Nipissing,N.Ontario,Walleye,13939,2015,7,9,2015-07-09,46.28,-80,6.4,medium_doc,245.6,-27.11,11.29,3.2,-28.43,4.34,-17.77,2.99,-26.7,0.84,4.1,-28.43,4.34,-17.77,2.99,-10.66
Johnston,Nipissing,N.Ontario,Walleye,13774,2015,6,10,2015-06-10,46.28,-80,6.4,medium_doc,243.5,-24.7,11.52,3.19,-28.43,4.34,-17.77,2.99,-24.3,0.61,4.3,-28.43,4.34,-17.77,2.99,-10.66
Johnston,Nipissing,N.Ontario,Walleye,13938,2015,7,9,2015-07-09,46.28,-80,6.4,medium_doc,243.5,-25.17,11.67,3.18,-28.43,4.34,-17.77,2.99,-24.8,0.66,4.3,-28.43,4.34,-17.77,2.99,-10.66
Johnston,Nipissing,N.Ontario,Walleye,15186,2015,10,27,2015-10-27,46.28,-80,6.4,medium_doc,241.41,-24.59,10.46,3.18,-28.43,4.34,-17.77,2.99,-24.2,0.6,4,-28.43,4.34,-17.77,2.99,-10.66
Johnston,Nipissing,N.Ontario,Walleye,13759,2015,6,4,2015-06-04,46.28,-80,6.4,medium_doc,239.32,-26.54,11.35,3.18,-28.43,4.34,-17.77,2.99,-26.1,0.78,4.1,-28.43,4.34,-17.77,2.99,-10.66
Johnston,Nipissing,N.Ontario,Walleye,13937,2015,7,9,2015-07-09,46.28,-80,6.4,medium_doc,237.22,-26.4,12.8,3.14,-28.43,4.34,-17.77,2.99,-26.1,0.78,4.6,-28.43,4.34,-17.77,2.99,-10.66
Johnston,Nipissing,N.Ontario,Walleye,15187,2015,10,27,2015-10-27,46.28,-80,6.4,medium_doc,237.22,-26.93,11.33,3.22,-28.43,4.34,-17.77,2.99,-26.4,0.81,4.1,-28.43,4.34,-17.77,2.99,-10.66
Johnston,Nipissing,N.Ontario,Walleye,13935,2015,7,9,2015-07-09,46.28,-80,6.4,medium_doc,234.08,-26.79,11.41,3.15,-28.43,4.34,-17.77,2.99,-26.5,0.82,4.2,-28.43,4.34,-17.77,2.99,-10.66
Johnston,Nipissing,N.Ontario,Walleye,13772,2015,6,10,2015-06-10,46.28,-80,6.4,medium_doc,231.99,-25.95,11.71,3.17,-28.43,4.34,-17.77,2.99,-25.6,0.73,4.3,-28.43,4.34,-17.77,2.99,-10.66
Johnston,Nipissing,N.Ontario,Walleye,13758,2015,6,4,2015-06-04,46.28,-80,6.4,medium_doc,231.99,-26.47,11.11,3.23,-28.43,4.34,-17.77,2.99,-26,0.77,4.1,-28.43,4.34,-17.77,2.99,-10.66
Johnston,Nipissing,N.Ontario,Walleye,13936,2015,7,9,2015-07-09,46.28,-80,6.4,medium_doc,230.94,-25.03,11.45,3.2,-28.43,4.34,-17.77,2.99,-24.6,0.64,4.2,-28.43,4.34,-17.77,2.99,-10.66
Johnston,Nipissing,N.Ontario,Walleye,15121,2015,8,25,2015-08-25,46.28,-80,6.4,medium_doc,226.75,-26.34,10.65,3.17,-28.43,4.34,-17.77,2.99,-26,0.77,3.9,-28.43,4.34,-17.77,2.99,-10.66
Johnston,Nipissing,N.Ontario,Walleye,15118,2015,8,25,2015-08-25,46.28,-80,6.4,medium_doc,225.71,-26.27,10.91,3.16,-28.43,4.34,-17.77,2.99,-25.9,0.76,4,-28.43,4.34,-17.77,2.99,-10.66
Johnston,Nipissing,N.Ontario,Walleye,15192,2015,10,27,2015-10-27,46.28,-80,6.4,medium_doc,224.66,-26.59,11.25,3.18,-28.43,4.34,-17.77,2.99,-26.2,0.79,4.1,-28.43,4.34,-17.77,2.99,-10.66
Johnston,Nipissing,N.Ontario,Walleye,15116,2015,8,25,2015-08-25,46.28,-80,6.4,medium_doc,218.38,-26.79,11.18,3.17,-28.43,4.34,-17.77,2.99,-26.4,0.81,4.1,-28.43,4.34,-17.77,2.99,-10.66
Johnston,Nipissing,N.Ontario,Walleye,13757,2015,6,4,2015-06-04,46.28,-80,6.4,medium_doc,213.14,-26.4,11.32,3.17,-28.43,4.34,-17.77,2.99,-26,0.77,4.1,-28.43,4.34,-17.77,2.99,-10.66
Johnston,Nipissing,N.Ontario,Walleye,15115,2015,8,25,2015-08-25,46.28,-80,6.4,medium_doc,208.95,-25.77,10.81,3.16,-28.43,4.34,-17.77,2.99,-25.4,0.72,4,-28.43,4.34,-17.77,2.99,-10.66
Johnston,Nipissing,N.Ontario,Walleye,15120,2015,8,25,2015-08-25,46.28,-80,6.4,medium_doc,205.81,-26.4,11.05,3.18,-28.43,4.34,-17.77,2.99,-26,0.77,4.1,-28.43,4.34,-17.77,2.99,-10.66
Johnston,Nipissing,N.Ontario,Walleye,15117,2015,8,25,2015-08-25,46.28,-80,6.4,medium_doc,204.77,-26.54,11.28,3.16,-28.43,4.34,-17.77,2.99,-26.2,0.79,4.1,-28.43,4.34,-17.77,2.99,-10.66
Johnston,Nipissing,N.Ontario,Walleye,15113,2015,8,25,2015-08-25,46.28,-80,6.4,medium_doc,200.58,-26.83,11.13,3.14,-28.43,4.34,-17.77,2.99,-26.5,0.82,4.1,-28.43,4.34,-17.77,2.99,-10.66
Johnston,Nipissing,N.Ontario,Walleye,15155,2015,8,25,2015-08-25,46.28,-80,6.4,medium_doc,188.01,-26.04,10.56,3.2,-28.43,4.34,-17.77,2.99,-25.6,0.73,3.9,-28.43,4.34,-17.77,2.99,-10.66
Johnston,Nipissing,N.Ontario,Walleye,13933,2015,7,9,2015-07-09,46.28,-80,6.4,medium_doc,188.01,-27.15,12.07,3.2,-28.43,4.34,-17.77,2.99,-26.7,0.84,4.3,-28.43,4.34,-17.77,2.99,-10.66
Johnston,Nipissing,N.Ontario,Walleye,15154,2015,8,25,2015-08-25,46.28,-80,6.4,medium_doc,186.97,-25.74,10.49,3.2,-28.43,4.34,-17.77,2.99,-25.3,0.71,3.9,-28.43,4.34,-17.77,2.99,-10.66
Johnston,Nipissing,N.Ontario,Walleye,13934,2015,7,9,2015-07-09,46.28,-80,6.4,medium_doc,179.64,-26.89,11.34,3.15,-28.43,4.34,-17.77,2.99,-26.6,0.83,4.1,-28.43,4.34,-17.77,2.99,-10.66
Johnston,Nipissing,N.Ontario,Walleye,13929,2015,7,3,2015-07-03,46.28,-80,6.4,medium_doc,179,-27.07,10.92,3.22,-28.43,4.34,-17.77,2.99,-26.6,0.83,4,-28.43,4.34,-17.77,2.99,-10.66
Johnston,Nipissing,N.Ontario,Walleye,15112,2015,8,25,2015-08-25,46.28,-80,6.4,medium_doc,174.4,-26.24,10.91,3.18,-28.43,4.34,-17.77,2.99,-25.8,0.75,4,-28.43,4.34,-17.77,2.99,-10.66
Johnston,Nipissing,N.Ontario,Walleye,15188,2015,10,27,2015-10-27,46.28,-80,6.4,medium_doc,172.31,-25.78,11.44,3.26,-28.43,4.34,-17.77,2.99,-25.2,0.7,4.2,-28.43,4.34,-17.77,2.99,-10.66
Johnston,Nipissing,N.Ontario,Walleye,15191,2015,10,27,2015-10-27,46.28,-80,6.4,medium_doc,172.31,-25.99,11.34,3.23,-28.43,4.34,-17.77,2.99,-25.5,0.73,4.2,-28.43,4.34,-17.77,2.99,-10.66
Johnston,Nipissing,N.Ontario,Walleye,15153,2015,8,25,2015-08-25,46.28,-80,6.4,medium_doc,169.17,-25.46,10.75,3.21,-28.43,4.34,-17.77,2.99,-25,0.68,4,-28.43,4.34,-17.77,2.99,-10.66
Johnston,Nipissing,N.Ontario,Walleye,15190,2015,10,27,2015-10-27,46.28,-80,6.4,medium_doc,164.98,-26.39,11.62,3.26,-28.43,4.34,-17.77,2.99,-25.8,0.75,4.2,-28.43,4.34,-17.77,2.99,-10.66
Johnston,Nipissing,N.Ontario,Walleye,13770,2015,6,10,2015-06-10,46.28,-80,6.4,medium_doc,160.79,-26.55,11.36,3.27,-28.43,4.34,-17.77,2.99,-26,0.77,4.2,-28.43,4.34,-17.77,2.99,-10.66
Johnston,Nipissing,N.Ontario,Walleye,13771,2015,6,10,2015-06-10,46.28,-80,6.4,medium_doc,157.65,-25.92,11.24,3.17,-28.43,4.34,-17.77,2.99,-25.5,0.73,4.1,-28.43,4.34,-17.77,2.99,-10.66
Johnston,Nipissing,N.Ontario,Walleye,13928,2015,7,3,2015-07-03,46.28,-80,6.4,medium_doc,155,-27.1,11.16,3.23,-28.43,4.34,-17.77,2.99,-26.6,0.83,4.1,-28.43,4.34,-17.77,2.99,-10.66
Johnston,Nipissing,N.Ontario,Walleye,13927,2015,7,3,2015-07-03,46.28,-80,6.4,medium_doc,154,-27.39,11.18,3.21,-28.43,4.34,-17.77,2.99,-26.9,0.86,4.1,-28.43,4.34,-17.77,2.99,-10.66
Johnston,Nipissing,N.Ontario,Walleye,13931,2015,7,9,2015-07-09,46.28,-80,6.4,medium_doc,152.42,-26.94,11.68,3.28,-28.43,4.34,-17.77,2.99,-26.3,0.8,4.2,-28.43,4.34,-17.77,2.99,-10.66
Johnston,Nipissing,N.Ontario,Walleye,13926,2015,7,3,2015-07-03,46.28,-80,6.4,medium_doc,151,-27.02,11.38,3.16,-28.43,4.34,-17.77,2.99,-26.7,0.84,4.1,-28.43,4.34,-17.77,2.99,-10.66
Johnston,Nipissing,N.Ontario,Walleye,15189,2015,10,27,2015-10-27,46.28,-80,6.4,medium_doc,146.13,-26.23,11.27,3.23,-28.43,4.34,-17.77,2.99,-25.7,0.74,4.1,-28.43,4.34,-17.77,2.99,-10.66
Johnston,Nipissing,N.Ontario,Walleye,13932,2015,7,9,2015-07-09,46.28,-80,6.4,medium_doc,139.85,-26.92,11.35,3.27,-28.43,4.34,-17.77,2.99,-26.3,0.8,4.1,-28.43,4.34,-17.77,2.99,-10.66
Johnston,Nipissing,N.Ontario,Walleye,13930,2015,7,9,2015-07-09,46.28,-80,6.4,medium_doc,135,-27.22,11.67,3.24,-28.43,4.34,-17.77,2.99,-26.7,0.84,4.2,-28.43,4.34,-17.77,2.99,-10.66
Johnston,Nipissing,N.Ontario,Walleye,15119,2015,8,25,2015-08-25,46.28,-80,6.4,medium_doc,133.57,-25.91,10.8,3.21,-28.43,4.34,-17.77,2.99,-25.4,0.72,4,-28.43,4.34,-17.77,2.99,-10.66
Johnston,Nipissing,N.Ontario,Yellow perch,13999,2015,7,9,2015-07-09,46.28,-80,6.4,medium_doc,235,-25.97,11.85,3.26,-28.43,4.34,-17.77,2.99,-25.4,0.72,4.3,-28.43,4.34,-17.77,2.99,-10.66
Johnston,Nipissing,N.Ontario,Yellow perch,13994,2015,7,9,2015-07-09,46.28,-80,6.4,medium_doc,214,-26.25,11.61,3.22,-28.43,4.34,-17.77,2.99,-25.8,0.75,4.2,-28.43,4.34,-17.77,2.99,-10.66
Johnston,Nipissing,N.Ontario,Yellow perch,13967,2015,7,9,2015-07-09,46.28,-80,6.4,medium_doc,213,-26.37,11.52,3.15,-28.43,4.34,-17.77,2.99,-26,0.77,4.2,-28.43,4.34,-17.77,2.99,-10.66
Johnston,Nipissing,N.Ontario,Yellow perch,13969,2015,7,9,2015-07-09,46.28,-80,6.4,medium_doc,207,-26.28,11.36,3.17,-28.43,4.34,-17.77,2.99,-25.9,0.76,4.2,-28.43,4.34,-17.77,2.99,-10.66
Johnston,Nipissing,N.Ontario,Yellow perch,13965,2015,7,9,2015-07-09,46.28,-80,6.4,medium_doc,201,-26.38,11.69,3.18,-28.43,4.34,-17.77,2.99,-26,0.77,4.3,-28.43,4.34,-17.77,2.99,-10.66
Johnston,Nipissing,N.Ontario,Yellow perch,13995,2015,7,9,2015-07-09,46.28,-80,6.4,medium_doc,199,-26.23,10.74,3.28,-28.43,4.34,-17.77,2.99,-25.6,0.73,4,-28.43,4.34,-17.77,2.99,-10.66
Johnston,Nipissing,N.Ontario,Yellow perch,13964,2015,7,9,2015-07-09,46.28,-80,6.4,medium_doc,195,-26.4,11.59,3.17,-28.43,4.34,-17.77,2.99,-26,0.77,4.2,-28.43,4.34,-17.77,2.99,-10.66
Johnston,Nipissing,N.Ontario,Yellow perch,15128,2015,8,25,2015-08-25,46.28,-80,6.4,medium_doc,193.65,-26.04,11.06,3.24,-28.43,4.34,-17.77,2.99,-25.5,0.73,4.1,-28.43,4.34,-17.77,2.99,-10.66
Johnston,Nipissing,N.Ontario,Yellow perch,15166,2015,10,21,2015-10-21,46.28,-80,6.4,medium_doc,190.51,-26.71,11.5,3.21,-28.43,4.34,-17.77,2.99,-26.2,0.79,4.2,-28.43,4.34,-17.77,2.99,-10.66
Johnston,Nipissing,N.Ontario,Yellow perch,13968,2015,7,9,2015-07-09,46.28,-80,6.4,medium_doc,189,-26.68,10.86,3.18,-28.43,4.34,-17.77,2.99,-26.3,0.8,4,-28.43,4.34,-17.77,2.99,-10.66
Johnston,Nipissing,N.Ontario,Yellow perch,13974,2015,7,3,2015-07-03,46.28,-80,6.4,medium_doc,189,-26.77,10.49,3.17,-28.43,4.34,-17.77,2.99,-26.4,0.81,3.9,-28.43,4.34,-17.77,2.99,-10.66
Johnston,Nipissing,N.Ontario,Yellow perch,13996,2015,7,9,2015-07-09,46.28,-80,6.4,medium_doc,188,-26.57,11.48,3.35,-28.43,4.34,-17.77,2.99,-25.8,0.75,4.2,-28.43,4.34,-17.77,2.99,-10.66
Johnston,Nipissing,N.Ontario,Yellow perch,13966,2015,7,9,2015-07-09,46.28,-80,6.4,medium_doc,187,-26.75,11.43,3.21,-28.43,4.34,-17.77,2.99,-26.3,0.8,4.2,-28.43,4.34,-17.77,2.99,-10.66
Johnston,Nipissing,N.Ontario,Yellow perch,13769,2015,6,4,2015-06-04,46.28,-80,6.4,medium_doc,186.32,-26.75,10.39,3.22,-28.43,4.34,-17.77,2.99,-26.3,0.8,3.9,-28.43,4.34,-17.77,2.99,-10.66
Johnston,Nipissing,N.Ontario,Yellow perch,15163,2015,10,21,2015-10-21,46.28,-80,6.4,medium_doc,172.69,-26.66,11.22,3.21,-28.43,4.34,-17.77,2.99,-26.2,0.79,4.1,-28.43,4.34,-17.77,2.99,-10.66
Johnston,Nipissing,N.Ontario,Yellow perch,13975,2015,7,3,2015-07-03,46.28,-80,6.4,medium_doc,171,-26.28,10.08,3.18,-28.43,4.34,-17.77,2.99,-25.9,0.76,3.8,-28.43,4.34,-17.77,2.99,-10.66
Johnston,Nipissing,N.Ontario,Yellow perch,13997,2015,7,9,2015-07-09,46.28,-80,6.4,medium_doc,170,-25.66,10.55,3.31,-28.43,4.34,-17.77,2.99,-25,0.68,4,-28.43,4.34,-17.77,2.99,-10.66
Johnston,Nipissing,N.Ontario,Yellow perch,13752,2015,6,2,2015-06-02,46.28,-80,6.4,medium_doc,169,-25.78,10.5,3.2,-28.43,4.34,-17.77,2.99,-25.3,0.71,3.9,-28.43,4.34,-17.77,2.99,-10.66
Johnston,Nipissing,N.Ontario,Yellow perch,13970,2015,7,9,2015-07-09,46.28,-80,6.4,medium_doc,169,-26.13,10.76,3.16,-28.43,4.34,-17.77,2.99,-25.8,0.75,4,-28.43,4.34,-17.77,2.99,-10.66
Johnston,Nipissing,N.Ontario,Yellow perch,13756,2015,6,10,2015-06-10,46.28,-80,6.4,medium_doc,163.26,-23.91,8.72,3.18,-28.43,4.34,-17.77,2.99,-23.5,0.54,3.5,-28.43,4.34,-17.77,2.99,-10.66
Johnston,Nipissing,N.Ontario,Yellow perch,15130,2015,8,25,2015-08-25,46.28,-80,6.4,medium_doc,163.26,-23.49,9.82,3.26,-28.43,4.34,-17.77,2.99,-22.9,0.48,3.8,-28.43,4.34,-17.77,2.99,-10.66
Johnston,Nipissing,N.Ontario,Yellow perch,13998,2015,7,9,2015-07-09,46.28,-80,6.4,medium_doc,158,-26.85,11.28,3.29,-28.43,4.34,-17.77,2.99,-26.2,0.79,4.1,-28.43,4.34,-17.77,2.99,-10.66
Johnston,Nipissing,N.Ontario,Yellow perch,15129,2015,8,25,2015-08-25,46.28,-80,6.4,medium_doc,156.97,-26.48,10.82,3.2,-28.43,4.34,-17.77,2.99,-26,0.77,4,-28.43,4.34,-17.77,2.99,-10.66
Johnston,Nipissing,N.Ontario,Yellow perch,15184,2015,10,27,2015-10-27,46.28,-80,6.4,medium_doc,153.83,-26.94,10.66,3.23,-28.43,4.34,-17.77,2.99,-26.4,0.81,3.9,-28.43,4.34,-17.77,2.99,-10.66
Johnston,Nipissing,N.Ontario,Yellow perch,15185,2015,10,27,2015-10-27,46.28,-80,6.4,medium_doc,153.83,-26.87,11.18,3.22,-28.43,4.34,-17.77,2.99,-26.4,0.81,4.1,-28.43,4.34,-17.77,2.99,-10.66
Johnston,Nipissing,N.Ontario,Yellow perch,14001,2015,7,9,2015-07-09,46.28,-80,6.4,medium_doc,149,-26.54,10.87,3.31,-28.43,4.34,-17.77,2.99,-25.9,0.76,4,-28.43,4.34,-17.77,2.99,-10.66
Johnston,Nipissing,N.Ontario,Yellow perch,15164,2015,10,21,2015-10-21,46.28,-80,6.4,medium_doc,148.59,-26.9,10.87,3.22,-28.43,4.34,-17.77,2.99,-26.4,0.81,4,-28.43,4.34,-17.77,2.99,-10.66
Johnston,Nipissing,N.Ontario,Yellow perch,14000,2015,7,9,2015-07-09,46.28,-80,6.4,medium_doc,147,-26.85,11.2,3.34,-28.43,4.34,-17.77,2.99,-26.1,0.78,4.1,-28.43,4.34,-17.77,2.99,-10.66
Johnston,Nipissing,N.Ontario,Yellow perch,13751,2015,6,2,2015-06-02,46.28,-80,6.4,medium_doc,146,-23.47,9.75,3.24,-28.43,4.34,-17.77,2.99,-22.9,0.48,3.8,-28.43,4.34,-17.77,2.99,-10.66
Johnston,Nipissing,N.Ontario,Yellow perch,15152,2015,8,25,2015-08-25,46.28,-80,6.4,medium_doc,145.45,-21.92,9.44,3.28,-28.43,4.34,-17.77,2.99,-21.3,0.33,3.8,-28.43,4.34,-17.77,2.99,-10.66
Johnston,Nipissing,N.Ontario,Yellow perch,15165,2015,10,21,2015-10-21,46.28,-80,6.4,medium_doc,145.45,-27.38,10.6,3.22,-28.43,4.34,-17.77,2.99,-26.9,0.86,3.9,-28.43,4.34,-17.77,2.99,-10.66
Johnston,Nipissing,N.Ontario,Yellow perch,15193,2015,10,27,2015-10-27,46.28,-80,6.4,medium_doc,145.45,-22.61,9.78,3.18,-28.43,4.34,-17.77,2.99,-22.2,0.42,3.8,-28.43,4.34,-17.77,2.99,-10.66
Johnston,Nipissing,N.Ontario,Yellow perch,13971,2015,7,9,2015-07-09,46.28,-80,6.4,medium_doc,140,-26.84,10.84,3.18,-28.43,4.34,-17.77,2.99,-26.4,0.81,4,-28.43,4.34,-17.77,2.99,-10.66
Johnston,Nipissing,N.Ontario,Yellow perch,15183,2015,10,27,2015-10-27,46.28,-80,6.4,medium_doc,138.11,-27.29,11.03,3.23,-28.43,4.34,-17.77,2.99,-26.8,0.85,4,-28.43,4.34,-17.77,2.99,-10.66
Johnston,Nipissing,N.Ontario,Yellow perch,13768,2015,6,4,2015-06-04,46.28,-80,6.4,medium_doc,137.06,-27.25,9.72,3.24,-28.43,4.34,-17.77,2.99,-26.7,0.84,3.6,-28.43,4.34,-17.77,2.99,-10.66
Johnston,Nipissing,N.Ontario,Yellow perch,15151,2015,8,25,2015-08-25,46.28,-80,6.4,medium_doc,136.01,-24.64,9.86,3.21,-28.43,4.34,-17.77,2.99,-24.2,0.6,3.8,-28.43,4.34,-17.77,2.99,-10.66
Johnston,Nipissing,N.Ontario,Yellow perch,15131,2015,8,25,2015-08-25,46.28,-80,6.4,medium_doc,133.92,-26.12,10.23,3.26,-28.43,4.34,-17.77,2.99,-25.6,0.73,3.8,-28.43,4.34,-17.77,2.99,-10.66
Johnston,Nipissing,N.Ontario,Yellow perch,15133,2015,8,19,2015-08-19,46.28,-80,6.4,medium_doc,133.92,-25.12,9.48,3.16,-28.43,4.34,-17.77,2.99,-24.8,0.66,3.6,-28.43,4.34,-17.77,2.99,-10.66
Johnston,Nipissing,N.Ontario,Yellow perch,13750,2015,6,2,2015-06-02,46.28,-80,6.4,medium_doc,132,-23.81,10.07,3.17,-28.43,4.34,-17.77,2.99,-23.4,0.53,3.9,-28.43,4.34,-17.77,2.99,-10.66
Johnston,Nipissing,N.Ontario,Yellow perch,15162,2015,10,21,2015-10-21,46.28,-80,6.4,medium_doc,130.77,-26.34,11.01,3.2,-28.43,4.34,-17.77,2.99,-25.9,0.76,4.1,-28.43,4.34,-17.77,2.99,-10.66
Johnston,Nipissing,N.Ontario,Yellow perch,13982,2015,7,7,2015-07-07,46.28,-80,6.4,medium_doc,124,-26.11,9.8,3.16,-28.43,4.34,-17.77,2.99,-25.8,0.75,3.7,-28.43,4.34,-17.77,2.99,-10.66
Johnston,Nipissing,N.Ontario,Yellow perch,15182,2015,10,27,2015-10-27,46.28,-80,6.4,medium_doc,122.39,-26.69,9.78,3.26,-28.43,4.34,-17.77,2.99,-26.1,0.78,3.7,-28.43,4.34,-17.77,2.99,-10.66
Johnston,Nipissing,N.Ontario,Yellow perch,13977,2015,7,3,2015-07-03,46.28,-80,6.4,medium_doc,120,-24.59,9.37,3.15,-28.43,4.34,-17.77,2.99,-24.3,0.61,3.6,-28.43,4.34,-17.77,2.99,-10.66
Johnston,Nipissing,N.Ontario,Yellow perch,14002,2015,7,9,2015-07-09,46.28,-80,6.4,medium_doc,120,-27.31,11.15,3.38,-28.43,4.34,-17.77,2.99,-26.5,0.82,4.1,-28.43,4.34,-17.77,2.99,-10.66
Johnston,Nipissing,N.Ontario,Yellow perch,13976,2015,7,3,2015-07-03,46.28,-80,6.4,medium_doc,119,-25.49,9.06,3.13,-28.43,4.34,-17.77,2.99,-25.2,0.7,3.5,-28.43,4.34,-17.77,2.99,-10.66
Johnston,Nipissing,N.Ontario,Yellow perch,15149,2015,8,25,2015-08-25,46.28,-80,6.4,medium_doc,117.15,-20.39,8.55,3.21,-28.43,4.34,-17.77,2.99,-19.9,0.2,3.6,-28.43,4.34,-17.77,2.99,-10.66
Johnston,Nipissing,N.Ontario,Yellow perch,13978,2015,7,3,2015-07-03,46.28,-80,6.4,medium_doc,115,-24.61,8.79,3.25,-28.43,4.34,-17.77,2.99,-24.1,0.59,3.5,-28.43,4.34,-17.77,2.99,-10.66
Johnston,Nipissing,N.Ontario,Yellow perch,13981,2015,7,7,2015-07-07,46.28,-80,6.4,medium_doc,115,-23.58,9.09,3.13,-28.43,4.34,-17.77,2.99,-23.3,0.52,3.6,-28.43,4.34,-17.77,2.99,-10.66
Johnston,Nipissing,N.Ontario,Yellow perch,13983,2015,7,7,2015-07-07,46.28,-80,6.4,medium_doc,115,-24.06,9.38,3.15,-28.43,4.34,-17.77,2.99,-23.7,0.56,3.7,-28.43,4.34,-17.77,2.99,-10.66
Johnston,Nipissing,N.Ontario,Yellow perch,15150,2015,8,25,2015-08-25,46.28,-80,6.4,medium_doc,112.96,-21.73,9.13,3.17,-28.43,4.34,-17.77,2.99,-21.4,0.34,3.7,-28.43,4.34,-17.77,2.99,-10.66
Johnston,Nipissing,N.Ontario,Yellow perch,13749,2015,6,2,2015-06-02,46.28,-80,6.4,medium_doc,112,-24.15,10.29,3.19,-28.43,4.34,-17.77,2.99,-23.7,0.56,3.9,-28.43,4.34,-17.77,2.99,-10.66
Johnston,Nipissing,N.Ontario,Yellow perch,13954,2015,7,6,2015-07-06,46.28,-80,6.4,medium_doc,112,-24.87,9.42,3.25,-28.43,4.34,-17.77,2.99,-24.3,0.61,3.6,-28.43,4.34,-17.77,2.99,-10.66
Johnston,Nipissing,N.Ontario,Yellow perch,15135,2015,8,19,2015-08-19,46.28,-80,6.4,medium_doc,111.91,-23.58,8.73,3.19,-28.43,4.34,-17.77,2.99,-23.2,0.51,3.5,-28.43,4.34,-17.77,2.99,-10.66
Johnston,Nipissing,N.Ontario,Yellow perch,15134,2015,8,19,2015-08-19,46.28,-80,6.4,medium_doc,110.86,-24.99,8.66,3.16,-28.43,4.34,-17.77,2.99,-24.6,0.64,3.4,-28.43,4.34,-17.77,2.99,-10.66
Johnston,Nipissing,N.Ontario,Yellow perch,15136,2015,8,19,2015-08-19,46.28,-80,6.4,medium_doc,110.86,-24.61,9.43,3.21,-28.43,4.34,-17.77,2.99,-24.1,0.59,3.7,-28.43,4.34,-17.77,2.99,-10.66
Johnston,Nipissing,N.Ontario,Yellow perch,15148,2015,8,25,2015-08-25,46.28,-80,6.4,medium_doc,110.86,-26.64,10.67,3.21,-28.43,4.34,-17.77,2.99,-26.2,0.79,3.9,-28.43,4.34,-17.77,2.99,-10.66
Johnston,Nipissing,N.Ontario,Yellow perch,13972,2015,7,9,2015-07-09,46.28,-80,6.4,medium_doc,110,-27.12,11.1,3.27,-28.43,4.34,-17.77,2.99,-26.5,0.82,4.1,-28.43,4.34,-17.77,2.99,-10.66
Johnston,Nipissing,N.Ontario,Yellow perch,13767,2015,6,4,2015-06-04,46.28,-80,6.4,medium_doc,105.62,-27.06,10.57,3.25,-28.43,4.34,-17.77,2.99,-26.5,0.82,3.9,-28.43,4.34,-17.77,2.99,-10.66
Johnston,Nipissing,N.Ontario,Yellow perch,15147,2015,8,25,2015-08-25,46.28,-80,6.4,medium_doc,104.57,-24.11,9.19,3.22,-28.43,4.34,-17.77,2.99,-23.6,0.55,3.6,-28.43,4.34,-17.77,2.99,-10.66
Johnston,Nipissing,N.Ontario,Yellow perch,15139,2015,8,19,2015-08-19,46.28,-80,6.4,medium_doc,102.48,-26.76,8.45,3.16,-28.43,4.34,-17.77,2.99,-26.4,0.81,3.3,-28.43,4.34,-17.77,2.99,-10.66
Johnston,Nipissing,N.Ontario,Yellow perch,13985,2015,7,7,2015-07-07,46.28,-80,6.4,medium_doc,102,-24.33,9.23,3.17,-28.43,4.34,-17.77,2.99,-24,0.58,3.6,-28.43,4.34,-17.77,2.99,-10.66
Johnston,Nipissing,N.Ontario,Yellow perch,15181,2015,10,27,2015-10-27,46.28,-80,6.4,medium_doc,101.43,-26.93,9.17,3.23,-28.43,4.34,-17.77,2.99,-26.4,0.81,3.5,-28.43,4.34,-17.77,2.99,-10.66
Johnston,Nipissing,N.Ontario,Yellow perch,13766,2015,6,4,2015-06-04,46.28,-80,6.4,medium_doc,100.38,-25.61,9.84,3.26,-28.43,4.34,-17.77,2.99,-25,0.68,3.7,-28.43,4.34,-17.77,2.99,-10.66
Johnston,Nipissing,N.Ontario,Yellow perch,13765,2015,6,4,2015-06-04,46.28,-80,6.4,medium_doc,98.29,-27.34,9.69,3.22,-28.43,4.34,-17.77,2.99,-26.9,0.86,3.6,-28.43,4.34,-17.77,2.99,-10.66
Johnston,Nipissing,N.Ontario,Yellow perch,13986,2015,7,7,2015-07-07,46.28,-80,6.4,medium_doc,98,-25.72,9.35,3.16,-28.43,4.34,-17.77,2.99,-25.4,0.72,3.6,-28.43,4.34,-17.77,2.99,-10.66
Johnston,Nipissing,N.Ontario,Yellow perch,13764,2015,6,4,2015-06-04,46.28,-80,6.4,medium_doc,96.19,-27.48,10.37,3.32,-28.43,4.34,-17.77,2.99,-26.8,0.85,3.8,-28.43,4.34,-17.77,2.99,-10.66
Johnston,Nipissing,N.Ontario,Yellow perch,13748,2015,6,2,2015-06-02,46.28,-80,6.4,medium_doc,96,-26.78,10.41,3.22,-28.43,4.34,-17.77,2.99,-26.3,0.8,3.9,-28.43,4.34,-17.77,2.99,-10.66
Johnston,Nipissing,N.Ontario,Yellow perch,13955,2015,7,6,2015-07-06,46.28,-80,6.4,medium_doc,95,-23.78,9.03,3.23,-28.43,4.34,-17.77,2.99,-23.3,0.52,3.6,-28.43,4.34,-17.77,2.99,-10.66
Johnston,Nipissing,N.Ontario,Yellow perch,13956,2015,7,6,2015-07-06,46.28,-80,6.4,medium_doc,95,-23.91,8.73,3.23,-28.43,4.34,-17.77,2.99,-23.4,0.53,3.5,-28.43,4.34,-17.77,2.99,-10.66
Johnston,Nipissing,N.Ontario,Yellow perch,13979,2015,7,3,2015-07-03,46.28,-80,6.4,medium_doc,95,-26.81,9.95,3.26,-28.43,4.34,-17.77,2.99,-26.2,0.79,3.7,-28.43,4.34,-17.77,2.99,-10.66
Johnston,Nipissing,N.Ontario,Yellow perch,13984,2015,7,7,2015-07-07,46.28,-80,6.4,medium_doc,94,-24.37,9.32,3.1,-28.43,4.34,-17.77,2.99,-24.1,0.59,3.6,-28.43,4.34,-17.77,2.99,-10.66
Johnston,Nipissing,N.Ontario,Yellow perch,13957,2015,7,6,2015-07-06,46.28,-80,6.4,medium_doc,92,-23.93,8.75,3.26,-28.43,4.34,-17.77,2.99,-23.4,0.53,3.5,-28.43,4.34,-17.77,2.99,-10.66
Johnston,Nipissing,N.Ontario,Yellow perch,15132,2015,8,25,2015-08-25,46.28,-80,6.4,medium_doc,90.95,-26.06,10.86,3.22,-28.43,4.34,-17.77,2.99,-25.6,0.73,4,-28.43,4.34,-17.77,2.99,-10.66
Johnston,Nipissing,N.Ontario,Yellow perch,15138,2015,8,19,2015-08-19,46.28,-80,6.4,medium_doc,90.95,-23.18,8.13,3.21,-28.43,4.34,-17.77,2.99,-22.7,0.46,3.3,-28.43,4.34,-17.77,2.99,-10.66
Johnston,Nipissing,N.Ontario,Yellow perch,15146,2015,8,25,2015-08-25,46.28,-80,6.4,medium_doc,90.95,-22.25,9.28,3.25,-28.43,4.34,-17.77,2.99,-21.7,0.37,3.7,-28.43,4.34,-17.77,2.99,-10.66
Johnston,Nipissing,N.Ontario,Yellow perch,15179,2015,10,27,2015-10-27,46.28,-80,6.4,medium_doc,90.95,-23.52,9,3.24,-28.43,4.34,-17.77,2.99,-23,0.49,3.6,-28.43,4.34,-17.77,2.99,-10.66
Johnston,Nipissing,N.Ontario,Yellow perch,15137,2015,8,19,2015-08-19,46.28,-80,6.4,medium_doc,89.9,-23.08,8.34,3.19,-28.43,4.34,-17.77,2.99,-22.7,0.46,3.4,-28.43,4.34,-17.77,2.99,-10.66
Johnston,Nipissing,N.Ontario,Yellow perch,15145,2015,8,25,2015-08-25,46.28,-80,6.4,medium_doc,89.9,-27.9,9.77,3.19,-28.43,4.34,-17.77,2.99,-27.5,0.91,3.6,-28.43,4.34,-17.77,2.99,-10.66
Johnston,Nipissing,N.Ontario,Yellow perch,15180,2015,10,27,2015-10-27,46.28,-80,6.4,medium_doc,88.85,-24.57,9.36,3.25,-28.43,4.34,-17.77,2.99,-24,0.58,3.6,-28.43,4.34,-17.77,2.99,-10.66
Johnston,Nipissing,N.Ontario,Yellow perch,15142,2015,8,19,2015-08-19,46.28,-80,6.4,medium_doc,86.76,-24.79,7.81,3.21,-28.43,4.34,-17.77,2.99,-24.3,0.61,3.2,-28.43,4.34,-17.77,2.99,-10.66
Johnston,Nipissing,N.Ontario,Yellow perch,15144,2015,8,25,2015-08-25,46.28,-80,6.4,medium_doc,85.71,-23.86,8.92,3.21,-28.43,4.34,-17.77,2.99,-23.4,0.53,3.5,-28.43,4.34,-17.77,2.99,-10.66
Johnston,Nipissing,N.Ontario,Yellow perch,13747,2015,6,2,2015-06-02,46.28,-80,6.4,medium_doc,85,-24.57,9.3,3.26,-28.43,4.34,-17.77,2.99,-24,0.58,3.6,-28.43,4.34,-17.77,2.99,-10.66
Johnston,Nipissing,N.Ontario,Yellow perch,13987,2015,7,7,2015-07-07,46.28,-80,6.4,medium_doc,84,-24.04,8.66,3.17,-28.43,4.34,-17.77,2.99,-23.7,0.56,3.4,-28.43,4.34,-17.77,2.99,-10.66
Johnston,Nipissing,N.Ontario,Yellow perch,15140,2015,8,19,2015-08-19,46.28,-80,6.4,medium_doc,83.61,-24.44,8.85,3.19,-28.43,4.34,-17.77,2.99,-24,0.58,3.5,-28.43,4.34,-17.77,2.99,-10.66
Johnston,Nipissing,N.Ontario,Yellow perch,15178,2015,10,27,2015-10-27,46.28,-80,6.4,medium_doc,83.61,-27.32,10.03,3.27,-28.43,4.34,-17.77,2.99,-26.7,0.84,3.7,-28.43,4.34,-17.77,2.99,-10.66
Johnston,Nipissing,N.Ontario,Yellow perch,13980,2015,7,3,2015-07-03,46.28,-80,6.4,medium_doc,82,-22.45,8.49,3.29,-28.43,4.34,-17.77,2.99,-21.8,0.38,3.5,-28.43,4.34,-17.77,2.99,-10.66
Johnston,Nipissing,N.Ontario,Yellow perch,13763,2015,6,4,2015-06-04,46.28,-80,6.4,medium_doc,81.52,-26.63,9.67,3.25,-28.43,4.34,-17.77,2.99,-26.1,0.78,3.7,-28.43,4.34,-17.77,2.99,-10.66
Johnston,Nipissing,N.Ontario,Yellow perch,13746,2015,6,2,2015-06-02,46.28,-80,6.4,medium_doc,81,-24.78,9.08,3.28,-28.43,4.34,-17.77,2.99,-24.2,0.6,3.6,-28.43,4.34,-17.77,2.99,-10.66
Johnston,Nipissing,N.Ontario,Yellow perch,15160,2015,10,21,2015-10-21,46.28,-80,6.4,medium_doc,79.42,-24.88,9.16,3.26,-28.43,4.34,-17.77,2.99,-24.3,0.61,3.6,-28.43,4.34,-17.77,2.99,-10.66
Johnston,Nipissing,N.Ontario,Yellow perch,15161,2015,10,21,2015-10-21,46.28,-80,6.4,medium_doc,78.37,-23.38,8.89,3.3,-28.43,4.34,-17.77,2.99,-22.7,0.46,3.6,-28.43,4.34,-17.77,2.99,-10.66
Johnston,Nipissing,N.Ontario,Yellow perch,15141,2015,8,19,2015-08-19,46.28,-80,6.4,medium_doc,77.33,-23.06,8.6,3.2,-28.43,4.34,-17.77,2.99,-22.6,0.45,3.5,-28.43,4.34,-17.77,2.99,-10.66
Johnston,Nipissing,N.Ontario,Yellow perch,13988,2015,7,7,2015-07-07,46.28,-80,6.4,medium_doc,76,-28.82,9.21,3.17,-28.43,4.34,-17.77,2.99,-28.4,1,3.4,-28.43,4.34,-17.77,2.99,-10.66
Johnston,Nipissing,N.Ontario,Yellow perch,13989,2015,7,7,2015-07-07,46.28,-80,6.4,medium_doc,76,-27.33,8.85,3.16,-28.43,4.34,-17.77,2.99,-27,0.87,3.4,-28.43,4.34,-17.77,2.99,-10.66
Johnston,Nipissing,N.Ontario,Yellow perch,13958,2015,7,6,2015-07-06,46.28,-80,6.4,medium_doc,75,-25.62,8.9,3.31,-28.43,4.34,-17.77,2.99,-25,0.68,3.5,-28.43,4.34,-17.77,2.99,-10.66
Johnston,Nipissing,N.Ontario,Yellow perch,13960,2015,7,6,2015-07-06,46.28,-80,6.4,medium_doc,75,-28.2,7.96,3.27,-28.43,4.34,-17.77,2.99,-27.6,0.92,3.1,-28.43,4.34,-17.77,2.99,-10.66
Johnston,Nipissing,N.Ontario,Yellow perch,13973,2015,7,9,2015-07-09,46.28,-80,6.4,medium_doc,74,-27.63,9.07,3.27,-28.43,4.34,-17.77,2.99,-27,0.87,3.4,-28.43,4.34,-17.77,2.99,-10.66
Johnston,Nipissing,N.Ontario,Yellow perch,13991,2015,7,3,2015-07-03,46.28,-80,6.4,medium_doc,74,-29.55,10.82,3.45,-28.43,4.34,-17.77,2.99,-28.6,1,3.9,-28.43,4.34,-17.77,2.99,-10.66
Johnston,Nipissing,N.Ontario,Yellow perch,13959,2015,7,6,2015-07-06,46.28,-80,6.4,medium_doc,73,-25.16,8.49,3.31,-28.43,4.34,-17.77,2.99,-24.5,0.63,3.4,-28.43,4.34,-17.77,2.99,-10.66
Johnston,Nipissing,N.Ontario,Yellow perch,14003,2015,7,9,2015-07-09,46.28,-80,6.4,medium_doc,73,-27.52,9.13,3.43,-28.43,4.34,-17.77,2.99,-26.6,0.83,3.5,-28.43,4.34,-17.77,2.99,-10.66
Johnston,Nipissing,N.Ontario,Yellow perch,13992,2015,7,3,2015-07-03,46.28,-80,6.4,medium_doc,72,-25.85,9.63,3.41,-28.43,4.34,-17.77,2.99,-25,0.68,3.7,-28.43,4.34,-17.77,2.99,-10.66
Johnston,Nipissing,N.Ontario,Yellow perch,13961,2015,7,6,2015-07-06,46.28,-80,6.4,medium_doc,68,-26.17,9.18,3.25,-28.43,4.34,-17.77,2.99,-25.6,0.73,3.5,-28.43,4.34,-17.77,2.99,-10.66
Johnston,Nipissing,N.Ontario,Yellow perch,13962,2015,7,6,2015-07-06,46.28,-80,6.4,medium_doc,68,-27.29,9.1,3.29,-28.43,4.34,-17.77,2.99,-26.7,0.84,3.5,-28.43,4.34,-17.77,2.99,-10.66
Johnston,Nipissing,N.Ontario,Yellow perch,15126,2015,8,25,2015-08-25,46.28,-80,6.4,medium_doc,67.89,-24.37,9.39,3.27,-28.43,4.34,-17.77,2.99,-23.8,0.57,3.7,-28.43,4.34,-17.77,2.99,-10.66
Johnston,Nipissing,N.Ontario,Yellow perch,13762,2015,6,4,2015-06-04,46.28,-80,6.4,medium_doc,65.8,-29.44,8.95,3.34,-28.43,4.34,-17.77,2.99,-28.7,1,3.3,-28.43,4.34,-17.77,2.99,-10.66
Johnston,Nipissing,N.Ontario,Yellow perch,15159,2015,10,21,2015-10-21,46.28,-80,6.4,medium_doc,65.8,-26.72,9.61,3.3,-28.43,4.34,-17.77,2.99,-26.1,0.78,3.6,-28.43,4.34,-17.77,2.99,-10.66
Johnston,Nipissing,N.Ontario,Yellow perch,13990,2015,7,7,2015-07-07,46.28,-80,6.4,medium_doc,65,-29.62,9.74,3.51,-28.43,4.34,-17.77,2.99,-28.6,1,3.6,-28.43,4.34,-17.77,2.99,-10.66
Johnston,Nipissing,N.Ontario,Yellow perch,15127,2015,8,25,2015-08-25,46.28,-80,6.4,medium_doc,64.75,-22.12,9.07,3.26,-28.43,4.34,-17.77,2.99,-21.6,0.36,3.6,-28.43,4.34,-17.77,2.99,-10.66
Johnston,Nipissing,N.Ontario,Yellow perch,15177,2015,10,27,2015-10-27,46.28,-80,6.4,medium_doc,63.7,-27.42,10.52,3.32,-28.43,4.34,-17.77,2.99,-26.7,0.84,3.9,-28.43,4.34,-17.77,2.99,-10.66
Johnston,Nipissing,N.Ontario,Yellow perch,13963,2015,7,6,2015-07-06,46.28,-80,6.4,medium_doc,61,-28.66,9.01,3.32,-28.43,4.34,-17.77,2.99,-28,0.96,3.4,-28.43,4.34,-17.77,2.99,-10.66
Johnston,Nipissing,N.Ontario,Yellow perch,15174,2015,10,27,2015-10-27,46.28,-80,6.4,medium_doc,60.56,-27.04,10.04,3.32,-28.43,4.34,-17.77,2.99,-26.4,0.81,3.8,-28.43,4.34,-17.77,2.99,-10.66
Johnston,Nipissing,N.Ontario,Yellow perch,13993,2015,7,3,2015-07-03,46.28,-80,6.4,medium_doc,60,-25.16,8.82,3.44,-28.43,4.34,-17.77,2.99,-24.2,0.6,3.5,-28.43,4.34,-17.77,2.99,-10.66
Johnston,Nipissing,N.Ontario,Yellow perch,15158,2015,10,21,2015-10-21,46.28,-80,6.4,medium_doc,59.51,-27.5,10.13,3.37,-28.43,4.34,-17.77,2.99,-26.7,0.84,3.8,-28.43,4.34,-17.77,2.99,-10.66
Johnston,Nipissing,N.Ontario,Yellow perch,15168,2015,10,27,2015-10-27,46.28,-80,6.4,medium_doc,59.51,-25.31,9.4,3.32,-28.43,4.34,-17.77,2.99,-24.6,0.64,3.6,-28.43,4.34,-17.77,2.99,-10.66
Johnston,Nipissing,N.Ontario,Yellow perch,15170,2015,10,27,2015-10-27,46.28,-80,6.4,medium_doc,59.51,-27.56,8.61,3.34,-28.43,4.34,-17.77,2.99,-26.8,0.85,3.3,-28.43,4.34,-17.77,2.99,-10.66
Johnston,Nipissing,N.Ontario,Yellow perch,13754,2015,6,10,2015-06-10,46.28,-80,6.4,medium_doc,58.46,-27.69,10.39,3.32,-28.43,4.34,-17.77,2.99,-27,0.87,3.8,-28.43,4.34,-17.77,2.99,-10.66
Johnston,Nipissing,N.Ontario,Yellow perch,15125,2015,8,25,2015-08-25,46.28,-80,6.4,medium_doc,58.46,-25.33,9.52,3.25,-28.43,4.34,-17.77,2.99,-24.8,0.66,3.7,-28.43,4.34,-17.77,2.99,-10.66
Johnston,Nipissing,N.Ontario,Yellow perch,15167,2015,10,27,2015-10-27,46.28,-80,6.4,medium_doc,58.46,-26.76,10.19,3.34,-28.43,4.34,-17.77,2.99,-26,0.77,3.8,-28.43,4.34,-17.77,2.99,-10.66
Johnston,Nipissing,N.Ontario,Yellow perch,15169,2015,10,27,2015-10-27,46.28,-80,6.4,medium_doc,58.46,-26.77,9.98,3.34,-28.43,4.34,-17.77,2.99,-26,0.77,3.8,-28.43,4.34,-17.77,2.99,-10.66
Johnston,Nipissing,N.Ontario,Yellow perch,15173,2015,10,27,2015-10-27,46.28,-80,6.4,medium_doc,58.46,-27.18,10.38,3.34,-28.43,4.34,-17.77,2.99,-26.5,0.82,3.8,-28.43,4.34,-17.77,2.99,-10.66
Johnston,Nipissing,N.Ontario,Yellow perch,13755,2015,6,10,2015-06-10,46.28,-80,6.4,medium_doc,57.41,-28.27,10.5,3.32,-28.43,4.34,-17.77,2.99,-27.6,0.92,3.8,-28.43,4.34,-17.77,2.99,-10.66
Johnston,Nipissing,N.Ontario,Yellow perch,13760,2015,6,4,2015-06-04,46.28,-80,6.4,medium_doc,57.41,-29.34,10.21,3.41,-28.43,4.34,-17.77,2.99,-28.5,1,3.7,-28.43,4.34,-17.77,2.99,-10.66
Johnston,Nipissing,N.Ontario,Yellow perch,15124,2015,8,25,2015-08-25,46.28,-80,6.4,medium_doc,57.41,-26.01,9.13,3.27,-28.43,4.34,-17.77,2.99,-25.4,0.72,3.5,-28.43,4.34,-17.77,2.99,-10.66
Johnston,Nipissing,N.Ontario,Yellow perch,15176,2015,10,27,2015-10-27,46.28,-80,6.4,medium_doc,57.41,-26.42,9.22,3.33,-28.43,4.34,-17.77,2.99,-25.7,0.74,3.5,-28.43,4.34,-17.77,2.99,-10.66
Johnston,Nipissing,N.Ontario,Yellow perch,13745,2015,6,2,2015-06-02,46.28,-80,6.4,medium_doc,57,-29.27,9.44,3.39,-28.43,4.34,-17.77,2.99,-28.4,1,3.5,-28.43,4.34,-17.77,2.99,-10.66
Johnston,Nipissing,N.Ontario,Yellow perch,15157,2015,10,21,2015-10-21,46.28,-80,6.4,medium_doc,56.37,-27.33,10.51,3.35,-28.43,4.34,-17.77,2.99,-26.6,0.83,3.9,-28.43,4.34,-17.77,2.99,-10.66
Johnston,Nipissing,N.Ontario,Yellow perch,15171,2015,10,27,2015-10-27,46.28,-80,6.4,medium_doc,56.37,-27.25,10.21,3.38,-28.43,4.34,-17.77,2.99,-26.4,0.81,3.8,-28.43,4.34,-17.77,2.99,-10.66
Johnston,Nipissing,N.Ontario,Yellow perch,15172,2015,10,27,2015-10-27,46.28,-80,6.4,medium_doc,56.37,-27.66,9.69,3.35,-28.43,4.34,-17.77,2.99,-26.9,0.86,3.6,-28.43,4.34,-17.77,2.99,-10.66
Johnston,Nipissing,N.Ontario,Yellow perch,15175,2015,10,27,2015-10-27,46.28,-80,6.4,medium_doc,56.37,-26.99,10.58,3.36,-28.43,4.34,-17.77,2.99,-26.2,0.79,3.9,-28.43,4.34,-17.77,2.99,-10.66
Johnston,Nipissing,N.Ontario,Yellow perch,13744,2015,6,2,2015-06-02,46.28,-80,6.4,medium_doc,54,-29.42,9.67,3.4,-28.43,4.34,-17.77,2.99,-28.6,1,3.6,-28.43,4.34,-17.77,2.99,-10.66
Johnston,Nipissing,N.Ontario,Yellow perch,13761,2015,6,4,2015-06-04,46.28,-80,6.4,medium_doc,53.22,-29.52,9.66,3.38,-28.43,4.34,-17.77,2.99,-28.7,1,3.6,-28.43,4.34,-17.77,2.99,-10.66
Johnston,Nipissing,N.Ontario,Yellow perch,13753,2015,6,10,2015-06-10,46.28,-80,6.4,medium_doc,51.13,-27.71,10.13,3.3,-28.43,4.34,-17.77,2.99,-27.1,0.88,3.8,-28.43,4.34,-17.77,2.99,-10.66
Johnston,Nipissing,N.Ontario,Yellow perch,13743,2015,6,2,2015-06-02,46.28,-80,6.4,medium_doc,51,-27.47,8.94,3.39,-28.43,4.34,-17.77,2.99,-26.6,0.83,3.4,-28.43,4.34,-17.77,2.99,-10.66
Johnston,Nipissing,N.Ontario,Yellow perch,15123,2015,8,25,2015-08-25,46.28,-80,6.4,medium_doc,50.08,-26.36,9.52,3.27,-28.43,4.34,-17.77,2.99,-25.8,0.75,3.6,-28.43,4.34,-17.77,2.99,-10.66
Johnston,Nipissing,N.Ontario,Yellow perch,15143,2015,8,25,2015-08-25,46.28,-80,6.4,medium_doc,49.03,-26.36,9.09,3.25,-28.43,4.34,-17.77,2.99,-25.8,0.75,3.5,-28.43,4.34,-17.77,2.99,-10.66
Johnston,Panache,N.Ontario,Northern pike,6843,2011,NA,NA,NA,46.25,-81.33,3.7,low_doc,791,-25.92,9.8,3.23,-27.481,2.182,-17.75,1.54,-25.4,0.79,4.3,-27.481,2.182,-17.21,1.36,-10.271
Johnston,Panache,N.Ontario,Northern pike,6842,2011,NA,NA,NA,46.25,-81.33,3.7,low_doc,761,-26.62,10.12,3.36,-27.481,2.182,-17.75,1.54,-25.9,0.84,4.4,-27.481,2.182,-17.21,1.36,-10.271
Johnston,Panache,N.Ontario,Northern pike,6844,2011,NA,NA,NA,46.25,-81.33,3.7,low_doc,735,-25.93,9.84,3.25,-27.481,2.182,-17.75,1.54,-25.4,0.79,4.3,-27.481,2.182,-17.21,1.36,-10.271
Johnston,Panache,N.Ontario,Northern pike,6845,2011,NA,NA,NA,46.25,-81.33,3.7,low_doc,677,-25.88,9.88,3.3,-27.481,2.182,-17.75,1.54,-25.2,0.77,4.3,-27.481,2.182,-17.21,1.36,-10.271
Johnston,Panache,N.Ontario,Northern pike,6839,2011,NA,NA,NA,46.25,-81.33,3.7,low_doc,629,-24.78,11.76,3.24,-27.481,2.182,-17.75,1.54,-24.3,0.67,4.9,-27.481,2.182,-17.21,1.36,-10.271
Johnston,Panache,N.Ontario,Northern pike,6840,2011,NA,NA,NA,46.25,-81.33,3.7,low_doc,604,-25.06,9.92,3.29,-27.481,2.182,-17.75,1.54,-24.4,0.68,4.3,-27.481,2.182,-17.21,1.36,-10.271
Johnston,Panache,N.Ontario,Northern pike,6841,2011,NA,NA,NA,46.25,-81.33,3.7,low_doc,554,-24.61,10.59,3.41,-27.481,2.182,-17.75,1.54,-23.8,0.62,4.5,-27.481,2.182,-17.21,1.36,-10.271
Johnston,Panache,N.Ontario,Northern pike,6836,2011,NA,NA,NA,46.25,-81.33,3.7,low_doc,540,-24.43,10.28,3.28,-27.481,2.182,-17.75,1.54,-23.8,0.62,4.5,-27.481,2.182,-17.21,1.36,-10.271
Johnston,Panache,N.Ontario,Northern pike,6837,2011,NA,NA,NA,46.25,-81.33,3.7,low_doc,518,-25.69,10.75,3.26,-27.481,2.182,-17.75,1.54,-25.1,0.76,4.6,-27.481,2.182,-17.21,1.36,-10.271
Johnston,Panache,N.Ontario,Northern pike,6838,2011,NA,NA,NA,46.25,-81.33,3.7,low_doc,445,-25.83,10.41,3.27,-27.481,2.182,-17.75,1.54,-25.2,0.77,4.5,-27.481,2.182,-17.21,1.36,-10.271
Johnston,Panache,N.Ontario,Walleye,6846,2011,NA,NA,NA,46.25,-81.33,3.7,low_doc,685,-26.59,10.65,3.3,-27.481,2.182,-17.75,1.54,-25.9,0.84,4.5,-27.481,2.182,-17.21,1.36,-10.271
Johnston,Panache,N.Ontario,Walleye,6849,2011,NA,NA,NA,46.25,-81.33,3.7,low_doc,514,-27.43,10.79,3.52,-27.481,2.182,-17.75,1.54,-26.4,0.89,4.6,-27.481,2.182,-17.21,1.36,-10.271
Johnston,Panache,N.Ontario,Walleye,6847,2011,NA,NA,NA,46.25,-81.33,3.7,low_doc,483,-27.74,10.98,3.37,-27.481,2.182,-17.75,1.54,-27,0.95,4.6,-27.481,2.182,-17.21,1.36,-10.271
Johnston,Panache,N.Ontario,Walleye,6848,2011,NA,NA,NA,46.25,-81.33,3.7,low_doc,443,-26.71,9.98,3.37,-27.481,2.182,-17.75,1.54,-25.9,0.84,4.3,-27.481,2.182,-17.21,1.36,-10.271
Johnston,Panache,N.Ontario,Walleye,6850,2011,NA,NA,NA,46.25,-81.33,3.7,low_doc,394,-25.15,9.63,3.3,-27.481,2.182,-17.75,1.54,-24.5,0.69,4.2,-27.481,2.182,-17.21,1.36,-10.271
Johnston,Radisson,N.Ontario,Northern pike,12210,2014,8,5,2014-08-05,48.21,-80.76,5.8,medium_doc,982,-24.7,10.95,3.13,-29.02454545,2.110909091,-17.37833333,0.923333333,-24.4,0.6,4.7,-29.02454545,2.110909091,-17.37833333,0.923333333,-11.64621212
Johnston,Radisson,N.Ontario,Northern pike,12209,2014,8,5,2014-08-05,48.21,-80.76,5.8,medium_doc,870,-24.13,10.46,3.13,-29.02454545,2.110909091,-17.37833333,0.923333333,-23.8,0.55,4.6,-29.02454545,2.110909091,-17.37833333,0.923333333,-11.64621212
Johnston,Radisson,N.Ontario,Northern pike,12207,2014,8,5,2014-08-05,48.21,-80.76,5.8,medium_doc,730,-25.1,10.06,3.09,-29.02454545,2.110909091,-17.37833333,0.923333333,-24.9,0.65,4.5,-29.02454545,2.110909091,-17.37833333,0.923333333,-11.64621212
Johnston,Radisson,N.Ontario,Northern pike,12204,2014,8,5,2014-08-05,48.21,-80.76,5.8,medium_doc,622,-26.41,9.24,3.08,-29.02454545,2.110909091,-17.37833333,0.923333333,-26.2,0.76,4.2,-29.02454545,2.110909091,-17.37833333,0.923333333,-11.64621212
Johnston,Radisson,N.Ontario,Northern pike,12206,2014,8,5,2014-08-05,48.21,-80.76,5.8,medium_doc,599,-21.75,9.35,3.14,-29.02454545,2.110909091,-17.37833333,0.923333333,-21.4,0.35,4.4,-29.02454545,2.110909091,-17.37833333,0.923333333,-11.64621212
Johnston,Radisson,N.Ontario,Northern pike,12208,2014,8,5,2014-08-05,48.21,-80.76,5.8,medium_doc,571,-24.07,9.11,3.09,-29.02454545,2.110909091,-17.37833333,0.923333333,-23.9,0.56,4.2,-29.02454545,2.110909091,-17.37833333,0.923333333,-11.64621212
Johnston,Radisson,N.Ontario,Northern pike,12213,2014,8,5,2014-08-05,48.21,-80.76,5.8,medium_doc,559,-23.29,8.61,3.09,-29.02454545,2.110909091,-17.37833333,0.923333333,-23.1,0.49,4.1,-29.02454545,2.110909091,-17.37833333,0.923333333,-11.64621212
Johnston,Radisson,N.Ontario,Northern pike,12205,2014,8,5,2014-08-05,48.21,-80.76,5.8,medium_doc,506,-22.41,8.49,3.09,-29.02454545,2.110909091,-17.37833333,0.923333333,-22.2,0.41,4.1,-29.02454545,2.110909091,-17.37833333,0.923333333,-11.64621212
Johnston,Radisson,N.Ontario,Northern pike,12212,2014,8,5,2014-08-05,48.21,-80.76,5.8,medium_doc,492,-23.44,8.22,3.1,-29.02454545,2.110909091,-17.37833333,0.923333333,-23.2,0.5,4,-29.02454545,2.110909091,-17.37833333,0.923333333,-11.64621212
Johnston,Radisson,N.Ontario,Northern pike,12211,2014,8,5,2014-08-05,48.21,-80.76,5.8,medium_doc,464,-22.99,8.03,3.05,-29.02454545,2.110909091,-17.37833333,0.923333333,-22.9,0.47,3.9,-29.02454545,2.110909091,-17.37833333,0.923333333,-11.64621212
Johnston,Radisson,N.Ontario,Walleye,12217,2014,8,5,2014-08-05,48.21,-80.76,5.8,medium_doc,548,-26.1,9.32,2.96,-29.02454545,2.110909091,-17.37833333,0.923333333,-26.2,0.76,4.2,-29.02454545,2.110909091,-17.37833333,0.923333333,-11.64621212
Johnston,Radisson,N.Ontario,Walleye,12223,2014,8,5,2014-08-05,48.21,-80.76,5.8,medium_doc,541,-25.7,8.86,2.97,-29.02454545,2.110909091,-17.37833333,0.923333333,-25.8,0.72,4.1,-29.02454545,2.110909091,-17.37833333,0.923333333,-11.64621212
Johnston,Radisson,N.Ontario,Walleye,12215,2014,8,5,2014-08-05,48.21,-80.76,5.8,medium_doc,541,-26.3,9.84,3.15,-29.02454545,2.110909091,-17.37833333,0.923333333,-26,0.74,4.4,-29.02454545,2.110909091,-17.37833333,0.923333333,-11.64621212
Johnston,Radisson,N.Ontario,Walleye,12220,2014,8,5,2014-08-05,48.21,-80.76,5.8,medium_doc,524,-25.87,8.97,2.87,-29.02454545,2.110909091,-17.37833333,0.923333333,-26.2,0.76,4.1,-29.02454545,2.110909091,-17.37833333,0.923333333,-11.64621212
Johnston,Radisson,N.Ontario,Walleye,12216,2014,8,5,2014-08-05,48.21,-80.76,5.8,medium_doc,487,-26.14,8.85,3.07,-29.02454545,2.110909091,-17.37833333,0.923333333,-26,0.74,4.1,-29.02454545,2.110909091,-17.37833333,0.923333333,-11.64621212
Johnston,Radisson,N.Ontario,Walleye,12218,2014,8,5,2014-08-05,48.21,-80.76,5.8,medium_doc,466,-25.06,9.02,3.09,-29.02454545,2.110909091,-17.37833333,0.923333333,-24.9,0.65,4.2,-29.02454545,2.110909091,-17.37833333,0.923333333,-11.64621212
Johnston,Radisson,N.Ontario,Walleye,12219,2014,8,5,2014-08-05,48.21,-80.76,5.8,medium_doc,451,-24.67,8.75,3.01,-29.02454545,2.110909091,-17.37833333,0.923333333,-24.7,0.63,4.1,-29.02454545,2.110909091,-17.37833333,0.923333333,-11.64621212
Johnston,Radisson,N.Ontario,Walleye,12221,2014,8,5,2014-08-05,48.21,-80.76,5.8,medium_doc,447,-22.52,9.08,2.95,-29.02454545,2.110909091,-17.37833333,0.923333333,-22.7,0.46,4.2,-29.02454545,2.110909091,-17.37833333,0.923333333,-11.64621212
Johnston,Radisson,N.Ontario,Walleye,12222,2014,8,5,2014-08-05,48.21,-80.76,5.8,medium_doc,445,-24.86,8.96,2.88,-29.02454545,2.110909091,-17.37833333,0.923333333,-25.2,0.67,4.1,-29.02454545,2.110909091,-17.37833333,0.923333333,-11.64621212
Johnston,Radisson,N.Ontario,Walleye,12214,2014,8,5,2014-08-05,48.21,-80.76,5.8,medium_doc,428,-23.35,8.53,3.09,-29.02454545,2.110909091,-17.37833333,0.923333333,-23.1,0.49,4.1,-29.02454545,2.110909091,-17.37833333,0.923333333,-11.64621212
Johnston,Panache,N.Ontario,Northern pike,5242,2010,NA,NA,NA,46.25,-81.33,3.3,low_doc,920,-24.66,11.07,3.13,-27.481,2.182,-17.21,1.36,-24.4,0.7,4.7,-27.481,2.182,-17.21,1.36,-10.271
Johnston,Panache,N.Ontario,Northern pike,5240,2010,NA,NA,NA,46.25,-81.33,3.3,low_doc,744,-25.26,10.03,3.11,-27.481,2.182,-17.21,1.36,-25,0.76,4.4,-27.481,2.182,-17.21,1.36,-10.271
Johnston,Panache,N.Ontario,Northern pike,5241,2010,NA,NA,NA,46.25,-81.33,3.3,low_doc,650,-24.75,9.91,3.1,-27.481,2.182,-17.21,1.36,-24.5,0.71,4.3,-27.481,2.182,-17.21,1.36,-10.271
Johnston,Panache,N.Ontario,Black bass,5270,2010,NA,NA,NA,46.25,-81.33,3.3,low_doc,474,-25.72,9.48,3.04,-27.481,2.182,-17.21,1.36,-25.6,0.82,4.2,-27.481,2.182,-17.21,1.36,-10.271
Johnston,Panache,N.Ontario,Black bass,5271,2010,NA,NA,NA,46.25,-81.33,3.3,low_doc,467,-26.6,9.7,3.07,-27.481,2.182,-17.21,1.36,-26.4,0.89,4.2,-27.481,2.182,-17.21,1.36,-10.271
Johnston,Panache,N.Ontario,Black bass,5265,2010,NA,NA,NA,46.25,-81.33,3.3,low_doc,427,-24.51,9.09,3.25,-27.481,2.182,-17.21,1.36,-24,0.66,4.1,-27.481,2.182,-17.21,1.36,-10.271
Johnston,Panache,N.Ontario,Black bass,5269,2010,NA,NA,NA,46.25,-81.33,3.3,low_doc,402,-25.95,10.25,3.07,-27.481,2.182,-17.21,1.36,-25.8,0.84,4.4,-27.481,2.182,-17.21,1.36,-10.271
Johnston,Panache,N.Ontario,Black bass,5272,2010,NA,NA,NA,46.25,-81.33,3.3,low_doc,390,-25.64,9.47,3.1,-27.481,2.182,-17.21,1.36,-25.4,0.8,4.2,-27.481,2.182,-17.21,1.36,-10.271
Johnston,Panache,N.Ontario,Black bass,5264,2010,NA,NA,NA,46.25,-81.33,3.3,low_doc,357,-25.04,8.3,3.12,-27.481,2.182,-17.21,1.36,-24.8,0.74,3.9,-27.481,2.182,-17.21,1.36,-10.271
Johnston,Panache,N.Ontario,Black bass,5266,2010,NA,NA,NA,46.25,-81.33,3.3,low_doc,325,-22.66,8.38,3.14,-27.481,2.182,-17.21,1.36,-22.3,0.5,3.9,-27.481,2.182,-17.21,1.36,-10.271
Johnston,Panache,N.Ontario,Black bass,5268,2010,NA,NA,NA,46.25,-81.33,3.3,low_doc,255,-24.76,9.13,3.12,-27.481,2.182,-17.21,1.36,-24.5,0.71,4.1,-27.481,2.182,-17.21,1.36,-10.271
Johnston,Panache,N.Ontario,Black bass,5263,2010,NA,NA,NA,46.78,-81.33,3.3,low_doc,231,-20.82,7.8,3.13,-27.481,2.182,-17.21,1.36,-20.5,0.32,3.8,-27.481,2.182,-17.21,1.36,-10.271
Johnston,Panache,N.Ontario,Black bass,5267,2010,NA,NA,NA,46.25,-81.33,3.3,low_doc,219,-24.39,8.26,3.09,-27.481,2.182,-17.21,1.36,-24.2,0.68,3.9,-27.481,2.182,-17.21,1.36,-10.271
Johnston,Panache,N.Ontario,Walleye,5276,2010,NA,NA,NA,46.25,-81.33,3.3,low_doc,687,-27.07,11.26,3.55,-27.481,2.182,-17.21,1.36,-26,0.86,4.7,-27.481,2.182,-17.21,1.36,-10.271
Johnston,Panache,N.Ontario,Walleye,5281,2010,NA,NA,NA,46.25,-81.33,3.3,low_doc,632,-26.62,11.64,3.08,-27.481,2.182,-17.21,1.36,-26.4,0.89,4.8,-27.481,2.182,-17.21,1.36,-10.271
Johnston,Panache,N.Ontario,Walleye,5278,2010,NA,NA,NA,46.25,-81.33,3.3,low_doc,605,-26.56,10.26,3.24,-27.481,2.182,-17.21,1.36,-26,0.86,4.4,-27.481,2.182,-17.21,1.36,-10.271
Johnston,Panache,N.Ontario,Walleye,5282,2010,NA,NA,NA,46.25,-81.33,3.3,low_doc,604,-24.51,10.61,3.08,-27.481,2.182,-17.21,1.36,-24.3,0.69,4.6,-27.481,2.182,-17.21,1.36,-10.271
Johnston,Panache,N.Ontario,Walleye,5279,2010,NA,NA,NA,46.25,-81.33,3.3,low_doc,599,-23.81,10.27,3.03,-27.481,2.182,-17.21,1.36,-23.7,0.63,4.5,-27.481,2.182,-17.21,1.36,-10.271
Johnston,Panache,N.Ontario,Walleye,5280,2010,NA,NA,NA,46.25,-81.33,3.3,low_doc,577,-25.97,10.91,3.24,-27.481,2.182,-17.21,1.36,-25.4,0.8,4.6,-27.481,2.182,-17.21,1.36,-10.271
Johnston,Panache,N.Ontario,Walleye,5283,2010,NA,NA,NA,46.25,-81.33,3.3,low_doc,549,-27.33,10.3,3.06,-27.481,2.182,-17.21,1.36,-27.2,0.97,4.4,-27.481,2.182,-17.21,1.36,-10.271
Johnston,Panache,N.Ontario,Walleye,5277,2010,NA,NA,NA,46.25,-81.33,3.3,low_doc,546,-26.04,9.8,3.22,-27.481,2.182,-17.21,1.36,-25.6,0.82,4.3,-27.481,2.182,-17.21,1.36,-10.271
Johnston,Panache,N.Ontario,Walleye,5274,2010,NA,NA,NA,46.25,-81.33,3.3,low_doc,361,-24.95,8.93,3.01,-27.481,2.182,-17.21,1.36,-24.9,0.75,4,-27.481,2.182,-17.21,1.36,-10.271
Johnston,Panache,N.Ontario,Walleye,5275,2010,NA,NA,NA,46.25,-81.33,3.3,low_doc,354,-24.36,8.6,3.04,-27.481,2.182,-17.21,1.36,-24.3,0.69,4,-27.481,2.182,-17.21,1.36,-10.271
Johnston,Panache,N.Ontario,Walleye,5273,2010,NA,NA,NA,46.25,-81.33,3.3,low_doc,327,-25.17,8.76,3.04,-27.481,2.182,-17.21,1.36,-25.1,0.77,4,-27.481,2.182,-17.21,1.36,-10.271
Johnston,Panache,N.Ontario,Yellow perch,1210,2006,NA,NA,NA,46.25,-81.33,3.7,low_doc,118.2,-22.76,6.55,3.26,-27.481,2.182,-16.3,1.07,-22.2,0.53,3.4,-27.481,2.182,-17.21,1.36,-10.271
Johnston,Panache,N.Ontario,Yellow perch,1219,2006,NA,NA,NA,46.25,-81.33,3.7,low_doc,110.86,-23.33,7.52,3.24,-27.481,2.182,-16.3,1.07,-22.8,0.58,3.7,-27.481,2.182,-17.21,1.36,-10.271
Johnston,Panache,N.Ontario,Yellow perch,1211,2006,NA,NA,NA,46.25,-81.33,3.7,low_doc,106.67,-23.98,5.96,3,-27.481,2.182,-16.3,1.07,-24,0.69,3.2,-27.481,2.182,-17.21,1.36,-10.271
Johnston,Panache,N.Ontario,Yellow perch,1215,2006,NA,NA,NA,46.25,-81.33,3.7,low_doc,106.67,-21.49,5.99,3.25,-27.481,2.182,-16.3,1.07,-20.9,0.41,3.3,-27.481,2.182,-17.21,1.36,-10.271
Johnston,Panache,N.Ontario,Yellow perch,1212,2006,NA,NA,NA,46.25,-81.33,3.7,low_doc,103.53,-22.32,5.92,3.2,-27.481,2.182,-16.3,1.07,-21.9,0.5,3.3,-27.481,2.182,-17.21,1.36,-10.271
Johnston,Panache,N.Ontario,Yellow perch,1214,2006,NA,NA,NA,46.25,-81.33,3.7,low_doc,103.53,-22.69,6.31,3.25,-27.481,2.182,-16.3,1.07,-22.1,0.52,3.4,-27.481,2.182,-17.21,1.36,-10.271
Johnston,Panache,N.Ontario,Yellow perch,1216,2006,NA,NA,NA,46.25,-81.33,3.7,low_doc,98.29,-23.58,6.6,3.24,-27.481,2.182,-16.3,1.07,-23.1,0.61,3.4,-27.481,2.182,-17.21,1.36,-10.271
Johnston,Panache,N.Ontario,Yellow perch,1213,2006,NA,NA,NA,46.25,-81.33,3.7,low_doc,96.19,-23.55,6.56,3.32,-27.481,2.182,-16.3,1.07,-22.9,0.59,3.4,-27.481,2.182,-17.21,1.36,-10.271
Johnston,Panache,N.Ontario,Yellow perch,1218,2006,NA,NA,NA,46.25,-81.33,3.7,low_doc,96.19,-24.15,6.91,3.27,-27.481,2.182,-16.3,1.07,-23.6,0.65,3.5,-27.481,2.182,-17.21,1.36,-10.271
Johnston,Panache,N.Ontario,Yellow perch,1217,2006,NA,NA,NA,46.25,-81.33,3.7,low_doc,89.9,-23.62,5.99,3.28,-27.481,2.182,-16.3,1.07,-23,0.6,3.3,-27.481,2.182,-17.21,1.36,-10.271
Johnston,Deer,N.Ontario,Northern pike,17182,2015,8,10,2015-08-10,52.65,-94.18,6.9,medium_doc,911,-25.48,10.9,3.13,-28.916,2.586,-15.84333333,0.732777778,-25.2,0.72,4.6,-28.916,2.586,-15.84333333,0.732777778,-13.07266667
Johnston,Deer,N.Ontario,Northern pike,19993,2018,9,18,2018-09-18,52.65,-94.18,6.9,medium_doc,859,-25.37,10.86,3.22,-28.916,2.586,-15.84333333,0.732777778,-24.9,0.69,4.6,-28.916,2.586,-15.84333333,0.732777778,-13.07266667
Johnston,Deer,N.Ontario,Northern pike,19984,2018,9,18,2018-09-18,52.65,-94.18,6.9,medium_doc,713,-24.65,9.36,3.18,-28.916,2.586,-15.84333333,0.732777778,-24.2,0.64,4.2,-28.916,2.586,-15.84333333,0.732777778,-13.07266667
Johnston,Deer,N.Ontario,Northern pike,19985,2018,9,18,2018-09-18,52.65,-94.18,6.9,medium_doc,713,-25.92,10.42,3.17,-28.916,2.586,-15.84333333,0.732777778,-25.5,0.74,4.4,-28.916,2.586,-15.84333333,0.732777778,-13.07266667
Johnston,Deer,N.Ontario,Northern pike,19992,2018,9,18,2018-09-18,52.65,-94.18,6.9,medium_doc,707,-26.37,10.97,3.18,-28.916,2.586,-15.84333333,0.732777778,-26,0.78,4.6,-28.916,2.586,-15.84333333,0.732777778,-13.07266667
Johnston,Deer,N.Ontario,Northern pike,19991,2018,9,18,2018-09-18,52.65,-94.18,6.9,medium_doc,698,-27.6,10.9,3.19,-28.916,2.586,-15.84333333,0.732777778,-27.2,0.87,4.5,-28.916,2.586,-15.84333333,0.732777778,-13.07266667
Johnston,Deer,N.Ontario,Northern pike,19987,2018,9,18,2018-09-18,52.65,-94.18,6.9,medium_doc,647,-28.01,9.86,3.21,-28.916,2.586,-15.84333333,0.732777778,-27.5,0.89,4.2,-28.916,2.586,-15.84333333,0.732777778,-13.07266667
Johnston,Deer,N.Ontario,Northern pike,17187,2015,8,10,2015-08-10,52.65,-94.18,6.9,medium_doc,643,-25.82,10.01,3.13,-28.916,2.586,-15.84333333,0.732777778,-25.5,0.74,4.3,-28.916,2.586,-15.84333333,0.732777778,-13.07266667
Johnston,Deer,N.Ontario,Northern pike,19983,2018,9,18,2018-09-18,52.65,-94.18,6.9,medium_doc,635,-23.13,9.21,3.18,-28.916,2.586,-15.84333333,0.732777778,-22.7,0.52,4.2,-28.916,2.586,-15.84333333,0.732777778,-13.07266667
Johnston,Deer,N.Ontario,Northern pike,19986,2018,9,18,2018-09-18,52.65,-94.18,6.9,medium_doc,626,-25.24,10.68,3.15,-28.916,2.586,-15.84333333,0.732777778,-24.9,0.69,4.5,-28.916,2.586,-15.84333333,0.732777778,-13.07266667
Johnston,Deer,N.Ontario,Northern pike,17186,2015,8,10,2015-08-10,52.65,-94.18,6.9,medium_doc,624,-26.87,9.97,3.04,-28.916,2.586,-15.84333333,0.732777778,-26.8,0.84,4.3,-28.916,2.586,-15.84333333,0.732777778,-13.07266667
Johnston,Deer,N.Ontario,Northern pike,19989,2018,9,18,2018-09-18,52.65,-94.18,6.9,medium_doc,617,-26.94,10.12,3.16,-28.916,2.586,-15.84333333,0.732777778,-26.6,0.82,4.3,-28.916,2.586,-15.84333333,0.732777778,-13.07266667
Johnston,Deer,N.Ontario,Northern pike,19988,2018,9,18,2018-09-18,52.65,-94.18,6.9,medium_doc,586,-27.69,9.78,3.15,-28.916,2.586,-15.84333333,0.732777778,-27.4,0.88,4.2,-28.916,2.586,-15.84333333,0.732777778,-13.07266667
Johnston,Deer,N.Ontario,Northern pike,17178,2015,8,10,2015-08-10,52.65,-94.18,6.9,medium_doc,580,-25.18,9.76,3.1,-28.916,2.586,-15.84333333,0.732777778,-25,0.7,4.3,-28.916,2.586,-15.84333333,0.732777778,-13.07266667
Johnston,Deer,N.Ontario,Northern pike,17183,2015,8,10,2015-08-10,52.65,-94.18,6.9,medium_doc,579,-23.48,9.15,3.09,-28.916,2.586,-15.84333333,0.732777778,-23.3,0.57,4.2,-28.916,2.586,-15.84333333,0.732777778,-13.07266667
Johnston,Deer,N.Ontario,Northern pike,17179,2015,8,10,2015-08-10,52.65,-94.18,6.9,medium_doc,568,-24.93,9.63,3.11,-28.916,2.586,-15.84333333,0.732777778,-24.7,0.68,4.2,-28.916,2.586,-15.84333333,0.732777778,-13.07266667
Johnston,Deer,N.Ontario,Northern pike,17180,2015,8,10,2015-08-10,52.65,-94.18,6.9,medium_doc,566,-27.37,9.87,3.13,-28.916,2.586,-15.84333333,0.732777778,-27.1,0.86,4.2,-28.916,2.586,-15.84333333,0.732777778,-13.07266667
Johnston,Deer,N.Ontario,Northern pike,19990,2018,9,18,2018-09-18,52.65,-94.18,6.9,medium_doc,540,-24.88,10.12,3.2,-28.916,2.586,-15.84333333,0.732777778,-24.4,0.65,4.4,-28.916,2.586,-15.84333333,0.732777778,-13.07266667
Johnston,Deer,N.Ontario,Northern pike,17184,2015,8,10,2015-08-10,52.65,-94.18,6.9,medium_doc,513,-24.48,9.33,3.12,-28.916,2.586,-15.84333333,0.732777778,-24.2,0.64,4.2,-28.916,2.586,-15.84333333,0.732777778,-13.07266667
Johnston,Deer,N.Ontario,Northern pike,17177,2015,8,10,2015-08-10,52.65,-94.18,6.9,medium_doc,501,-23.87,9.61,3.11,-28.916,2.586,-15.84333333,0.732777778,-23.6,0.59,4.3,-28.916,2.586,-15.84333333,0.732777778,-13.07266667
Johnston,Deer,N.Ontario,Northern pike,17176,2015,8,10,2015-08-10,52.65,-94.18,6.9,medium_doc,452,-25.53,9.2,3.11,-28.916,2.586,-15.84333333,0.732777778,-25.3,0.72,4.1,-28.916,2.586,-15.84333333,0.732777778,-13.07266667
Johnston,Deer,N.Ontario,Walleye,20037,2018,9,18,2018-09-18,52.65,-94.18,6.9,medium_doc,645,-25.13,9.81,3.2,-28.916,2.586,-15.84333333,0.732777778,-24.7,0.68,4.3,-28.916,2.586,-15.84333333,0.732777778,-13.07266667
Johnston,Deer,N.Ontario,Walleye,17190,2015,8,10,2015-08-10,52.65,-94.18,6.9,medium_doc,642,-27.1,11.05,3.08,-28.916,2.586,-15.84333333,0.732777778,-26.9,0.85,4.6,-28.916,2.586,-15.84333333,0.732777778,-13.07266667
Johnston,Deer,N.Ontario,Walleye,20044,2018,9,18,2018-09-18,52.65,-94.18,6.9,medium_doc,627,-28.99,10.47,3.46,-28.916,2.586,-15.84333333,0.732777778,-28,0.93,4.4,-28.916,2.586,-15.84333333,0.732777778,-13.07266667
Johnston,Deer,N.Ontario,Walleye,20038,2018,9,18,2018-09-18,52.65,-94.18,6.9,medium_doc,600,-27.21,10.13,3.13,-28.916,2.586,-15.84333333,0.732777778,-26.9,0.85,4.3,-28.916,2.586,-15.84333333,0.732777778,-13.07266667
Johnston,Deer,N.Ontario,Walleye,20039,2018,9,18,2018-09-18,52.65,-94.18,6.9,medium_doc,592,-27.73,10.06,3.16,-28.916,2.586,-15.84333333,0.732777778,-27.4,0.88,4.3,-28.916,2.586,-15.84333333,0.732777778,-13.07266667
Johnston,Deer,N.Ontario,Walleye,17195,2015,8,10,2015-08-10,52.65,-94.18,6.9,medium_doc,584,-28,10.79,3.14,-28.916,2.586,-15.84333333,0.732777778,-27.7,0.91,4.5,-28.916,2.586,-15.84333333,0.732777778,-13.07266667
Johnston,Deer,N.Ontario,Walleye,17194,2015,8,10,2015-08-10,52.65,-94.18,6.9,medium_doc,576,-27.64,10.45,3.47,-28.916,2.586,-15.84333333,0.732777778,-26.7,0.83,4.4,-28.916,2.586,-15.84333333,0.732777778,-13.07266667
Johnston,Deer,N.Ontario,Walleye,17192,2015,8,10,2015-08-10,52.65,-94.18,6.9,medium_doc,561,-27.7,10.46,3.16,-28.916,2.586,-15.84333333,0.732777778,-27.3,0.88,4.4,-28.916,2.586,-15.84333333,0.732777778,-13.07266667
Johnston,Deer,N.Ontario,Walleye,17191,2015,8,10,2015-08-10,52.65,-94.18,6.9,medium_doc,521,-27.35,9.95,3.07,-28.916,2.586,-15.84333333,0.732777778,-27.2,0.87,4.2,-28.916,2.586,-15.84333333,0.732777778,-13.07266667
Johnston,Deer,N.Ontario,Walleye,20033,2018,9,18,2018-09-18,52.65,-94.18,6.9,medium_doc,503,-24.76,9.43,3.22,-28.916,2.586,-15.84333333,0.732777778,-24.3,0.65,4.2,-28.916,2.586,-15.84333333,0.732777778,-13.07266667
Johnston,Deer,N.Ontario,Walleye,20042,2018,9,18,2018-09-18,52.65,-94.18,6.9,medium_doc,500,-27.15,10.15,3.15,-28.916,2.586,-15.84333333,0.732777778,-26.8,0.84,4.3,-28.916,2.586,-15.84333333,0.732777778,-13.07266667
Johnston,Deer,N.Ontario,Walleye,17189,2015,8,10,2015-08-10,52.65,-94.18,6.9,medium_doc,484,-27.39,10.06,3.08,-28.916,2.586,-15.84333333,0.732777778,-27.2,0.87,4.3,-28.916,2.586,-15.84333333,0.732777778,-13.07266667
Johnston,Deer,N.Ontario,Walleye,17196,2015,8,10,2015-08-10,52.65,-94.18,6.9,medium_doc,480,-27.6,9.53,3.08,-28.916,2.586,-15.84333333,0.732777778,-27.4,0.88,4.1,-28.916,2.586,-15.84333333,0.732777778,-13.07266667
Johnston,Deer,N.Ontario,Walleye,17193,2015,8,10,2015-08-10,52.65,-94.18,6.9,medium_doc,478,-27.91,9.69,3.17,-28.916,2.586,-15.84333333,0.732777778,-27.5,0.89,4.1,-28.916,2.586,-15.84333333,0.732777778,-13.07266667
Johnston,Deer,N.Ontario,Walleye,17199,2015,8,10,2015-08-10,52.65,-94.18,6.9,medium_doc,461,-27.06,10.23,3.16,-28.916,2.586,-15.84333333,0.732777778,-26.7,0.83,4.3,-28.916,2.586,-15.84333333,0.732777778,-13.07266667
Johnston,Deer,N.Ontario,Walleye,17200,2015,8,10,2015-08-10,52.65,-94.18,6.9,medium_doc,449,-28.23,10.38,3.11,-28.916,2.586,-15.84333333,0.732777778,-28,0.93,4.3,-28.916,2.586,-15.84333333,0.732777778,-13.07266667
Johnston,Deer,N.Ontario,Walleye,17198,2015,8,10,2015-08-10,52.65,-94.18,6.9,medium_doc,443,-27.49,9.39,3.22,-28.916,2.586,-15.84333333,0.732777778,-27,0.85,4.1,-28.916,2.586,-15.84333333,0.732777778,-13.07266667
Johnston,Deer,N.Ontario,Walleye,20034,2018,9,18,2018-09-18,52.65,-94.18,6.9,medium_doc,440,-25.74,8.87,3.16,-28.916,2.586,-15.84333333,0.732777778,-25.4,0.73,4,-28.916,2.586,-15.84333333,0.732777778,-13.07266667
Johnston,Deer,N.Ontario,Walleye,20041,2018,9,18,2018-09-18,52.65,-94.18,6.9,medium_doc,435,-27.84,9.64,3.17,-28.916,2.586,-15.84333333,0.732777778,-27.5,0.89,4.1,-28.916,2.586,-15.84333333,0.732777778,-13.07266667
Johnston,Deer,N.Ontario,Walleye,17188,2015,8,10,2015-08-10,52.65,-94.18,6.9,medium_doc,431,-26.47,9.2,3.09,-28.916,2.586,-15.84333333,0.732777778,-26.3,0.8,4.1,-28.916,2.586,-15.84333333,0.732777778,-13.07266667
Johnston,Deer,N.Ontario,Walleye,20036,2018,9,18,2018-09-18,52.65,-94.18,6.9,medium_doc,424,-25.97,8.58,3.17,-28.916,2.586,-15.84333333,0.732777778,-25.6,0.75,3.9,-28.916,2.586,-15.84333333,0.732777778,-13.07266667
Johnston,Deer,N.Ontario,Walleye,20040,2018,9,18,2018-09-18,52.65,-94.18,6.9,medium_doc,420,-27.33,9.7,3.16,-28.916,2.586,-15.84333333,0.732777778,-27,0.85,4.2,-28.916,2.586,-15.84333333,0.732777778,-13.07266667
Johnston,Deer,N.Ontario,Walleye,17197,2015,8,10,2015-08-10,52.65,-94.18,6.9,medium_doc,409,-27,9.62,3.15,-28.916,2.586,-15.84333333,0.732777778,-26.7,0.83,4.2,-28.916,2.586,-15.84333333,0.732777778,-13.07266667
Johnston,Deer,N.Ontario,Walleye,20035,2018,9,18,2018-09-18,52.65,-94.18,6.9,medium_doc,388,-25.87,8.4,3.18,-28.916,2.586,-15.84333333,0.732777778,-25.5,0.74,3.9,-28.916,2.586,-15.84333333,0.732777778,-13.07266667
Johnston,Deer,N.Ontario,Walleye,17202,2015,8,10,2015-08-10,52.65,-94.18,6.9,medium_doc,372,-25.57,8.63,3.15,-28.916,2.586,-15.84333333,0.732777778,-25.2,0.72,3.9,-28.916,2.586,-15.84333333,0.732777778,-13.07266667
Johnston,Deer,N.Ontario,Walleye,17201,2015,8,10,2015-08-10,52.65,-94.18,6.9,medium_doc,360,-25.41,8.45,3.15,-28.916,2.586,-15.84333333,0.732777778,-25.1,0.71,3.9,-28.916,2.586,-15.84333333,0.732777778,-13.07266667
Johnston,Deer,N.Ontario,Walleye,20043,2018,9,18,2018-09-18,52.65,-94.18,6.9,medium_doc,334,-26.91,9.08,3.14,-28.916,2.586,-15.84333333,0.732777778,-26.6,0.82,4,-28.916,2.586,-15.84333333,0.732777778,-13.07266667
Johnston,Monmonawson,N.Ontario,Northern pike,14654,2015,8,22,2015-08-22,51.71,-89.49,12,high_doc,777,-17.34,7.51,3.2,-23.322,2.25,-15.735,1.51125,-16.9,0.15,3.7,-23.322,2.25,-15.735,1.51125,-7.587
Johnston,Monmonawson,N.Ontario,Northern pike,14661,2015,8,23,2015-08-23,51.71,-89.49,12,high_doc,720,-17.5,7.8,3.23,-23.322,2.25,-15.735,1.51125,-17,0.17,3.8,-23.322,2.25,-15.735,1.51125,-7.587
Johnston,Monmonawson,N.Ontario,Northern pike,14656,2015,8,22,2015-08-22,51.71,-89.49,12,high_doc,703,-17.38,7.87,3.23,-23.322,2.25,-15.735,1.51125,-16.9,0.15,3.8,-23.322,2.25,-15.735,1.51125,-7.587
Johnston,Monmonawson,N.Ontario,Northern pike,14659,2015,8,22,2015-08-22,51.71,-89.49,12,high_doc,610,-20.35,8.15,3.3,-23.322,2.25,-15.735,1.51125,-19.7,0.52,3.8,-23.322,2.25,-15.735,1.51125,-7.587
Johnston,Monmonawson,N.Ontario,Northern pike,14657,2015,8,22,2015-08-22,51.71,-89.49,12,high_doc,606,-17.69,7.58,3.18,-23.322,2.25,-15.735,1.51125,-17.3,0.21,3.7,-23.322,2.25,-15.735,1.51125,-7.587
Johnston,Monmonawson,N.Ontario,Northern pike,14655,2015,8,22,2015-08-22,51.71,-89.49,12,high_doc,600,-17.64,7.86,3.2,-23.322,2.25,-15.735,1.51125,-17.2,0.19,3.8,-23.322,2.25,-15.735,1.51125,-7.587
Johnston,Monmonawson,N.Ontario,Northern pike,14660,2015,8,22,2015-08-22,51.71,-89.49,12,high_doc,534,-17.71,7.75,3.2,-23.322,2.25,-15.735,1.51125,-17.3,0.21,3.8,-23.322,2.25,-15.735,1.51125,-7.587
Johnston,Monmonawson,N.Ontario,Northern pike,14662,2015,8,23,2015-08-23,51.71,-89.49,12,high_doc,531,-17.56,7.62,3.19,-23.322,2.25,-15.735,1.51125,-17.1,0.18,3.8,-23.322,2.25,-15.735,1.51125,-7.587
Johnston,Monmonawson,N.Ontario,Northern pike,14658,2015,8,22,2015-08-22,51.71,-89.49,12,high_doc,489,-19.2,7.6,3.29,-23.322,2.25,-15.735,1.51125,-18.6,0.38,3.7,-23.322,2.25,-15.735,1.51125,-7.587
Johnston,Monmonawson,N.Ontario,Northern pike,14653,2015,8,22,2015-08-22,51.71,-89.49,12,high_doc,360,-18.78,7.64,3.19,-23.322,2.25,-15.735,1.51125,-18.4,0.35,3.7,-23.322,2.25,-15.735,1.51125,-7.587
Johnston,Monmonawson,N.Ontario,Northern pike,15920,2015,NA,NA,NA,51.71,-89.49,12,high_doc,161,-17.77,6.58,3.21,-23.322,2.25,-15.735,1.51125,-17.3,0.21,3.4,-23.322,2.25,-15.735,1.51125,-7.587
Johnston,Monmonawson,N.Ontario,Northern pike,15919,2015,NA,NA,NA,51.71,-89.49,12,high_doc,160,-18.37,6.57,3.24,-23.322,2.25,-15.735,1.51125,-17.8,0.27,3.4,-23.322,2.25,-15.735,1.51125,-7.587
Johnston,Monmonawson,N.Ontario,Yellow perch,18538,2015,NA,NA,NA,51.71,-89.49,12,high_doc,201,-18.25,7.8,3.07,-23.322,2.25,-15.735,1.51125,-18.1,0.31,3.8,-23.322,2.25,-15.735,1.51125,-7.587
Johnston,Monmonawson,N.Ontario,Yellow perch,18693,2015,NA,NA,NA,51.71,-89.49,12,high_doc,162,-19.66,7.73,3.32,-23.322,2.25,-15.735,1.51125,-19,0.43,3.7,-23.322,2.25,-15.735,1.51125,-7.587
Johnston,Monmonawson,N.Ontario,Yellow perch,18691,2015,NA,NA,NA,51.71,-89.49,12,high_doc,157,-19.33,7.76,3.25,-23.322,2.25,-15.735,1.51125,-18.8,0.4,3.8,-23.322,2.25,-15.735,1.51125,-7.587
Johnston,Monmonawson,N.Ontario,Yellow perch,18537,2015,NA,NA,NA,51.71,-89.49,12,high_doc,151,-19.07,7.13,3.13,-23.322,2.25,-15.735,1.51125,-18.8,0.4,3.6,-23.322,2.25,-15.735,1.51125,-7.587
Johnston,Monmonawson,N.Ontario,Yellow perch,18536,2015,NA,NA,NA,51.71,-89.49,12,high_doc,149,-17.94,7.38,3.13,-23.322,2.25,-15.735,1.51125,-17.6,0.25,3.7,-23.322,2.25,-15.735,1.51125,-7.587
Johnston,Monmonawson,N.Ontario,Yellow perch,18692,2015,NA,NA,NA,51.71,-89.49,12,high_doc,149,-19.83,6.63,3.31,-23.322,2.25,-15.735,1.51125,-19.2,0.46,3.4,-23.322,2.25,-15.735,1.51125,-7.587
Johnston,Monmonawson,N.Ontario,Yellow perch,18694,2015,NA,NA,NA,51.71,-89.49,12,high_doc,139,-18.68,6.88,3.4,-23.322,2.25,-15.735,1.51125,-17.8,0.27,3.5,-23.322,2.25,-15.735,1.51125,-7.587
Johnston,Monmonawson,N.Ontario,Yellow perch,18690,2015,NA,NA,NA,51.71,-89.49,12,high_doc,137,-18.57,6.36,3.32,-23.322,2.25,-15.735,1.51125,-17.9,0.29,3.4,-23.322,2.25,-15.735,1.51125,-7.587
Johnston,Monmonawson,N.Ontario,Yellow perch,18688,2015,NA,NA,NA,51.71,-89.49,12,high_doc,50,-17.83,5.02,3.26,-23.322,2.25,-15.735,1.51125,-17.3,0.21,3,-23.322,2.25,-15.735,1.51125,-7.587
Johnston,Monmonawson,N.Ontario,Yellow perch,18689,2015,NA,NA,NA,51.71,-89.49,12,high_doc,44,-19.17,6.19,3.33,-23.322,2.25,-15.735,1.51125,-18.5,0.36,3.3,-23.322,2.25,-15.735,1.51125,-7.587
Johnston,Monmonawson,N.Ontario,Yellow perch,18695,2015,NA,NA,NA,51.71,-89.49,12,high_doc,42,-18.09,6.09,3.49,-23.322,2.25,-15.735,1.51125,-17.1,0.18,3.3,-23.322,2.25,-15.735,1.51125,-7.587
Johnston,Mameigwess,N.Ontario,Northern pike,16464,2016,6,25,2016-06-25,49.55,-91.82,2.9,low_doc,914,-21.47,8.91,3.23,-27.23,1.235333333,-14.32,-0.315,-21,0.52,4.5,-27.23,1.235333333,-14.32,-0.315,-12.91
Johnston,Mameigwess,N.Ontario,Northern pike,16460,2016,6,24,2016-06-24,49.55,-91.82,2.9,low_doc,848,-21.33,8.56,3.23,-27.23,1.235333333,-14.32,-0.315,-20.8,0.5,4.4,-27.23,1.235333333,-14.32,-0.315,-12.91
Johnston,Mameigwess,N.Ontario,Northern pike,16455,2016,6,23,2016-06-23,49.55,-91.82,2.9,low_doc,798,-20.5,8.76,3.23,-27.23,1.235333333,-14.32,-0.315,-20,0.44,4.5,-27.23,1.235333333,-14.32,-0.315,-12.91
Johnston,Mameigwess,N.Ontario,Northern pike,16457,2016,6,24,2016-06-24,49.55,-91.82,2.9,low_doc,683,-19.61,8.21,3.24,-27.23,1.235333333,-14.32,-0.315,-19.1,0.37,4.3,-27.23,1.235333333,-14.32,-0.315,-12.91
Johnston,Mameigwess,N.Ontario,Northern pike,16458,2016,6,24,2016-06-24,49.55,-91.82,2.9,low_doc,527,-19.85,7.5,3.16,-27.23,1.235333333,-14.32,-0.315,-19.5,0.4,4.1,-27.23,1.235333333,-14.32,-0.315,-12.91
Johnston,Mameigwess,N.Ontario,Northern pike,16459,2016,6,24,2016-06-24,49.55,-91.82,2.9,low_doc,524,-21.65,7.22,3.2,-27.23,1.235333333,-14.32,-0.315,-21.2,0.53,4,-27.23,1.235333333,-14.32,-0.315,-12.91
Johnston,Mameigwess,N.Ontario,Northern pike,16461,2016,6,24,2016-06-24,49.55,-91.82,2.9,low_doc,475,-20.6,7.1,3.15,-27.23,1.235333333,-14.32,-0.315,-20.3,0.46,4,-27.23,1.235333333,-14.32,-0.315,-12.91
Johnston,Mameigwess,N.Ontario,Northern pike,16456,2016,6,23,2016-06-23,49.55,-91.82,2.9,low_doc,466,-19.85,7.22,3.18,-27.23,1.235333333,-14.32,-0.315,-19.4,0.39,4,-27.23,1.235333333,-14.32,-0.315,-12.91
Johnston,Mameigwess,N.Ontario,Northern pike,16463,2016,6,24,2016-06-24,49.55,-91.82,2.9,low_doc,457,-19.08,7.08,3.17,-27.23,1.235333333,-14.32,-0.315,-18.7,0.34,4,-27.23,1.235333333,-14.32,-0.315,-12.91
Johnston,Mameigwess,N.Ontario,Northern pike,16462,2016,6,24,2016-06-24,49.55,-91.82,2.9,low_doc,431,-20.47,7.06,3.15,-27.23,1.235333333,-14.32,-0.315,-20.1,0.45,4,-27.23,1.235333333,-14.32,-0.315,-12.91
Johnston,Mameigwess,N.Ontario,Black bass,16472,2016,6,26,2016-06-26,49.55,-91.82,2.9,low_doc,432,-19.99,8.41,4,-27.23,1.235333333,-14.32,-0.315,-18.2,0.3,4.4,-27.23,1.235333333,-14.32,-0.315,-12.91
Johnston,Mameigwess,N.Ontario,Black bass,16468,2016,6,25,2016-06-25,49.55,-91.82,2.9,low_doc,410,-18.56,8.05,3.34,-27.23,1.235333333,-14.32,-0.315,-17.8,0.27,4.3,-27.23,1.235333333,-14.32,-0.315,-12.91
Johnston,Mameigwess,N.Ontario,Black bass,16473,2016,6,26,2016-06-26,49.55,-91.82,2.9,low_doc,406,-19.14,8.06,3.59,-27.23,1.235333333,-14.32,-0.315,-18,0.29,4.3,-27.23,1.235333333,-14.32,-0.315,-12.91
Johnston,Mameigwess,N.Ontario,Black bass,16466,2016,6,24,2016-06-24,49.55,-91.82,2.9,low_doc,402,-18.49,8,3.25,-27.23,1.235333333,-14.32,-0.315,-17.9,0.28,4.3,-27.23,1.235333333,-14.32,-0.315,-12.91
Johnston,Mameigwess,N.Ontario,Black bass,16470,2016,6,25,2016-06-25,49.55,-91.82,2.9,low_doc,400,-18.14,7.73,3.4,-27.23,1.235333333,-14.32,-0.315,-17.3,0.23,4.3,-27.23,1.235333333,-14.32,-0.315,-12.91
Johnston,Mameigwess,N.Ontario,Black bass,16465,2016,6,24,2016-06-24,49.55,-91.82,2.9,low_doc,382,-19.89,8.45,3.54,-27.23,1.235333333,-14.32,-0.315,-18.8,0.35,4.4,-27.23,1.235333333,-14.32,-0.315,-12.91
Johnston,Mameigwess,N.Ontario,Black bass,16469,2016,6,25,2016-06-25,49.55,-91.82,2.9,low_doc,363,-18.37,7.97,3.44,-27.23,1.235333333,-14.32,-0.315,-17.5,0.25,4.3,-27.23,1.235333333,-14.32,-0.315,-12.91
Johnston,Mameigwess,N.Ontario,Black bass,16471,2016,6,26,2016-06-26,49.55,-91.82,2.9,low_doc,358,-18.82,8.11,3.2,-27.23,1.235333333,-14.32,-0.315,-18.4,0.32,4.3,-27.23,1.235333333,-14.32,-0.315,-12.91
Johnston,Mameigwess,N.Ontario,Black bass,16474,2016,6,26,2016-06-26,49.55,-91.82,2.9,low_doc,345,-19.78,7.91,3.28,-27.23,1.235333333,-14.32,-0.315,-19.2,0.38,4.2,-27.23,1.235333333,-14.32,-0.315,-12.91
Johnston,Mameigwess,N.Ontario,Black bass,16467,2016,6,25,2016-06-25,49.55,-91.82,2.9,low_doc,322,-20.89,7.8,3.22,-27.23,1.235333333,-14.32,-0.315,-20.4,0.47,4.2,-27.23,1.235333333,-14.32,-0.315,-12.91
Johnston,Mameigwess,N.Ontario,Walleye,16486,2016,6,26,2016-06-26,49.55,-91.82,2.9,low_doc,734,-25.29,8.88,3.3,-27.23,1.235333333,-14.32,-0.315,-24.6,0.8,4.3,-27.23,1.235333333,-14.32,-0.315,-12.91
Johnston,Mameigwess,N.Ontario,Walleye,16475,2016,6,24,2016-06-24,49.55,-91.82,2.9,low_doc,685,-25.09,8.79,3.19,-27.23,1.235333333,-14.32,-0.315,-24.7,0.8,4.3,-27.23,1.235333333,-14.32,-0.315,-12.91
Johnston,Mameigwess,N.Ontario,Walleye,16479,2016,6,24,2016-06-24,49.55,-91.82,2.9,low_doc,645,-25.52,8.73,3.46,-27.23,1.235333333,-14.32,-0.315,-24.6,0.8,4.3,-27.23,1.235333333,-14.32,-0.315,-12.91
Johnston,Mameigwess,N.Ontario,Walleye,16482,2016,6,25,2016-06-25,49.55,-91.82,2.9,low_doc,619,-27.88,8.8,4.97,-27.23,1.235333333,-14.32,-0.315,-25.1,0.84,4.3,-27.23,1.235333333,-14.32,-0.315,-12.91
Johnston,Mameigwess,N.Ontario,Walleye,16476,2016,6,24,2016-06-24,49.55,-91.82,2.9,low_doc,610,-25.59,8.48,3.31,-27.23,1.235333333,-14.32,-0.315,-24.9,0.82,4.2,-27.23,1.235333333,-14.32,-0.315,-12.91
Johnston,Mameigwess,N.Ontario,Walleye,16485,2016,6,26,2016-06-26,49.55,-91.82,2.9,low_doc,598,-25.24,8.85,3.29,-27.23,1.235333333,-14.32,-0.315,-24.6,0.8,4.3,-27.23,1.235333333,-14.32,-0.315,-12.91
Johnston,Mameigwess,N.Ontario,Walleye,16484,2016,6,25,2016-06-25,49.55,-91.82,2.9,low_doc,593,-25.63,8.84,3.55,-27.23,1.235333333,-14.32,-0.315,-24.5,0.79,4.3,-27.23,1.235333333,-14.32,-0.315,-12.91
Johnston,Mameigwess,N.Ontario,Walleye,16478,2016,6,24,2016-06-24,49.55,-91.82,2.9,low_doc,562,-26.18,8.43,3.75,-27.23,1.235333333,-14.32,-0.315,-24.7,0.8,4.2,-27.23,1.235333333,-14.32,-0.315,-12.91
Johnston,Mameigwess,N.Ontario,Walleye,16483,2016,6,25,2016-06-25,49.55,-91.82,2.9,low_doc,556,-21.64,6.13,3.2,-27.23,1.235333333,-14.32,-0.315,-21.2,0.53,3.7,-27.23,1.235333333,-14.32,-0.315,-12.91
Johnston,Mameigwess,N.Ontario,Walleye,16480,2016,6,25,2016-06-25,49.55,-91.82,2.9,low_doc,555,-27.18,8.71,4.24,-27.23,1.235333333,-14.32,-0.315,-25.1,0.84,4.3,-27.23,1.235333333,-14.32,-0.315,-12.91
Johnston,Mameigwess,N.Ontario,Walleye,16477,2016,6,24,2016-06-24,49.55,-91.82,2.9,low_doc,462,-21.42,8,3.24,-27.23,1.235333333,-14.32,-0.315,-20.9,0.51,4.2,-27.23,1.235333333,-14.32,-0.315,-12.91
Johnston,Mameigwess,N.Ontario,Walleye,16481,2016,6,25,2016-06-25,49.55,-91.82,2.9,low_doc,454,-25.82,7.95,3.54,-27.23,1.235333333,-14.32,-0.315,-24.7,0.8,4.1,-27.23,1.235333333,-14.32,-0.315,-12.91
Johnston,Matinenda,N.Ontario,Black bass,20575,2018,9,16,2018-09-16,46.39,-82.92,2.9,low_doc,156,-22.53,7.58,3.18,-27.07714286,1.572857143,-11.38,0.663333333,-22.1,0.68,3.9,-27.07714286,1.572857143,-11.38,0.663333333,-15.69714286
Johnston,Matinenda,N.Ontario,Black bass,20576,2018,9,16,2018-09-16,46.39,-82.92,2.9,low_doc,130,-19.94,6.73,3.27,-27.07714286,1.572857143,-11.38,0.663333333,-19.4,0.51,3.6,-27.07714286,1.572857143,-11.38,0.663333333,-15.69714286
Johnston,Matinenda,N.Ontario,Black bass,20577,2018,9,16,2018-09-16,46.39,-82.92,2.9,low_doc,127,-23.25,7.31,3.26,-27.07714286,1.572857143,-11.38,0.663333333,-22.7,0.72,3.8,-27.07714286,1.572857143,-11.38,0.663333333,-15.69714286
Johnston,Matinenda,N.Ontario,Black bass,20574,2018,9,16,2018-09-16,46.39,-82.92,2.9,low_doc,84,-21.96,5.64,3.39,-27.07714286,1.572857143,-11.38,0.663333333,-21.1,0.62,3.3,-27.07714286,1.572857143,-11.38,0.663333333,-15.69714286
Johnston,Matinenda,N.Ontario,Black bass,20572,2018,9,16,2018-09-16,46.39,-82.92,2.9,low_doc,83,-20.09,6.56,3.3,-27.07714286,1.572857143,-11.38,0.663333333,-19.4,0.51,3.6,-27.07714286,1.572857143,-11.38,0.663333333,-15.69714286
Johnston,Matinenda,N.Ontario,Black bass,20573,2018,9,16,2018-09-16,46.39,-82.92,2.9,low_doc,81,-20.17,6.85,3.29,-27.07714286,1.572857143,-11.38,0.663333333,-19.5,0.52,3.7,-27.07714286,1.572857143,-11.38,0.663333333,-15.69714286
Johnston,Matinenda,N.Ontario,Yellow perch,20552,2018,9,16,2018-09-16,46.39,-82.92,2.9,low_doc,180,-20.69,7.26,3.22,-27.07714286,1.572857143,-11.38,0.663333333,-20.2,0.56,3.8,-27.07714286,1.572857143,-11.38,0.663333333,-15.69714286
Johnston,Matinenda,N.Ontario,Yellow perch,20553,2018,9,16,2018-09-16,46.39,-82.92,2.9,low_doc,114,-20.66,7.13,3.22,-27.07714286,1.572857143,-11.38,0.663333333,-20.2,0.56,3.8,-27.07714286,1.572857143,-11.38,0.663333333,-15.69714286
Johnston,Matinenda,N.Ontario,Yellow perch,20559,2018,9,16,2018-09-16,46.39,-82.92,2.9,low_doc,101,-23.78,6.4,3.23,-27.07714286,1.572857143,-11.38,0.663333333,-23.3,0.76,3.5,-27.07714286,1.572857143,-11.38,0.663333333,-15.69714286
Johnston,Matinenda,N.Ontario,Yellow perch,20555,2018,9,16,2018-09-16,46.39,-82.92,2.9,low_doc,69,-22.42,4.95,3.41,-27.07714286,1.572857143,-11.38,0.663333333,-21.6,0.65,3.1,-27.07714286,1.572857143,-11.38,0.663333333,-15.69714286
Johnston,Matinenda,N.Ontario,Yellow perch,20556,2018,9,16,2018-09-16,46.39,-82.92,2.9,low_doc,65,-22.51,4.83,3.34,-27.07714286,1.572857143,-11.38,0.663333333,-21.8,0.66,3,-27.07714286,1.572857143,-11.38,0.663333333,-15.69714286
Johnston,Matinenda,N.Ontario,Yellow perch,20554,2018,9,16,2018-09-16,46.39,-82.92,2.9,low_doc,64,-23.21,4.8,3.31,-27.07714286,1.572857143,-11.38,0.663333333,-22.5,0.71,3,-27.07714286,1.572857143,-11.38,0.663333333,-15.69714286
Johnston,Matinenda,N.Ontario,Yellow perch,20557,2018,9,16,2018-09-16,46.39,-82.92,2.9,low_doc,62,-22.64,4.57,3.34,-27.07714286,1.572857143,-11.38,0.663333333,-21.9,0.67,3,-27.07714286,1.572857143,-11.38,0.663333333,-15.69714286
Johnston,Matinenda,N.Ontario,Yellow perch,20558,2018,9,16,2018-09-16,46.39,-82.92,2.9,low_doc,NA,-23.89,7.16,3.24,-27.07714286,1.572857143,-11.38,0.663333333,-23.4,0.77,3.7,-27.07714286,1.572857143,-11.38,0.663333333,-15.69714286
Moslemi,McGill,NWT,Northern pike,15276,2018,8,28,2018-08-28,61.30345,121.013878,17.46488,high_doc,716,-31.03829278,11.74312932,3.140350246,-34.64,2.57,-32.516,2.258,-30.7,0,4.7,-34.64,2.57,-32.516,2.258,-2.124
Moslemi,McGill,NWT,Northern pike,15275,2018,8,28,2018-08-28,61.30345,121.013878,17.46488,high_doc,595,-31.54313362,11.89245361,3.129331787,-34.64,2.57,-32.516,2.258,-31.3,0,4.7,-34.64,2.57,-32.516,2.258,-2.124
Moslemi,McGill,NWT,Northern pike,10321,2014,9,5,2014-09-05,61.30345,121.013878,17.46488,high_doc,562,-31.76,11.08,3.290103435,-34.64,2.57,-32.516,2.258,-31.1,0,4.5,-34.64,2.57,-32.516,2.258,-2.124
Moslemi,McGill,NWT,Northern pike,15274,2018,8,28,2018-08-28,61.30345,121.013878,17.46488,high_doc,560,-31.83077374,11.71415387,3.171624275,-34.64,2.57,-32.516,2.258,-31.4,0,4.7,-34.64,2.57,-32.516,2.258,-2.124
Moslemi,McGill,NWT,Northern pike,10320,2014,9,5,2014-09-05,61.30345,121.013878,17.46488,high_doc,540,-31.6,11.14,3.289301448,-34.64,2.57,-32.516,2.258,-31,0,4.5,-34.64,2.57,-32.516,2.258,-2.124
Moslemi,McGill,NWT,Northern pike,10322,2014,9,5,2014-09-05,61.30345,121.013878,17.46488,high_doc,520,-31.3,11.65,3.305447305,-34.64,2.57,-32.516,2.258,-30.6,0,4.7,-34.64,2.57,-32.516,2.258,-2.124
Moslemi,McGill,NWT,Northern pike,15277,2018,8,28,2018-08-28,61.30345,121.013878,17.46488,high_doc,490,-31.77673202,10.09868853,3.157631688,-34.64,2.57,-32.516,2.258,-31.4,0,4.2,-34.64,2.57,-32.516,2.258,-2.124
Moslemi,McGill,NWT,Northern pike,10324,2014,9,5,2014-09-05,61.30345,121.013878,17.46488,high_doc,461,-32.12,10.08,3.274529129,-34.64,2.57,-32.516,2.258,-31.5,0,4.2,-34.64,2.57,-32.516,2.258,-2.124
Moslemi,McGill,NWT,Northern pike,15268,2018,8,28,2018-08-28,61.30345,121.013878,17.46488,high_doc,455,-31.3225426,10.11749026,3.169627368,-34.64,2.57,-32.516,2.258,-30.9,0,4.2,-34.64,2.57,-32.516,2.258,-2.124
Moslemi,McGill,NWT,Northern pike,15273,2018,8,28,2018-08-28,61.30345,121.013878,17.46488,high_doc,442,-32.06389152,10.88383907,3.182329101,-34.64,2.57,-32.516,2.258,-31.7,0,4.4,-34.64,2.57,-32.516,2.258,-2.124
Moslemi,McGill,NWT,Northern pike,15270,2018,8,28,2018-08-28,61.30345,121.013878,17.46488,high_doc,431,-31.90534908,9.600994946,3.19593688,-34.64,2.57,-32.516,2.258,-31.5,0,4.1,-34.64,2.57,-32.516,2.258,-2.124
Moslemi,McGill,NWT,Northern pike,10326,2014,9,5,2014-09-05,61.30345,121.013878,17.46488,high_doc,422,-31.56,10.51,3.346666472,-34.64,2.57,-32.516,2.258,-30.8,0,4.3,-34.64,2.57,-32.516,2.258,-2.124
Moslemi,McGill,NWT,Northern pike,15269,2018,8,28,2018-08-28,61.30345,121.013878,17.46488,high_doc,420,-32.18604042,9.448724952,3.175265684,-34.64,2.57,-32.516,2.258,-31.8,0,4,-34.64,2.57,-32.516,2.258,-2.124
Moslemi,McGill,NWT,Northern pike,15271,2018,8,28,2018-08-28,61.30345,121.013878,17.46488,high_doc,400,-32.05000725,10.67743763,3.149674751,-34.64,2.57,-32.516,2.258,-31.7,0,4.4,-34.64,2.57,-32.516,2.258,-2.124
Moslemi,McGill,NWT,Northern pike,15266,2018,8,28,2018-08-28,61.30345,121.013878,17.46488,high_doc,394,-32.83581913,8.859289132,3.199316597,-34.64,2.57,-32.516,2.258,-32.4,0,3.8,-34.64,2.57,-32.516,2.258,-2.124
Moslemi,McGill,NWT,Northern pike,10327,2014,9,5,2014-09-05,61.30345,121.013878,17.46488,high_doc,391,-31.38619374,10.44023091,3.278638035,-34.64,2.57,-32.516,2.258,-30.8,0,4.3,-34.64,2.57,-32.516,2.258,-2.124
Moslemi,McGill,NWT,Northern pike,10328,2014,9,5,2014-09-05,61.30345,121.013878,17.46488,high_doc,375,-32.17,9.46,3.285861352,-34.64,2.57,-32.516,2.258,-31.6,0,4,-34.64,2.57,-32.516,2.258,-2.124
Moslemi,McGill,NWT,Northern pike,15272,2018,8,28,2018-08-28,61.30345,121.013878,17.46488,high_doc,371,-32.24238359,10.96996307,3.146578434,-34.64,2.57,-32.516,2.258,-31.9,0,4.5,-34.64,2.57,-32.516,2.258,-2.124
Moslemi,McGill,NWT,Northern pike,15265,2018,8,28,2018-08-28,61.30345,121.013878,17.46488,high_doc,355,-31.78675274,10.80968036,3.175631528,-34.64,2.57,-32.516,2.258,-31.4,0,4.4,-34.64,2.57,-32.516,2.258,-2.124
Moslemi,McGill,NWT,Northern pike,10329,2014,9,5,2014-09-05,61.30345,121.013878,17.46488,high_doc,290,-31.94,10.54,3.446120551,-34.64,2.57,-32.516,2.258,-31,0,4.3,-34.64,2.57,-32.516,2.258,-2.124
Moslemi,McGill,NWT,Northern pike,15264,2018,8,28,2018-08-28,61.30345,121.013878,17.46488,high_doc,289,-32.44380135,10.54186367,3.191184893,-34.64,2.57,-32.516,2.258,-32,0,4.3,-34.64,2.57,-32.516,2.258,-2.124
Moslemi,McGill,NWT,Northern pike,10330,2014,9,5,2014-09-05,61.30345,121.013878,17.46488,high_doc,260,-32.08,9.1,3.447428846,-34.64,2.57,-32.516,2.258,-31.2,0,3.9,-34.64,2.57,-32.516,2.258,-2.124
Moslemi,McGill,NWT,Northern pike,10331,2014,9,5,2014-09-05,61.30345,121.013878,17.46488,high_doc,256,-32.15,9.56,3.563343915,-34.64,2.57,-32.516,2.258,-31,0,4.1,-34.64,2.57,-32.516,2.258,-2.124
Moslemi,Ekali,NWT,Northern pike,10977,2017,8,25,2017-08-25,61.289633,120.582869,16.583675,high_doc,879,-31.78159548,12.60448884,3.179632936,-34.74346,3.72659,-31.855,2.945,-31.4,0,4.6,-34.74346,3.72659,-31.855,2.945,-2.88846
Moslemi,Ekali,NWT,Northern pike,10987,2017,8,26,2017-08-26,61.289633,120.582869,16.583675,high_doc,833,-32.09241159,12.00372733,3.200302541,-34.74346,3.72659,-31.855,2.945,-31.6,0,4.4,-34.74346,3.72659,-31.855,2.945,-2.88846
Moslemi,Ekali,NWT,Northern pike,10039,2013,8,21,2013-08-21,61.289633,120.582869,16.583675,high_doc,800,-33.19997809,11.03780198,3.369098242,-34.74346,3.72659,-31.855,2.945,-32.4,0.19,4.2,-34.74346,3.72659,-31.855,2.945,-2.88846
Moslemi,Ekali,NWT,Northern pike,10040,2013,8,21,2013-08-21,61.289633,120.582869,16.583675,high_doc,730,-33.42719475,11.19653331,3.171667645,-34.74346,3.72659,-31.855,2.945,-33,0.4,4.2,-34.74346,3.72659,-31.855,2.945,-2.88846
Moslemi,Ekali,NWT,Northern pike,10970,2017,8,24,2017-08-24,61.289633,120.582869,16.583675,high_doc,720,-32.48959009,11.74234291,3.214903573,-34.74346,3.72659,-31.855,2.945,-32,0.05,4.4,-34.74346,3.72659,-31.855,2.945,-2.88846
Moslemi,Ekali,NWT,Northern pike,10969,2017,8,24,2017-08-24,61.289633,120.582869,16.583675,high_doc,610,-31.8223525,11.6005616,3.19279435,-34.74346,3.72659,-31.855,2.945,-31.4,0,4.3,-34.74346,3.72659,-31.855,2.945,-2.88846
Moslemi,Ekali,NWT,Northern pike,10975,2017,8,25,2017-08-25,61.289633,120.582869,16.583675,high_doc,569,-32.56905857,11.40653022,3.181848241,-34.74346,3.72659,-31.855,2.945,-32.2,0.12,4.3,-34.74346,3.72659,-31.855,2.945,-2.88846
Moslemi,Ekali,NWT,Northern pike,10930,2017,8,23,2017-08-23,61.289633,120.582869,16.583675,high_doc,565,-32.29079801,11.54461307,3.350999313,-34.74346,3.72659,-31.855,2.945,-31.5,0,4.3,-34.74346,3.72659,-31.855,2.945,-2.88846
Moslemi,Ekali,NWT,Northern pike,10931,2017,8,23,2017-08-23,61.289633,120.582869,16.583675,high_doc,560,-33.09034499,12.46789307,3.294161006,-34.74346,3.72659,-31.855,2.945,-32.5,0.22,4.6,-34.74346,3.72659,-31.855,2.945,-2.88846
Moslemi,Ekali,NWT,Northern pike,10932,2017,8,23,2017-08-23,61.289633,120.582869,16.583675,high_doc,555,-32.53941384,11.82846828,3.242387433,-34.74346,3.72659,-31.855,2.945,-32,0.05,4.4,-34.74346,3.72659,-31.855,2.945,-2.88846
Moslemi,Ekali,NWT,Northern pike,10976,2017,8,25,2017-08-25,61.289633,120.582869,16.583675,high_doc,553,-32.7643586,11.39507942,3.246033199,-34.74346,3.72659,-31.855,2.945,-32.2,0.12,4.3,-34.74346,3.72659,-31.855,2.945,-2.88846
Moslemi,Ekali,NWT,Northern pike,10971,2017,8,24,2017-08-24,61.289633,120.582869,16.583675,high_doc,550,-32.12324944,11.07574422,3.212150236,-34.74346,3.72659,-31.855,2.945,-31.7,0,4.2,-34.74346,3.72659,-31.855,2.945,-2.88846
Moslemi,Ekali,NWT,Northern pike,10955,2017,8,23,2017-08-23,61.289633,120.582869,16.583675,high_doc,547,-32.83488103,11.40445731,3.198909059,-34.74346,3.72659,-31.855,2.945,-32.4,0.19,4.3,-34.74346,3.72659,-31.855,2.945,-2.88846
Moslemi,Ekali,NWT,Northern pike,10036,2013,8,21,2013-08-21,61.289633,120.582869,16.583675,high_doc,520,-33.59954524,10.81493885,3.267845975,-34.74346,3.72659,-31.855,2.945,-33,0.4,4.1,-34.74346,3.72659,-31.855,2.945,-2.88846
Moslemi,Ekali,NWT,Northern pike,10951,2017,8,23,2017-08-23,61.289633,120.582869,16.583675,high_doc,495,-31.59339422,11.3898859,3.198306342,-34.74346,3.72659,-31.855,2.945,-31.2,0,4.3,-34.74346,3.72659,-31.855,2.945,-2.88846
Moslemi,Ekali,NWT,Northern pike,10013,2013,8,20,2013-08-20,61.289633,120.582869,16.583675,high_doc,492,-32.47658839,10.24282212,3.246176414,-34.74346,3.72659,-31.855,2.945,-31.9,0.02,3.9,-34.74346,3.72659,-31.855,2.945,-2.88846
Moslemi,Ekali,NWT,Northern pike,10037,2013,8,21,2013-08-21,61.289633,120.582869,16.583675,high_doc,486,-33.18687584,10.96764115,3.235245295,-34.74346,3.72659,-31.855,2.945,-32.7,0.29,4.1,-34.74346,3.72659,-31.855,2.945,-2.88846
Moslemi,Ekali,NWT,Northern pike,10941,2017,8,23,2017-08-23,61.289633,120.582869,16.583675,high_doc,485,-32.20365237,11.71333523,3.266547435,-34.74346,3.72659,-31.855,2.945,-31.6,0,4.3,-34.74346,3.72659,-31.855,2.945,-2.88846
Moslemi,Ekali,NWT,Northern pike,10954,2017,8,23,2017-08-23,61.289633,120.582869,16.583675,high_doc,485,-31.86888884,11.08308645,3.199091357,-34.74346,3.72659,-31.855,2.945,-31.4,0,4.2,-34.74346,3.72659,-31.855,2.945,-2.88846
Moslemi,Ekali,NWT,Northern pike,10038,2013,8,21,2013-08-21,61.289633,120.582869,16.583675,high_doc,475,-33.33781925,11.37962052,3.298768989,-34.74346,3.72659,-31.855,2.945,-32.7,0.29,4.3,-34.74346,3.72659,-31.855,2.945,-2.88846
Moslemi,Ekali,NWT,Northern pike,10936,2017,8,23,2017-08-23,61.289633,120.582869,16.583675,high_doc,470,-31.76657405,11.74161369,3.271920149,-34.74346,3.72659,-31.855,2.945,-31.2,0,4.4,-34.74346,3.72659,-31.855,2.945,-2.88846
Moslemi,Ekali,NWT,Northern pike,10938,2017,8,23,2017-08-23,61.289633,120.582869,16.583675,high_doc,460,-32.09264698,11.00206672,3.277360835,-34.74346,3.72659,-31.855,2.945,-31.5,0,4.1,-34.74346,3.72659,-31.855,2.945,-2.88846
Moslemi,Ekali,NWT,Northern pike,10933,2017,8,23,2017-08-23,61.289633,120.582869,16.583675,high_doc,455,-31.51141053,10.88235571,3.258856959,-34.74346,3.72659,-31.855,2.945,-30.9,0,4.1,-34.74346,3.72659,-31.855,2.945,-2.88846
Moslemi,Ekali,NWT,Northern pike,10937,2017,8,23,2017-08-23,61.289633,120.582869,16.583675,high_doc,445,-30.08993354,10.100434569999999,3.324952118,-34.74346,3.72659,-31.855,2.945,-29.4,0,3.9,-34.74346,3.72659,-31.855,2.945,-2.88846
Moslemi,Ekali,NWT,Northern pike,10934,2017,8,23,2017-08-23,61.289633,120.582869,16.583675,high_doc,435,-30.800307,10.9626993,3.292776519,-34.74346,3.72659,-31.855,2.945,-30.2,0,4.1,-34.74346,3.72659,-31.855,2.945,-2.88846
Moslemi,Ekali,NWT,Northern pike,10953,2017,8,23,2017-08-23,61.289633,120.582869,16.583675,high_doc,435,-31.33043895,10.46840456,3.205454258,-34.74346,3.72659,-31.855,2.945,-30.9,0,4,-34.74346,3.72659,-31.855,2.945,-2.88846
Moslemi,Ekali,NWT,Northern pike,10940,2017,8,23,2017-08-23,61.289633,120.582869,16.583675,high_doc,430,-31.69974668,11.31520976,3.259367202,-34.74346,3.72659,-31.855,2.945,-31.1,0,4.2,-34.74346,3.72659,-31.855,2.945,-2.88846
Moslemi,Ekali,NWT,Northern pike,10007,2013,8,20,2013-08-20,61.289633,120.582869,16.583675,high_doc,416,-32.77744356,9.144872589,3.247067483,-34.74346,3.72659,-31.855,2.945,-32.2,0.12,3.6,-34.74346,3.72659,-31.855,2.945,-2.88846
Moslemi,Ekali,NWT,Northern pike,10935,2017,8,23,2017-08-23,61.289633,120.582869,16.583675,high_doc,410,-30.89810486,10.92358804,3.247947238,-34.74346,3.72659,-31.855,2.945,-30.4,0,4.1,-34.74346,3.72659,-31.855,2.945,-2.88846
Moslemi,Ekali,NWT,Northern pike,10014,2013,8,20,2013-08-20,61.289633,120.582869,16.583675,high_doc,390,-31.70601954,9.487590955,3.085308408,-34.74346,3.72659,-31.855,2.945,-31.5,0,3.7,-34.74346,3.72659,-31.855,2.945,-2.88846
Moslemi,Ekali,NWT,Northern pike,10939,2017,8,23,2017-08-23,61.289633,120.582869,16.583675,high_doc,375,-32.25883476,10.72009966,3.253241946,-34.74346,3.72659,-31.855,2.945,-31.7,0,4.1,-34.74346,3.72659,-31.855,2.945,-2.88846
Moslemi,Ekali,NWT,Northern pike,10942,2017,8,23,2017-08-23,61.289633,120.582869,16.583675,high_doc,370,-31.79622052,10.09682036,3.263294328,-34.74346,3.72659,-31.855,2.945,-31.2,0,3.9,-34.74346,3.72659,-31.855,2.945,-2.88846
Moslemi,Ekali,NWT,Northern pike,10009,2013,8,20,2013-08-20,61.289633,120.582869,16.583675,high_doc,335,-31.10117221,7.810860203,3.24439896,-34.74346,3.72659,-31.855,2.945,-30.6,0,3.2,-34.74346,3.72659,-31.855,2.945,-2.88846
Moslemi,Ekali,NWT,Northern pike,10015,2013,8,20,2013-08-20,61.289633,120.582869,16.583675,high_doc,334,-31.82674238,8.360192319,3.262850573,-34.74346,3.72659,-31.855,2.945,-31.3,0,3.4,-34.74346,3.72659,-31.855,2.945,-2.88846
Moslemi,Ekali,NWT,Northern pike,10006,2013,8,20,2013-08-20,61.289633,120.582869,16.583675,high_doc,323,-32.85633577,9.697852034,3.189278444,-34.74346,3.72659,-31.855,2.945,-32.4,0.19,3.8,-34.74346,3.72659,-31.855,2.945,-2.88846
Moslemi,Ekali,NWT,Northern pike,10008,2013,8,20,2013-08-20,61.289633,120.582869,16.583675,high_doc,315,-32.55043104,9.019457974,3.286994811,-34.74346,3.72659,-31.855,2.945,-31.9,0.02,3.6,-34.74346,3.72659,-31.855,2.945,-2.88846
Moslemi,Ekali,NWT,Northern pike,10950,2017,8,23,2017-08-23,61.289633,120.582869,16.583675,high_doc,305,-30.53836418,9.224619666,3.201643496,-34.74346,3.72659,-31.855,2.945,-30.1,0,3.6,-34.74346,3.72659,-31.855,2.945,-2.88846
Moslemi,Ekali,NWT,Northern pike,10952,2017,8,23,2017-08-23,61.289633,120.582869,16.583675,high_doc,222,-29.024962,8.307760746,3.183300307,-34.74346,3.72659,-31.855,2.945,-28.6,0,3.3,-34.74346,3.72659,-31.855,2.945,-2.88846
Moslemi,Tathlina,NWT,Northern pike,15342,2018,9,14,2018-09-14,60.538836,117.508067,19.66,high_doc,1042,-29.55373808,11.06321133,3.207587801,-35.31,3.86,-31.51,3.255,-29.1,0,4.1,-35.31,3.86,-31.51,3.255,-3.8
Moslemi,Tathlina,NWT,Northern pike,15325,2018,9,13,2018-09-13,60.538836,117.508067,19.66,high_doc,985,-29.0035589,11.74351431,3.132454036,-35.31,3.86,-31.51,3.255,-28.7,0,4.3,-35.31,3.86,-31.51,3.255,-3.8
Moslemi,Tathlina,NWT,Northern pike,15358,2018,9,14,2018-09-14,60.538836,117.508067,19.66,high_doc,979,-28.92745934,11.69234153,3.12900548,-35.31,3.86,-31.51,3.255,-28.6,0,4.3,-35.31,3.86,-31.51,3.255,-3.8
Moslemi,Tathlina,NWT,Northern pike,15306,2018,9,13,2018-09-13,60.538836,117.508067,19.66,high_doc,953,-29.56162165,10.81251054,3.142395389,-35.31,3.86,-31.51,3.255,-29.2,0,4,-35.31,3.86,-31.51,3.255,-3.8
Moslemi,Tathlina,NWT,Northern pike,15357,2018,9,14,2018-09-14,60.538836,117.508067,19.66,high_doc,939,-28.84025692,11.21702674,3.348079289,-35.31,3.86,-31.51,3.255,-28.1,0,4.2,-35.31,3.86,-31.51,3.255,-3.8
Moslemi,Tathlina,NWT,Northern pike,15359,2018,9,14,2018-09-14,60.538836,117.508067,19.66,high_doc,936,-28.53345727,11.88335702,3.16904477,-35.31,3.86,-31.51,3.255,-28.2,0,4.4,-35.31,3.86,-31.51,3.255,-3.8
Moslemi,Tathlina,NWT,Northern pike,15322,2018,9,13,2018-09-13,60.538836,117.508067,19.66,high_doc,931,-29.04528537,11.40781518,3.149392025,-35.31,3.86,-31.51,3.255,-28.7,0,4.2,-35.31,3.86,-31.51,3.255,-3.8
Moslemi,Tathlina,NWT,Northern pike,15310,2018,9,13,2018-09-13,60.538836,117.508067,19.66,high_doc,863,-29.41042637,11.22666799,3.123705828,-35.31,3.86,-31.51,3.255,-29.1,0,4.2,-35.31,3.86,-31.51,3.255,-3.8
Moslemi,Tathlina,NWT,Northern pike,15323,2018,9,13,2018-09-13,60.538836,117.508067,19.66,high_doc,859,-28.56940622,11.66335704,3.139344286,-35.31,3.86,-31.51,3.255,-28.3,0,4.3,-35.31,3.86,-31.51,3.255,-3.8
Moslemi,Tathlina,NWT,Northern pike,15312,2018,9,13,2018-09-13,60.538836,117.508067,19.66,high_doc,815,-28.6809451,11.60862787,3.097448999,-35.31,3.86,-31.51,3.255,-28.5,0,4.3,-35.31,3.86,-31.51,3.255,-3.8
Moslemi,Tathlina,NWT,Northern pike,15324,2018,9,13,2018-09-13,60.538836,117.508067,19.66,high_doc,812,-28.79164583,11.87516752,3.169558086,-35.31,3.86,-31.51,3.255,-28.4,0,4.4,-35.31,3.86,-31.51,3.255,-3.8
Moslemi,Tathlina,NWT,Northern pike,15311,2018,9,13,2018-09-13,60.538836,117.508067,19.66,high_doc,794,-29.26869377,11.25005967,3.12507628,-35.31,3.86,-31.51,3.255,-29,0,4.2,-35.31,3.86,-31.51,3.255,-3.8
Moslemi,Tathlina,NWT,Northern pike,10198,2014,8,21,2014-08-21,60.538836,117.508067,19.66,high_doc,745,-28.89,11.18,3.078967367,-35.31,3.86,-31.51,3.255,-28.7,0,4.2,-35.31,3.86,-31.51,3.255,-3.8
Moslemi,Tathlina,NWT,Northern pike,15343,2018,9,14,2018-09-14,60.538836,117.508067,19.66,high_doc,723,-29.542509,10.83366182,3.154311116,-35.31,3.86,-31.51,3.255,-29.2,0,4.1,-35.31,3.86,-31.51,3.255,-3.8
Moslemi,Tathlina,NWT,Northern pike,15308,2018,9,13,2018-09-13,60.538836,117.508067,19.66,high_doc,653,-29.35440322,11.28435053,3.095420802,-35.31,3.86,-31.51,3.255,-29.1,0,4.2,-35.31,3.86,-31.51,3.255,-3.8
Moslemi,Tathlina,NWT,Northern pike,15307,2018,9,13,2018-09-13,60.538836,117.508067,19.66,high_doc,646,-29.60400223,10.81505437,3.119515629,-35.31,3.86,-31.51,3.255,-29.3,0,4,-35.31,3.86,-31.51,3.255,-3.8
Moslemi,Tathlina,NWT,Northern pike,15309,2018,9,13,2018-09-13,60.538836,117.508067,19.66,high_doc,639,-29.243282,10.630864,3.109558315,-35.31,3.86,-31.51,3.255,-29,0,4,-35.31,3.86,-31.51,3.255,-3.8
Moslemi,Tathlina,NWT,Northern pike,10200,2014,8,21,2014-08-21,60.538836,117.508067,19.66,high_doc,550,-29.47,10.86,3.139953493,-35.31,3.86,-31.51,3.255,-29.2,0,4.1,-35.31,3.86,-31.51,3.255,-3.8
Moslemi,Tathlina,NWT,Northern pike,10215,2014,8,22,2014-08-22,60.538836,117.508067,19.66,high_doc,475,-29.81,10.31,2.940668208,-35.31,3.86,-31.51,3.255,-30,0,3.9,-35.31,3.86,-31.51,3.255,-3.8
Moslemi,Tathlina,NWT,Northern pike,15344,2018,9,14,2018-09-14,60.538836,117.508067,19.66,high_doc,474,-28.26481408,11.05396639,3.33823799,-35.31,3.86,-31.51,3.255,-27.5,0,4.1,-35.31,3.86,-31.51,3.255,-3.8
Moslemi,Tathlina,NWT,Northern pike,15348,2018,9,14,2018-09-14,60.538836,117.508067,19.66,high_doc,473,-29.65668074,10.33875101,3.190385324,-35.31,3.86,-31.51,3.255,-29.2,0,3.9,-35.31,3.86,-31.51,3.255,-3.8
Moslemi,Tathlina,NWT,Northern pike,10194,2014,8,21,2014-08-21,60.538836,117.508067,19.66,high_doc,455,-29.56,11.39,3.187760765,-35.31,3.86,-31.51,3.255,-29.1,0,4.2,-35.31,3.86,-31.51,3.255,-3.8
Moslemi,Tathlina,NWT,Northern pike,15346,2018,9,14,2018-09-14,60.538836,117.508067,19.66,high_doc,429,-30.19383276,10.32716433,3.342020702,-35.31,3.86,-31.51,3.255,-29.5,0,3.9,-35.31,3.86,-31.51,3.255,-3.8
Moslemi,Tathlina,NWT,Northern pike,10211,2014,8,22,2014-08-22,60.538836,117.508067,19.66,high_doc,412,-29.52,10.92,3.039738075,-35.31,3.86,-31.51,3.255,-29.4,0,4.1,-35.31,3.86,-31.51,3.255,-3.8
Moslemi,Tathlina,NWT,Northern pike,10213,2014,8,22,2014-08-22,60.538836,117.508067,19.66,high_doc,393,-29.79,9.92,3.075493316,-35.31,3.86,-31.51,3.255,-29.6,0,3.8,-35.31,3.86,-31.51,3.255,-3.8
Moslemi,Tathlina,NWT,Northern pike,10214,2014,8,22,2014-08-22,60.538836,117.508067,19.66,high_doc,384,-29.78,10.64,3.014437828,-35.31,3.86,-31.51,3.255,-29.8,0,4,-35.31,3.86,-31.51,3.255,-3.8
Moslemi,Tathlina,NWT,Northern pike,10196,2014,8,21,2014-08-21,60.538836,117.508067,19.66,high_doc,366,-29.46,10.86,3.155287866,-35.31,3.86,-31.51,3.255,-29.1,0,4.1,-35.31,3.86,-31.51,3.255,-3.8
Moslemi,Tathlina,NWT,Northern pike,15347,2018,9,14,2018-09-14,60.538836,117.508067,19.66,high_doc,363,-30.19318656,10.38922322,3.384860866,-35.31,3.86,-31.51,3.255,-29.4,0,3.9,-35.31,3.86,-31.51,3.255,-3.8
Moslemi,Tathlina,NWT,Northern pike,15341,2018,9,14,2018-09-14,60.538836,117.508067,19.66,high_doc,356,-30.89620592,10.41943065,3.198253833,-35.31,3.86,-31.51,3.255,-30.5,0,3.9,-35.31,3.86,-31.51,3.255,-3.8
Moslemi,Tathlina,NWT,Northern pike,10212,2014,8,22,2014-08-22,60.538836,117.508067,19.66,high_doc,315,-30.2,9.4,3.096962366,-35.31,3.86,-31.51,3.255,-30,0,3.6,-35.31,3.86,-31.51,3.255,-3.8
Moslemi,Tathlina,NWT,Northern pike,15360,2018,9,14,2018-09-14,60.538836,117.508067,19.66,high_doc,262,-30.83328995,8.557006308,3.100286138,-35.31,3.86,-31.51,3.255,-30.6,0,3.4,-35.31,3.86,-31.51,3.255,-3.8
Moslemi,Tathlina,NWT,Northern pike,10197,2014,8,21,2014-08-21,60.538836,117.508067,19.66,high_doc,252,-30.94,7.99,3.159011143,-35.31,3.86,-31.51,3.255,-30.6,0,3.2,-35.31,3.86,-31.51,3.255,-3.8
Moslemi,Sanguez,NWT,Northern pike,15060,2017,9,18,2017-09-18,61.254031,120.492239,17.312568,high_doc,1025,-31.70562693,12.72607875,3.3014064,-32.80333,3.57667,-30.87,2.314,-31.1,0.12,4.7,-32.80333,3.57667,-30.87,2.314,-1.93333
Moslemi,Sanguez,NWT,Northern pike,10722,2016,9,9,2016-09-09,61.254031,120.492239,17.312568,high_doc,1004,-31.12029872,12.55390008,3.198229257,-32.80333,3.57667,-30.87,2.314,-30.7,0,4.6,-32.80333,3.57667,-30.87,2.314,-1.93333
Moslemi,Sanguez,NWT,Northern pike,10084,2013,8,24,2013-08-24,61.254031,120.492239,17.312568,high_doc,961,-31.49409013,12.98167697,3.216262946,-32.80333,3.57667,-30.87,2.314,-31,0.07,4.8,-32.80333,3.57667,-30.87,2.314,-1.93333
Moslemi,Sanguez,NWT,Northern pike,15778,2019,9,23,2019-09-23,61.254031,120.492239,17.312568,high_doc,932,-30.54859498,13.04082837,3.355348402,-32.80333,3.57667,-30.87,2.314,-29.8,0,4.8,-32.80333,3.57667,-30.87,2.314,-1.93333
Moslemi,Sanguez,NWT,Northern pike,15026,2017,9,16,2017-09-16,61.254031,120.492239,17.312568,high_doc,930,-31.39949525,12.93885221,3.215074286,-32.80333,3.57667,-30.87,2.314,-30.9,0.02,4.8,-32.80333,3.57667,-30.87,2.314,-1.93333
Moslemi,Sanguez,NWT,Northern pike,10082,2013,8,24,2013-08-24,61.254031,120.492239,17.312568,high_doc,910,-31.38240254,12.89463585,3.239835287,-32.80333,3.57667,-30.87,2.314,-30.9,0.02,4.7,-32.80333,3.57667,-30.87,2.314,-1.93333
Moslemi,Sanguez,NWT,Northern pike,15237,2018,5,22,2018-05-22,61.254031,120.492239,17.312568,high_doc,904,-31.35700462,12.27499793,3.298037691,-32.80333,3.57667,-30.87,2.314,-30.7,0,4.6,-32.80333,3.57667,-30.87,2.314,-1.93333
Moslemi,Sanguez,NWT,Northern pike,10991,2017,9,14,2017-09-14,61.254031,120.492239,17.312568,high_doc,888,-31.62032681,12.34235269,3.229547029,-32.80333,3.57667,-30.87,2.314,-31.1,0.12,4.6,-32.80333,3.57667,-30.87,2.314,-1.93333
Moslemi,Sanguez,NWT,Northern pike,15043,2017,9,17,2017-09-17,61.254031,120.492239,17.312568,high_doc,884,-31.92041608,12.35988426,3.227985102,-32.80333,3.57667,-30.87,2.314,-31.4,0.27,4.6,-32.80333,3.57667,-30.87,2.314,-1.93333
Moslemi,Sanguez,NWT,Northern pike,15067,2017,9,18,2017-09-18,61.254031,120.492239,17.312568,high_doc,877,-31.19554006,12.29674387,3.180053897,-32.80333,3.57667,-30.87,2.314,-30.8,0,4.6,-32.80333,3.57667,-30.87,2.314,-1.93333
Moslemi,Sanguez,NWT,Northern pike,15058,2017,9,18,2017-09-18,61.254031,120.492239,17.312568,high_doc,870,-31.58055972,12.41187961,3.143410932,-32.80333,3.57667,-30.87,2.314,-31.3,0.22,4.6,-32.80333,3.57667,-30.87,2.314,-1.93333
Moslemi,Sanguez,NWT,Northern pike,15398,2018,5,31,2018-05-31,61.254031,120.492239,17.312568,high_doc,866,-31.8204851,12.19620841,3.375765293,-32.80333,3.57667,-30.87,2.314,-31,0.07,4.5,-32.80333,3.57667,-30.87,2.314,-1.93333
Moslemi,Sanguez,NWT,Northern pike,15002,2017,9,15,2017-09-15,61.254031,120.492239,17.312568,high_doc,858,-31.60722353,12.13777155,3.230357994,-32.80333,3.57667,-30.87,2.314,-31.1,0.12,4.5,-32.80333,3.57667,-30.87,2.314,-1.93333
Moslemi,Sanguez,NWT,Northern pike,15390,2018,5,29,2018-05-29,61.254031,120.492239,17.312568,high_doc,855,-30.54953001,11.55880706,3.317821304,-32.80333,3.57667,-30.87,2.314,-29.9,0,4.3,-32.80333,3.57667,-30.87,2.314,-1.93333
Moslemi,Sanguez,NWT,Northern pike,15391,2018,5,29,2018-05-29,61.254031,120.492239,17.312568,high_doc,852,-31.05652102,11.61736666,3.273195329,-32.80333,3.57667,-30.87,2.314,-30.5,0,4.4,-32.80333,3.57667,-30.87,2.314,-1.93333
Moslemi,Sanguez,NWT,Northern pike,10095,2013,8,25,2013-08-25,61.254031,120.492239,17.312568,high_doc,850,-31.713824549999998,12.87496647,3.268672956,-32.80333,3.57667,-30.87,2.314,-31.1,0.12,4.7,-32.80333,3.57667,-30.87,2.314,-1.93333
Moslemi,Sanguez,NWT,Northern pike,15393,2018,5,29,2018-05-29,61.254031,120.492239,17.312568,high_doc,845,-31.35713592,12.04663849,3.331633874,-32.80333,3.57667,-30.87,2.314,-30.6,0,4.5,-32.80333,3.57667,-30.87,2.314,-1.93333
Moslemi,Sanguez,NWT,Northern pike,15388,2018,5,29,2018-05-29,61.254031,120.492239,17.312568,high_doc,840,-31.0538622,11.85162853,3.270779498,-32.80333,3.57667,-30.87,2.314,-30.5,0,4.4,-32.80333,3.57667,-30.87,2.314,-1.93333
Moslemi,Sanguez,NWT,Northern pike,15801,2019,9,24,2019-09-24,61.254031,120.492239,17.312568,high_doc,825,-31.58518662,13.26135983,3.092024632,-32.80333,3.57667,-30.87,2.314,-31.4,0.27,4.8,-32.80333,3.57667,-30.87,2.314,-1.93333
Moslemi,Sanguez,NWT,Northern pike,15377,2018,5,28,2018-05-28,61.254031,120.492239,17.312568,high_doc,818,-30.72651282,11.63458101,3.248639394,-32.80333,3.57667,-30.87,2.314,-30.2,0,4.4,-32.80333,3.57667,-30.87,2.314,-1.93333
Moslemi,Sanguez,NWT,Northern pike,15420,2018,6,1,2018-06-01,61.254031,120.492239,17.312568,high_doc,812,-32.04002204,12.2330528,3.293790152,-32.80333,3.57667,-30.87,2.314,-31.4,0.27,4.5,-32.80333,3.57667,-30.87,2.314,-1.93333
Moslemi,Sanguez,NWT,Northern pike,10696,2016,9,8,2016-09-08,61.254031,120.492239,17.312568,high_doc,799,-31.1528709,11.801454530000001,3.208832076,-32.80333,3.57667,-30.87,2.314,-30.7,0,4.4,-32.80333,3.57667,-30.87,2.314,-1.93333
Moslemi,Sanguez,NWT,Northern pike,15059,2017,9,18,2017-09-18,61.254031,120.492239,17.312568,high_doc,795,-31.9164907,12.4519655,3.242021467,-32.80333,3.57667,-30.87,2.314,-31.4,0.27,4.6,-32.80333,3.57667,-30.87,2.314,-1.93333
Moslemi,Sanguez,NWT,Northern pike,15066,2017,9,18,2017-09-18,61.254031,120.492239,17.312568,high_doc,790,-32.26170296,11.97538283,3.196478637,-32.80333,3.57667,-30.87,2.314,-31.8,0.48,4.5,-32.80333,3.57667,-30.87,2.314,-1.93333
Moslemi,Sanguez,NWT,Northern pike,15068,2017,9,18,2017-09-18,61.254031,120.492239,17.312568,high_doc,777,-32.98048392,11.20569378,3.515143228,-32.80333,3.57667,-30.87,2.314,-31.9,0.53,4.2,-32.80333,3.57667,-30.87,2.314,-1.93333
Moslemi,Sanguez,NWT,Northern pike,15376,2018,5,28,2018-05-28,61.254031,120.492239,17.312568,high_doc,776,-31.82274847,11.54386442,3.23617263,-32.80333,3.57667,-30.87,2.314,-31.3,0.22,4.3,-32.80333,3.57667,-30.87,2.314,-1.93333
Moslemi,Sanguez,NWT,Northern pike,15419,2018,6,1,2018-06-01,61.254031,120.492239,17.312568,high_doc,774,-32.16985358,11.76344479,3.215880283,-32.80333,3.57667,-30.87,2.314,-31.7,0.43,4.4,-32.80333,3.57667,-30.87,2.314,-1.93333
Moslemi,Sanguez,NWT,Northern pike,10695,2016,9,8,2016-09-08,61.254031,120.492239,17.312568,high_doc,769,-32.5209966,11.74766737,3.256207843,-32.80333,3.57667,-30.87,2.314,-32,0.58,4.4,-32.80333,3.57667,-30.87,2.314,-1.93333
Moslemi,Sanguez,NWT,Northern pike,15231,2018,5,21,2018-05-21,61.254031,120.492239,17.312568,high_doc,768,-30.50538025,11.2226689,3.18344054,-32.80333,3.57667,-30.87,2.314,-30.1,0,4.2,-32.80333,3.57667,-30.87,2.314,-1.93333
Moslemi,Sanguez,NWT,Northern pike,15759,2019,9,22,2019-09-22,61.254031,120.492239,17.312568,high_doc,767,-30.50524373,11.75759209,3.286925273,-32.80333,3.57667,-30.87,2.314,-29.9,0,4.4,-32.80333,3.57667,-30.87,2.314,-1.93333
Moslemi,Sanguez,NWT,Northern pike,15230,2018,5,21,2018-05-21,61.254031,120.492239,17.312568,high_doc,760,-31.56034652,11.77851277,3.184479215,-32.80333,3.57667,-30.87,2.314,-31.1,0.12,4.4,-32.80333,3.57667,-30.87,2.314,-1.93333
Moslemi,Sanguez,NWT,Northern pike,15800,2019,9,24,2019-09-24,61.254031,120.492239,17.312568,high_doc,756,-32.35654722,13.13653662,3.104604219,-32.80333,3.57667,-30.87,2.314,-32.1,0.64,4.8,-32.80333,3.57667,-30.87,2.314,-1.93333
Moslemi,Sanguez,NWT,Northern pike,15236,2018,5,22,2018-05-22,61.254031,120.492239,17.312568,high_doc,753,-32.76996476,12.01641806,3.284349763,-32.80333,3.57667,-30.87,2.314,-32.2,0.69,4.5,-32.80333,3.57667,-30.87,2.314,-1.93333
Moslemi,Sanguez,NWT,Northern pike,15786,2019,9,23,2019-09-23,61.254031,120.492239,17.312568,high_doc,753,-32.76467085,12.67353615,3.127418292,-32.80333,3.57667,-30.87,2.314,-32.5,0.84,4.7,-32.80333,3.57667,-30.87,2.314,-1.93333
Moslemi,Sanguez,NWT,Northern pike,15758,2019,9,22,2019-09-22,61.254031,120.492239,17.312568,high_doc,743,-32.18247097,11.92093442,3.215377214,-32.80333,3.57667,-30.87,2.314,-31.7,0.43,4.5,-32.80333,3.57667,-30.87,2.314,-1.93333
Moslemi,Sanguez,NWT,Northern pike,15235,2018,5,22,2018-05-22,61.254031,120.492239,17.312568,high_doc,737,-33.03371242,12.033676,3.274838461,-32.80333,3.57667,-30.87,2.314,-32.4,0.79,4.5,-32.80333,3.57667,-30.87,2.314,-1.93333
Moslemi,Sanguez,NWT,Northern pike,15764,2019,9,22,2019-09-22,61.254031,120.492239,17.312568,high_doc,725,-31.28485297,11.97096288,3.299000622,-32.80333,3.57667,-30.87,2.314,-30.6,0,4.5,-32.80333,3.57667,-30.87,2.314,-1.93333
Moslemi,Sanguez,NWT,Northern pike,15055,2017,9,18,2017-09-18,61.254031,120.492239,17.312568,high_doc,718,-33.67974126,11.27769784,3.280712041,-32.80333,3.57667,-30.87,2.314,-33.1,1,4.3,-32.80333,3.57667,-30.87,2.314,-1.93333
Moslemi,Sanguez,NWT,Northern pike,15057,2017,9,18,2017-09-18,61.254031,120.492239,17.312568,high_doc,715,-32.96005318,11.05816637,3.160702762,-32.80333,3.57667,-30.87,2.314,-32.6,0.89,4.2,-32.80333,3.57667,-30.87,2.314,-1.93333
Moslemi,Sanguez,NWT,Northern pike,15389,2018,5,29,2018-05-29,61.254031,120.492239,17.312568,high_doc,714,-32.57907582,11.55233192,3.242944057,-32.80333,3.57667,-30.87,2.314,-32,0.58,4.3,-32.80333,3.57667,-30.87,2.314,-1.93333
Moslemi,Sanguez,NWT,Northern pike,15386,2018,5,29,2018-05-29,61.254031,120.492239,17.312568,high_doc,710,-33.33379541,11.57797639,3.22368166,-32.80333,3.57667,-30.87,2.314,-32.8,1,4.4,-32.80333,3.57667,-30.87,2.314,-1.93333
Moslemi,Sanguez,NWT,Northern pike,15394,2018,5,29,2018-05-29,61.254031,120.492239,17.312568,high_doc,708,-31.06237296,11.58222286,3.213377401,-32.80333,3.57667,-30.87,2.314,-30.6,0,4.4,-32.80333,3.57667,-30.87,2.314,-1.93333
Moslemi,Sanguez,NWT,Northern pike,15172,2018,5,18,2018-05-18,61.254031,120.492239,17.312568,high_doc,707,-31.99588057,11.90000831,3.260384141,-32.80333,3.57667,-30.87,2.314,-31.4,0.27,4.4,-32.80333,3.57667,-30.87,2.314,-1.93333
Moslemi,Sanguez,NWT,Northern pike,15756,2019,9,21,2019-09-21,61.254031,120.492239,17.312568,high_doc,705,-32.19896377,11.99181137,3.309639346,-32.80333,3.57667,-30.87,2.314,-31.5,0.33,4.5,-32.80333,3.57667,-30.87,2.314,-1.93333
Moslemi,Sanguez,NWT,Northern pike,15763,2019,9,22,2019-09-22,61.254031,120.492239,17.312568,high_doc,702,-32.29582017,12.27879344,3.366169677,-32.80333,3.57667,-30.87,2.314,-31.5,0.33,4.6,-32.80333,3.57667,-30.87,2.314,-1.93333
Moslemi,Sanguez,NWT,Northern pike,15025,2017,9,16,2017-09-16,61.254031,120.492239,17.312568,high_doc,698,-32.52283851,11.60281303,3.231544739,-32.80333,3.57667,-30.87,2.314,-32,0.58,4.4,-32.80333,3.57667,-30.87,2.314,-1.93333
Moslemi,Sanguez,NWT,Northern pike,15387,2018,5,29,2018-05-29,61.254031,120.492239,17.312568,high_doc,698,-32.94878264,11.43813583,3.213020057,-32.80333,3.57667,-30.87,2.314,-32.5,0.84,4.3,-32.80333,3.57667,-30.87,2.314,-1.93333
Moslemi,Sanguez,NWT,Northern pike,15220,2018,5,20,2018-05-20,61.254031,120.492239,17.312568,high_doc,697,-33.09325991,11.11873937,3.222716905,-32.80333,3.57667,-30.87,2.314,-32.6,0.89,4.2,-32.80333,3.57667,-30.87,2.314,-1.93333
Moslemi,Sanguez,NWT,Northern pike,15221,2018,5,20,2018-05-20,61.254031,120.492239,17.312568,high_doc,697,-32.96767127,11.0488882,3.144892671,-32.80333,3.57667,-30.87,2.314,-32.6,0.89,4.2,-32.80333,3.57667,-30.87,2.314,-1.93333
Moslemi,Sanguez,NWT,Northern pike,15056,2017,9,18,2017-09-18,61.254031,120.492239,17.312568,high_doc,690,-33.44466927,11.8860243,3.238455467,-32.80333,3.57667,-30.87,2.314,-32.9,1,4.4,-32.80333,3.57667,-30.87,2.314,-1.93333
Moslemi,Sanguez,NWT,Northern pike,15755,2019,9,21,2019-09-21,61.254031,120.492239,17.312568,high_doc,684,-31.3495042,11.3646059,3.282975447,-32.80333,3.57667,-30.87,2.314,-30.7,0,4.3,-32.80333,3.57667,-30.87,2.314,-1.93333
Moslemi,Sanguez,NWT,Northern pike,15375,2018,5,28,2018-05-28,61.254031,120.492239,17.312568,high_doc,681,-30.97930219,11.74643665,3.179158439,-32.80333,3.57667,-30.87,2.314,-30.6,0,4.4,-32.80333,3.57667,-30.87,2.314,-1.93333
Moslemi,Sanguez,NWT,Northern pike,15757,2019,9,21,2019-09-21,61.254031,120.492239,17.312568,high_doc,679,-32.47244902,11.65849841,3.249313277,-32.80333,3.57667,-30.87,2.314,-31.9,0.53,4.4,-32.80333,3.57667,-30.87,2.314,-1.93333
Moslemi,Sanguez,NWT,Northern pike,15234,2018,5,22,2018-05-22,61.254031,120.492239,17.312568,high_doc,679,-33.243079,12.01439266,3.278204516,-32.80333,3.57667,-30.87,2.314,-32.6,0.89,4.5,-32.80333,3.57667,-30.87,2.314,-1.93333
Moslemi,Sanguez,NWT,Northern pike,15796,2019,9,24,2019-09-24,61.254031,120.492239,17.312568,high_doc,678,-31.99202196,11.81277841,3.187116642,-32.80333,3.57667,-30.87,2.314,-31.6,0.38,4.4,-32.80333,3.57667,-30.87,2.314,-1.93333
Moslemi,Sanguez,NWT,Northern pike,10694,2016,9,8,2016-09-08,61.254031,120.492239,17.312568,high_doc,678,-33.37099659,11.44091013,3.203920277,-32.80333,3.57667,-30.87,2.314,-32.9,1,4.3,-32.80333,3.57667,-30.87,2.314,-1.93333
Moslemi,Sanguez,NWT,Northern pike,10091,2013,8,25,2013-08-25,61.254031,120.492239,17.312568,high_doc,670,-33.43094384,12.1171184,3.327105683,-32.80333,3.57667,-30.87,2.314,-32.7,0.95,4.5,-32.80333,3.57667,-30.87,2.314,-1.93333
Moslemi,Sanguez,NWT,Northern pike,15421,2018,6,1,2018-06-01,61.254031,120.492239,17.312568,high_doc,668,-32.21719751,11.69941552,3.254397642,-32.80333,3.57667,-30.87,2.314,-31.7,0.43,4.4,-32.80333,3.57667,-30.87,2.314,-1.93333
Moslemi,Sanguez,NWT,Northern pike,10090,2013,8,25,2013-08-25,61.254031,120.492239,17.312568,high_doc,668,-33.21218734,12.22225771,3.282054062,-32.80333,3.57667,-30.87,2.314,-32.6,0.89,4.5,-32.80333,3.57667,-30.87,2.314,-1.93333
Moslemi,Sanguez,NWT,Northern pike,15168,2018,5,18,2018-05-18,61.254031,120.492239,17.312568,high_doc,668,-33.29949818,11.37578725,3.169489139,-32.80333,3.57667,-30.87,2.314,-32.9,1,4.3,-32.80333,3.57667,-30.87,2.314,-1.93333
Moslemi,Sanguez,NWT,Northern pike,10693,2016,9,8,2016-09-08,61.254031,120.492239,17.312568,high_doc,666,-33.37099659,11.44091013,3.147019577,-32.80333,3.57667,-30.87,2.314,-33,1,4.3,-32.80333,3.57667,-30.87,2.314,-1.93333
Moslemi,Sanguez,NWT,Northern pike,15169,2018,5,18,2018-05-18,61.254031,120.492239,17.312568,high_doc,663,-32.77006338,11.55721277,3.21184602,-32.80333,3.57667,-30.87,2.314,-32.3,0.74,4.3,-32.80333,3.57667,-30.87,2.314,-1.93333
Moslemi,Sanguez,NWT,Northern pike,15165,2018,5,18,2018-05-18,61.254031,120.492239,17.312568,high_doc,659,-32.6157298,11.58218832,3.165702912,-32.80333,3.57667,-30.87,2.314,-32.2,0.69,4.4,-32.80333,3.57667,-30.87,2.314,-1.93333
Moslemi,Sanguez,NWT,Northern pike,15171,2018,5,18,2018-05-18,61.254031,120.492239,17.312568,high_doc,657,-32.28039903,11.62714408,3.222036439,-32.80333,3.57667,-30.87,2.314,-31.8,0.48,4.4,-32.80333,3.57667,-30.87,2.314,-1.93333
Moslemi,Sanguez,NWT,Northern pike,15065,2017,9,18,2017-09-18,61.254031,120.492239,17.312568,high_doc,657,-32.67211096,11.71585562,3.20239349,-32.80333,3.57667,-30.87,2.314,-32.2,0.69,4.4,-32.80333,3.57667,-30.87,2.314,-1.93333
Moslemi,Sanguez,NWT,Northern pike,15166,2018,5,18,2018-05-18,61.254031,120.492239,17.312568,high_doc,652,-33.18613362,11.58782278,3.192585429,-32.80333,3.57667,-30.87,2.314,-32.8,1,4.4,-32.80333,3.57667,-30.87,2.314,-1.93333
Moslemi,Sanguez,NWT,Northern pike,15218,2018,5,20,2018-05-20,61.254031,120.492239,17.312568,high_doc,651,-32.85290141,11.52496613,3.185865181,-32.80333,3.57667,-30.87,2.314,-32.4,0.79,4.3,-32.80333,3.57667,-30.87,2.314,-1.93333
Moslemi,Sanguez,NWT,Northern pike,15208,2018,5,20,2018-05-20,61.254031,120.492239,17.312568,high_doc,650,-31.86558481,11.56875671,3.177556781,-32.80333,3.57667,-30.87,2.314,-31.5,0.33,4.4,-32.80333,3.57667,-30.87,2.314,-1.93333
Moslemi,Sanguez,NWT,Northern pike,15385,2018,5,29,2018-05-29,61.254031,120.492239,17.312568,high_doc,645,-32.49900805,11.74472815,3.272689914,-32.80333,3.57667,-30.87,2.314,-31.9,0.53,4.4,-32.80333,3.57667,-30.87,2.314,-1.93333
Moslemi,Sanguez,NWT,Northern pike,15207,2018,5,20,2018-05-20,61.254031,120.492239,17.312568,high_doc,644,-33.13131801,11.44726989,3.182239293,-32.80333,3.57667,-30.87,2.314,-32.7,0.95,4.3,-32.80333,3.57667,-30.87,2.314,-1.93333
Moslemi,Sanguez,NWT,Northern pike,15024,2017,9,16,2017-09-16,61.254031,120.492239,17.312568,high_doc,639,-33.2545143,11.6351459,3.239258007,-32.80333,3.57667,-30.87,2.314,-32.7,0.95,4.4,-32.80333,3.57667,-30.87,2.314,-1.93333
Moslemi,Sanguez,NWT,Northern pike,15219,2018,5,20,2018-05-20,61.254031,120.492239,17.312568,high_doc,637,-32.93915121,11.04890458,3.190127123,-32.80333,3.57667,-30.87,2.314,-32.5,0.84,4.2,-32.80333,3.57667,-30.87,2.314,-1.93333
Moslemi,Sanguez,NWT,Northern pike,15816,2019,9,25,2019-09-25,61.254031,120.492239,17.312568,high_doc,636,-31.43794871,12.36904059,3.322849976,-32.80333,3.57667,-30.87,2.314,-30.7,0,4.6,-32.80333,3.57667,-30.87,2.314,-1.93333
Moslemi,Sanguez,NWT,Northern pike,15413,2018,5,31,2018-05-31,61.254031,120.492239,17.312568,high_doc,634,-33.01347286,11.08906622,3.241156566,-32.80333,3.57667,-30.87,2.314,-32.5,0.84,4.2,-32.80333,3.57667,-30.87,2.314,-1.93333
Moslemi,Sanguez,NWT,Northern pike,15414,2018,5,31,2018-05-31,61.254031,120.492239,17.312568,high_doc,631,-31.95037813,11.09834119,3.339486692,-32.80333,3.57667,-30.87,2.314,-31.2,0.17,4.2,-32.80333,3.57667,-30.87,2.314,-1.93333
Moslemi,Sanguez,NWT,Northern pike,15167,2018,5,18,2018-05-18,61.254031,120.492239,17.312568,high_doc,629,-33.4923844,11.59335931,3.26880254,-32.80333,3.57667,-30.87,2.314,-32.9,1,4.4,-32.80333,3.57667,-30.87,2.314,-1.93333
Moslemi,Sanguez,NWT,Northern pike,15775,2019,9,23,2019-09-23,61.254031,120.492239,17.312568,high_doc,627,-32.74189183,11.24852323,3.323399122,-32.80333,3.57667,-30.87,2.314,-32,0.58,4.3,-32.80333,3.57667,-30.87,2.314,-1.93333
Moslemi,Sanguez,NWT,Northern pike,15226,2018,5,20,2018-05-20,61.254031,120.492239,17.312568,high_doc,627,-33.11894418,10.73132531,3.125777228,-32.80333,3.57667,-30.87,2.314,-32.8,1,4.1,-32.80333,3.57667,-30.87,2.314,-1.93333
Moslemi,Sanguez,NWT,Northern pike,15227,2018,5,20,2018-05-20,61.254031,120.492239,17.312568,high_doc,626,-31.72810503,10.53031954,3.125355,-32.80333,3.57667,-30.87,2.314,-31.4,0.27,4,-32.80333,3.57667,-30.87,2.314,-1.93333
Moslemi,Sanguez,NWT,Northern pike,15164,2018,5,18,2018-05-18,61.254031,120.492239,17.312568,high_doc,625,-33.0251337,11.54798457,3.182738932,-32.80333,3.57667,-30.87,2.314,-32.6,0.89,4.3,-32.80333,3.57667,-30.87,2.314,-1.93333
Moslemi,Sanguez,NWT,Northern pike,15217,2018,5,20,2018-05-20,61.254031,120.492239,17.312568,high_doc,625,-33.26926777,11.34159126,3.213683091,-32.80333,3.57667,-30.87,2.314,-32.8,1,4.3,-32.80333,3.57667,-30.87,2.314,-1.93333
Moslemi,Sanguez,NWT,Northern pike,15170,2018,5,18,2018-05-18,61.254031,120.492239,17.312568,high_doc,622,-33.21343779,11.62413246,3.223451832,-32.80333,3.57667,-30.87,2.314,-32.7,0.95,4.4,-32.80333,3.57667,-30.87,2.314,-1.93333
Moslemi,Sanguez,NWT,Northern pike,15754,2019,9,21,2019-09-21,61.254031,120.492239,17.312568,high_doc,621,-32.70496635,12.29969155,3.367452396,-32.80333,3.57667,-30.87,2.314,-31.9,0.53,4.6,-32.80333,3.57667,-30.87,2.314,-1.93333
Moslemi,Sanguez,NWT,Northern pike,10990,2017,9,14,2017-09-14,61.254031,120.492239,17.312568,high_doc,621,-32.56644555,11.57222231,3.187666046,-32.80333,3.57667,-30.87,2.314,-32.1,0.64,4.4,-32.80333,3.57667,-30.87,2.314,-1.93333
Moslemi,Sanguez,NWT,Northern pike,15233,2018,5,22,2018-05-22,61.254031,120.492239,17.312568,high_doc,621,-33.18309295,11.79511493,3.371651876,-32.80333,3.57667,-30.87,2.314,-32.4,0.79,4.4,-32.80333,3.57667,-30.87,2.314,-1.93333
Moslemi,Sanguez,NWT,Northern pike,15216,2018,5,20,2018-05-20,61.254031,120.492239,17.312568,high_doc,620,-33.01686011,11.66765758,3.207205111,-32.80333,3.57667,-30.87,2.314,-32.6,0.89,4.4,-32.80333,3.57667,-30.87,2.314,-1.93333
Moslemi,Sanguez,NWT,Northern pike,15418,2018,6,1,2018-06-01,61.254031,120.492239,17.312568,high_doc,619,-33.24925146,11.14455373,3.303093342,-32.80333,3.57667,-30.87,2.314,-32.6,0.89,4.2,-32.80333,3.57667,-30.87,2.314,-1.93333
Moslemi,Sanguez,NWT,Northern pike,15037,2017,9,17,2017-09-17,61.254031,120.492239,17.312568,high_doc,617,-32.61752932,11.64019269,3.252254659,-32.80333,3.57667,-30.87,2.314,-32.1,0.64,4.4,-32.80333,3.57667,-30.87,2.314,-1.93333
Moslemi,Sanguez,NWT,Northern pike,10087,2013,8,25,2013-08-25,61.254031,120.492239,17.312568,high_doc,615,-33.22776417,11.67580008,3.32395363,-32.80333,3.57667,-30.87,2.314,-32.5,0.84,4.4,-32.80333,3.57667,-30.87,2.314,-1.93333
Moslemi,Sanguez,NWT,Northern pike,15415,2018,5,31,2018-05-31,61.254031,120.492239,17.312568,high_doc,615,-33.05643761,11.73747046,3.234338114,-32.80333,3.57667,-30.87,2.314,-32.5,0.84,4.4,-32.80333,3.57667,-30.87,2.314,-1.93333
Moslemi,Sanguez,NWT,Northern pike,10692,2016,9,8,2016-09-08,61.254031,120.492239,17.312568,high_doc,615,-33.12255603,10.97948965,3.193717583,-32.80333,3.57667,-30.87,2.314,-32.7,0.95,4.2,-32.80333,3.57667,-30.87,2.314,-1.93333
Moslemi,Sanguez,NWT,Northern pike,15776,2019,9,23,2019-09-23,61.254031,120.492239,17.312568,high_doc,613,-31.13650343,11.46015528,3.299414056,-32.80333,3.57667,-30.87,2.314,-30.5,0,4.3,-32.80333,3.57667,-30.87,2.314,-1.93333
Moslemi,Sanguez,NWT,Northern pike,15748,2019,9,20,2019-09-20,61.254031,120.492239,17.312568,high_doc,612,-30.90145816,9.97994977,3.28774212,-32.80333,3.57667,-30.87,2.314,-30.3,0,3.9,-32.80333,3.57667,-30.87,2.314,-1.93333
Moslemi,Sanguez,NWT,Northern pike,15397,2018,5,31,2018-05-31,61.254031,120.492239,17.312568,high_doc,612,-32.23592186,11.60581913,3.336703824,-32.80333,3.57667,-30.87,2.314,-31.5,0.33,4.4,-32.80333,3.57667,-30.87,2.314,-1.93333
Moslemi,Sanguez,NWT,Northern pike,15162,2018,5,18,2018-05-18,61.254031,120.492239,17.312568,high_doc,610,-33.05977172,11.16290007,3.175173245,-32.80333,3.57667,-30.87,2.314,-32.7,0.95,4.2,-32.80333,3.57667,-30.87,2.314,-1.93333
Moslemi,Sanguez,NWT,Northern pike,15150,2018,5,18,2018-05-18,61.254031,120.492239,17.312568,high_doc,610,-33.16206231,11.40373504,3.146657822,-32.80333,3.57667,-30.87,2.314,-32.8,1,4.3,-32.80333,3.57667,-30.87,2.314,-1.93333
Moslemi,Sanguez,NWT,Northern pike,15161,2018,5,18,2018-05-18,61.254031,120.492239,17.312568,high_doc,610,-33.51049837,10.76264437,3.157985517,-32.80333,3.57667,-30.87,2.314,-33.2,1,4.1,-32.80333,3.57667,-30.87,2.314,-1.93333
Moslemi,Sanguez,NWT,Northern pike,15151,2018,5,18,2018-05-18,61.254031,120.492239,17.312568,high_doc,609,-33.14538486,11.6385794,3.222141307,-32.80333,3.57667,-30.87,2.314,-32.7,0.95,4.4,-32.80333,3.57667,-30.87,2.314,-1.93333
Moslemi,Sanguez,NWT,Northern pike,15163,2018,5,18,2018-05-18,61.254031,120.492239,17.312568,high_doc,607,-32.75979493,11.73788796,3.240396144,-32.80333,3.57667,-30.87,2.314,-32.2,0.69,4.4,-32.80333,3.57667,-30.87,2.314,-1.93333
Moslemi,Sanguez,NWT,Northern pike,15747,2019,9,20,2019-09-20,61.254031,120.492239,17.312568,high_doc,607,-32.80060813,12.06666713,3.299054054,-32.80333,3.57667,-30.87,2.314,-32.2,0.69,4.5,-32.80333,3.57667,-30.87,2.314,-1.93333
Moslemi,Sanguez,NWT,Northern pike,10088,2013,8,25,2013-08-25,61.254031,120.492239,17.312568,high_doc,605,-33.27589358,11.89308837,3.228955855,-32.80333,3.57667,-30.87,2.314,-32.8,1,4.4,-32.80333,3.57667,-30.87,2.314,-1.93333
Moslemi,Sanguez,NWT,Northern pike,15795,2019,9,24,2019-09-24,61.254031,120.492239,17.312568,high_doc,602,-33.01409829,11.94148813,3.117929569,-32.80333,3.57667,-30.87,2.314,-32.7,0.95,4.5,-32.80333,3.57667,-30.87,2.314,-1.93333
Moslemi,Sanguez,NWT,Northern pike,15036,2017,9,17,2017-09-17,61.254031,120.492239,17.312568,high_doc,598,-32.72565633,12.00909333,3.223861299,-32.80333,3.57667,-30.87,2.314,-32.2,0.69,4.5,-32.80333,3.57667,-30.87,2.314,-1.93333
Moslemi,Sanguez,NWT,Northern pike,15036,2017,9,17,2017-09-17,61.254031,120.492239,17.312568,high_doc,598,-32.72565633,12.00909333,3.223861299,-32.80333,3.57667,-30.87,2.314,-32.2,0.69,4.5,-32.80333,3.57667,-30.87,2.314,-1.93333
Moslemi,Sanguez,NWT,Northern pike,15417,2018,6,1,2018-06-01,61.254031,120.492239,17.312568,high_doc,591,-33.12763262,11.22860514,3.285720639,-32.80333,3.57667,-30.87,2.314,-32.5,0.84,4.3,-32.80333,3.57667,-30.87,2.314,-1.93333
Moslemi,Sanguez,NWT,Northern pike,15777,2019,9,23,2019-09-23,61.254031,120.492239,17.312568,high_doc,588,-32.69241179,11.61427823,3.385884961,-32.80333,3.57667,-30.87,2.314,-31.9,0.53,4.4,-32.80333,3.57667,-30.87,2.314,-1.93333
Moslemi,Sanguez,NWT,Northern pike,15798,2019,9,24,2019-09-24,61.254031,120.492239,17.312568,high_doc,585,-33.13868598,12.20718172,3.154219626,-32.80333,3.57667,-30.87,2.314,-32.8,1,4.5,-32.80333,3.57667,-30.87,2.314,-1.93333
Moslemi,Sanguez,NWT,Northern pike,15753,2019,9,21,2019-09-21,61.254031,120.492239,17.312568,high_doc,584,-32.92464985,12.37333413,3.37418383,-32.80333,3.57667,-30.87,2.314,-32.1,0.64,4.6,-32.80333,3.57667,-30.87,2.314,-1.93333
Moslemi,Sanguez,NWT,Northern pike,15774,2019,9,23,2019-09-23,61.254031,120.492239,17.312568,high_doc,576,-32.3239343,11.43626831,3.346763857,-32.80333,3.57667,-30.87,2.314,-31.6,0.38,4.3,-32.80333,3.57667,-30.87,2.314,-1.93333
Moslemi,Sanguez,NWT,Northern pike,15799,2019,9,24,2019-09-24,61.254031,120.492239,17.312568,high_doc,569,-31.2201587,11.27368033,3.138152675,-32.80333,3.57667,-30.87,2.314,-30.9,0.02,4.3,-32.80333,3.57667,-30.87,2.314,-1.93333
Moslemi,Sanguez,NWT,Northern pike,10989,2017,9,14,2017-09-14,61.254031,120.492239,17.312568,high_doc,568,-32.54113277,11.32772146,3.216814064,-32.80333,3.57667,-30.87,2.314,-32.1,0.64,4.3,-32.80333,3.57667,-30.87,2.314,-1.93333
Moslemi,Sanguez,NWT,Northern pike,15773,2019,9,23,2019-09-23,61.254031,120.492239,17.312568,high_doc,567,-30.6589801,11.19422274,3.3442311,-32.80333,3.57667,-30.87,2.314,-29.9,0,4.2,-32.80333,3.57667,-30.87,2.314,-1.93333
Moslemi,Sanguez,NWT,Northern pike,15815,2019,9,25,2019-09-25,61.254031,120.492239,17.312568,high_doc,567,-33.21137431,12.37754876,3.339425769,-32.80333,3.57667,-30.87,2.314,-32.5,0.84,4.6,-32.80333,3.57667,-30.87,2.314,-1.93333
Moslemi,Sanguez,NWT,Northern pike,15412,2018,5,31,2018-05-31,61.254031,120.492239,17.312568,high_doc,564,-31.3682041,10.86145894,3.232778964,-32.80333,3.57667,-30.87,2.314,-30.9,0.02,4.1,-32.80333,3.57667,-30.87,2.314,-1.93333
Moslemi,Sanguez,NWT,Northern pike,15762,2019,9,22,2019-09-22,61.254031,120.492239,17.312568,high_doc,562,-32.73488329,11.79357281,3.329419781,-32.80333,3.57667,-30.87,2.314,-32,0.58,4.4,-32.80333,3.57667,-30.87,2.314,-1.93333
Moslemi,Sanguez,NWT,Northern pike,15229,2018,5,21,2018-05-21,61.254031,120.492239,17.312568,high_doc,562,-33.00684682,11.44274199,3.163139686,-32.80333,3.57667,-30.87,2.314,-32.6,0.89,4.3,-32.80333,3.57667,-30.87,2.314,-1.93333
Moslemi,Sanguez,NWT,Northern pike,15213,2018,5,20,2018-05-20,61.254031,120.492239,17.312568,high_doc,556,-31.99868615,11.45286111,3.18793151,-32.80333,3.57667,-30.87,2.314,-31.6,0.38,4.3,-32.80333,3.57667,-30.87,2.314,-1.93333
Moslemi,Sanguez,NWT,Northern pike,15186,2018,5,19,2018-05-19,61.254031,120.492239,17.312568,high_doc,554,-33.10067728,11.57453258,3.22722931,-32.80333,3.57667,-30.87,2.314,-32.6,0.89,4.4,-32.80333,3.57667,-30.87,2.314,-1.93333
Moslemi,Sanguez,NWT,Northern pike,15384,2018,5,29,2018-05-29,61.254031,120.492239,17.312568,high_doc,547,-29.48700206,9.6001652,3.302660367,-32.80333,3.57667,-30.87,2.314,-28.8,0,3.8,-32.80333,3.57667,-30.87,2.314,-1.93333
Moslemi,Sanguez,NWT,Northern pike,15814,2019,9,25,2019-09-25,61.254031,120.492239,17.312568,high_doc,547,-32.63365745,12.55498845,3.296377368,-32.80333,3.57667,-30.87,2.314,-32,0.58,4.6,-32.80333,3.57667,-30.87,2.314,-1.93333
Moslemi,Sanguez,NWT,Northern pike,15185,2018,5,19,2018-05-19,61.254031,120.492239,17.312568,high_doc,547,-33.03283484,10.82153784,3.116226471,-32.80333,3.57667,-30.87,2.314,-32.8,1,4.1,-32.80333,3.57667,-30.87,2.314,-1.93333
Moslemi,Sanguez,NWT,Northern pike,15408,2018,5,31,2018-05-31,61.254031,120.492239,17.312568,high_doc,544,-31.58484566,10.06746238,3.290837226,-32.80333,3.57667,-30.87,2.314,-31,0.07,3.9,-32.80333,3.57667,-30.87,2.314,-1.93333
Moslemi,Sanguez,NWT,Northern pike,15806,2019,9,25,2019-09-25,61.254031,120.492239,17.312568,high_doc,543,-32.77184152,12.3739673,3.382331807,-32.80333,3.57667,-30.87,2.314,-32,0.58,4.6,-32.80333,3.57667,-30.87,2.314,-1.93333
Moslemi,Sanguez,NWT,Northern pike,15225,2018,5,20,2018-05-20,61.254031,120.492239,17.312568,high_doc,535,-31.53851024,10.15322759,3.170918205,-32.80333,3.57667,-30.87,2.314,-31.2,0.17,3.9,-32.80333,3.57667,-30.87,2.314,-1.93333
Moslemi,Sanguez,NWT,Northern pike,15411,2018,5,31,2018-05-31,61.254031,120.492239,17.312568,high_doc,531,-32.45859459,11.83752647,3.268338131,-32.80333,3.57667,-30.87,2.314,-31.9,0.53,4.4,-32.80333,3.57667,-30.87,2.314,-1.93333
Moslemi,Sanguez,NWT,Northern pike,15794,2019,9,24,2019-09-24,61.254031,120.492239,17.312568,high_doc,528,-32.05973563,11.63757242,3.119834499,-32.80333,3.57667,-30.87,2.314,-31.8,0.48,4.4,-32.80333,3.57667,-30.87,2.314,-1.93333
Moslemi,Sanguez,NWT,Northern pike,15813,2019,9,25,2019-09-25,61.254031,120.492239,17.312568,high_doc,527,-32.81355929,12.1777447,3.331829419,-32.80333,3.57667,-30.87,2.314,-32.1,0.64,4.5,-32.80333,3.57667,-30.87,2.314,-1.93333
Moslemi,Sanguez,NWT,Northern pike,15752,2019,9,21,2019-09-21,61.254031,120.492239,17.312568,high_doc,524,-30.72030852,10.40088347,3.387489978,-32.80333,3.57667,-30.87,2.314,-29.9,0,4,-32.80333,3.57667,-30.87,2.314,-1.93333
Moslemi,Sanguez,NWT,Northern pike,15410,2018,5,31,2018-05-31,61.254031,120.492239,17.312568,high_doc,501,-32.56105578,12.60014477,3.337319276,-32.80333,3.57667,-30.87,2.314,-31.8,0.48,4.7,-32.80333,3.57667,-30.87,2.314,-1.93333
Moslemi,Sanguez,NWT,Northern pike,10688,2016,9,8,2016-09-08,61.254031,120.492239,17.312568,high_doc,495,-31.10320741,10.73671144,3.193106428,-32.80333,3.57667,-30.87,2.314,-30.7,0,4.1,-32.80333,3.57667,-30.87,2.314,-1.93333
Moslemi,Sanguez,NWT,Northern pike,10667,2016,9,7,2016-09-07,61.254031,120.492239,17.312568,high_doc,487,-32.43824555,11.09391771,3.209222843,-32.80333,3.57667,-30.87,2.314,-32,0.58,4.2,-32.80333,3.57667,-30.87,2.314,-1.93333
Moslemi,Sanguez,NWT,Northern pike,10704,2016,9,8,2016-09-08,61.254031,120.492239,17.312568,high_doc,482,-31.55784344,10.71637508,3.191602027,-32.80333,3.57667,-30.87,2.314,-31.1,0.12,4.1,-32.80333,3.57667,-30.87,2.314,-1.93333
Moslemi,Sanguez,NWT,Northern pike,10721,2016,9,9,2016-09-09,61.254031,120.492239,17.312568,high_doc,481,-32.08707597,11.74155875,3.2182087,-32.80333,3.57667,-30.87,2.314,-31.6,0.38,4.4,-32.80333,3.57667,-30.87,2.314,-1.93333
Moslemi,Sanguez,NWT,Northern pike,15142,2018,5,18,2018-05-18,61.254031,120.492239,17.312568,high_doc,476,-32.06433791,9.952673805,3.136740146,-32.80333,3.57667,-30.87,2.314,-31.8,0.48,3.9,-32.80333,3.57667,-30.87,2.314,-1.93333
Moslemi,Sanguez,NWT,Northern pike,10092,2013,8,25,2013-08-25,61.254031,120.492239,17.312568,high_doc,475,-31.9955571,11.69017147,3.263743909,-32.80333,3.57667,-30.87,2.314,-31.4,0.27,4.4,-32.80333,3.57667,-30.87,2.314,-1.93333
Moslemi,Sanguez,NWT,Northern pike,15160,2018,5,18,2018-05-18,61.254031,120.492239,17.312568,high_doc,474,-30.7354725,9.977890024,3.159687197,-32.80333,3.57667,-30.87,2.314,-30.4,0,3.9,-32.80333,3.57667,-30.87,2.314,-1.93333
Moslemi,Sanguez,NWT,Northern pike,15409,2018,5,31,2018-05-31,61.254031,120.492239,17.312568,high_doc,471,-30.80520681,9.557093772,3.277563025,-32.80333,3.57667,-30.87,2.314,-30.2,0,3.8,-32.80333,3.57667,-30.87,2.314,-1.93333
Moslemi,Sanguez,NWT,Northern pike,15403,2018,5,31,2018-05-31,61.254031,120.492239,17.312568,high_doc,470,-32.62820673,11.75036837,3.290580768,-32.80333,3.57667,-30.87,2.314,-32,0.58,4.4,-32.80333,3.57667,-30.87,2.314,-1.93333
Moslemi,Sanguez,NWT,Northern pike,15407,2018,5,31,2018-05-31,61.254031,120.492239,17.312568,high_doc,470,-32.80478194,11.58965137,3.285939102,-32.80333,3.57667,-30.87,2.314,-32.2,0.69,4.4,-32.80333,3.57667,-30.87,2.314,-1.93333
Moslemi,Sanguez,NWT,Northern pike,15212,2018,5,20,2018-05-20,61.254031,120.492239,17.312568,high_doc,469,-31.13638718,10.11404153,3.217918899,-32.80333,3.57667,-30.87,2.314,-30.7,0,3.9,-32.80333,3.57667,-30.87,2.314,-1.93333
Moslemi,Sanguez,NWT,Northern pike,15149,2018,5,18,2018-05-18,61.254031,120.492239,17.312568,high_doc,468,-32.86037309,11.37834516,3.189846379,-32.80333,3.57667,-30.87,2.314,-32.4,0.79,4.3,-32.80333,3.57667,-30.87,2.314,-1.93333
Moslemi,Sanguez,NWT,Northern pike,15402,2018,5,31,2018-05-31,61.254031,120.492239,17.312568,high_doc,463,-31.91544913,11.11281944,3.33111598,-32.80333,3.57667,-30.87,2.314,-31.2,0.17,4.2,-32.80333,3.57667,-30.87,2.314,-1.93333
Moslemi,Sanguez,NWT,Northern pike,15159,2018,5,18,2018-05-18,61.254031,120.492239,17.312568,high_doc,454,-30.83781316,10.28350931,3.183320163,-32.80333,3.57667,-30.87,2.314,-30.4,0,4,-32.80333,3.57667,-30.87,2.314,-1.93333
Moslemi,Sanguez,NWT,Northern pike,10686,2016,9,8,2016-09-08,61.254031,120.492239,17.312568,high_doc,451,-32.16495485,10.98333753,3.181189089,-32.80333,3.57667,-30.87,2.314,-31.8,0.48,4.2,-32.80333,3.57667,-30.87,2.314,-1.93333
Moslemi,Sanguez,NWT,Northern pike,15405,2018,5,31,2018-05-31,61.254031,120.492239,17.312568,high_doc,450,-32.05516523,11.60368993,3.358258415,-32.80333,3.57667,-30.87,2.314,-31.3,0.22,4.4,-32.80333,3.57667,-30.87,2.314,-1.93333
Moslemi,Sanguez,NWT,Northern pike,15406,2018,5,31,2018-05-31,61.254031,120.492239,17.312568,high_doc,450,-32.21379495,11.81009884,3.35147132,-32.80333,3.57667,-30.87,2.314,-31.5,0.33,4.4,-32.80333,3.57667,-30.87,2.314,-1.93333
Moslemi,Sanguez,NWT,Northern pike,15404,2018,5,31,2018-05-31,61.254031,120.492239,17.312568,high_doc,449,-31.60137289,10.53305889,3.250101526,-32.80333,3.57667,-30.87,2.314,-31.1,0.12,4,-32.80333,3.57667,-30.87,2.314,-1.93333
Moslemi,Sanguez,NWT,Northern pike,10670,2016,9,7,2016-09-07,61.254031,120.492239,17.312568,high_doc,434,-31.01827246,10.88913876,3.172130713,-32.80333,3.57667,-30.87,2.314,-30.6,0,4.2,-32.80333,3.57667,-30.87,2.314,-1.93333
Moslemi,Sanguez,NWT,Northern pike,10720,2016,9,9,2016-09-09,61.254031,120.492239,17.312568,high_doc,430,-32.36675124,9.816169019,3.167589371,-32.80333,3.57667,-30.87,2.314,-32,0.58,3.8,-32.80333,3.57667,-30.87,2.314,-1.93333
Moslemi,Sanguez,NWT,Northern pike,15157,2018,5,18,2018-05-18,61.254031,120.492239,17.312568,high_doc,428,-31.86751211,10.79309399,3.215123652,-32.80333,3.57667,-30.87,2.314,-31.4,0.27,4.1,-32.80333,3.57667,-30.87,2.314,-1.93333
Moslemi,Sanguez,NWT,Northern pike,15211,2018,5,20,2018-05-20,61.254031,120.492239,17.312568,high_doc,426,-32.72040564,11.74944823,3.214605554,-32.80333,3.57667,-30.87,2.314,-32.2,0.69,4.4,-32.80333,3.57667,-30.87,2.314,-1.93333
Moslemi,Sanguez,NWT,Northern pike,10687,2016,9,8,2016-09-08,61.254031,120.492239,17.312568,high_doc,421,-32.05055044,10.60551025,3.212118465,-32.80333,3.57667,-30.87,2.314,-31.6,0.38,4.1,-32.80333,3.57667,-30.87,2.314,-1.93333
Moslemi,Sanguez,NWT,Northern pike,15184,2018,5,19,2018-05-19,61.254031,120.492239,17.312568,high_doc,417,-32.61231007,11.58699567,3.19660377,-32.80333,3.57667,-30.87,2.314,-32.2,0.69,4.4,-32.80333,3.57667,-30.87,2.314,-1.93333
Moslemi,Sanguez,NWT,Northern pike,10703,2016,9,8,2016-09-08,61.254031,120.492239,17.312568,high_doc,415,-31.55636013,10.61284747,3.165080912,-32.80333,3.57667,-30.87,2.314,-31.2,0.17,4.1,-32.80333,3.57667,-30.87,2.314,-1.93333
Moslemi,Sanguez,NWT,Northern pike,15158,2018,5,18,2018-05-18,61.254031,120.492239,17.312568,high_doc,414,-30.85366081,10.25910067,3.223130361,-32.80333,3.57667,-30.87,2.314,-30.4,0,4,-32.80333,3.57667,-30.87,2.314,-1.93333
Moslemi,Sanguez,NWT,Northern pike,15401,2018,5,31,2018-05-31,61.254031,120.492239,17.312568,high_doc,411,-32.6043038,11.80656858,3.340792399,-32.80333,3.57667,-30.87,2.314,-31.9,0.53,4.4,-32.80333,3.57667,-30.87,2.314,-1.93333
Moslemi,Sanguez,NWT,Northern pike,15183,2018,5,19,2018-05-19,61.254031,120.492239,17.312568,high_doc,410,-32.5001635,11.27719382,3.251881793,-32.80333,3.57667,-30.87,2.314,-31.9,0.53,4.3,-32.80333,3.57667,-30.87,2.314,-1.93333
Moslemi,Sanguez,NWT,Northern pike,15224,2018,5,20,2018-05-20,61.254031,120.492239,17.312568,high_doc,406,-32.59037323,10.98570507,3.100921282,-32.80333,3.57667,-30.87,2.314,-32.4,0.79,4.2,-32.80333,3.57667,-30.87,2.314,-1.93333
Moslemi,Sanguez,NWT,Northern pike,10669,2016,9,7,2016-09-07,61.254031,120.492239,17.312568,high_doc,395,-31.68200895,10.50718399,3.170802167,-32.80333,3.57667,-30.87,2.314,-31.3,0.22,4,-32.80333,3.57667,-30.87,2.314,-1.93333
Moslemi,Sanguez,NWT,Northern pike,10093,2013,8,25,2013-08-25,61.254031,120.492239,17.312568,high_doc,395,-32.45643313,11.32952738,3.365798001,-32.80333,3.57667,-30.87,2.314,-31.7,0.43,4.3,-32.80333,3.57667,-30.87,2.314,-1.93333
Moslemi,Sanguez,NWT,Northern pike,15141,2018,5,18,2018-05-18,61.254031,120.492239,17.312568,high_doc,394,-32.62355508,10.52842964,3.244444528,-32.80333,3.57667,-30.87,2.314,-32.1,0.64,4,-32.80333,3.57667,-30.87,2.314,-1.93333
Moslemi,Sanguez,NWT,Northern pike,10094,2013,8,25,2013-08-25,61.254031,120.492239,17.312568,high_doc,390,-32.7187821,12.4109272,3.28952435,-32.80333,3.57667,-30.87,2.314,-32.1,0.64,4.6,-32.80333,3.57667,-30.87,2.314,-1.93333
Moslemi,Sanguez,NWT,Northern pike,15155,2018,5,18,2018-05-18,61.254031,120.492239,17.312568,high_doc,385,-31.69179045,10.07807441,3.20017508,-32.80333,3.57667,-30.87,2.314,-31.2,0.17,3.9,-32.80333,3.57667,-30.87,2.314,-1.93333
Moslemi,Sanguez,NWT,Northern pike,10719,2016,9,9,2016-09-09,61.254031,120.492239,17.312568,high_doc,381,-31.76208747,9.913437088,3.189698145,-32.80333,3.57667,-30.87,2.314,-31.3,0.22,3.9,-32.80333,3.57667,-30.87,2.314,-1.93333
Moslemi,Sanguez,NWT,Northern pike,15156,2018,5,18,2018-05-18,61.254031,120.492239,17.312568,high_doc,375,-31.80482573,10.34792168,3.19133655,-32.80333,3.57667,-30.87,2.314,-31.4,0.27,4,-32.80333,3.57667,-30.87,2.314,-1.93333
Moslemi,Sanguez,NWT,Northern pike,10682,2016,9,8,2016-09-08,61.254031,120.492239,17.312568,high_doc,374,-31.26109444,9.677263798,3.186872187,-32.80333,3.57667,-30.87,2.314,-30.8,0,3.8,-32.80333,3.57667,-30.87,2.314,-1.93333
Moslemi,Sanguez,NWT,Northern pike,15192,2018,5,19,2018-05-19,61.254031,120.492239,17.312568,high_doc,373,-32.10076292,11.61382626,3.216145191,-32.80333,3.57667,-30.87,2.314,-31.6,0.38,4.4,-32.80333,3.57667,-30.87,2.314,-1.93333
Moslemi,Sanguez,NWT,Northern pike,10668,2016,9,7,2016-09-07,61.254031,120.492239,17.312568,high_doc,371,-32.1306153,10.23949567,3.165372639,-32.80333,3.57667,-30.87,2.314,-31.8,0.48,4,-32.80333,3.57667,-30.87,2.314,-1.93333
Moslemi,Sanguez,NWT,Northern pike,15206,2018,5,20,2018-05-20,61.254031,120.492239,17.312568,high_doc,364,-32.22822721,10.84775717,3.234189029,-32.80333,3.57667,-30.87,2.314,-31.7,0.43,4.1,-32.80333,3.57667,-30.87,2.314,-1.93333
Moslemi,Sanguez,NWT,Northern pike,15154,2018,5,18,2018-05-18,61.254031,120.492239,17.312568,high_doc,364,-32.75329208,11.75825696,3.259617214,-32.80333,3.57667,-30.87,2.314,-32.2,0.69,4.4,-32.80333,3.57667,-30.87,2.314,-1.93333
Moslemi,Sanguez,NWT,Northern pike,15140,2018,5,18,2018-05-18,61.254031,120.492239,17.312568,high_doc,348,-31.8217988,9.828502432,3.131776047,-32.80333,3.57667,-30.87,2.314,-31.5,0.33,3.8,-32.80333,3.57667,-30.87,2.314,-1.93333
Moslemi,Sanguez,NWT,Northern pike,15205,2018,5,20,2018-05-20,61.254031,120.492239,17.312568,high_doc,344,-33.01344022,11.02614337,3.248246626,-32.80333,3.57667,-30.87,2.314,-32.5,0.84,4.2,-32.80333,3.57667,-30.87,2.314,-1.93333
Moslemi,Sanguez,NWT,Northern pike,15204,2018,5,20,2018-05-20,61.254031,120.492239,17.312568,high_doc,343,-32.98735699,9.648384784,3.235032968,-32.80333,3.57667,-30.87,2.314,-32.5,0.84,3.8,-32.80333,3.57667,-30.87,2.314,-1.93333
Moslemi,Sanguez,NWT,Northern pike,15210,2018,5,20,2018-05-20,61.254031,120.492239,17.312568,high_doc,336,-32.4308248,11.47870789,3.240833258,-32.80333,3.57667,-30.87,2.314,-31.9,0.53,4.3,-32.80333,3.57667,-30.87,2.314,-1.93333
Moslemi,Sanguez,NWT,Northern pike,15203,2018,5,20,2018-05-20,61.254031,120.492239,17.312568,high_doc,335,-32.90187298,10.07113297,3.229171526,-32.80333,3.57667,-30.87,2.314,-32.4,0.79,3.9,-32.80333,3.57667,-30.87,2.314,-1.93333
Moslemi,Sanguez,NWT,Northern pike,10685,2016,9,8,2016-09-08,61.254031,120.492239,17.312568,high_doc,331,-32.20924459,10.24773596,3.19010295,-32.80333,3.57667,-30.87,2.314,-31.8,0.48,4,-32.80333,3.57667,-30.87,2.314,-1.93333
Moslemi,Sanguez,NWT,Northern pike,10666,2016,9,7,2016-09-07,61.254031,120.492239,17.312568,high_doc,330,-31.58347969,9.536867831,3.187601175,-32.80333,3.57667,-30.87,2.314,-31.2,0.17,3.8,-32.80333,3.57667,-30.87,2.314,-1.93333
Moslemi,Sanguez,NWT,Northern pike,10684,2016,9,8,2016-09-08,61.254031,120.492239,17.312568,high_doc,324,-31.93234705,10.46459494,3.182387478,-32.80333,3.57667,-30.87,2.314,-31.5,0.33,4,-32.80333,3.57667,-30.87,2.314,-1.93333
Moslemi,Sanguez,NWT,Northern pike,15182,2018,5,19,2018-05-19,61.254031,120.492239,17.312568,high_doc,315,-33.13775738,10.06919978,3.188814794,-32.80333,3.57667,-30.87,2.314,-32.7,0.95,3.9,-32.80333,3.57667,-30.87,2.314,-1.93333
Moslemi,Sanguez,NWT,Northern pike,15153,2018,5,18,2018-05-18,61.254031,120.492239,17.312568,high_doc,307,-32.51246315,10.43754562,3.239454948,-32.80333,3.57667,-30.87,2.314,-32,0.58,4,-32.80333,3.57667,-30.87,2.314,-1.93333
Moslemi,Sanguez,NWT,Northern pike,10717,2016,9,9,2016-09-09,61.254031,120.492239,17.312568,high_doc,306,-32.29304163,10.30461644,3.147317007,-32.80333,3.57667,-30.87,2.314,-32,0.58,4,-32.80333,3.57667,-30.87,2.314,-1.93333
Moslemi,Sanguez,NWT,Northern pike,10702,2016,9,8,2016-09-08,61.254031,120.492239,17.312568,high_doc,305,-30.80431318,9.696646194,3.223433505,-32.80333,3.57667,-30.87,2.314,-30.3,0,3.8,-32.80333,3.57667,-30.87,2.314,-1.93333
Moslemi,Sanguez,NWT,Northern pike,15139,2018,5,18,2018-05-18,61.254031,120.492239,17.312568,high_doc,301,-32.43607907,9.669890857,3.169466489,-32.80333,3.57667,-30.87,2.314,-32.1,0.64,3.8,-32.80333,3.57667,-30.87,2.314,-1.93333
Moslemi,Sanguez,NWT,Northern pike,15202,2018,5,20,2018-05-20,61.254031,120.492239,17.312568,high_doc,301,-33.04098718,10.9709736,3.243152686,-32.80333,3.57667,-30.87,2.314,-32.5,0.84,4.2,-32.80333,3.57667,-30.87,2.314,-1.93333
Moslemi,Sanguez,NWT,Northern pike,10718,2016,9,9,2016-09-09,61.254031,120.492239,17.312568,high_doc,299,-31.02686753,10.12494816,3.186926438,-32.80333,3.57667,-30.87,2.314,-30.6,0,3.9,-32.80333,3.57667,-30.87,2.314,-1.93333
Moslemi,Sanguez,NWT,Northern pike,15201,2018,5,20,2018-05-20,61.254031,120.492239,17.312568,high_doc,294,-32.91002508,9.717509317,3.23455456,-32.80333,3.57667,-30.87,2.314,-32.4,0.79,3.8,-32.80333,3.57667,-30.87,2.314,-1.93333
Moslemi,Sanguez,NWT,Northern pike,15191,2018,5,19,2018-05-19,61.254031,120.492239,17.312568,high_doc,288,-33.49856192,9.799246355,3.249928596,-32.80333,3.57667,-30.87,2.314,-33,1,3.8,-32.80333,3.57667,-30.87,2.314,-1.93333
Moslemi,Sanguez,NWT,Northern pike,10683,2016,9,8,2016-09-08,61.254031,120.492239,17.312568,high_doc,275,-31.62162493,9.539363875,3.25210574,-32.80333,3.57667,-30.87,2.314,-31.1,0.12,3.8,-32.80333,3.57667,-30.87,2.314,-1.93333
Moslemi,Sanguez,NWT,Northern pike,15188,2018,5,19,2018-05-19,61.254031,120.492239,17.312568,high_doc,271,-32.80137179,9.974274586,3.224644417,-32.80333,3.57667,-30.87,2.314,-32.3,0.74,3.9,-32.80333,3.57667,-30.87,2.314,-1.93333
Moslemi,Sanguez,NWT,Northern pike,15190,2018,5,19,2018-05-19,61.254031,120.492239,17.312568,high_doc,269,-32.94758595,8.858396924,3.224028935,-32.80333,3.57667,-30.87,2.314,-32.5,0.84,3.6,-32.80333,3.57667,-30.87,2.314,-1.93333
Moslemi,Sanguez,NWT,Northern pike,15181,2018,5,19,2018-05-19,61.254031,120.492239,17.312568,high_doc,258,-33.04354989,9.378977582,3.193078536,-32.80333,3.57667,-30.87,2.314,-32.6,0.89,3.7,-32.80333,3.57667,-30.87,2.314,-1.93333
Moslemi,Sanguez,NWT,Northern pike,15148,2018,5,18,2018-05-18,61.254031,120.492239,17.312568,high_doc,254,-33.15969083,11.52187137,3.212100669,-32.80333,3.57667,-30.87,2.314,-32.7,0.95,4.3,-32.80333,3.57667,-30.87,2.314,-1.93333
Moslemi,Sanguez,NWT,Northern pike,10716,2016,9,9,2016-09-09,61.254031,120.492239,17.312568,high_doc,240,-31.9954279,10.29316954,3.168766075,-32.80333,3.57667,-30.87,2.314,-31.6,0.38,4,-32.80333,3.57667,-30.87,2.314,-1.93333
Moslemi,Sanguez,NWT,Northern pike,15209,2018,5,20,2018-05-20,61.254031,120.492239,17.312568,high_doc,230,-31.35246141,9.824354004,3.152149971,-32.80333,3.57667,-30.87,2.314,-31,0.07,3.8,-32.80333,3.57667,-30.87,2.314,-1.93333
Moslemi,Gargan,NWT,Northern pike,10268,2014,8,29,2014-08-29,61.249,120.382092,21.3,high_doc,841,-30.46,12.57,2.967658287,-33.51,3.61,-28.11,3.253,-30.5,0.44,4.6,-33.51,3.61,-28.11,3.253,-5.4
Moslemi,Gargan,NWT,Northern pike,10267,2014,8,29,2014-08-29,61.249,120.382092,21.3,high_doc,800,-29.13040723,11.47973474,3.042151547,-33.51,3.61,-28.11,3.253,-29,0.16,4.3,-33.51,3.61,-28.11,3.253,-5.4
Moslemi,Gargan,NWT,Northern pike,10269,2014,8,29,2014-08-29,61.249,120.382092,21.3,high_doc,590,-30.61,12.02,2.926629401,-33.51,3.61,-28.11,3.253,-30.8,0.5,4.5,-33.51,3.61,-28.11,3.253,-5.4
Moslemi,Gargan,NWT,Northern pike,10271,2014,8,29,2014-08-29,61.249,120.382092,21.3,high_doc,505,-30.93,11.13,2.887970849,-33.51,3.61,-28.11,3.253,-31.2,0.57,4.2,-33.51,3.61,-28.11,3.253,-5.4
Moslemi,Gargan,NWT,Northern pike,10270,2014,8,29,2014-08-29,61.249,120.382092,21.3,high_doc,455,-31.02,11.25,2.947182177,-33.51,3.61,-28.11,3.253,-31.2,0.57,4.2,-33.51,3.61,-28.11,3.253,-5.4
Moslemi,Gargan,NWT,Northern pike,10272,2014,8,29,2014-08-29,61.249,120.382092,21.3,high_doc,440,-31.34,11.18,2.940844061,-33.51,3.61,-28.11,3.253,-31.5,0.63,4.2,-33.51,3.61,-28.11,3.253,-5.4
Moslemi,Gargan,NWT,Northern pike,10273,2014,8,29,2014-08-29,61.249,120.382092,21.3,high_doc,432,-31.64,11.47,2.984386587,-33.51,3.61,-28.11,3.253,-31.7,0.66,4.3,-33.51,3.61,-28.11,3.253,-5.4
Moslemi,Gargan,NWT,Northern pike,10276,2014,8,29,2014-08-29,61.249,120.382092,21.3,high_doc,405,-32.09,10.67,3.265595675,-33.51,3.61,-28.11,3.253,-31.5,0.63,4.1,-33.51,3.61,-28.11,3.253,-5.4
Moslemi,Gargan,NWT,Northern pike,10275,2014,8,29,2014-08-29,61.249,120.382092,21.3,high_doc,385,-30.31,10.19,2.977880388,-33.51,3.61,-28.11,3.253,-30.4,0.42,3.9,-33.51,3.61,-28.11,3.253,-5.4
Moslemi,Gargan,NWT,Northern pike,10274,2014,8,29,2014-08-29,61.249,120.382092,21.3,high_doc,375,-30.73,10.43,2.922672781,-33.51,3.61,-28.11,3.253,-30.9,0.52,4,-33.51,3.61,-28.11,3.253,-5.4
Moslemi,Gargan,NWT,Northern pike,10277,2014,8,29,2014-08-29,61.249,120.382092,21.3,high_doc,353,-31.79840047,10.42078544,3.267451187,-33.51,3.61,-28.11,3.253,-31.2,0.57,4,-33.51,3.61,-28.11,3.253,-5.4
Moslemi,Gargan,NWT,Northern pike,10278,2014,8,29,2014-08-29,61.249,120.382092,21.3,high_doc,149,-31.49,11.55,3.292961419,-33.51,3.61,-28.11,3.253,-30.9,0.52,4.3,-33.51,3.61,-28.11,3.253,-5.4
Moslemi,Kakisa,NWT,Northern pike,10793,2017,8,9,2017-08-09,60.923308,117.665583,12.929815,high_doc,885,-27.1059406,12.6146251,3.185772223,-29.3,3.91,-23.223,2.689,-26.7,0.57,4.6,-29.3,3.91,-23.223,2.689,-6.077
Moslemi,Kakisa,NWT,Northern pike,15138,2018,3,13,2018-03-13,60.923308,117.665583,12.929815,high_doc,869,-27.69642987,11.99200206,3.224460393,-29.3,3.91,-23.223,2.689,-27.2,0.65,4.4,-29.3,3.91,-23.223,2.689,-6.077
Moslemi,Kakisa,NWT,Northern pike,15137,2018,3,13,2018-03-13,60.923308,117.665583,12.929815,high_doc,805,-27.70243551,12.29436146,3.206129126,-29.3,3.91,-23.223,2.689,-27.2,0.65,4.5,-29.3,3.91,-23.223,2.689,-6.077
Moslemi,Kakisa,NWT,Northern pike,10792,2017,8,9,2017-08-09,60.923308,117.665583,12.929815,high_doc,755,-27.55064392,13.40866056,3.183446102,-29.3,3.91,-23.223,2.689,-27.1,0.64,4.8,-29.3,3.91,-23.223,2.689,-6.077
Moslemi,Kakisa,NWT,Northern pike,10466,2015,9,2,2015-09-02,60.923308,117.665583,12.929815,high_doc,728,-27.9,12.62,3.246984088,-29.3,3.91,-23.223,2.689,-27.4,0.69,4.6,-29.3,3.91,-23.223,2.689,-6.077
Moslemi,Kakisa,NWT,Northern pike,10486,2015,9,3,2015-09-03,60.923308,117.665583,12.929815,high_doc,706,-27.56,11.49,3.210854585,-29.3,3.91,-23.223,2.689,-27.1,0.64,4.2,-29.3,3.91,-23.223,2.689,-6.077
Moslemi,Kakisa,NWT,Northern pike,10523,2015,9,4,2015-09-04,60.923308,117.665583,12.929815,high_doc,689,-28.14,13.01,3.181189479,-29.3,3.91,-23.223,2.689,-27.7,0.74,4.7,-29.3,3.91,-23.223,2.689,-6.077
Moslemi,Kakisa,NWT,Northern pike,15087,2018,3,11,2018-03-11,60.923308,117.665583,12.929815,high_doc,655,-27.72009315,11.41384825,3.381199948,-29.3,3.91,-23.223,2.689,-26.9,0.61,4.2,-29.3,3.91,-23.223,2.689,-6.077
Moslemi,Kakisa,NWT,Northern pike,15126,2018,3,12,2018-03-12,60.923308,117.665583,12.929815,high_doc,634,-28.46890204,11.72742858,3.098653311,-29.3,3.91,-23.223,2.689,-28.2,0.82,4.3,-29.3,3.91,-23.223,2.689,-6.077
Moslemi,Kakisa,NWT,Northern pike,15129,2018,3,13,2018-03-13,60.923308,117.665583,12.929815,high_doc,632,-28.60059652,11.55561094,3.142880235,-29.3,3.91,-23.223,2.689,-28.3,0.84,4.2,-29.3,3.91,-23.223,2.689,-6.077
Moslemi,Kakisa,NWT,Northern pike,10522,2015,9,4,2015-09-04,60.923308,117.665583,12.929815,high_doc,625,-28.41,12.68,3.166776165,-29.3,3.91,-23.223,2.689,-28,0.79,4.6,-29.3,3.91,-23.223,2.689,-6.077
Moslemi,Kakisa,NWT,Northern pike,15123,2018,3,12,2018-03-12,60.923308,117.665583,12.929815,high_doc,600,-28.35223107,12.16027641,3.2212232689999998,-29.3,3.91,-23.223,2.689,-27.9,0.77,4.4,-29.3,3.91,-23.223,2.689,-6.077
Moslemi,Kakisa,NWT,Northern pike,15134,2018,3,13,2018-03-13,60.923308,117.665583,12.929815,high_doc,600,-28.87106252,12.05636326,3.093927019,-29.3,3.91,-23.223,2.689,-28.7,0.9,4.4,-29.3,3.91,-23.223,2.689,-6.077
Moslemi,Kakisa,NWT,Northern pike,15136,2018,3,13,2018-03-13,60.923308,117.665583,12.929815,high_doc,599,-28.47469256,12.35051383,3.061853588,-29.3,3.91,-23.223,2.689,-28.3,0.84,4.5,-29.3,3.91,-23.223,2.689,-6.077
Moslemi,Kakisa,NWT,Northern pike,15124,2018,3,12,2018-03-12,60.923308,117.665583,12.929815,high_doc,594,-27.62695745,9.803751515,3.117836683,-29.3,3.91,-23.223,2.689,-27.4,0.69,3.7,-29.3,3.91,-23.223,2.689,-6.077
Moslemi,Kakisa,NWT,Northern pike,10796,2017,8,9,2017-08-09,60.923308,117.665583,12.929815,high_doc,570,-27.93827174,11.54941194,3.161615723,-29.3,3.91,-23.223,2.689,-27.6,0.72,4.2,-29.3,3.91,-23.223,2.689,-6.077
Moslemi,Kakisa,NWT,Northern pike,10468,2015,9,2,2015-09-02,60.923308,117.665583,12.929815,high_doc,564,-28.42,10.82,3.31381904,-29.3,3.91,-23.223,2.689,-27.7,0.74,4,-29.3,3.91,-23.223,2.689,-6.077
Moslemi,Kakisa,NWT,Northern pike,15085,2018,3,11,2018-03-11,60.923308,117.665583,12.929815,high_doc,560,-28.50330468,11.78851204,3.326054842,-29.3,3.91,-23.223,2.689,-27.8,0.75,4.3,-29.3,3.91,-23.223,2.689,-6.077
Moslemi,Kakisa,NWT,Northern pike,15125,2018,3,12,2018-03-12,60.923308,117.665583,12.929815,high_doc,555,-27.75909282,11.20423768,3.209753423,-29.3,3.91,-23.223,2.689,-27.3,0.67,4.1,-29.3,3.91,-23.223,2.689,-6.077
Moslemi,Kakisa,NWT,Northern pike,10521,2015,9,4,2015-09-04,60.923308,117.665583,12.929815,high_doc,554,-28.23,10.86,3.179202141,-29.3,3.91,-23.223,2.689,-27.8,0.75,4,-29.3,3.91,-23.223,2.689,-6.077
Moslemi,Kakisa,NWT,Northern pike,10465,2015,9,2,2015-09-02,60.923308,117.665583,12.929815,high_doc,552,-26.34,10.47,3.334228294,-29.3,3.91,-23.223,2.689,-25.6,0.39,3.9,-29.3,3.91,-23.223,2.689,-6.077
Moslemi,Kakisa,NWT,Northern pike,10836,2017,8,9,2017-08-09,60.923308,117.665583,12.929815,high_doc,550,-27.88494276,10.80346576,3.158322431,-29.3,3.91,-23.223,2.689,-27.5,0.7,4,-29.3,3.91,-23.223,2.689,-6.077
Moslemi,Kakisa,NWT,Northern pike,10801,2017,8,9,2017-08-09,60.923308,117.665583,12.929815,high_doc,545,-28.38553926,11.38642185,3.189786535,-29.3,3.91,-23.223,2.689,-28,0.79,4.2,-29.3,3.91,-23.223,2.689,-6.077
Moslemi,Kakisa,NWT,Northern pike,15133,2018,3,13,2018-03-13,60.923308,117.665583,12.929815,high_doc,545,-28.97196198,11.76060716,3.118366579,-29.3,3.91,-23.223,2.689,-28.7,0.9,4.3,-29.3,3.91,-23.223,2.689,-6.077
Moslemi,Kakisa,NWT,Northern pike,10797,2017,8,9,2017-08-09,60.923308,117.665583,12.929815,high_doc,540,-28.12815348,11.97917282,3.167517911,-29.3,3.91,-23.223,2.689,-27.8,0.75,4.4,-29.3,3.91,-23.223,2.689,-6.077
Moslemi,Kakisa,NWT,Northern pike,15135,2018,3,13,2018-03-13,60.923308,117.665583,12.929815,high_doc,540,-28.8174045,11.4022454,3.131711071,-29.3,3.91,-23.223,2.689,-28.5,0.87,4.2,-29.3,3.91,-23.223,2.689,-6.077
Moslemi,Kakisa,NWT,Northern pike,10799,2017,8,9,2017-08-09,60.923308,117.665583,12.929815,high_doc,535,-28.16229494,11.95342371,3.169394107,-29.3,3.91,-23.223,2.689,-27.8,0.75,4.4,-29.3,3.91,-23.223,2.689,-6.077
Moslemi,Kakisa,NWT,Northern pike,15127,2018,3,12,2018-03-12,60.923308,117.665583,12.929815,high_doc,535,-28.60301007,11.67912575,3.179254106,-29.3,3.91,-23.223,2.689,-28.2,0.82,4.3,-29.3,3.91,-23.223,2.689,-6.077
Moslemi,Kakisa,NWT,Northern pike,15130,2018,3,13,2018-03-13,60.923308,117.665583,12.929815,high_doc,530,-28.23257084,9.884832344,3.149933348,-29.3,3.91,-23.223,2.689,-27.9,0.77,3.8,-29.3,3.91,-23.223,2.689,-6.077
Moslemi,Kakisa,NWT,Northern pike,10495,2015,9,3,2015-09-03,60.923308,117.665583,12.929815,high_doc,526,-28.06,10.7,3.287681037,-29.3,3.91,-23.223,2.689,-27.4,0.69,4,-29.3,3.91,-23.223,2.689,-6.077
Moslemi,Kakisa,NWT,Northern pike,10834,2017,8,9,2017-08-09,60.923308,117.665583,12.929815,high_doc,522,-28.17228377,11.73867872,3.163536148,-29.3,3.91,-23.223,2.689,-27.8,0.75,4.3,-29.3,3.91,-23.223,2.689,-6.077
Moslemi,Kakisa,NWT,Northern pike,10451,2015,9,1,2015-09-01,60.923308,117.665583,12.929815,high_doc,519,-28.15,10.44,3.33793114,-29.3,3.91,-23.223,2.689,-27.4,0.69,3.9,-29.3,3.91,-23.223,2.689,-6.077
Moslemi,Kakisa,NWT,Northern pike,15086,2018,3,11,2018-03-11,60.923308,117.665583,12.929815,high_doc,516,-28.42088738,10.97389916,3.277315015,-29.3,3.91,-23.223,2.689,-27.8,0.75,4.1,-29.3,3.91,-23.223,2.689,-6.077
Moslemi,Kakisa,NWT,Northern pike,10794,2017,8,9,2017-08-09,60.923308,117.665583,12.929815,high_doc,515,-28.17537213,11.56355464,3.145705223,-29.3,3.91,-23.223,2.689,-27.8,0.75,4.3,-29.3,3.91,-23.223,2.689,-6.077
Moslemi,Kakisa,NWT,Northern pike,10474,2015,9,2,2015-09-02,60.923308,117.665583,12.929815,high_doc,513,-28.04,10.96,3.264670538,-29.3,3.91,-23.223,2.689,-27.5,0.7,4.1,-29.3,3.91,-23.223,2.689,-6.077
Moslemi,Kakisa,NWT,Northern pike,10838,2017,8,9,2017-08-09,60.923308,117.665583,12.929815,high_doc,512,-28.6031438,12.16072453,3.178727922,-29.3,3.91,-23.223,2.689,-28.2,0.82,4.4,-29.3,3.91,-23.223,2.689,-6.077
Moslemi,Kakisa,NWT,Northern pike,10449,2015,9,1,2015-09-01,60.923308,117.665583,12.929815,high_doc,506,-28.05,11.2,3.297188735,-29.3,3.91,-23.223,2.689,-27.4,0.69,4.1,-29.3,3.91,-23.223,2.689,-6.077
Moslemi,Kakisa,NWT,Northern pike,10841,2017,8,9,2017-08-09,60.923308,117.665583,12.929815,high_doc,503,-28.79297286,12.77760076,3.16663422,-29.3,3.91,-23.223,2.689,-28.4,0.85,4.6,-29.3,3.91,-23.223,2.689,-6.077
Moslemi,Kakisa,NWT,Northern pike,10802,2017,8,9,2017-08-09,60.923308,117.665583,12.929815,high_doc,495,-27.8803996,11.67807161,3.182603227,-29.3,3.91,-23.223,2.689,-27.5,0.7,4.3,-29.3,3.91,-23.223,2.689,-6.077
Moslemi,Kakisa,NWT,Northern pike,10450,2015,9,1,2015-09-01,60.923308,117.665583,12.929815,high_doc,490,-28.12,10.8,3.281641048,-29.3,3.91,-23.223,2.689,-27.5,0.7,4,-29.3,3.91,-23.223,2.689,-6.077
Moslemi,Kakisa,NWT,Northern pike,10800,2017,8,9,2017-08-09,60.923308,117.665583,12.929815,high_doc,490,-28.82176068,11.79224355,3.20814736,-29.3,3.91,-23.223,2.689,-28.4,0.85,4.3,-29.3,3.91,-23.223,2.689,-6.077
Moslemi,Kakisa,NWT,Northern pike,10475,2015,9,2,2015-09-02,60.923308,117.665583,12.929815,high_doc,486,-28.26,11.08,3.305173523,-29.3,3.91,-23.223,2.689,-27.6,0.72,4.1,-29.3,3.91,-23.223,2.689,-6.077
Moslemi,Kakisa,NWT,Northern pike,10835,2017,8,9,2017-08-09,60.923308,117.665583,12.929815,high_doc,475,-27.60388541,10.95474586,3.198502745,-29.3,3.91,-23.223,2.689,-27.2,0.65,4.1,-29.3,3.91,-23.223,2.689,-6.077
Moslemi,Kakisa,NWT,Northern pike,10847,2017,8,9,2017-08-09,60.923308,117.665583,12.929815,high_doc,470,-28.53598012,11.91451839,3.155999874,-29.3,3.91,-23.223,2.689,-28.2,0.82,4.4,-29.3,3.91,-23.223,2.689,-6.077
Moslemi,Kakisa,NWT,Northern pike,10447,2015,9,1,2015-09-01,60.923308,117.665583,12.929815,high_doc,452,-28.17,11.84,3.307743951,-29.3,3.91,-23.223,2.689,-27.5,0.7,4.3,-29.3,3.91,-23.223,2.689,-6.077
Moslemi,Kakisa,NWT,Northern pike,10846,2017,8,9,2017-08-09,60.923308,117.665583,12.929815,high_doc,445,-27.90479142,11.51631017,3.204638516,-29.3,3.91,-23.223,2.689,-27.5,0.7,4.2,-29.3,3.91,-23.223,2.689,-6.077
Moslemi,Kakisa,NWT,Northern pike,10844,2017,8,9,2017-08-09,60.923308,117.665583,12.929815,high_doc,440,-29.50724702,10.84184951,3.198963907,-29.3,3.91,-23.223,2.689,-29.1,0.97,4,-29.3,3.91,-23.223,2.689,-6.077
Moslemi,Kakisa,NWT,Northern pike,10798,2017,8,9,2017-08-09,60.923308,117.665583,12.929815,high_doc,435,-27.99678268,11.46704735,3.179043248,-29.3,3.91,-23.223,2.689,-27.6,0.72,4.2,-29.3,3.91,-23.223,2.689,-6.077
Moslemi,Kakisa,NWT,Northern pike,10803,2017,8,9,2017-08-09,60.923308,117.665583,12.929815,high_doc,430,-28.004249,11.4364885,3.186719254,-29.3,3.91,-23.223,2.689,-27.6,0.72,4.2,-29.3,3.91,-23.223,2.689,-6.077
Moslemi,Kakisa,NWT,Northern pike,10843,2017,8,9,2017-08-09,60.923308,117.665583,12.929815,high_doc,415,-28.64393396,11.53930675,3.199201044,-29.3,3.91,-23.223,2.689,-28.2,0.82,4.2,-29.3,3.91,-23.223,2.689,-6.077
Moslemi,Kakisa,NWT,Northern pike,10842,2017,8,9,2017-08-09,60.923308,117.665583,12.929815,high_doc,385,-29.22911365,10.83654806,3.180283896,-29.3,3.91,-23.223,2.689,-28.8,0.92,4,-29.3,3.91,-23.223,2.689,-6.077
Moslemi,Kakisa,NWT,Northern pike,10496,2015,9,4,2015-09-04,60.923308,117.665583,12.929815,high_doc,348,-28.68,9.3,3.237183886,-29.3,3.91,-23.223,2.689,-28.2,0.82,3.6,-29.3,3.91,-23.223,2.689,-6.077
Moslemi,Kakisa,NWT,Northern pike,10848,2017,8,9,2017-08-09,60.923308,117.665583,12.929815,high_doc,325,-29.04818212,10.83167033,3.246022266,-29.3,3.91,-23.223,2.689,-28.5,0.87,4,-29.3,3.91,-23.223,2.689,-6.077
Moslemi,Kakisa,NWT,Northern pike,10741,2017,8,8,2017-08-08,60.923308,117.665583,12.929815,high_doc,300,-28.6930775,10.69992823,3.211409537,-29.3,3.91,-23.223,2.689,-28.2,0.82,4,-29.3,3.91,-23.223,2.689,-6.077
Moslemi,Kakisa,NWT,Northern pike,10795,2017,8,9,2017-08-09,60.923308,117.665583,12.929815,high_doc,255,-28.49228126,11.3268541,3.139679015,-29.3,3.91,-23.223,2.689,-28.2,0.82,4.2,-29.3,3.91,-23.223,2.689,-6.077
Moslemi,Kakisa,NWT,Northern pike,10485,2015,9,3,2015-09-03,60.923308,117.665583,12.929815,high_doc,227,-28.82,9.19,3.229320835,-29.3,3.91,-23.223,2.689,-28.3,0.84,3.6,-29.3,3.91,-23.223,2.689,-6.077
Moslemi,Kakisa,NWT,Northern pike,10804,2017,8,9,2017-08-09,60.923308,117.665583,12.929815,high_doc,220,-29.41285669,9.976742267,3.167220566,-29.3,3.91,-23.223,2.689,-29,0.95,3.8,-29.3,3.91,-23.223,2.689,-6.077
Moslemi,Kakisa,NWT,Northern pike,10484,2015,9,3,2015-09-03,60.923308,117.665583,12.929815,high_doc,205,-29.31,9.5,3.270469851,-29.3,3.91,-23.223,2.689,-28.7,0.9,3.6,-29.3,3.91,-23.223,2.689,-6.077
Moslemi,Fish,NWT,Northern pike,15581,2019,8,24,2019-08-24,63.182378,122.543831,13.14,high_doc,972,-27.55732695,12.01094599,3.164899251,-32.74411458,3.566395639,-22.401,1.505,-27.2,0.46,4.5,-32.74411458,3.566395639,-22.401,1.505,-10.34311458
Moslemi,Fish,NWT,Northern pike,15627,2019,8,25,2019-08-25,63.182378,122.543831,13.14,high_doc,893,-27.98206172,11.41557382,3.070742831,-32.74411458,3.566395639,-22.401,1.505,-27.8,0.52,4.3,-32.74411458,3.566395639,-22.401,1.505,-10.34311458
Moslemi,Fish,NWT,Northern pike,15628,2019,8,25,2019-08-25,63.182378,122.543831,13.14,high_doc,810,-27.06342676,11.25518996,3.260737371,-32.74411458,3.566395639,-22.401,1.505,-26.5,0.4,4.3,-32.74411458,3.566395639,-22.401,1.505,-10.34311458
Moslemi,Fish,NWT,Northern pike,15626,2019,8,25,2019-08-25,63.182378,122.543831,13.14,high_doc,773,-27.7908469,11.28016784,3.30841226,-32.74411458,3.566395639,-22.401,1.505,-27.1,0.45,4.3,-32.74411458,3.566395639,-22.401,1.505,-10.34311458
Moslemi,Fish,NWT,Northern pike,15579,2019,8,24,2019-08-24,63.182378,122.543831,13.14,high_doc,759,-27.42380453,11.07620242,3.230299506,-32.74411458,3.566395639,-22.401,1.505,-26.9,0.43,4.2,-32.74411458,3.566395639,-22.401,1.505,-10.34311458
Moslemi,Fish,NWT,Northern pike,15596,2019,8,24,2019-08-24,63.182378,122.543831,13.14,high_doc,759,-28.19473569,11.50476225,3.225794669,-32.74411458,3.566395639,-22.401,1.505,-27.7,0.51,4.3,-32.74411458,3.566395639,-22.401,1.505,-10.34311458
Moslemi,Fish,NWT,Northern pike,15577,2019,8,24,2019-08-24,63.182378,122.543831,13.14,high_doc,720,-29.31850302,11.60656547,3.304756516,-32.74411458,3.566395639,-22.401,1.505,-28.7,0.61,4.4,-32.74411458,3.566395639,-22.401,1.505,-10.34311458
Moslemi,Fish,NWT,Northern pike,15733,2019,8,27,2019-08-27,63.182378,122.543831,13.14,high_doc,713,-28.23280562,10.39093738,3.231884198,-32.74411458,3.566395639,-22.401,1.505,-27.7,0.51,4,-32.74411458,3.566395639,-22.401,1.505,-10.34311458
Moslemi,Fish,NWT,Northern pike,15595,2019,8,24,2019-08-24,63.182378,122.543831,13.14,high_doc,690,-29.14291655,11.90481318,3.228088179,-32.74411458,3.566395639,-22.401,1.505,-28.6,0.6,4.5,-32.74411458,3.566395639,-22.401,1.505,-10.34311458
Moslemi,Fish,NWT,Northern pike,15739,2019,8,29,2019-08-29,63.182378,122.543831,13.14,high_doc,686,-27.86710168,10.77659872,3.067543314,-32.74411458,3.566395639,-22.401,1.505,-27.7,0.51,4.1,-32.74411458,3.566395639,-22.401,1.505,-10.34311458
Moslemi,Fish,NWT,Northern pike,15635,2019,8,26,2019-08-26,63.182378,122.543831,13.14,high_doc,683,-27.99784555,11.07526956,3.141232402,-32.74411458,3.566395639,-22.401,1.505,-27.7,0.51,4.2,-32.74411458,3.566395639,-22.401,1.505,-10.34311458
Moslemi,Fish,NWT,Northern pike,15738,2019,8,29,2019-08-29,63.182378,122.543831,13.14,high_doc,657,-27.75322829,10.86639806,3.174350378,-32.74411458,3.566395639,-22.401,1.505,-27.4,0.48,4.1,-32.74411458,3.566395639,-22.401,1.505,-10.34311458
Moslemi,Fish,NWT,Northern pike,15637,2019,8,26,2019-08-26,63.182378,122.543831,13.14,high_doc,655,-27.27810541,10.7616401,3.303714509,-32.74411458,3.566395639,-22.401,1.505,-26.6,0.41,4.1,-32.74411458,3.566395639,-22.401,1.505,-10.34311458
Moslemi,Fish,NWT,Northern pike,15732,2019,8,27,2019-08-27,63.182378,122.543831,13.14,high_doc,640,-28.11156569,11.25321635,3.124198285,-32.74411458,3.566395639,-22.401,1.505,-27.8,0.52,4.3,-32.74411458,3.566395639,-22.401,1.505,-10.34311458
Moslemi,Fish,NWT,Northern pike,15644,2019,8,27,2019-08-27,63.182378,122.543831,13.14,high_doc,631,-30.12051433,11.41426427,3.201310458,-32.74411458,3.566395639,-22.401,1.505,-29.7,0.71,4.3,-32.74411458,3.566395639,-22.401,1.505,-10.34311458
Moslemi,Fish,NWT,Northern pike,15591,2019,8,24,2019-08-24,63.182378,122.543831,13.14,high_doc,629,-28.9385335,11.0599738,3.096146269,-32.74411458,3.566395639,-22.401,1.505,-28.7,0.61,4.2,-32.74411458,3.566395639,-22.401,1.505,-10.34311458
Moslemi,Fish,NWT,Northern pike,15646,2019,8,27,2019-08-27,63.182378,122.543831,13.14,high_doc,616,-28.83859601,11.73278456,3.152493063,-32.74411458,3.566395639,-22.401,1.505,-28.5,0.59,4.4,-32.74411458,3.566395639,-22.401,1.505,-10.34311458
Moslemi,Fish,NWT,Northern pike,15731,2019,8,27,2019-08-27,63.182378,122.543831,13.14,high_doc,606,-27.09167255,10.50415295,3.136549548,-32.74411458,3.566395639,-22.401,1.505,-26.8,0.43,4,-32.74411458,3.566395639,-22.401,1.505,-10.34311458
Moslemi,Fish,NWT,Northern pike,15592,2019,8,24,2019-08-24,63.182378,122.543831,13.14,high_doc,601,-29.72586607,11.29139088,3.247362989,-32.74411458,3.566395639,-22.401,1.505,-29.2,0.66,4.3,-32.74411458,3.566395639,-22.401,1.505,-10.34311458
Moslemi,Fish,NWT,Northern pike,15594,2019,8,24,2019-08-24,63.182378,122.543831,13.14,high_doc,600,-29.38887322,10.99633273,3.141477581,-32.74411458,3.566395639,-22.401,1.505,-29.1,0.65,4.2,-32.74411458,3.566395639,-22.401,1.505,-10.34311458
Moslemi,Fish,NWT,Northern pike,15625,2019,8,25,2019-08-25,63.182378,122.543831,13.14,high_doc,598,-27.56055759,10.90540457,3.34975743,-32.74411458,3.566395639,-22.401,1.505,-26.8,0.43,4.2,-32.74411458,3.566395639,-22.401,1.505,-10.34311458
Moslemi,Fish,NWT,Northern pike,15588,2019,8,24,2019-08-24,63.182378,122.543831,13.14,high_doc,580,-28.64565669,11.13446588,3.324295078,-32.74411458,3.566395639,-22.401,1.505,-27.9,0.53,4.2,-32.74411458,3.566395639,-22.401,1.505,-10.34311458
Moslemi,Fish,NWT,Northern pike,15578,2019,8,24,2019-08-24,63.182378,122.543831,13.14,high_doc,578,-28.77682933,10.97462589,3.265622809,-32.74411458,3.566395639,-22.401,1.505,-28.2,0.56,4.2,-32.74411458,3.566395639,-22.401,1.505,-10.34311458
Moslemi,Fish,NWT,Northern pike,15575,2019,8,24,2019-08-24,63.182378,122.543831,13.14,high_doc,572,-29.12280817,11.13369778,3.274866446,-32.74411458,3.566395639,-22.401,1.505,-28.5,0.59,4.2,-32.74411458,3.566395639,-22.401,1.505,-10.34311458
Moslemi,Fish,NWT,Northern pike,15645,2019,8,27,2019-08-27,63.182378,122.543831,13.14,high_doc,562,-29.83953526,10.63443755,3.119601202,-32.74411458,3.566395639,-22.401,1.505,-29.6,0.7,4.1,-32.74411458,3.566395639,-22.401,1.505,-10.34311458
Moslemi,Fish,NWT,Northern pike,15576,2019,8,24,2019-08-24,63.182378,122.543831,13.14,high_doc,551,-28.37881586,10.49707766,3.247555132,-32.74411458,3.566395639,-22.401,1.505,-27.8,0.52,4,-32.74411458,3.566395639,-22.401,1.505,-10.34311458
Moslemi,Fish,NWT,Northern pike,15636,2019,8,26,2019-08-26,63.182378,122.543831,13.14,high_doc,512,-27.66274077,10.17479358,3.151796869,-32.74411458,3.566395639,-22.401,1.505,-27.3,0.47,3.9,-32.74411458,3.566395639,-22.401,1.505,-10.34311458
Moslemi,Fish,NWT,Northern pike,15580,2019,8,24,2019-08-24,63.182378,122.543831,13.14,high_doc,445,-25.38191087,8.219858828,3.298943497,-32.74411458,3.566395639,-22.401,1.505,-24.7,0.22,3.4,-32.74411458,3.566395639,-22.401,1.505,-10.34311458
Moslemi,Fish,NWT,Northern pike,15730,2019,8,27,2019-08-27,63.182378,122.543831,13.14,high_doc,415,-25.10871877,8.270918178,3.164393304,-32.74411458,3.566395639,-22.401,1.505,-24.7,0.22,3.4,-32.74411458,3.566395639,-22.401,1.505,-10.34311458
Moslemi,Big Island,NWT,Northern pike,10911,2017,8,18,2017-08-18,62.086883,119.8689,9.763557,medium_doc,765,-23.83589202,12.34216141,3.273260066,-27.14,2.97,-21.71,1.64,-23.2,0.27,4.8,-27.14,2.97,-21.71,1.64,-5.43
Moslemi,Big Island,NWT,Northern pike,10920,2017,8,19,2017-08-19,62.086883,119.8689,9.763557,medium_doc,662,-23.67426843,11.85406041,3.20222386,-27.14,2.97,-21.71,1.64,-23.2,0.27,4.6,-27.14,2.97,-21.71,1.64,-5.43
Moslemi,Big Island,NWT,Northern pike,10910,2017,8,18,2017-08-18,62.086883,119.8689,9.763557,medium_doc,655,-25.06720906,12.66966515,3.230156069,-27.14,2.97,-21.71,1.64,-24.6,0.53,4.9,-27.14,2.97,-21.71,1.64,-5.43
Moslemi,Big Island,NWT,Northern pike,10875,2017,8,17,2017-08-17,62.086883,119.8689,9.763557,medium_doc,620,-24.8375597,12.25990655,3.280821575,-27.14,2.97,-21.71,1.64,-24.2,0.46,4.7,-27.14,2.97,-21.71,1.64,-5.43
Moslemi,Big Island,NWT,Northern pike,10877,2017,8,17,2017-08-17,62.086883,119.8689,9.763557,medium_doc,550,-24.86886761,11.61189259,3.229176544,-27.14,2.97,-21.71,1.64,-24.4,0.5,4.5,-27.14,2.97,-21.71,1.64,-5.43
Moslemi,Big Island,NWT,Northern pike,10919,2017,8,19,2017-08-19,62.086883,119.8689,9.763557,medium_doc,550,-27.16488782,12.50795456,3.244233429,-27.14,2.97,-21.71,1.64,-26.6,0.9,4.8,-27.14,2.97,-21.71,1.64,-5.43
Moslemi,Big Island,NWT,Northern pike,10874,2017,8,17,2017-08-17,62.086883,119.8689,9.763557,medium_doc,545,-24.713746,11.73052321,3.232242001,-27.14,2.97,-21.71,1.64,-24.2,0.46,4.6,-27.14,2.97,-21.71,1.64,-5.43
Moslemi,Big Island,NWT,Northern pike,10876,2017,8,17,2017-08-17,62.086883,119.8689,9.763557,medium_doc,530,-23.75058012,11.51761587,3.257711242,-27.14,2.97,-21.71,1.64,-23.2,0.27,4.5,-27.14,2.97,-21.71,1.64,-5.43
Moslemi,Mustard,NWT,Northern pike,10387,2015,8,17,2015-08-17,62.002303,120.093861,11.50191,high_doc,590,-24.89,10.69,3.23953505,-27.11,2.92,-20.761,1.643,-24.4,0.57,4.3,-27.11,2.92,-20.761,1.643,-6.349
Moslemi,Mustard,NWT,Northern pike,10388,2015,8,17,2015-08-17,62.002303,120.093861,11.50191,high_doc,570,-24.82,10.17,3.180232383,-27.11,2.92,-20.761,1.643,-24.4,0.57,4.1,-27.11,2.92,-20.761,1.643,-6.349
Moslemi,Mustard,NWT,Northern pike,10430,2015,8,19,2015-08-19,62.002303,120.093861,11.50191,high_doc,510,-25.79,9.84,3.272147362,-27.11,2.92,-20.761,1.643,-25.2,0.7,4,-27.11,2.92,-20.761,1.643,-6.349
Moslemi,Mustard,NWT,Northern pike,10389,2015,8,17,2015-08-17,62.002303,120.093861,11.50191,high_doc,510,-26.67,10.23,3.259797769,-27.11,2.92,-20.761,1.643,-26.1,0.84,4.2,-27.11,2.92,-20.761,1.643,-6.349
Moslemi,Willow,NWT,Northern pike,10633,2016,8,28,2016-08-28,62.169394,119.184778,9.9674,medium_doc,888,-25.47274226,12.98833185,3.235130452,-26.07,3.25,-20.558,1.363,-25,0.81,4.9,-26.07,3.25,-20.558,1.363,-5.512
Moslemi,Willow,NWT,Northern pike,10651,2016,8,29,2016-08-29,62.169394,119.184778,9.9674,medium_doc,655,-25.52990732,11.87891452,3.193356444,-26.07,3.25,-20.558,1.363,-25.1,0.82,4.5,-26.07,3.25,-20.558,1.363,-5.512
Moslemi,Willow,NWT,Northern pike,10652,2016,8,29,2016-08-29,62.169394,119.184778,9.9674,medium_doc,649,-27.75129746,12.24462197,3.143765294,-26.07,3.25,-20.558,1.363,-27.4,1,4.6,-26.07,3.25,-20.558,1.363,-5.512
Moslemi,Willow,NWT,Northern pike,10654,2016,8,29,2016-08-29,62.169394,119.184778,9.9674,medium_doc,648,-27.04845169,11.97810498,3.170853391,-26.07,3.25,-20.558,1.363,-26.7,1,4.6,-26.07,3.25,-20.558,1.363,-5.512
Moslemi,Willow,NWT,Northern pike,10665,2016,8,30,2016-08-30,62.169394,119.184778,9.9674,medium_doc,641,-27.18847102,11.15146439,3.24733539,-26.07,3.25,-20.558,1.363,-26.6,1,4.3,-26.07,3.25,-20.558,1.363,-5.512
Moslemi,Willow,NWT,Northern pike,10662,2016,8,29,2016-08-29,62.169394,119.184778,9.9674,medium_doc,630,-25.56856965,11.34259905,3.199086244,-26.07,3.25,-20.558,1.363,-25.1,0.82,4.4,-26.07,3.25,-20.558,1.363,-5.512
Moslemi,Willow,NWT,Northern pike,10655,2016,8,29,2016-08-29,62.169394,119.184778,9.9674,medium_doc,622,-26.88093246,11.23830464,3.181173033,-26.07,3.25,-20.558,1.363,-26.5,1,4.3,-26.07,3.25,-20.558,1.363,-5.512
Moslemi,Willow,NWT,Northern pike,10617,2016,8,28,2016-08-28,62.169394,119.184778,9.9674,medium_doc,621,-25.2577806,11.81691062,3.183562983,-26.07,3.25,-20.558,1.363,-24.8,0.77,4.5,-26.07,3.25,-20.558,1.363,-5.512
Moslemi,Willow,NWT,Northern pike,10618,2016,8,28,2016-08-28,62.169394,119.184778,9.9674,medium_doc,614,-25.18027199,11.38082148,3.145609479,-26.07,3.25,-20.558,1.363,-24.9,0.79,4.4,-26.07,3.25,-20.558,1.363,-5.512
Moslemi,Willow,NWT,Northern pike,10660,2016,8,29,2016-08-29,62.169394,119.184778,9.9674,medium_doc,611,-26.98005476,11.36535432,3.208728812,-26.07,3.25,-20.558,1.363,-26.5,1,4.4,-26.07,3.25,-20.558,1.363,-5.512
Moslemi,Willow,NWT,Northern pike,10664,2016,8,30,2016-08-30,62.169394,119.184778,9.9674,medium_doc,609,-26.97607556,11.54835781,3.26132807,-26.07,3.25,-20.558,1.363,-26.4,1,4.4,-26.07,3.25,-20.558,1.363,-5.512
Moslemi,Willow,NWT,Northern pike,10605,2016,8,26,2016-08-26,62.169394,119.184778,9.9674,medium_doc,608,-26.08704565,11.47093967,3.242361105,-26.07,3.25,-20.558,1.363,-25.6,0.91,4.4,-26.07,3.25,-20.558,1.363,-5.512
Moslemi,Willow,NWT,Northern pike,10661,2016,8,29,2016-08-29,62.169394,119.184778,9.9674,medium_doc,596,-26.31538654,11.32650887,3.235422541,-26.07,3.25,-20.558,1.363,-25.8,0.95,4.4,-26.07,3.25,-20.558,1.363,-5.512
Moslemi,Willow,NWT,Northern pike,10653,2016,8,29,2016-08-29,62.169394,119.184778,9.9674,medium_doc,585,-26.95350084,11.48986755,3.164160407,-26.07,3.25,-20.558,1.363,-26.6,1,4.4,-26.07,3.25,-20.558,1.363,-5.512
Moslemi,Willow,NWT,Northern pike,10650,2016,8,29,2016-08-29,62.169394,119.184778,9.9674,medium_doc,580,-26.61498912,10.92074808,3.269871858,-26.07,3.25,-20.558,1.363,-26,0.99,4.3,-26.07,3.25,-20.558,1.363,-5.512
Moslemi,Willow,NWT,Northern pike,10658,2016,8,29,2016-08-29,62.169394,119.184778,9.9674,medium_doc,570,-26.18710562,10.99926341,3.1689305,-26.07,3.25,-20.558,1.363,-25.8,0.95,4.3,-26.07,3.25,-20.558,1.363,-5.512
Moslemi,Willow,NWT,Northern pike,10649,2016,8,29,2016-08-29,62.169394,119.184778,9.9674,medium_doc,570,-26.48962372,10.93996975,3.274081316,-26.07,3.25,-20.558,1.363,-25.9,0.97,4.3,-26.07,3.25,-20.558,1.363,-5.512
Moslemi,Willow,NWT,Northern pike,10619,2016,8,28,2016-08-28,62.169394,119.184778,9.9674,medium_doc,570,-26.72603938,11.21612274,3.140916714,-26.07,3.25,-20.558,1.363,-26.4,1,4.3,-26.07,3.25,-20.558,1.363,-5.512
Moslemi,Willow,NWT,Northern pike,10632,2016,8,28,2016-08-28,62.169394,119.184778,9.9674,medium_doc,568,-25.95014164,11.54757897,3.246571359,-26.07,3.25,-20.558,1.363,-25.4,0.88,4.4,-26.07,3.25,-20.558,1.363,-5.512
Moslemi,Willow,NWT,Northern pike,10659,2016,8,29,2016-08-29,62.169394,119.184778,9.9674,medium_doc,567,-26.49455256,10.73829968,3.200178232,-26.07,3.25,-20.558,1.363,-26.1,1,4.2,-26.07,3.25,-20.558,1.363,-5.512
Moslemi,Willow,NWT,Northern pike,10648,2016,8,29,2016-08-29,62.169394,119.184778,9.9674,medium_doc,559,-25.80507463,10.83679927,3.325127254,-26.07,3.25,-20.558,1.363,-25.1,0.82,4.2,-26.07,3.25,-20.558,1.363,-5.512
Moslemi,Willow,NWT,Northern pike,10616,2016,8,28,2016-08-28,62.169394,119.184778,9.9674,medium_doc,554,-25.01916452,11.46058125,3.171323016,-26.07,3.25,-20.558,1.363,-24.6,0.73,4.4,-26.07,3.25,-20.558,1.363,-5.512
Moslemi,Willow,NWT,Northern pike,10647,2016,8,29,2016-08-29,62.169394,119.184778,9.9674,medium_doc,518,-26.79298413,11.11260165,3.290516452,-26.07,3.25,-20.558,1.363,-26.2,1,4.3,-26.07,3.25,-20.558,1.363,-5.512
Moslemi,Willow,NWT,Northern pike,10620,2016,8,28,2016-08-28,62.169394,119.184778,9.9674,medium_doc,165,-24.26379106,9.734869865,3.224302177,-26.07,3.25,-20.558,1.363,-23.8,0.59,3.9,-26.07,3.25,-20.558,1.363,-5.512
SolomonJones,West Long,Michigan,Black bass,WL_WholeShoreline_20110923_0000_BE_MarkRecap.20120228,2011,9,23,2011-09-23,46.235908,-89.501564,7.912580645,medium_doc,60,-29.16,8.79,3.227113906,-33.43,4.91,-32.09,3.87,-28.7,0,4.2,-33.43,4.91,-32.09,3.87,-1.34
SolomonJones,West Long,Michigan,Black bass,WL_WholeShoreline_20110923_0000_BE_MarkRecap.20120228,2011,9,23,2011-09-23,46.235908,-89.501564,7.912580645,medium_doc,61,-28.8,8.4,3.1943487250000002,-33.43,4.91,-32.09,3.87,-28.4,0,4.2,-33.43,4.91,-32.09,3.87,-1.34
SolomonJones,West Long,Michigan,Black bass,WL_WholeShoreline_20110923_0000_BE_MarkRecap.20120228,2011,9,23,2011-09-23,46.235908,-89.501564,7.912580645,medium_doc,61,-28.94,7.94,3.218662953,-33.43,4.91,-32.09,3.87,-28.5,0,4,-33.43,4.91,-32.09,3.87,-1.34
SolomonJones,West Long,Michigan,Black bass,WL_WholeShoreline_20110923_0000_BE_MarkRecap.20120228,2011,9,23,2011-09-23,46.235908,-89.501564,7.912580645,medium_doc,146,-31.15,8.46,3.200976971,-33.43,4.91,-32.09,3.87,-30.7,0,3.7,-33.43,4.91,-32.09,3.87,-1.34
SolomonJones,West Long,Michigan,Black bass,WL_WholeShoreline_20110923_0000_BE_MarkRecap.20120228,2011,9,23,2011-09-23,46.235908,-89.501564,7.912580645,medium_doc,152,-28.89,10.62,3.118041583,-33.43,4.91,-32.09,3.87,-28.6,0,4.8,-33.43,4.91,-32.09,3.87,-1.34
SolomonJones,West Long,Michigan,Black bass,WL_WholeShoreline_20110923_0000_BE_MarkRecap.20120228,2011,9,23,2011-09-23,46.235908,-89.501564,7.912580645,medium_doc,234,-28.6,10.71,3.136940548,-33.43,4.91,-32.09,3.87,-28.3,0,4.9,-33.43,4.91,-32.09,3.87,-1.34
SolomonJones,West Long,Michigan,Black bass,WL_WholeShoreline_20110923_0000_BE_MarkRecap.20120228,2011,9,23,2011-09-23,46.235908,-89.501564,7.912580645,medium_doc,330,-30.77,9.33,3.170963365,-33.43,4.91,-32.09,3.87,-30.4,0,4,-33.43,4.91,-32.09,3.87,-1.34
SolomonJones,West Long,Michigan,Black bass,WL_WholeShoreline_20110923_0000_BE_MarkRecap.20120228,2011,9,23,2011-09-23,46.235908,-89.501564,7.912580645,medium_doc,378,-31.05,10.1,3.32820154,-33.43,4.91,-32.09,3.87,-30.3,0,4.2,-33.43,4.91,-32.09,3.87,-1.34
SolomonJones,East Long,Michigan,Black bass,EL_WholeShoreline_20110922_0000_BE_MarkRecap.20120228,2011,9,22,2011-09-22,46.236245,-89.495892,7.984642857,medium_doc,59,-30.54,9.71,3.203703704,-33.2,4.83,-31.32,4.36,-30.1,0,3.7,-33.2,4.83,-31.32,4.36,-1.88
SolomonJones,East Long,Michigan,Black bass,EL_WholeShoreline_20110922_0000_BE_MarkRecap.20120228,2011,9,22,2011-09-22,46.236245,-89.495892,7.984642857,medium_doc,62,-27.93,8.47,3.172176309,-33.2,4.83,-31.32,4.36,-27.5,0,3.5,-33.2,4.83,-31.32,4.36,-1.88
SolomonJones,East Long,Michigan,Black bass,EL_WholeShoreline_20110922_0000_BE_MarkRecap.20120228,2011,9,22,2011-09-22,46.236245,-89.495892,7.984642857,medium_doc,146,-28.05,10.35,3.120525931,-33.2,4.83,-31.32,4.36,-27.8,0,4,-33.2,4.83,-31.32,4.36,-1.88
SolomonJones,East Long,Michigan,Black bass,EL_WholeShoreline_20110922_0000_BE_MarkRecap.20120228,2011,9,22,2011-09-22,46.236245,-89.495892,7.984642857,medium_doc,149,-30.82,8.78,3.16160221,-33.2,4.83,-31.32,4.36,-30.5,0,3.4,-33.2,4.83,-31.32,4.36,-1.88
SolomonJones,East Long,Michigan,Black bass,EL_WholeShoreline_20110922_0000_BE_MarkRecap.20120228,2011,9,22,2011-09-22,46.236245,-89.495892,7.984642857,medium_doc,205,-29.6,9.02,3.219927096,-33.2,4.83,-31.32,4.36,-29.1,0,3.5,-33.2,4.83,-31.32,4.36,-1.88
SolomonJones,East Long,Michigan,Black bass,EL_WholeShoreline_20110922_0000_BE_MarkRecap.20120228,2011,9,22,2011-09-22,46.236245,-89.495892,7.984642857,medium_doc,298,-30.9,9.12,3.217422606,-33.2,4.83,-31.32,4.36,-30.4,0,3.5,-33.2,4.83,-31.32,4.36,-1.88
SolomonJones,East Long,Michigan,Black bass,EL_WholeShoreline_20110922_0000_BE_MarkRecap.20120228,2011,9,22,2011-09-22,46.236245,-89.495892,7.984642857,medium_doc,351,-28.03,10.52,3.078576723,-33.2,4.83,-31.32,4.36,-27.9,0,4.1,-33.2,4.83,-31.32,4.36,-1.88
SolomonJones,East Long,Michigan,Black bass,EL_WholeShoreline_20110922_0000_BE_MarkRecap.20120228,2011,9,22,2011-09-22,46.236245,-89.495892,7.984642857,medium_doc,370,-30.37,10.66,3.282849239,-33.2,4.83,-31.32,4.36,-29.8,0,4,-33.2,4.83,-31.32,4.36,-1.88
SolomonJones,West Long,Michigan,Black bass,WL_WholeShoreline_20110923_0000_BE_MarkRecap.20120228,2011,9,23,2011-09-23,46.235908,-89.501564,7.912580645,medium_doc,378,-31.05,10.1,3.32820154,-33.43,4.91,-32.09,3.87,-30.3,0,4.2,-33.43,4.91,-32.09,3.87,-1.34
SolomonJones,West Long,Michigan,Black bass,WL_WholeShoreline_20110923_0000_BE_MarkRecap.20120228,2011,9,23,2011-09-23,46.235908,-89.501564,7.912580645,medium_doc,60,-29.16,8.79,3.227113906,-33.43,4.91,-32.09,3.87,-28.7,0,4.2,-33.43,4.91,-32.09,3.87,-1.34
SolomonJones,West Long,Michigan,Black bass,WL_WholeShoreline_20110923_0000_BE_MarkRecap.20120228,2011,9,23,2011-09-23,46.235908,-89.501564,7.912580645,medium_doc,61,-28.94,7.94,3.218662953,-33.43,4.91,-32.09,3.87,-28.5,0,4,-33.43,4.91,-32.09,3.87,-1.34
SolomonJones,West Long,Michigan,Black bass,WL_WholeShoreline_20110923_0000_BE_MarkRecap.20120228,2011,9,23,2011-09-23,46.235908,-89.501564,7.912580645,medium_doc,146,-31.15,8.46,3.200976971,-33.43,4.91,-32.09,3.87,-30.7,0,3.7,-33.43,4.91,-32.09,3.87,-1.34
SolomonJones,West Long,Michigan,Black bass,WL_WholeShoreline_20110923_0000_BE_MarkRecap.20120228,2011,9,23,2011-09-23,46.235908,-89.501564,7.912580645,medium_doc,61,-28.8,8.4,3.1943487250000002,-33.43,4.91,-32.09,3.87,-28.4,0,4.2,-33.43,4.91,-32.09,3.87,-1.34
SolomonJones,West Long,Michigan,Black bass,WL_WholeShoreline_20110923_0000_BE_MarkRecap.20120228,2011,9,23,2011-09-23,46.235908,-89.501564,7.912580645,medium_doc,330,-30.77,9.33,3.170963365,-33.43,4.91,-32.09,3.87,-30.4,0,4,-33.43,4.91,-32.09,3.87,-1.34
SolomonJones,West Long,Michigan,Black bass,WL_WholeShoreline_20110923_0000_BE_MarkRecap.20120228,2011,9,23,2011-09-23,46.235908,-89.501564,7.912580645,medium_doc,234,-28.6,10.71,3.136940548,-33.43,4.91,-32.09,3.87,-28.3,0,4.9,-33.43,4.91,-32.09,3.87,-1.34
SolomonJones,West Long,Michigan,Black bass,WL_WholeShoreline_20110923_0000_BE_MarkRecap.20120228,2011,9,23,2011-09-23,46.235908,-89.501564,7.912580645,medium_doc,152,-28.89,10.62,3.118041583,-33.43,4.91,-32.09,3.87,-28.6,0,4.8,-33.43,4.91,-32.09,3.87,-1.34
SolomonJones,East Long,Michigan,Black bass,EL_WholeShoreline_20110922_0000_BE_MarkRecap.20120228,2011,9,22,2011-09-22,46.236245,-89.495892,7.984642857,medium_doc,370,-30.37,10.66,3.282849239,-33.2,4.83,-31.32,4.36,-29.8,0,4,-33.2,4.83,-31.32,4.36,-1.88
SolomonJones,East Long,Michigan,Black bass,EL_WholeShoreline_20110922_0000_BE_MarkRecap.20120228,2011,9,22,2011-09-22,46.236245,-89.495892,7.984642857,medium_doc,205,-29.6,9.02,3.219927096,-33.2,4.83,-31.32,4.36,-29.1,0,3.5,-33.2,4.83,-31.32,4.36,-1.88
SolomonJones,East Long,Michigan,Black bass,EL_WholeShoreline_20110922_0000_BE_MarkRecap.20120228,2011,9,22,2011-09-22,46.236245,-89.495892,7.984642857,medium_doc,298,-30.9,9.12,3.217422606,-33.2,4.83,-31.32,4.36,-30.4,0,3.5,-33.2,4.83,-31.32,4.36,-1.88
SolomonJones,East Long,Michigan,Black bass,EL_WholeShoreline_20110922_0000_BE_MarkRecap.20120228,2011,9,22,2011-09-22,46.236245,-89.495892,7.984642857,medium_doc,59,-30.54,9.71,3.203703704,-33.2,4.83,-31.32,4.36,-30.1,0,3.7,-33.2,4.83,-31.32,4.36,-1.88
SolomonJones,East Long,Michigan,Black bass,EL_WholeShoreline_20110922_0000_BE_MarkRecap.20120228,2011,9,22,2011-09-22,46.236245,-89.495892,7.984642857,medium_doc,62,-27.93,8.47,3.172176309,-33.2,4.83,-31.32,4.36,-27.5,0,3.5,-33.2,4.83,-31.32,4.36,-1.88
SolomonJones,East Long,Michigan,Black bass,EL_WholeShoreline_20110922_0000_BE_MarkRecap.20120228,2011,9,22,2011-09-22,46.236245,-89.495892,7.984642857,medium_doc,149,-30.82,8.78,3.16160221,-33.2,4.83,-31.32,4.36,-30.5,0,3.4,-33.2,4.83,-31.32,4.36,-1.88
SolomonJones,East Long,Michigan,Black bass,EL_WholeShoreline_20110922_0000_BE_MarkRecap.20120228,2011,9,22,2011-09-22,46.236245,-89.495892,7.984642857,medium_doc,146,-28.05,10.35,3.120525931,-33.2,4.83,-31.32,4.36,-27.8,0,4,-33.2,4.83,-31.32,4.36,-1.88
SolomonJones,East Long,Michigan,Black bass,EL_WholeShoreline_20110922_0000_BE_MarkRecap.20120228,2011,9,22,2011-09-22,46.236245,-89.495892,7.984642857,medium_doc,351,-28.03,10.52,3.078576723,-33.2,4.83,-31.32,4.36,-27.9,0,4.1,-33.2,4.83,-31.32,4.36,-1.88
Tanentzap,A6,N.Ontario,Yellow perch,8,2012,7,5,2012-07-05,46.45455195,-80.87729539,3.4,low_doc,43,-26.41,5.05,3.317934783,-27.61,2.83,-26.66,1.63,-25.7,0,2.7,-27.61,2.83,-26.66,1.63,-0.95
Tanentzap,A6,N.Ontario,Yellow perch,11,2012,7,5,2012-07-05,46.45455195,-80.87729539,3.4,low_doc,35,-27.86,5.64,3.436877076,-27.61,2.83,-26.66,1.63,-27,0.36,2.8,-27.61,2.83,-26.66,1.63,-0.95
Tanentzap,A6,N.Ontario,Yellow perch,6,2012,7,5,2012-07-05,46.45455195,-80.87729539,3.4,low_doc,33,-27.3,5.57,3.461474037,-27.61,2.83,-26.66,1.63,-26.3,0,2.8,-27.61,2.83,-26.66,1.63,-0.95
Tanentzap,A6,N.Ontario,Yellow perch,7,2012,7,5,2012-07-05,46.45455195,-80.87729539,3.4,low_doc,31,-27.9,5.09,3.561344538,-27.61,2.83,-26.66,1.63,-26.8,0.15,2.7,-27.61,2.83,-26.66,1.63,-0.95
Tanentzap,A6,N.Ontario,Yellow perch,4,2012,7,5,2012-07-05,46.45455195,-80.87729539,3.4,low_doc,31,-27.48,5.89,3.438655462,-27.61,2.83,-26.66,1.63,-26.6,0,2.9,-27.61,2.83,-26.66,1.63,-0.95
Tanentzap,A6,N.Ontario,Yellow perch,15,2012,7,5,2012-07-05,46.45455195,-80.87729539,3.4,low_doc,30,-27.96,5.57,3.483736447,-27.61,2.83,-26.66,1.63,-27,0.36,2.8,-27.61,2.83,-26.66,1.63,-0.95
Tanentzap,A6,N.Ontario,Yellow perch,1,2012,7,5,2012-07-05,46.45455195,-80.87729539,3.4,low_doc,30,-27.92,5.74,3.457781457,-27.61,2.83,-26.66,1.63,-27,0.36,2.9,-27.61,2.83,-26.66,1.63,-0.95
Tanentzap,A6,N.Ontario,Yellow perch,12,2012,7,5,2012-07-05,46.45455195,-80.87729539,3.4,low_doc,30,-27.9,5.75,3.436003303,-27.61,2.83,-26.66,1.63,-27,0.36,2.9,-27.61,2.83,-26.66,1.63,-0.95
Tanentzap,A6,N.Ontario,Yellow perch,9,2012,7,5,2012-07-05,46.45455195,-80.87729539,3.4,low_doc,30,-27.8,5.34,3.530864198,-27.61,2.83,-26.66,1.63,-26.7,0.04,2.7,-27.61,2.83,-26.66,1.63,-0.95
Tanentzap,A6,N.Ontario,Yellow perch,2,2012,7,5,2012-07-05,46.45455195,-80.87729539,3.4,low_doc,30,-27.75,5.5,3.552188552,-27.61,2.83,-26.66,1.63,-26.6,0,2.8,-27.61,2.83,-26.66,1.63,-0.95
Tanentzap,A6,N.Ontario,Yellow perch,10,2012,7,5,2012-07-05,46.45455195,-80.87729539,3.4,low_doc,29,-28.03,5.44,3.462108731,-27.61,2.83,-26.66,1.63,-27.1,0.46,2.8,-27.61,2.83,-26.66,1.63,-0.95
Tanentzap,A6,N.Ontario,Yellow perch,14,2012,7,5,2012-07-05,46.45455195,-80.87729539,3.4,low_doc,29,-27.84,5.81,3.469063545,-27.61,2.83,-26.66,1.63,-26.9,0.25,2.9,-27.61,2.83,-26.66,1.63,-0.95
Tanentzap,A6,N.Ontario,Yellow perch,3,2012,7,5,2012-07-05,46.45455195,-80.87729539,3.4,low_doc,29,-27.73,5.13,3.5125,-27.61,2.83,-26.66,1.63,-26.7,0.04,2.7,-27.61,2.83,-26.66,1.63,-0.95
Tanentzap,A6,N.Ontario,Yellow perch,13,2012,7,5,2012-07-05,46.45455195,-80.87729539,3.4,low_doc,28,-28.04,5.39,3.515025042,-27.61,2.83,-26.66,1.63,-27,0.36,2.8,-27.61,2.83,-26.66,1.63,-0.95
Tanentzap,A6,N.Ontario,Yellow perch,5,2012,7,5,2012-07-05,46.45455195,-80.87729539,3.4,low_doc,26,-28.07,5.36,3.651882845,-27.61,2.83,-26.66,1.63,-26.8,0.15,2.7,-27.61,2.83,-26.66,1.63,-0.95
Tanentzap,I,N.Ontario,Yellow perch,8,2012,7,5,2012-07-05,46.45459373,-80.88179422,2.7,low_doc,47,-28.18,5.63,3.634534786,-27.78,1.08,-25.94,0.2,-26.9,0.52,3.3,-27.78,1.08,-25.94,0.2,-1.84
Tanentzap,I,N.Ontario,Yellow perch,11,2012,7,5,2012-07-05,46.45459373,-80.88179422,2.7,low_doc,44,-28.32,6.15,3.744225834,-27.78,1.08,-25.94,0.2,-26.9,0.52,3.5,-27.78,1.08,-25.94,0.2,-1.84
Tanentzap,I,N.Ontario,Yellow perch,9,2012,7,5,2012-07-05,46.45459373,-80.88179422,2.7,low_doc,43,-28.4,5.43,3.681663837,-27.78,1.08,-25.94,0.2,-27.1,0.63,3.3,-27.78,1.08,-25.94,0.2,-1.84
Tanentzap,I,N.Ontario,Yellow perch,14,2012,7,5,2012-07-05,46.45459373,-80.88179422,2.7,low_doc,41,-28.51,5.32,3.610367893,-27.78,1.08,-25.94,0.2,-27.3,0.74,3.2,-27.78,1.08,-25.94,0.2,-1.84
Tanentzap,I,N.Ontario,Yellow perch,2,2012,7,5,2012-07-05,46.45459373,-80.88179422,2.7,low_doc,41,-27.84,5.4,3.627731092,-27.78,1.08,-25.94,0.2,-26.6,0.36,3.3,-27.78,1.08,-25.94,0.2,-1.84
Tanentzap,I,N.Ontario,Yellow perch,15,2012,7,5,2012-07-05,46.45459373,-80.88179422,2.7,low_doc,39,-28.32,5.53,3.585774059,-27.78,1.08,-25.94,0.2,-27.2,0.68,3.3,-27.78,1.08,-25.94,0.2,-1.84
Tanentzap,I,N.Ontario,Yellow perch,1,2012,7,5,2012-07-05,46.45459373,-80.88179422,2.7,low_doc,39,-27.68,5.98,3.652649285,-27.78,1.08,-25.94,0.2,-26.4,0.25,3.4,-27.78,1.08,-25.94,0.2,-1.84
Tanentzap,I,N.Ontario,Yellow perch,7,2012,7,5,2012-07-05,46.45459373,-80.88179422,2.7,low_doc,38,-28.06,5.34,3.542857143,-27.78,1.08,-25.94,0.2,-27,0.58,3.3,-27.78,1.08,-25.94,0.2,-1.84
Tanentzap,I,N.Ontario,Yellow perch,13,2012,7,5,2012-07-05,46.45459373,-80.88179422,2.7,low_doc,38,-28.02,5.4,3.5,-27.78,1.08,-25.94,0.2,-27,0.58,3.3,-27.78,1.08,-25.94,0.2,-1.84
Tanentzap,I,N.Ontario,Yellow perch,5,2012,7,5,2012-07-05,46.45459373,-80.88179422,2.7,low_doc,38,-27.83,5.46,3.637916311,-27.78,1.08,-25.94,0.2,-26.6,0.36,3.3,-27.78,1.08,-25.94,0.2,-1.84
Tanentzap,I,N.Ontario,Yellow perch,12,2012,7,5,2012-07-05,46.45459373,-80.88179422,2.7,low_doc,37,-28.13,5.97,3.567139283,-27.78,1.08,-25.94,0.2,-27,0.58,3.4,-27.78,1.08,-25.94,0.2,-1.84
Tanentzap,I,N.Ontario,Yellow perch,3,2012,7,5,2012-07-05,46.45459373,-80.88179422,2.7,low_doc,37,-27.77,5.53,3.524481328,-27.78,1.08,-25.94,0.2,-26.7,0.41,3.3,-27.78,1.08,-25.94,0.2,-1.84
Tanentzap,I,N.Ontario,Yellow perch,10,2012,7,5,2012-07-05,46.45459373,-80.88179422,2.7,low_doc,36,-27.95,5.55,3.554817276,-27.78,1.08,-25.94,0.2,-26.8,0.47,3.3,-27.78,1.08,-25.94,0.2,-1.84
Tanentzap,I,N.Ontario,Yellow perch,4,2012,7,5,2012-07-05,46.45459373,-80.88179422,2.7,low_doc,35,-28.01,5.27,3.579638752,-27.78,1.08,-25.94,0.2,-26.9,0.52,3.2,-27.78,1.08,-25.94,0.2,-1.84
Tanentzap,I,N.Ontario,Yellow perch,6,2012,7,5,2012-07-05,46.45459373,-80.88179422,2.7,low_doc,35,-27.99,5.03,3.613333333,-27.78,1.08,-25.94,0.2,-26.8,0.47,3.2,-27.78,1.08,-25.94,0.2,-1.84
Tanentzap,J,N.Ontario,Yellow perch,2,2012,7,5,2012-07-05,46.45650114,-80.8785829,3.2,low_doc,42,-26.1,4.82,3.586264657,-27.94,1.04,-25.18,0.83,-24.9,0,3.1,-27.94,1.04,-25.18,0.83,-2.76
Tanentzap,J,N.Ontario,Yellow perch,12,2012,7,5,2012-07-05,46.45650114,-80.8785829,3.2,low_doc,40,-26.96,4.9,3.578282828,-27.94,1.04,-25.18,0.83,-25.8,0.22,3.1,-27.94,1.04,-25.18,0.83,-2.76
Tanentzap,J,N.Ontario,Yellow perch,9,2012,7,5,2012-07-05,46.45650114,-80.8785829,3.2,low_doc,38,-27.96,5.2,3.595317726,-27.94,1.04,-25.18,0.83,-26.8,0.59,3.2,-27.94,1.04,-25.18,0.83,-2.76
Tanentzap,J,N.Ontario,Yellow perch,1,2012,7,5,2012-07-05,46.45650114,-80.8785829,3.2,low_doc,38,-27.78,5.1,3.596624473,-27.94,1.04,-25.18,0.83,-26.6,0.51,3.2,-27.94,1.04,-25.18,0.83,-2.76
Tanentzap,J,N.Ontario,Yellow perch,7,2012,7,5,2012-07-05,46.45650114,-80.8785829,3.2,low_doc,38,-26.53,5.1,3.58028887,-27.94,1.04,-25.18,0.83,-25.4,0.08,3.2,-27.94,1.04,-25.18,0.83,-2.76
Tanentzap,J,N.Ontario,Yellow perch,11,2012,7,5,2012-07-05,46.45650114,-80.8785829,3.2,low_doc,35,-27.87,5.66,3.553691275,-27.94,1.04,-25.18,0.83,-26.8,0.59,3.4,-27.94,1.04,-25.18,0.83,-2.76
Tanentzap,J,N.Ontario,Yellow perch,13,2012,7,5,2012-07-05,46.45650114,-80.8785829,3.2,low_doc,35,-27.18,5.16,3.568200837,-27.94,1.04,-25.18,0.83,-26,0.3,3.2,-27.94,1.04,-25.18,0.83,-2.76
Tanentzap,J,N.Ontario,Yellow perch,4,2012,7,5,2012-07-05,46.45650114,-80.8785829,3.2,low_doc,35,-26.68,4.86,3.59375,-27.94,1.04,-25.18,0.83,-25.5,0.12,3.1,-27.94,1.04,-25.18,0.83,-2.76
Tanentzap,J,N.Ontario,Yellow perch,14,2012,7,5,2012-07-05,46.45650114,-80.8785829,3.2,low_doc,34,-28.13,5.5,3.543673469,-27.94,1.04,-25.18,0.83,-27,0.66,3.3,-27.94,1.04,-25.18,0.83,-2.76
Tanentzap,J,N.Ontario,Yellow perch,8,2012,7,5,2012-07-05,46.45650114,-80.8785829,3.2,low_doc,34,-27.89,5.36,3.459166667,-27.94,1.04,-25.18,0.83,-26.9,0.62,3.3,-27.94,1.04,-25.18,0.83,-2.76
Tanentzap,J,N.Ontario,Yellow perch,6,2012,7,5,2012-07-05,46.45650114,-80.8785829,3.2,low_doc,34,-27.62,5.5,3.47229115,-27.94,1.04,-25.18,0.83,-26.6,0.51,3.3,-27.94,1.04,-25.18,0.83,-2.76
Tanentzap,J,N.Ontario,Yellow perch,15,2012,7,5,2012-07-05,46.45650114,-80.8785829,3.2,low_doc,33,-27.43,5.8,3.422628952,-27.94,1.04,-25.18,0.83,-26.5,0.48,3.4,-27.94,1.04,-25.18,0.83,-2.76
Tanentzap,J,N.Ontario,Yellow perch,10,2012,7,5,2012-07-05,46.45650114,-80.8785829,3.2,low_doc,32,-27.63,5.17,3.548790659,-27.94,1.04,-25.18,0.83,-26.5,0.48,3.2,-27.94,1.04,-25.18,0.83,-2.76
Tanentzap,J,N.Ontario,Yellow perch,3,2012,7,5,2012-07-05,46.45650114,-80.8785829,3.2,low_doc,31,-27.9,5.45,3.631092437,-27.94,1.04,-25.18,0.83,-26.7,0.55,3.3,-27.94,1.04,-25.18,0.83,-2.76
Tanentzap,J,N.Ontario,Yellow perch,5,2012,7,5,2012-07-05,46.45650114,-80.8785829,3.2,low_doc,30,-27.54,5.38,3.506244796,-27.94,1.04,-25.18,0.83,-26.5,0.48,3.3,-27.94,1.04,-25.18,0.83,-2.76
Tanentzap,A3,N.Ontario,Yellow perch,9,2012,7,5,2012-07-05,46.45029861,-80.88561032,2.4,low_doc,42,-27.93,5.15,3.588581024,-29.2,1.46,-24.86,1.74,-26.8,0.45,3.1,-29.2,1.46,-24.86,1.74,-4.34
Tanentzap,A3,N.Ontario,Yellow perch,5,2012,7,5,2012-07-05,46.45029861,-80.88561032,2.4,low_doc,39,-28.03,5.02,3.585917854,-29.2,1.46,-24.86,1.74,-26.9,0.47,3,-29.2,1.46,-24.86,1.74,-4.34
Tanentzap,A3,N.Ontario,Yellow perch,7,2012,7,5,2012-07-05,46.45029861,-80.88561032,2.4,low_doc,39,-27.75,5.19,3.501228501,-29.2,1.46,-24.86,1.74,-26.7,0.42,3.1,-29.2,1.46,-24.86,1.74,-4.34
Tanentzap,A3,N.Ontario,Yellow perch,8,2012,7,5,2012-07-05,46.45029861,-80.88561032,2.4,low_doc,37,-27.92,5.39,3.6400665,-29.2,1.46,-24.86,1.74,-26.7,0.42,3.2,-29.2,1.46,-24.86,1.74,-4.34
Tanentzap,A3,N.Ontario,Yellow perch,10,2012,7,5,2012-07-05,46.45029861,-80.88561032,2.4,low_doc,36,-27.97,5.51,3.52033195,-29.2,1.46,-24.86,1.74,-26.9,0.47,3.2,-29.2,1.46,-24.86,1.74,-4.34
Tanentzap,A3,N.Ontario,Yellow perch,13,2012,7,5,2012-07-05,46.45029861,-80.88561032,2.4,low_doc,35,-27.93,5.46,3.47219917,-29.2,1.46,-24.86,1.74,-27,0.49,3.2,-29.2,1.46,-24.86,1.74,-4.34
Tanentzap,A3,N.Ontario,Yellow perch,2,2012,7,5,2012-07-05,46.45029861,-80.88561032,2.4,low_doc,35,-27.73,5.13,3.495057661,-29.2,1.46,-24.86,1.74,-26.7,0.42,3.1,-29.2,1.46,-24.86,1.74,-4.34
Tanentzap,A3,N.Ontario,Yellow perch,1,2012,7,5,2012-07-05,46.45029861,-80.88561032,2.4,low_doc,35,-27.51,5.63,3.511343805,-29.2,1.46,-24.86,1.74,-26.5,0.38,3.2,-29.2,1.46,-24.86,1.74,-4.34
Tanentzap,A3,N.Ontario,Yellow perch,14,2012,7,5,2012-07-05,46.45029861,-80.88561032,2.4,low_doc,34,-28.04,5.87,3.523012552,-29.2,1.46,-24.86,1.74,-27,0.49,3.3,-29.2,1.46,-24.86,1.74,-4.34
Tanentzap,A3,N.Ontario,Yellow perch,15,2012,7,5,2012-07-05,46.45029861,-80.88561032,2.4,low_doc,32,-28.28,5.56,3.551781276,-29.2,1.46,-24.86,1.74,-27.2,0.54,3.2,-29.2,1.46,-24.86,1.74,-4.34
Tanentzap,A3,N.Ontario,Yellow perch,6,2012,7,5,2012-07-05,46.45029861,-80.88561032,2.4,low_doc,31,-27.84,5.17,3.501230517,-29.2,1.46,-24.86,1.74,-26.8,0.45,3.1,-29.2,1.46,-24.86,1.74,-4.34
Tanentzap,A3,N.Ontario,Yellow perch,12,2012,7,5,2012-07-05,46.45029861,-80.88561032,2.4,low_doc,30,-28.05,5.75,3.577535624,-29.2,1.46,-24.86,1.74,-26.9,0.47,3.3,-29.2,1.46,-24.86,1.74,-4.34
Tanentzap,A3,N.Ontario,Yellow perch,3,2012,7,5,2012-07-05,46.45029861,-80.88561032,2.4,low_doc,30,-27.68,5.61,3.515,-29.2,1.46,-24.86,1.74,-26.6,0.4,3.2,-29.2,1.46,-24.86,1.74,-4.34
Tanentzap,A3,N.Ontario,Yellow perch,4,2012,7,5,2012-07-05,46.45029861,-80.88561032,2.4,low_doc,30,-27.36,5.45,3.480168776,-29.2,1.46,-24.86,1.74,-26.4,0.35,3.2,-29.2,1.46,-24.86,1.74,-4.34
Tanentzap,A3,N.Ontario,Yellow perch,11,2012,7,5,2012-07-05,46.45029861,-80.88561032,2.4,low_doc,29,-28.1,5.48,3.536625514,-29.2,1.46,-24.86,1.74,-27,0.49,3.2,-29.2,1.46,-24.86,1.74,-4.34
Tanentzap,D,N.Ontario,Yellow perch,1,2012,7,5,2012-07-05,46.4482916,-80.8950849,2.5,low_doc,41,-27.6,5.64,3.527754764,-27.15,1.05,-24.03,1.03,-26.5,0.79,3.4,-27.15,1.05,-24.03,1.03,-3.12
Tanentzap,D,N.Ontario,Yellow perch,3,2012,7,5,2012-07-05,46.4482916,-80.8950849,2.5,low_doc,39,-27.65,5.53,3.657695542,-27.15,1.05,-24.03,1.03,-26.4,0.76,3.3,-27.15,1.05,-24.03,1.03,-3.12
Tanentzap,D,N.Ontario,Yellow perch,8,2012,7,5,2012-07-05,46.4482916,-80.8950849,2.5,low_doc,38,-27.82,4.85,3.627568493,-27.15,1.05,-24.03,1.03,-26.6,0.82,3.1,-27.15,1.05,-24.03,1.03,-3.12
Tanentzap,D,N.Ontario,Yellow perch,2,2012,7,5,2012-07-05,46.4482916,-80.8950849,2.5,low_doc,38,-27.29,5.05,3.475908707,-27.15,1.05,-24.03,1.03,-26.3,0.73,3.2,-27.15,1.05,-24.03,1.03,-3.12
Tanentzap,D,N.Ontario,Yellow perch,14,2012,7,5,2012-07-05,46.4482916,-80.8950849,2.5,low_doc,36,-28.35,5.31,3.607172644,-27.15,1.05,-24.03,1.03,-27.1,0.98,3.3,-27.15,1.05,-24.03,1.03,-3.12
Tanentzap,D,N.Ontario,Yellow perch,10,2012,7,5,2012-07-05,46.4482916,-80.8950849,2.5,low_doc,36,-28,5.57,3.481296758,-27.15,1.05,-24.03,1.03,-27,0.95,3.3,-27.15,1.05,-24.03,1.03,-3.12
Tanentzap,D,N.Ontario,Yellow perch,15,2012,7,5,2012-07-05,46.4482916,-80.8950849,2.5,low_doc,35,-28.07,5.37,3.473815461,-27.15,1.05,-24.03,1.03,-27.1,0.98,3.3,-27.15,1.05,-24.03,1.03,-3.12
Tanentzap,D,N.Ontario,Yellow perch,12,2012,7,5,2012-07-05,46.4482916,-80.8950849,2.5,low_doc,34,-28.08,5.2,3.562969141,-27.15,1.05,-24.03,1.03,-26.9,0.92,3.2,-27.15,1.05,-24.03,1.03,-3.12
Tanentzap,D,N.Ontario,Yellow perch,5,2012,7,5,2012-07-05,46.4482916,-80.8950849,2.5,low_doc,34,-27.82,5.12,3.522094926,-27.15,1.05,-24.03,1.03,-26.8,0.89,3.2,-27.15,1.05,-24.03,1.03,-3.12
Tanentzap,D,N.Ontario,Yellow perch,13,2012,7,5,2012-07-05,46.4482916,-80.8950849,2.5,low_doc,33,-28.02,5.38,3.46039604,-27.15,1.05,-24.03,1.03,-27.1,0.98,3.3,-27.15,1.05,-24.03,1.03,-3.12
Tanentzap,D,N.Ontario,Yellow perch,11,2012,7,5,2012-07-05,46.4482916,-80.8950849,2.5,low_doc,33,-27.78,5.32,3.48241206,-27.15,1.05,-24.03,1.03,-26.8,0.89,3.3,-27.15,1.05,-24.03,1.03,-3.12
Tanentzap,D,N.Ontario,Yellow perch,7,2012,7,5,2012-07-05,46.4482916,-80.8950849,2.5,low_doc,32,-27.96,5.7,3.519327731,-27.15,1.05,-24.03,1.03,-26.9,0.92,3.4,-27.15,1.05,-24.03,1.03,-3.12
Tanentzap,D,N.Ontario,Yellow perch,4,2012,7,5,2012-07-05,46.4482916,-80.8950849,2.5,low_doc,32,-27.6,5.08,3.521126761,-27.15,1.05,-24.03,1.03,-26.5,0.79,3.2,-27.15,1.05,-24.03,1.03,-3.12
Tanentzap,D,N.Ontario,Yellow perch,9,2012,7,5,2012-07-05,46.4482916,-80.8950849,2.5,low_doc,31,-27.92,4.95,3.58034188,-27.15,1.05,-24.03,1.03,-26.8,0.89,3.1,-27.15,1.05,-24.03,1.03,-3.12
Tanentzap,D,N.Ontario,Yellow perch,6,2012,7,5,2012-07-05,46.4482916,-80.8950849,2.5,low_doc,30,-27.87,5.09,3.564166667,-27.15,1.05,-24.03,1.03,-26.7,0.86,3.2,-27.15,1.05,-24.03,1.03,-3.12
Tanentzap,A2,N.Ontario,Yellow perch,2,2012,7,5,2012-07-05,46.44700143,-80.89311966,8.9,medium_doc,43,-27.39,5.54,3.469093988,-25.87,1.8,-23.69,0.15,-26.4,1,3.1,-25.87,1.8,-23.69,0.15,-2.18
Tanentzap,A2,N.Ontario,Yellow perch,12,2012,7,5,2012-07-05,46.44700143,-80.89311966,8.9,medium_doc,39,-28.08,5.76,3.48459617,-25.87,1.8,-23.69,0.15,-27.1,1,3.2,-25.87,1.8,-23.69,0.15,-2.18
Tanentzap,A2,N.Ontario,Yellow perch,9,2012,7,5,2012-07-05,46.44700143,-80.89311966,8.9,medium_doc,37,-28.02,5.59,3.726956522,-25.87,1.8,-23.69,0.15,-26.6,1,3.1,-25.87,1.8,-23.69,0.15,-2.18
Tanentzap,A2,N.Ontario,Yellow perch,15,2012,7,5,2012-07-05,46.44700143,-80.89311966,8.9,medium_doc,36,-28.09,5.82,3.461092715,-25.87,1.8,-23.69,0.15,-27.1,1,3.2,-25.87,1.8,-23.69,0.15,-2.18
Tanentzap,A2,N.Ontario,Yellow perch,13,2012,7,5,2012-07-05,46.44700143,-80.89311966,8.9,medium_doc,34,-28.18,5.45,3.573920266,-25.87,1.8,-23.69,0.15,-27,1,3.1,-25.87,1.8,-23.69,0.15,-2.18
Tanentzap,A2,N.Ontario,Yellow perch,7,2012,7,5,2012-07-05,46.44700143,-80.89311966,8.9,medium_doc,34,-28.1,5.3,3.539495798,-25.87,1.8,-23.69,0.15,-27,1,3,-25.87,1.8,-23.69,0.15,-2.18
Tanentzap,A2,N.Ontario,Yellow perch,5,2012,7,5,2012-07-05,46.44700143,-80.89311966,8.9,medium_doc,34,-27.55,5.79,3.529950083,-25.87,1.8,-23.69,0.15,-26.5,1,3.2,-25.87,1.8,-23.69,0.15,-2.18
Tanentzap,A2,N.Ontario,Yellow perch,11,2012,7,5,2012-07-05,46.44700143,-80.89311966,8.9,medium_doc,32,-28.26,5.38,3.58907563,-25.87,1.8,-23.69,0.15,-27.1,1,3.1,-25.87,1.8,-23.69,0.15,-2.18
Tanentzap,A2,N.Ontario,Yellow perch,8,2012,7,5,2012-07-05,46.44700143,-80.89311966,8.9,medium_doc,32,-28.18,5.6,3.503289474,-25.87,1.8,-23.69,0.15,-27.2,1,3.1,-25.87,1.8,-23.69,0.15,-2.18
Tanentzap,A2,N.Ontario,Yellow perch,4,2012,7,5,2012-07-05,46.44700143,-80.89311966,8.9,medium_doc,32,-27.92,5.3,3.588137009,-25.87,1.8,-23.69,0.15,-26.7,1,3,-25.87,1.8,-23.69,0.15,-2.18
Tanentzap,A2,N.Ontario,Yellow perch,6,2012,7,5,2012-07-05,46.44700143,-80.89311966,8.9,medium_doc,32,-27.82,5.54,3.593543046,-25.87,1.8,-23.69,0.15,-26.6,1,3.1,-25.87,1.8,-23.69,0.15,-2.18
Tanentzap,A2,N.Ontario,Yellow perch,3,2012,7,5,2012-07-05,46.44700143,-80.89311966,8.9,medium_doc,32,-27.69,5.32,3.545004129,-25.87,1.8,-23.69,0.15,-26.6,1,3,-25.87,1.8,-23.69,0.15,-2.18
Tanentzap,A2,N.Ontario,Yellow perch,10,2012,7,5,2012-07-05,46.44700143,-80.89311966,8.9,medium_doc,29,-28.14,5.63,3.526184539,-25.87,1.8,-23.69,0.15,-27.1,1,3.1,-25.87,1.8,-23.69,0.15,-2.18
Tanentzap,A2,N.Ontario,Yellow perch,1,2012,7,5,2012-07-05,46.44700143,-80.89311966,8.9,medium_doc,27,-27.96,5.57,3.531380753,-25.87,1.8,-23.69,0.15,-26.9,1,3.1,-25.87,1.8,-23.69,0.15,-2.18
Tanentzap,A2,N.Ontario,Yellow perch,14,2012,7,5,2012-07-05,46.44700143,-80.89311966,8.9,medium_doc,25,-28.07,5.45,3.491652755,-25.87,1.8,-23.69,0.15,-27.1,1,3.1,-25.87,1.8,-23.69,0.15,-2.18
Tanentzap,K,N.Ontario,Yellow perch,14,2012,7,5,2012-07-05,46.45864954,-80.87390033,2.8,low_doc,39,-27.43,5.95,3.384297521,-27.33,1.39,-23.55,-0.41,-26.6,0.81,3.3,-27.33,1.39,-23.55,-0.41,-3.78
Tanentzap,K,N.Ontario,Yellow perch,12,2012,7,5,2012-07-05,46.45864954,-80.87390033,2.8,low_doc,38,-27.83,6.01,3.512013256,-27.33,1.39,-23.55,-0.41,-26.8,0.86,3.4,-27.33,1.39,-23.55,-0.41,-3.78
Tanentzap,K,N.Ontario,Yellow perch,9,2012,7,5,2012-07-05,46.45864954,-80.87390033,2.8,low_doc,35,-28.05,5.43,3.5375,-27.33,1.39,-23.55,-0.41,-27,0.91,3.2,-27.33,1.39,-23.55,-0.41,-3.78
Tanentzap,K,N.Ontario,Yellow perch,8,2012,7,5,2012-07-05,46.45864954,-80.87390033,2.8,low_doc,35,-27.87,5.52,3.537300922,-27.33,1.39,-23.55,-0.41,-26.8,0.86,3.2,-27.33,1.39,-23.55,-0.41,-3.78
Tanentzap,K,N.Ontario,Yellow perch,2,2012,7,5,2012-07-05,46.45864954,-80.87390033,2.8,low_doc,35,-27.39,5.46,3.603709949,-27.33,1.39,-23.55,-0.41,-26.2,0.7,3.2,-27.33,1.39,-23.55,-0.41,-3.78
Tanentzap,K,N.Ontario,Yellow perch,5,2012,7,5,2012-07-05,46.45864954,-80.87390033,2.8,low_doc,34,-27.72,5.25,3.525252525,-27.33,1.39,-23.55,-0.41,-26.7,0.83,3.1,-27.33,1.39,-23.55,-0.41,-3.78
Tanentzap,K,N.Ontario,Yellow perch,13,2012,7,5,2012-07-05,46.45864954,-80.87390033,2.8,low_doc,34,-27.64,5.83,3.547122602,-27.33,1.39,-23.55,-0.41,-26.5,0.78,3.3,-27.33,1.39,-23.55,-0.41,-3.78
Tanentzap,K,N.Ontario,Yellow perch,10,2012,7,5,2012-07-05,46.45864954,-80.87390033,2.8,low_doc,33,-27.89,5.64,3.523569024,-27.33,1.39,-23.55,-0.41,-26.8,0.86,3.3,-27.33,1.39,-23.55,-0.41,-3.78
Tanentzap,K,N.Ontario,Yellow perch,6,2012,7,5,2012-07-05,46.45864954,-80.87390033,2.8,low_doc,32,-28.02,4.78,3.629471891,-27.33,1.39,-23.55,-0.41,-26.8,0.86,3,-27.33,1.39,-23.55,-0.41,-3.78
Tanentzap,K,N.Ontario,Yellow perch,11,2012,7,5,2012-07-05,46.45864954,-80.87390033,2.8,low_doc,32,-27.76,5.67,3.4837905240000002,-27.33,1.39,-23.55,-0.41,-26.8,0.86,3.3,-27.33,1.39,-23.55,-0.41,-3.78
Tanentzap,K,N.Ontario,Yellow perch,7,2012,7,5,2012-07-05,46.45864954,-80.87390033,2.8,low_doc,31,-28.13,5.05,3.67767159,-27.33,1.39,-23.55,-0.41,-26.8,0.86,3.1,-27.33,1.39,-23.55,-0.41,-3.78
Tanentzap,K,N.Ontario,Yellow perch,15,2012,7,5,2012-07-05,46.45864954,-80.87390033,2.8,low_doc,31,-28.11,5.61,3.554276316,-27.33,1.39,-23.55,-0.41,-27,0.91,3.2,-27.33,1.39,-23.55,-0.41,-3.78
Tanentzap,K,N.Ontario,Yellow perch,4,2012,7,5,2012-07-05,46.45864954,-80.87390033,2.8,low_doc,31,-27.87,5.25,3.623032312,-27.33,1.39,-23.55,-0.41,-26.6,0.81,3.1,-27.33,1.39,-23.55,-0.41,-3.78
Tanentzap,K,N.Ontario,Yellow perch,1,2012,7,5,2012-07-05,46.45864954,-80.87390033,2.8,low_doc,31,-27.63,5.57,3.554237288,-27.33,1.39,-23.55,-0.41,-26.5,0.78,3.2,-27.33,1.39,-23.55,-0.41,-3.78
Tanentzap,K,N.Ontario,Yellow perch,3,2012,7,5,2012-07-05,46.45864954,-80.87390033,2.8,low_doc,29,-28.01,5.48,3.668350168,-27.33,1.39,-23.55,-0.41,-26.7,0.83,3.2,-27.33,1.39,-23.55,-0.41,-3.78
Tanentzap,H,N.Ontario,Yellow perch,3,2012,7,5,2012-07-05,46.45258392,-80.88491185,2.4,low_doc,43,-27.93,5.8,3.657718121,-27.57,1.2,-23.39,0.24,-26.6,0.77,3.4,-27.57,1.2,-23.39,0.24,-4.18
Tanentzap,H,N.Ontario,Yellow perch,4,2012,7,5,2012-07-05,46.45258392,-80.88491185,2.4,low_doc,39,-28.31,5.5,3.699152542,-27.57,1.2,-23.39,0.24,-27,0.86,3.3,-27.57,1.2,-23.39,0.24,-4.18
Tanentzap,H,N.Ontario,Yellow perch,15,2012,7,5,2012-07-05,46.45258392,-80.88491185,2.4,low_doc,38,-28.43,5.51,3.606489185,-27.57,1.2,-23.39,0.24,-27.2,0.91,3.3,-27.57,1.2,-23.39,0.24,-4.18
Tanentzap,H,N.Ontario,Yellow perch,14,2012,7,5,2012-07-05,46.45258392,-80.88491185,2.4,low_doc,38,-28.21,5.71,3.559463987,-27.57,1.2,-23.39,0.24,-27.1,0.89,3.3,-27.57,1.2,-23.39,0.24,-4.18
Tanentzap,H,N.Ontario,Yellow perch,9,2012,7,5,2012-07-05,46.45258392,-80.88491185,2.4,low_doc,38,-28.05,5.26,3.533498759,-27.57,1.2,-23.39,0.24,-27,0.86,3.2,-27.57,1.2,-23.39,0.24,-4.18
Tanentzap,H,N.Ontario,Yellow perch,11,2012,7,5,2012-07-05,46.45258392,-80.88491185,2.4,low_doc,37,-28.47,5.36,3.664383562,-27.57,1.2,-23.39,0.24,-27.2,0.91,3.2,-27.57,1.2,-23.39,0.24,-4.18
Tanentzap,H,N.Ontario,Yellow perch,8,2012,7,5,2012-07-05,46.45258392,-80.88491185,2.4,low_doc,37,-28.22,5.6,3.545981773,-27.57,1.2,-23.39,0.24,-27.1,0.89,3.3,-27.57,1.2,-23.39,0.24,-4.18
Tanentzap,H,N.Ontario,Yellow perch,10,2012,7,5,2012-07-05,46.45258392,-80.88491185,2.4,low_doc,37,-27.95,5.51,3.522613065,-27.57,1.2,-23.39,0.24,-26.9,0.84,3.3,-27.57,1.2,-23.39,0.24,-4.18
Tanentzap,H,N.Ontario,Yellow perch,2,2012,7,5,2012-07-05,46.45258392,-80.88491185,2.4,low_doc,35,-28.07,5.16,3.616093881,-27.57,1.2,-23.39,0.24,-26.9,0.84,3.2,-27.57,1.2,-23.39,0.24,-4.18
Tanentzap,H,N.Ontario,Yellow perch,13,2012,7,5,2012-07-05,46.45258392,-80.88491185,2.4,low_doc,35,-28.03,5.39,3.481878089,-27.57,1.2,-23.39,0.24,-27,0.86,3.2,-27.57,1.2,-23.39,0.24,-4.18
Tanentzap,H,N.Ontario,Yellow perch,6,2012,7,5,2012-07-05,46.45258392,-80.88491185,2.4,low_doc,34,-28.16,5,3.655172414,-27.57,1.2,-23.39,0.24,-26.9,0.84,3.1,-27.57,1.2,-23.39,0.24,-4.18
Tanentzap,H,N.Ontario,Yellow perch,12,2012,7,5,2012-07-05,46.45258392,-80.88491185,2.4,low_doc,34,-27.94,6.15,3.531120332,-27.57,1.2,-23.39,0.24,-26.9,0.84,3.5,-27.57,1.2,-23.39,0.24,-4.18
Tanentzap,H,N.Ontario,Yellow perch,5,2012,7,5,2012-07-05,46.45258392,-80.88491185,2.4,low_doc,34,-27.82,5.31,3.521161826,-27.57,1.2,-23.39,0.24,-26.8,0.82,3.2,-27.57,1.2,-23.39,0.24,-4.18
Tanentzap,H,N.Ontario,Yellow perch,7,2012,7,5,2012-07-05,46.45258392,-80.88491185,2.4,low_doc,33,-28.17,5.48,3.612658228,-27.57,1.2,-23.39,0.24,-27,0.86,3.3,-27.57,1.2,-23.39,0.24,-4.18
Tanentzap,H,N.Ontario,Yellow perch,1,2012,7,5,2012-07-05,46.45258392,-80.88491185,2.4,low_doc,32,-27.67,5.51,3.554621849,-27.57,1.2,-23.39,0.24,-26.6,0.77,3.3,-27.57,1.2,-23.39,0.24,-4.18
