DataSource,Latitude,Longitude,Lake,Region,Year,Month,Day,DOC_mgL,Fish_Species,SampleID,Length_mm,d13C,d15N,C.N,Av_pelagic_d13C,Av_pelagic_d15N,Av_benthic_d13C,Av_benthic_d15N,d13Ccorr.lipids,Pelagic diet proportion,Trophic position
Andersson,53.01,13.63,Wuckersee,Germany,2017,9,18,10.27,European perch,Wu_L_25,337.3,-26.87,10.3,3.27,-29.0875,5.45,-26.54142857,2.122857143,-26.3,0,4.5
Andersson,53.01,13.63,Wuckersee,Germany,2017,9,18,10.27,European perch,Wu_L_09,327,-27.09,9.95,3.2,-29.0875,5.45,-26.54142857,2.122857143,-26.6,0.02,4.3
Andersson,53.01,13.63,Wuckersee,Germany,2017,9,18,10.27,European perch,Wu_L_26,324.8,-26.77,10.25,3.26,-29.0875,5.45,-26.54142857,2.122857143,-26.2,0,4.5
Andersson,53.01,13.63,Wuckersee,Germany,2017,9,18,10.27,European perch,Wu_L_07,298.8,-26.75,9.72,3.23,-29.0875,5.45,-26.54142857,2.122857143,-26.2,0,4.4
Andersson,53.01,13.63,Wuckersee,Germany,2017,9,18,10.27,European perch,Wu_L_08,294.3,-26.52,9.53,3.21,-29.0875,5.45,-26.54142857,2.122857143,-26.1,0,4.3
Andersson,53.01,13.63,Wuckersee,Germany,2017,9,18,10.27,European perch,Wu_L_10,255.6,-26.28,9.76,3.19,-29.0875,5.45,-26.54142857,2.122857143,-25.9,0,4.5
Andersson,53.01,13.63,Wuckersee,Germany,2017,9,18,10.27,European perch,Wu_L_11,208.4,-25.6,7.83,3.16,-29.0875,5.45,-26.54142857,2.122857143,-25.2,0,4.2
Andersson,53.01,13.63,Wuckersee,Germany,2017,9,18,10.27,European perch,Wu_L_06,189.7,-27.44,9.3,3.18,-29.0875,5.45,-26.54142857,2.122857143,-27,0.18,3.9
Andersson,53.01,13.63,Wuckersee,Germany,2017,9,18,10.27,European perch,Wu_L_12,166.7,-28.17,7.1,3.18,-29.0875,5.45,-26.54142857,2.122857143,-27.8,0.49,3
Andersson,53.01,13.63,Wuckersee,Germany,2017,9,18,10.27,European perch,Wu_L_21,162.8,-28.17,9.32,3.19,-29.0875,5.45,-26.54142857,2.122857143,-27.7,0.46,3.7
Andersson,53.01,13.63,Wuckersee,Germany,2017,9,18,10.27,European perch,Wu_L_22,162.1,-27.47,9.12,3.23,-29.0875,5.45,-26.54142857,2.122857143,-27,0.18,3.9
Andersson,53.01,13.63,Wuckersee,Germany,2017,9,18,10.27,European perch,Wu_L_13,161.2,-25.94,8.09,3.21,-29.0875,5.45,-26.54142857,2.122857143,-25.5,0,4.2
Andersson,53.01,13.63,Wuckersee,Germany,2017,9,18,10.27,European perch,Wu_L_14,155.4,-25.62,7.65,3.15,-29.0875,5.45,-26.54142857,2.122857143,-25.3,0,4.1
Andersson,53.01,13.63,Wuckersee,Germany,2017,9,18,10.27,European perch,Wu_L_19,147.8,-27.79,9.29,3.24,-29.0875,5.45,-26.54142857,2.122857143,-27.3,0.3,3.8
Andersson,53.01,13.63,Wuckersee,Germany,2017,9,18,10.27,European perch,Wu_L_27,147.3,-25.87,8.31,3.21,-29.0875,5.45,-26.54142857,2.122857143,-25.4,0,4.3
Andersson,53.01,13.63,Wuckersee,Germany,2017,9,18,10.27,European perch,Wu_L_20,144.2,-27.36,8.71,3.22,-29.0875,5.45,-26.54142857,2.122857143,-26.9,0.14,3.8
Andersson,53.01,13.63,Wuckersee,Germany,2017,9,18,10.27,European perch,Wu_L_16,142.9,-26.84,8.91,3.24,-29.0875,5.45,-26.54142857,2.122857143,-26.3,0,4.1
Andersson,53.01,13.63,Wuckersee,Germany,2017,9,18,10.27,European perch,Wu_L_30,135.5,-27.53,9.17,3.21,-29.0875,5.45,-26.54142857,2.122857143,-27.1,0.22,3.9
Andersson,53.01,13.63,Wuckersee,Germany,2017,9,18,10.27,European perch,Wu_P_01,121.7,-27.05,8.51,3.29,-29.0875,5.45,-26.54142857,2.122857143,-26.4,0,3.9
Andersson,53.01,13.63,Wuckersee,Germany,2017,9,18,10.27,European perch,Wu_P_11,120.6,-27.22,8.84,3.22,-29.0875,5.45,-26.54142857,2.122857143,-26.7,0.06,3.9
Andersson,53.01,13.63,Wuckersee,Germany,2017,9,18,10.27,European perch,Wu_P_08,120.6,-27.24,8.92,3.36,-29.0875,5.45,-26.54142857,2.122857143,-26.5,0,4
Andersson,53.01,13.63,Wuckersee,Germany,2017,9,18,10.27,European perch,Wu_P_10,116.9,-26.88,8.36,3.21,-29.0875,5.45,-26.54142857,2.122857143,-26.4,0,3.9
Andersson,53.01,13.63,Wuckersee,Germany,2017,9,18,10.27,European perch,Wu_P_15,114.5,-26.91,8.66,3.27,-29.0875,5.45,-26.54142857,2.122857143,-26.3,0,4
Andersson,53.01,13.63,Wuckersee,Germany,2017,9,18,10.27,European perch,Wu_P_12,112.7,-27.03,8.55,3.29,-29.0875,5.45,-26.54142857,2.122857143,-26.4,0,3.9
Andersson,53.01,13.63,Wuckersee,Germany,2017,9,18,10.27,European perch,Wu_L_05,112.4,-27.79,8.59,3.23,-29.0875,5.45,-26.54142857,2.122857143,-27.3,0.3,3.6
Andersson,53.01,13.63,Wuckersee,Germany,2017,9,18,10.27,European perch,Wu_P_09,112.3,-26.87,8.51,3.23,-29.0875,5.45,-26.54142857,2.122857143,-26.4,0,3.9
Andersson,53.01,13.63,Wuckersee,Germany,2017,9,18,10.27,European perch,Wu_P_14,110.6,-27.13,8.82,3.29,-29.0875,5.45,-26.54142857,2.122857143,-26.5,0,4
Andersson,53.01,13.63,Wuckersee,Germany,2017,9,18,10.27,European perch,Wu_L_24,110.4,-28.13,8.73,3.3,-29.0875,5.45,-26.54142857,2.122857143,-27.5,0.38,3.6
Andersson,53.01,13.63,Wuckersee,Germany,2017,9,18,10.27,European perch,Wu_P_07,109.9,-27.13,8.5,3.2,-29.0875,5.45,-26.54142857,2.122857143,-26.7,0.06,3.8
Andersson,53.01,13.63,Wuckersee,Germany,2017,9,18,10.27,European perch,Wu_P_05,109.6,-27.13,8.77,3.21,-29.0875,5.45,-26.54142857,2.122857143,-26.7,0.06,3.9
Andersson,53.01,13.63,Wuckersee,Germany,2017,9,18,10.27,European perch,Wu_L_17,108.8,-28.24,8.52,3.22,-29.0875,5.45,-26.54142857,2.122857143,-27.8,0.49,3.4
Andersson,53.01,13.63,Wuckersee,Germany,2017,9,18,10.27,European perch,Wu_L_02,108.3,-26.93,7.65,3.2,-29.0875,5.45,-26.54142857,2.122857143,-26.5,0,3.6
Andersson,53.01,13.63,Wuckersee,Germany,2017,9,18,10.27,European perch,Wu_L_03,108.2,-28.13,8.19,3.2,-29.0875,5.45,-26.54142857,2.122857143,-27.7,0.46,3.3
Andersson,53.01,13.63,Wuckersee,Germany,2017,9,18,10.27,European perch,Wu_P_13,108.2,-27.66,8.46,3.21,-29.0875,5.45,-26.54142857,2.122857143,-27.2,0.26,3.6
Andersson,53.01,13.63,Wuckersee,Germany,2017,9,18,10.27,European perch,Wu_P_03,108,-27.19,8.66,3.2,-29.0875,5.45,-26.54142857,2.122857143,-26.7,0.06,3.9
Andersson,53.01,13.63,Wuckersee,Germany,2017,9,18,10.27,European perch,Wu_L_23,107.4,-27.79,8.87,3.33,-29.0875,5.45,-26.54142857,2.122857143,-27.1,0.22,3.8
Andersson,53.01,13.63,Wuckersee,Germany,2017,9,18,10.27,European perch,Wu_P_04,106,-27.49,8.29,3.2,-29.0875,5.45,-26.54142857,2.122857143,-27,0.18,3.6
Andersson,53.01,13.63,Wuckersee,Germany,2017,9,18,10.27,European perch,Wu_P_02,104.7,-26.72,8.04,3.37,-29.0875,5.45,-26.54142857,2.122857143,-25.9,0,4
Andersson,53.01,13.63,Wuckersee,Germany,2017,9,18,10.27,European perch,Wu_L_04,102.2,-27.01,7.09,3.28,-29.0875,5.45,-26.54142857,2.122857143,-26.4,0,3.5
Andersson,53.01,13.63,Wuckersee,Germany,2017,9,18,10.27,European perch,Wu_L_01,102.2,-27.77,8.37,3.22,-29.0875,5.45,-26.54142857,2.122857143,-27.3,0.3,3.5
Andersson,53.01,13.63,Wuckersee,Germany,2017,9,18,10.27,European perch,Wu_L_15,100.3,-25.32,6.89,3.27,-29.0875,5.45,-26.54142857,2.122857143,-24.7,0,4.1
Andersson,53.01,13.63,Wuckersee,Germany,2017,9,18,10.27,European perch,Wu_L_29,100,-26.88,8.56,3.28,-29.0875,5.45,-26.54142857,2.122857143,-26.3,0,4
Andersson,53.01,13.63,Wuckersee,Germany,2017,9,18,10.27,European perch,Wu_L_18,99.8,-25.62,7.34,3.22,-29.0875,5.45,-26.54142857,2.122857143,-25.1,0,4.1
Andersson,53.01,13.63,Wuckersee,Germany,2017,9,18,10.27,European perch,Wu_L_28,91.3,-26.81,8.28,3.23,-29.0875,5.45,-26.54142857,2.122857143,-26.3,0,3.9
Andersson,53.01,13.63,Wuckersee,Germany,2017,9,18,10.27,European perch,Wu_P_06,70.8,-25.93,7.88,3.31,-29.0875,5.45,-26.54142857,2.122857143,-25.3,0,4.2
Andersson,53,13.55,Grober Vatersee,Germany,2017,9,20,12,European perch,GV_P_06,338.4,-27.49,11.52,3.26,-30.45,6.542,-25.17,3.554,-26.9,0.33,4.1
Andersson,53,13.55,Grober Vatersee,Germany,2017,9,20,12,European perch,GV_L_23,314.4,-27.15,11.2,3.17,-30.45,6.542,-25.17,3.554,-26.8,0.31,4
Andersson,53,13.55,Grober Vatersee,Germany,2017,9,20,12,European perch,GV_L_22,312.4,-27.78,11.16,3.13,-30.45,6.542,-25.17,3.554,-27.5,0.44,3.9
Andersson,53,13.55,Grober Vatersee,Germany,2017,9,20,12,European perch,GV_L_10,304.5,-28,11.64,3.12,-30.45,6.542,-25.17,3.554,-27.7,0.48,4
Andersson,53,13.55,Grober Vatersee,Germany,2017,9,20,12,European perch,GV_P_07,287.1,-29.22,11.37,3.15,-30.45,6.542,-25.17,3.554,-28.9,0.71,3.7
Andersson,53,13.55,Grober Vatersee,Germany,2017,9,20,12,European perch,GV_P_28,275.9,-28.63,10.52,3.17,-30.45,6.542,-25.17,3.554,-28.3,0.59,3.5
Andersson,53,13.55,Grober Vatersee,Germany,2017,9,20,12,European perch,GV_L_24,272.3,-27.7,11.45,3.23,-30.45,6.542,-25.17,3.554,-27.2,0.38,4
Andersson,53,13.55,Grober Vatersee,Germany,2017,9,20,12,European perch,GV_L_09,264.5,-26.52,10.81,3.22,-30.45,6.542,-25.17,3.554,-26,0.16,4
Andersson,53,13.55,Grober Vatersee,Germany,2017,9,20,12,European perch,GV_P_30,263.4,-28.67,10.42,3.17,-30.45,6.542,-25.17,3.554,-28.3,0.59,3.5
Andersson,53,13.55,Grober Vatersee,Germany,2017,9,20,12,European perch,GV_P_29,259.7,-27.24,11.66,3.17,-30.45,6.542,-25.17,3.554,-26.9,0.33,4.1
Andersson,53,13.55,Grober Vatersee,Germany,2017,9,20,12,European perch,GV_L_11,255.6,-28.22,11.63,3.16,-30.45,6.542,-25.17,3.554,-27.9,0.52,3.9
Andersson,53,13.55,Grober Vatersee,Germany,2017,9,20,12,European perch,GV_L_25,255.2,-28.15,10.93,3.15,-30.45,6.542,-25.17,3.554,-27.8,0.5,3.7
Andersson,53,13.55,Grober Vatersee,Germany,2017,9,20,12,European perch,GV_L_08,255,-27.17,11.61,3.26,-30.45,6.542,-25.17,3.554,-26.6,0.27,4.1
Andersson,53,13.55,Grober Vatersee,Germany,2017,9,20,12,European perch,GV_L_07,254.1,-27.71,11.61,3.3,-30.45,6.542,-25.17,3.554,-27.1,0.37,4
Andersson,53,13.55,Grober Vatersee,Germany,2017,9,20,12,European perch,GV_P_08,247.7,-28.13,11.13,3.24,-30.45,6.542,-25.17,3.554,-27.6,0.46,3.8
Andersson,53,13.55,Grober Vatersee,Germany,2017,9,20,12,European perch,GV_L_26,228.9,-27.74,11.36,3.21,-30.45,6.542,-25.17,3.554,-27.3,0.4,3.9
Andersson,53,13.55,Grober Vatersee,Germany,2017,9,20,12,European perch,GV_L_03,221.8,-26.2,11.38,3.16,-30.45,6.542,-25.17,3.554,-25.8,0.12,4.2
Andersson,53,13.55,Grober Vatersee,Germany,2017,9,20,12,European perch,GV_P_27,204.2,-26.56,11.29,3.21,-30.45,6.542,-25.17,3.554,-26.1,0.18,4.1
Andersson,53,13.55,Grober Vatersee,Germany,2017,9,20,12,European perch,GV_L_04,200.6,-26.72,10.87,3.16,-30.45,6.542,-25.17,3.554,-26.4,0.23,3.9
Andersson,53,13.55,Grober Vatersee,Germany,2017,9,20,12,European perch,GV_L_01,186.4,-25.6,10.98,3.18,-30.45,6.542,-25.17,3.554,-25.2,0.01,4.2
Andersson,53,13.55,Grober Vatersee,Germany,2017,9,20,12,European perch,GV_P_09,185.8,-26.56,10.57,3.17,-30.45,6.542,-25.17,3.554,-26.2,0.2,3.9
Andersson,53,13.55,Grober Vatersee,Germany,2017,9,20,12,European perch,GV_L_16,173,-26.42,10.51,3.18,-30.45,6.542,-25.17,3.554,-26,0.16,3.9
Andersson,53,13.55,Grober Vatersee,Germany,2017,9,20,12,European perch,GV_L_15,168,-26.54,10.12,3.2,-30.45,6.542,-25.17,3.554,-26.1,0.18,3.8
Andersson,53,13.55,Grober Vatersee,Germany,2017,9,20,12,European perch,GV_L_02,157.8,-26.65,10.3,3.19,-30.45,6.542,-25.17,3.554,-26.2,0.2,3.8
Andersson,53,13.55,Grober Vatersee,Germany,2017,9,20,12,European perch,GV_L_28,139.4,-26.78,9.77,3.29,-30.45,6.542,-25.17,3.554,-26.2,0.2,3.7
Andersson,53,13.55,Grober Vatersee,Germany,2017,9,20,12,European perch,GV_L_27,133.9,-26.72,9.75,3.2,-30.45,6.542,-25.17,3.554,-26.3,0.21,3.6
Andersson,53,13.55,Grober Vatersee,Germany,2017,9,20,12,European perch,GV_L_12,132.4,-26.9,9.75,3.18,-30.45,6.542,-25.17,3.554,-26.5,0.25,3.6
Andersson,53,13.55,Grober Vatersee,Germany,2017,9,20,12,European perch,GV_P_25,129.5,-26.87,9.3,3.21,-30.45,6.542,-25.17,3.554,-26.4,0.23,3.5
Andersson,53,13.55,Grober Vatersee,Germany,2017,9,20,12,European perch,GV_P_16,129.4,-26.65,9.54,3.3,-30.45,6.542,-25.17,3.554,-26,0.16,3.6
Andersson,53,13.55,Grober Vatersee,Germany,2017,9,20,12,European perch,GV_L_17,124.6,-26.84,9.38,3.21,-30.45,6.542,-25.17,3.554,-26.4,0.23,3.5
Andersson,53,13.55,Grober Vatersee,Germany,2017,9,20,12,European perch,GV_L_05,117.5,-26.83,9.12,3.22,-30.45,6.542,-25.17,3.554,-26.3,0.21,3.5
Andersson,53,13.55,Grober Vatersee,Germany,2017,9,20,12,European perch,GV_P_20,117.5,-27.14,9.48,3.23,-30.45,6.542,-25.17,3.554,-26.6,0.27,3.5
Andersson,53,13.55,Grober Vatersee,Germany,2017,9,20,12,European perch,GV_P_19,115.6,-26.92,9.09,3.21,-30.45,6.542,-25.17,3.554,-26.5,0.25,3.4
Andersson,53,13.55,Grober Vatersee,Germany,2017,9,20,12,European perch,GV_L_18,112.2,-26.99,9.22,3.25,-30.45,6.542,-25.17,3.554,-26.4,0.23,3.5
Andersson,53,13.55,Grober Vatersee,Germany,2017,9,20,12,European perch,GV_L_06,111.7,-27.19,9.46,3.24,-30.45,6.542,-25.17,3.554,-26.7,0.29,3.5
Andersson,53,13.55,Grober Vatersee,Germany,2017,9,20,12,European perch,GV_P_15,110.7,-26.89,9.23,3.22,-30.45,6.542,-25.17,3.554,-26.4,0.23,3.5
Andersson,53,13.55,Grober Vatersee,Germany,2017,9,20,12,European perch,GV_P_14,108.1,-27.29,9.08,3.18,-30.45,6.542,-25.17,3.554,-26.9,0.33,3.3
Andersson,53,13.55,Grober Vatersee,Germany,2017,9,20,12,European perch,GV_P_01,106.9,-26.85,8.93,3.21,-30.45,6.542,-25.17,3.554,-26.4,0.23,3.4
Andersson,53,13.55,Grober Vatersee,Germany,2017,9,20,12,European perch,GV_P_02,106.3,-27.03,8.98,3.24,-30.45,6.542,-25.17,3.554,-26.5,0.25,3.4
Andersson,53,13.55,Grober Vatersee,Germany,2017,9,20,12,European perch,GV_P_21,105.7,-26.63,9.07,3.22,-30.45,6.542,-25.17,3.554,-26.1,0.18,3.5
Andersson,53,13.55,Grober Vatersee,Germany,2017,9,20,12,European perch,GV_P_13,105.6,-26.92,8.68,3.31,-30.45,6.542,-25.17,3.554,-26.3,0.21,3.3
Andersson,53,13.55,Grober Vatersee,Germany,2017,9,20,12,European perch,GV_P_03,104.3,-26.98,9.58,3.15,-30.45,6.542,-25.17,3.554,-26.6,0.27,3.5
Andersson,53,13.55,Grober Vatersee,Germany,2017,9,20,12,European perch,GV_P_17,103.7,-27.03,8.89,3.35,-30.45,6.542,-25.17,3.554,-26.3,0.21,3.4
Andersson,53,13.55,Grober Vatersee,Germany,2017,9,20,12,European perch,GV_L_29,101.1,-26.84,8.51,3.22,-30.45,6.542,-25.17,3.554,-26.4,0.23,3.3
Andersson,53,13.55,Grober Vatersee,Germany,2017,9,20,12,European perch,GV_P_18,96.6,-27.02,8.79,3.22,-30.45,6.542,-25.17,3.554,-26.5,0.25,3.3
Andersson,53,13.55,Grober Vatersee,Germany,2017,9,20,12,European perch,GV_P_26,95.8,-27.65,8.91,3.21,-30.45,6.542,-25.17,3.554,-27.2,0.38,3.2
Andersson,53,13.55,Grober Vatersee,Germany,2017,9,20,12,European perch,GV_P_11,90.7,-26.84,8.57,3.25,-30.45,6.542,-25.17,3.554,-26.3,0.21,3.3
Andersson,53,13.55,Grober Vatersee,Germany,2017,9,20,12,European perch,GV_L_19,87.6,-26.66,8.45,3.3,-30.45,6.542,-25.17,3.554,-26,0.16,3.3
Andersson,53,13.55,Grober Vatersee,Germany,2017,9,20,12,European perch,GV_P_10,85.5,-26.87,8.5,3.34,-30.45,6.542,-25.17,3.554,-26.1,0.18,3.3
Andersson,53,13.55,Grober Vatersee,Germany,2017,9,20,12,European perch,GV_L_20,83.6,-26.52,8.52,3.33,-30.45,6.542,-25.17,3.554,-25.8,0.12,3.4
Andersson,53,13.55,Grober Vatersee,Germany,2017,9,20,12,European perch,GV_L_13,83.6,-27.21,9.79,3.23,-30.45,6.542,-25.17,3.554,-26.7,0.29,3.6
Andersson,53,13.55,Grober Vatersee,Germany,2017,9,20,12,European perch,GV_L_21,77.1,-26.63,8.49,3.23,-30.45,6.542,-25.17,3.554,-26.1,0.18,3.3
Andersson,53,13.55,Grober Vatersee,Germany,2017,9,20,12,European perch,GV_P_05,75.2,-26.61,8.95,3.23,-30.45,6.542,-25.17,3.554,-26.1,0.18,3.4
Andersson,53,13.55,Grober Vatersee,Germany,2017,9,20,12,European perch,GV_P_04,74.8,-26.66,8.77,3.24,-30.45,6.542,-25.17,3.554,-26.1,0.18,3.4
Andersson,53,13.55,Grober Vatersee,Germany,2017,9,20,12,European perch,GV_L_14,74.1,-26.63,8.81,3.25,-30.45,6.542,-25.17,3.554,-26.1,0.18,3.4
Andersson,53,13.55,Grober Vatersee,Germany,2017,9,20,12,European perch,GV_P_12,73.2,-27.06,8.77,3.27,-30.45,6.542,-25.17,3.554,-26.5,0.25,3.3
Andersson,53,13.55,Grober Vatersee,Germany,2017,9,20,12,European perch,GV_P_22,72.3,-26.73,8.77,3.27,-30.45,6.542,-25.17,3.554,-26.1,0.18,3.4
Andersson,53,13.55,Grober Vatersee,Germany,2017,9,20,12,European perch,GV_L_30,72.2,-25.7,8.31,3.2,-30.45,6.542,-25.17,3.554,-25.3,0.02,3.4
Andersson,53,13.55,Grober Vatersee,Germany,2017,9,20,12,European perch,GV_P_23,60.3,-26.22,9.11,3.36,-30.45,6.542,-25.17,3.554,-25.5,0.06,3.6
Andersson,53,13.55,Grober Vatersee,Germany,2017,9,20,12,European perch,GV_P_24,58.3,-26.46,9.18,3.23,-30.45,6.542,-25.17,3.554,-26,0.16,3.5
Andersson,59.87,17.17,Strandsjon,Sweden,2007,8,14,21,European perch,A46,62,-34.04,12.62,3.38,-35.1,6.7,-29.6,5.6,-33.2,0.65,3.9
Andersson,59.87,17.17,Strandsjon,Sweden,2007,8,14,21,European perch,A466,64,-34.07,12.55,3.29,-35.1,6.7,-29.6,5.6,-33.4,0.69,3.8
Andersson,59.87,17.17,Strandsjon,Sweden,2007,8,14,21,European perch,A72,65,-33.72,12.76,3.41,-35.1,6.7,-29.6,5.6,-32.9,0.6,3.9
Andersson,59.87,17.17,Strandsjon,Sweden,2007,8,14,21,European perch,A43,66,-34.13,13.37,3.44,-35.1,6.7,-29.6,5.6,-33.2,0.65,4.1
Andersson,59.87,17.17,Strandsjon,Sweden,2007,8,14,21,European perch,A56,67,-34.25,11.55,3.64,-35.1,6.7,-29.6,5.6,-33,0.62,3.5
Andersson,59.87,17.17,Strandsjon,Sweden,2007,8,14,21,European perch,A467,67,-34.14,12.89,3.33,-35.1,6.7,-29.6,5.6,-33.4,0.69,3.9
Andersson,59.87,17.17,Strandsjon,Sweden,2007,8,14,21,European perch,A45,68,-34.24,13.24,3.42,-35.1,6.7,-29.6,5.6,-33.4,0.69,4
Andersson,59.87,17.17,Strandsjon,Sweden,2007,8,14,21,European perch,A477,69,-34.04,13.15,3.37,-35.1,6.7,-29.6,5.6,-33.3,0.67,4
Andersson,59.87,17.17,Strandsjon,Sweden,2007,8,14,21,European perch,A357,70,-34.08,13.67,3.27,-35.1,6.7,-29.6,5.6,-33.5,0.71,4.1
Andersson,59.87,17.17,Strandsjon,Sweden,2007,8,14,21,European perch,A482,71,-34.06,12.82,3.34,-35.1,6.7,-29.6,5.6,-33.3,0.67,3.9
Andersson,59.87,17.17,Strandsjon,Sweden,2007,8,14,21,European perch,A484,73,-33.97,13.36,3.3,-35.1,6.7,-29.6,5.6,-33.3,0.67,4.1
Andersson,59.87,17.17,Strandsjon,Sweden,2007,8,14,21,European perch,A511,87,-34.08,12.94,3.3,-35.1,6.7,-29.6,5.6,-33.4,0.69,3.9
Andersson,59.87,17.17,Strandsjon,Sweden,2007,8,14,21,European perch,A341,90,-34.02,13.25,3.36,-35.1,6.7,-29.6,5.6,-33.3,0.67,4
Andersson,59.87,17.17,Strandsjon,Sweden,2007,8,14,21,European perch,A79,95,-34.16,14.18,3.25,-35.1,6.7,-29.6,5.6,-33.6,0.73,4.3
Andersson,59.87,17.17,Strandsjon,Sweden,2007,8,14,21,European perch,A76,95,-34.67,14.42,3.48,-35.1,6.7,-29.6,5.6,-33.7,0.75,4.4
Andersson,59.87,17.17,Strandsjon,Sweden,2007,8,14,21,European perch,A26,95,-34.08,13.61,3.35,-35.1,6.7,-29.6,5.6,-33.3,0.67,4.1
Andersson,59.87,17.17,Strandsjon,Sweden,2007,8,14,21,European perch,A66,97,-34.56,12.48,3.61,-35.1,6.7,-29.6,5.6,-33.4,0.69,3.8
Andersson,59.87,17.17,Strandsjon,Sweden,2007,8,14,21,European perch,A42,97,-34.39,13.61,3.44,-35.1,6.7,-29.6,5.6,-33.5,0.71,4.1
Andersson,59.87,17.17,Strandsjon,Sweden,2007,8,14,21,European perch,A362,97,-34.1,14.24,3.27,-35.1,6.7,-29.6,5.6,-33.5,0.71,4.3
Andersson,59.87,17.17,Strandsjon,Sweden,2007,8,14,21,European perch,A24,99,-33.85,12.54,3.37,-35.1,6.7,-29.6,5.6,-33.1,0.64,3.8
Andersson,59.87,17.17,Strandsjon,Sweden,2007,8,14,21,European perch,A55,100,-34.29,13.94,3.31,-35.1,6.7,-29.6,5.6,-33.6,0.73,4.2
Andersson,59.87,17.17,Strandsjon,Sweden,2007,8,14,21,European perch,A352,100,-34.07,14.22,3.28,-35.1,6.7,-29.6,5.6,-33.5,0.71,4.3
Andersson,59.87,17.17,Strandsjon,Sweden,2007,8,14,21,European perch,A40,101,-34.08,13.02,3.22,-35.1,6.7,-29.6,5.6,-33.6,0.73,3.9
Andersson,59.87,17.17,Strandsjon,Sweden,2007,8,14,21,European perch,A353,101,-34.2,14.48,3.24,-35.1,6.7,-29.6,5.6,-33.7,0.75,4.4
Andersson,59.87,17.17,Strandsjon,Sweden,2007,8,14,21,European perch,A44,102,-34.47,14.4,3.29,-35.1,6.7,-29.6,5.6,-33.8,0.76,4.3
Andersson,59.87,17.17,Strandsjon,Sweden,2007,8,14,21,European perch,A60,102,-34.21,14.22,3.26,-35.1,6.7,-29.6,5.6,-33.6,0.73,4.3
Andersson,59.87,17.17,Strandsjon,Sweden,2007,8,14,21,European perch,A38,103,-33.52,13.18,3.28,-35.1,6.7,-29.6,5.6,-32.9,0.6,4
Andersson,59.87,17.17,Strandsjon,Sweden,2007,8,14,21,European perch,A344,104,-34.41,12.64,3.23,-35.1,6.7,-29.6,5.6,-33.9,0.78,3.8
Andersson,59.87,17.17,Strandsjon,Sweden,2007,8,14,21,European perch,A37,105,-34.34,14.12,3.25,-35.1,6.7,-29.6,5.6,-33.8,0.76,4.3
Andersson,59.87,17.17,Strandsjon,Sweden,2007,8,14,21,European perch,A30,106,-34.39,13.34,3.32,-35.1,6.7,-29.6,5.6,-33.7,0.75,4
Andersson,59.87,17.17,Strandsjon,Sweden,2007,8,14,21,European perch,A67,106,-33.36,13.29,3.44,-35.1,6.7,-29.6,5.6,-32.4,0.51,4.1
Andersson,59.87,17.17,Strandsjon,Sweden,2007,8,14,21,European perch,A340,106,-34.52,12.16,3.29,-35.1,6.7,-29.6,5.6,-33.9,0.78,3.7
Andersson,59.87,17.17,Strandsjon,Sweden,2007,8,14,21,European perch,A349,107,-34.12,12.32,3.21,-35.1,6.7,-29.6,5.6,-33.7,0.75,3.7
Andersson,59.87,17.17,Strandsjon,Sweden,2007,8,14,21,European perch,A345,109,-34.22,12.37,3.22,-35.1,6.7,-29.6,5.6,-33.7,0.75,3.7
Andersson,59.87,17.17,Strandsjon,Sweden,2007,8,14,21,European perch,A335,110,-34.21,12.87,3.18,-35.1,6.7,-29.6,5.6,-33.8,0.76,3.9
Andersson,59.87,17.17,Strandsjon,Sweden,2007,8,14,21,European perch,A63,111,-32.74,12.48,3.37,-35.1,6.7,-29.6,5.6,-32,0.44,3.9
Andersson,59.87,17.17,Strandsjon,Sweden,2007,8,14,21,European perch,A343,111,-34.65,12.3,3.3,-35.1,6.7,-29.6,5.6,-34,0.8,3.7
Andersson,59.87,17.17,Strandsjon,Sweden,2007,8,14,21,European perch,A39,112,-34.2,13.04,3.28,-35.1,6.7,-29.6,5.6,-33.6,0.73,4
Andersson,59.87,17.17,Strandsjon,Sweden,2007,8,14,21,European perch,A337,112,-34.47,12.46,3.19,-35.1,6.7,-29.6,5.6,-34,0.8,3.8
Andersson,59.87,17.17,Strandsjon,Sweden,2007,8,14,21,European perch,A41,113,-34.35,13.29,3.31,-35.1,6.7,-29.6,5.6,-33.7,0.75,4
Andersson,59.87,17.17,Strandsjon,Sweden,2007,8,14,21,European perch,A409,113,-34.51,13.77,3.18,-35.1,6.7,-29.6,5.6,-34.1,0.82,4.1
Andersson,59.87,17.17,Strandsjon,Sweden,2007,8,14,21,European perch,A65,114,-33.44,11.99,3.31,-35.1,6.7,-29.6,5.6,-32.8,0.58,3.7
Andersson,59.87,17.17,Strandsjon,Sweden,2007,8,14,21,European perch,A23,114,-34.2,12.42,3.28,-35.1,6.7,-29.6,5.6,-33.6,0.73,3.8
Andersson,59.87,17.17,Strandsjon,Sweden,2007,8,14,21,European perch,A62,118,-33.29,13.44,3.33,-35.1,6.7,-29.6,5.6,-32.6,0.55,4.1
Andersson,59.87,17.17,Strandsjon,Sweden,2007,8,14,21,European perch,A27,120,-32.65,12.14,3.27,-35.1,6.7,-29.6,5.6,-32.1,0.45,3.8
Andersson,59.87,17.17,Strandsjon,Sweden,2007,8,14,21,European perch,A443,120,-34.06,13.32,3.27,-35.1,6.7,-29.6,5.6,-33.5,0.71,4
Andersson,59.87,17.17,Strandsjon,Sweden,2007,8,14,21,European perch,A17,121,-33.62,12.72,3.29,-35.1,6.7,-29.6,5.6,-33,0.62,3.9
Andersson,59.87,17.17,Strandsjon,Sweden,2007,8,14,21,European perch,A445,121,-33.76,13.45,3.27,-35.1,6.7,-29.6,5.6,-33.2,0.65,4.1
Andersson,59.87,17.17,Strandsjon,Sweden,2007,8,14,21,European perch,A18,124,-33.29,12.38,3.29,-35.1,6.7,-29.6,5.6,-32.7,0.56,3.8
Andersson,59.87,17.17,Strandsjon,Sweden,2007,8,14,21,European perch,A29,126,-32.7,12.73,3.23,-35.1,6.7,-29.6,5.6,-32.2,0.47,3.9
Andersson,59.87,17.17,Strandsjon,Sweden,2007,8,14,21,European perch,A351,126,-33.44,12.37,3.16,-35.1,6.7,-29.6,5.6,-33.1,0.64,3.8
Andersson,59.87,17.17,Strandsjon,Sweden,2007,8,14,21,European perch,A440,128,-33.49,12.54,3.11,-35.1,6.7,-29.6,5.6,-33.2,0.65,3.8
Andersson,59.87,17.17,Strandsjon,Sweden,2007,8,14,21,European perch,A448,136,-32.99,13.69,3.15,-35.1,6.7,-29.6,5.6,-32.7,0.56,4.2
Andersson,59.87,17.17,Strandsjon,Sweden,2007,8,14,21,European perch,A32,142,-32.58,11.97,3.19,-35.1,6.7,-29.6,5.6,-32.2,0.47,3.7
Andersson,59.87,17.17,Strandsjon,Sweden,2007,8,14,21,European perch,A439,146,-33.72,11.91,3.25,-35.1,6.7,-29.6,5.6,-33.2,0.65,3.6
Andersson,59.87,17.17,Strandsjon,Sweden,2007,8,14,21,European perch,A441,165,-31.67,11.52,3.09,-35.1,6.7,-29.6,5.6,-31.5,0.35,3.6
Andersson,59.87,17.17,Strandsjon,Sweden,2007,8,14,21,European perch,A435,189,-32.52,12.57,3.12,-35.1,6.7,-29.6,5.6,-32.3,0.49,3.9
Andersson,59.87,17.17,Strandsjon,Sweden,2007,8,14,21,European perch,A434,191,-32.88,12.5,3.21,-35.1,6.7,-29.6,5.6,-32.4,0.51,3.9
Andersson,59.87,17.17,Strandsjon,Sweden,2007,8,14,21,European perch,190,241,-32.65,13.17,3.26,-35.1,6.7,-29.6,5.6,-32.1,0.45,4.1
Andersson,57.11,14.48,Gyslattasjon,Sweden,2017,7,24,11.52,European perch,Gy_L_18,91.1,-30.77,7.11,3.46,-33.17,4,-29.49285714,2.524285714,-29.8,0.08,3.3
Andersson,57.11,14.48,Gyslattasjon,Sweden,2017,7,24,11.52,European perch,Gy_L_16,93.5,-30.82,6.8,3.43,-33.17,4,-29.49285714,2.524285714,-29.9,0.11,3.2
Andersson,57.11,14.48,Gyslattasjon,Sweden,2017,7,24,11.52,European perch,Gy_L_17,101.2,-31.78,7.73,3.51,-33.17,4,-29.49285714,2.524285714,-30.7,0.33,3.4
Andersson,57.11,14.48,Gyslattasjon,Sweden,2017,7,24,11.52,European perch,Gy_P_37,103,-31.18,7.48,3.45,-33.17,4,-29.49285714,2.524285714,-30.2,0.19,3.4
Andersson,57.11,14.48,Gyslattasjon,Sweden,2017,7,24,11.52,European perch,Gy_P_33,103.9,-31.11,7.99,3.41,-33.17,4,-29.49285714,2.524285714,-30.3,0.22,3.5
Andersson,57.11,14.48,Gyslattasjon,Sweden,2017,7,24,11.52,European perch,Gy_L_46,105,-31.49,7.76,3.26,-33.17,4,-29.49285714,2.524285714,-30.9,0.38,3.4
Andersson,57.11,14.48,Gyslattasjon,Sweden,2017,7,24,11.52,European perch,Gy_L_11,105.1,-30.36,7.38,3.26,-33.17,4,-29.49285714,2.524285714,-29.8,0.08,3.4
Andersson,57.11,14.48,Gyslattasjon,Sweden,2017,7,24,11.52,European perch,Gy_L_07,105.6,-32.1,7.47,3.51,-33.17,4,-29.49285714,2.524285714,-31.1,0.44,3.3
Andersson,57.11,14.48,Gyslattasjon,Sweden,2017,7,24,11.52,European perch,Gy_L_13,106.5,-31.4,7.95,3.47,-33.17,4,-29.49285714,2.524285714,-30.4,0.25,3.5
Andersson,57.11,14.48,Gyslattasjon,Sweden,2017,7,24,11.52,European perch,Gy_P_49,106.8,-30.68,7.02,3.23,-33.17,4,-29.49285714,2.524285714,-30.2,0.19,3.2
Andersson,57.11,14.48,Gyslattasjon,Sweden,2017,7,24,11.52,European perch,Gy_P_42,107.1,-31.1,7.45,3.22,-33.17,4,-29.49285714,2.524285714,-30.6,0.3,3.3
Andersson,57.11,14.48,Gyslattasjon,Sweden,2017,7,24,11.52,European perch,Gy_P_50,107.9,-31.04,7.53,3.34,-33.17,4,-29.49285714,2.524285714,-30.3,0.22,3.4
Andersson,57.11,14.48,Gyslattasjon,Sweden,2017,7,24,11.52,European perch,Gy_L_49,109.5,-30.95,7.37,3.31,-33.17,4,-29.49285714,2.524285714,-30.3,0.22,3.3
Andersson,57.11,14.48,Gyslattasjon,Sweden,2017,7,24,11.52,European perch,Gy_L_47,110,-31.3,7.5,3.38,-33.17,4,-29.49285714,2.524285714,-30.5,0.27,3.3
Andersson,57.11,14.48,Gyslattasjon,Sweden,2017,7,24,11.52,European perch,Gy_P_44,110.6,-30.95,7.23,3.29,-33.17,4,-29.49285714,2.524285714,-30.3,0.22,3.3
Andersson,57.11,14.48,Gyslattasjon,Sweden,2017,7,24,11.52,European perch,Gy_P_40,110.9,-31.02,7.83,3.35,-33.17,4,-29.49285714,2.524285714,-30.3,0.22,3.5
Andersson,57.11,14.48,Gyslattasjon,Sweden,2017,7,24,11.52,European perch,Gy_P_38,111,-31.04,7.38,3.4,-33.17,4,-29.49285714,2.524285714,-30.2,0.19,3.3
Andersson,57.11,14.48,Gyslattasjon,Sweden,2017,7,24,11.52,European perch,Gy_P_47,111.5,-30.57,7.32,3.24,-33.17,4,-29.49285714,2.524285714,-30,0.14,3.3
Andersson,57.11,14.48,Gyslattasjon,Sweden,2017,7,24,11.52,European perch,Gy_P_35,111.8,-30.68,7.57,3.28,-33.17,4,-29.49285714,2.524285714,-30.1,0.17,3.4
Andersson,57.11,14.48,Gyslattasjon,Sweden,2017,7,24,11.52,European perch,Gy_P_31,111.8,-31.05,7.49,3.43,-33.17,4,-29.49285714,2.524285714,-30.2,0.19,3.4
Andersson,57.11,14.48,Gyslattasjon,Sweden,2017,7,24,11.52,European perch,Gy_L_15,112.6,-31.23,7.89,3.28,-33.17,4,-29.49285714,2.524285714,-30.6,0.3,3.4
Andersson,57.11,14.48,Gyslattasjon,Sweden,2017,7,24,11.52,European perch,Gy_P_43,112.6,-30.51,7.41,3.26,-33.17,4,-29.49285714,2.524285714,-29.9,0.11,3.4
Andersson,57.11,14.48,Gyslattasjon,Sweden,2017,7,24,11.52,European perch,Gy_P_36,113,-31.36,7.83,3.24,-33.17,4,-29.49285714,2.524285714,-30.8,0.36,3.4
Andersson,57.11,14.48,Gyslattasjon,Sweden,2017,7,24,11.52,European perch,Gy_L_22,114.2,-32.05,7.84,3.26,-33.17,4,-29.49285714,2.524285714,-31.5,0.55,3.3
Andersson,57.11,14.48,Gyslattasjon,Sweden,2017,7,24,11.52,European perch,Gy_L_08,115.2,-30.65,8.1,3.33,-33.17,4,-29.49285714,2.524285714,-29.9,0.11,3.6
Andersson,57.11,14.48,Gyslattasjon,Sweden,2017,7,24,11.52,European perch,Gy_L_04,116.8,-30.66,8,3.41,-33.17,4,-29.49285714,2.524285714,-29.8,0.08,3.6
Andersson,57.11,14.48,Gyslattasjon,Sweden,2017,7,24,11.52,European perch,Gy_P_10,116.9,-30.92,7.88,3.34,-33.17,4,-29.49285714,2.524285714,-30.2,0.19,3.5
Andersson,57.11,14.48,Gyslattasjon,Sweden,2017,7,24,11.52,European perch,Gy_L_43,117.5,-31.39,8.19,3.33,-33.17,4,-29.49285714,2.524285714,-30.7,0.33,3.5
Andersson,57.11,14.48,Gyslattasjon,Sweden,2017,7,24,11.52,European perch,Gy_L_02,117.5,-31.99,8.11,3.38,-33.17,4,-29.49285714,2.524285714,-31.2,0.46,3.4
Andersson,57.11,14.48,Gyslattasjon,Sweden,2017,7,24,11.52,European perch,Gy_P_45,119.3,-30.82,7.8,3.36,-33.17,4,-29.49285714,2.524285714,-30.1,0.17,3.5
Andersson,57.11,14.48,Gyslattasjon,Sweden,2017,7,24,11.52,European perch,Gy_L_42,119.8,-31.39,7.76,3.37,-33.17,4,-29.49285714,2.524285714,-30.6,0.3,3.4
Andersson,57.11,14.48,Gyslattasjon,Sweden,2017,7,24,11.52,European perch,Gy_P_32,120.2,-30.22,7.38,3.27,-33.17,4,-29.49285714,2.524285714,-29.6,0.03,3.4
Andersson,57.11,14.48,Gyslattasjon,Sweden,2017,7,24,11.52,European perch,Gy_L_05,120.3,-30.94,8.06,3.33,-33.17,4,-29.49285714,2.524285714,-30.2,0.19,3.5
Andersson,57.11,14.48,Gyslattasjon,Sweden,2017,7,24,11.52,European perch,Gy_L_48,120.6,-31.49,7.9,3.3,-33.17,4,-29.49285714,2.524285714,-30.8,0.36,3.4
Andersson,57.11,14.48,Gyslattasjon,Sweden,2017,7,24,11.52,European perch,Gy_L_41,121.3,-30.96,7.77,3.31,-33.17,4,-29.49285714,2.524285714,-30.3,0.22,3.4
Andersson,57.11,14.48,Gyslattasjon,Sweden,2017,7,24,11.52,European perch,Gy_L_39,121.8,-31.47,8.32,3.37,-33.17,4,-29.49285714,2.524285714,-30.7,0.33,3.6
Andersson,57.11,14.48,Gyslattasjon,Sweden,2017,7,24,11.52,European perch,Gy_P_14,122,-30.63,7.56,3.23,-33.17,4,-29.49285714,2.524285714,-30.1,0.17,3.4
Andersson,57.11,14.48,Gyslattasjon,Sweden,2017,7,24,11.52,European perch,Gy_P_08,122.3,-30.23,7.62,3.33,-33.17,4,-29.49285714,2.524285714,-29.5,0,3.5
Andersson,57.11,14.48,Gyslattasjon,Sweden,2017,7,24,11.52,European perch,Gy_L_40,122.8,-30.79,7,3.31,-33.17,4,-29.49285714,2.524285714,-30.1,0.17,3.2
Andersson,57.11,14.48,Gyslattasjon,Sweden,2017,7,24,11.52,European perch,Gy_L_45,123,-30.72,7.81,3.37,-33.17,4,-29.49285714,2.524285714,-29.9,0.11,3.5
Andersson,57.11,14.48,Gyslattasjon,Sweden,2017,7,24,11.52,European perch,Gy_L_03,123.2,-31.62,7.73,3.28,-33.17,4,-29.49285714,2.524285714,-31,0.41,3.4
Andersson,57.11,14.48,Gyslattasjon,Sweden,2017,7,24,11.52,European perch,Gy_P_15,123.4,-30.3,7.64,3.24,-33.17,4,-29.49285714,2.524285714,-29.8,0.08,3.5
Andersson,57.11,14.48,Gyslattasjon,Sweden,2017,7,24,11.52,European perch,Gy_P_06,123.9,-30.42,7.53,3.25,-33.17,4,-29.49285714,2.524285714,-29.9,0.11,3.4
Andersson,57.11,14.48,Gyslattasjon,Sweden,2017,7,24,11.52,European perch,Gy_P_01,124.1,-30.89,7.66,3.31,-33.17,4,-29.49285714,2.524285714,-30.2,0.19,3.4
Andersson,57.11,14.48,Gyslattasjon,Sweden,2017,7,24,11.52,European perch,Gy_P_02,124.3,-31,7.92,3.26,-33.17,4,-29.49285714,2.524285714,-30.4,0.25,3.5
Andersson,57.11,14.48,Gyslattasjon,Sweden,2017,7,24,11.52,European perch,Gy_P_04,124.8,-30.71,8.09,3.28,-33.17,4,-29.49285714,2.524285714,-30.1,0.17,3.6
Andersson,57.11,14.48,Gyslattasjon,Sweden,2017,7,24,11.52,European perch,Gy_P_12,125,-30.71,7.64,3.28,-33.17,4,-29.49285714,2.524285714,-30.1,0.17,3.4
Andersson,57.11,14.48,Gyslattasjon,Sweden,2017,7,24,11.52,European perch,Gy_L_44,125.3,-30.2,7.69,3.33,-33.17,4,-29.49285714,2.524285714,-29.5,0,3.5
Andersson,57.11,14.48,Gyslattasjon,Sweden,2017,7,24,11.52,European perch,Gy_P_46,125.4,-30.37,7.72,3.24,-33.17,4,-29.49285714,2.524285714,-29.8,0.08,3.5
Andersson,57.11,14.48,Gyslattasjon,Sweden,2017,7,24,11.52,European perch,Gy_L_01,126.1,-30.42,7.35,3.32,-33.17,4,-29.49285714,2.524285714,-29.7,0.06,3.4
Andersson,57.11,14.48,Gyslattasjon,Sweden,2017,7,24,11.52,European perch,Gy_L_38,126.3,-31.25,7.79,3.28,-33.17,4,-29.49285714,2.524285714,-30.6,0.3,3.4
Andersson,57.11,14.48,Gyslattasjon,Sweden,2017,7,24,11.52,European perch,Gy_P_11,126.7,-30.41,7.91,3.25,-33.17,4,-29.49285714,2.524285714,-29.9,0.11,3.5
Andersson,57.11,14.48,Gyslattasjon,Sweden,2017,7,24,11.52,European perch,Gy_P_03,127.2,-30.58,7.7,3.32,-33.17,4,-29.49285714,2.524285714,-29.9,0.11,3.5
Andersson,57.11,14.48,Gyslattasjon,Sweden,2017,7,24,11.52,European perch,Gy_P_05,131.4,-30.64,8.1,3.28,-33.17,4,-29.49285714,2.524285714,-30,0.14,3.6
Andersson,57.11,14.48,Gyslattasjon,Sweden,2017,7,24,11.52,European perch,Gy_L_06,138.6,-30.86,8.2,3.24,-33.17,4,-29.49285714,2.524285714,-30.3,0.22,3.6
Andersson,57.11,14.48,Gyslattasjon,Sweden,2017,7,24,11.52,European perch,Gy_L_37,170.4,-30.12,8.47,3.21,-33.17,4,-29.49285714,2.524285714,-29.7,0.06,3.7
Andersson,57.11,14.48,Gyslattasjon,Sweden,2017,7,24,11.52,European perch,Gy_L_50,264.3,-29.6,9.08,3.16,-33.17,4,-29.49285714,2.524285714,-29.2,0,4
Andersson,57.11,14.48,Gyslattasjon,Sweden,2017,7,24,11.52,European perch,Gy_L_19,280.9,-30.18,9.06,3.22,-33.17,4,-29.49285714,2.524285714,-29.7,0.06,3.9
Andersson,59.73,17.84,Valloxen,Sweden,2007,8,17,17.6,European perch,A521,52,-30.5,12.91,3.26,-31.6,4.9,-29.1,4.7,-29.9,0.32,4.4
Andersson,59.73,17.84,Valloxen,Sweden,2007,8,17,17.6,European perch,A518,53,-30.55,13.09,3.26,-31.6,4.9,-29.1,4.7,-30,0.36,4.4
Andersson,59.73,17.84,Valloxen,Sweden,2007,8,17,17.6,European perch,A520,54,-30.5,12.63,3.34,-31.6,4.9,-29.1,4.7,-29.8,0.28,4.3
Andersson,59.73,17.84,Valloxen,Sweden,2007,8,17,17.6,European perch,A515,55,-30.47,13.29,3.22,-31.6,4.9,-29.1,4.7,-30,0.36,4.5
Andersson,59.73,17.84,Valloxen,Sweden,2007,8,17,17.6,European perch,A365,55,-30.42,12.4,3.25,-31.6,4.9,-29.1,4.7,-29.9,0.32,4.2
Andersson,59.73,17.84,Valloxen,Sweden,2007,8,17,17.6,European perch,A516,57,-30.34,12.87,3.22,-31.6,4.9,-29.1,4.7,-29.9,0.32,4.4
Andersson,59.73,17.84,Valloxen,Sweden,2007,8,17,17.6,European perch,A366,58,-29.85,11.94,3.23,-31.6,4.9,-29.1,4.7,-29.3,0.08,4.1
Andersson,59.73,17.84,Valloxen,Sweden,2007,8,17,17.6,European perch,A375,87,-30.27,13.59,3.21,-31.6,4.9,-29.1,4.7,-29.8,0.28,4.6
Andersson,59.73,17.84,Valloxen,Sweden,2007,8,17,17.6,European perch,A396,89,-30.43,13,3.23,-31.6,4.9,-29.1,4.7,-29.9,0.32,4.4
Andersson,59.73,17.84,Valloxen,Sweden,2007,8,17,17.6,European perch,A536,91,-29.69,14.28,3.23,-31.6,4.9,-29.1,4.7,-29.2,0.04,4.8
Andersson,59.73,17.84,Valloxen,Sweden,2007,8,17,17.6,European perch,A534,92,-31.12,13.69,3.26,-31.6,4.9,-29.1,4.7,-30.6,0.6,4.6
Andersson,59.73,17.84,Valloxen,Sweden,2007,8,17,17.6,European perch,A391,92,-30.29,15.23,3.2,-31.6,4.9,-29.1,4.7,-29.8,0.28,5.1
Andersson,59.73,17.84,Valloxen,Sweden,2007,8,17,17.6,European perch,A531,93,-30.84,14.21,3.18,-31.6,4.9,-29.1,4.7,-30.4,0.52,4.8
Andersson,59.73,17.84,Valloxen,Sweden,2007,8,17,17.6,European perch,A368,93,-30.2,13.83,3.19,-31.6,4.9,-29.1,4.7,-29.8,0.28,4.7
Andersson,59.73,17.84,Valloxen,Sweden,2007,8,17,17.6,European perch,A532,94,-30.49,14.62,3.23,-31.6,4.9,-29.1,4.7,-30,0.36,4.9
Andersson,59.73,17.84,Valloxen,Sweden,2007,8,17,17.6,European perch,A389,94,-30.34,14.07,3.23,-31.6,4.9,-29.1,4.7,-29.8,0.28,4.7
Andersson,59.73,17.84,Valloxen,Sweden,2007,8,17,17.6,European perch,A388,95,-30.34,14.27,3.25,-31.6,4.9,-29.1,4.7,-29.8,0.28,4.8
Andersson,59.73,17.84,Valloxen,Sweden,2007,8,17,17.6,European perch,A394,96,-30.06,14.28,3.25,-31.6,4.9,-29.1,4.7,-29.5,0.16,4.8
Andersson,59.73,17.84,Valloxen,Sweden,2007,8,17,17.6,European perch,A390,96,-30.35,13.88,3.19,-31.6,4.9,-29.1,4.7,-29.9,0.32,4.7
Andersson,59.73,17.84,Valloxen,Sweden,2007,8,17,17.6,European perch,A533,97,-30.77,12.54,3.2,-31.6,4.9,-29.1,4.7,-30.3,0.48,4.3
Andersson,59.73,17.84,Valloxen,Sweden,2007,8,17,17.6,European perch,A549,97,-30.45,14.73,3.23,-31.6,4.9,-29.1,4.7,-29.9,0.32,4.9
Andersson,59.73,17.84,Valloxen,Sweden,2007,8,17,17.6,European perch,A377,97,-29.84,13.73,3.18,-31.6,4.9,-29.1,4.7,-29.4,0.12,4.6
Andersson,59.73,17.84,Valloxen,Sweden,2007,8,17,17.6,European perch,A378,98,-30.68,13.55,3.17,-31.6,4.9,-29.1,4.7,-30.3,0.48,4.6
Andersson,59.73,17.84,Valloxen,Sweden,2007,8,17,17.6,European perch,A383,98,-30.47,13.69,3.27,-31.6,4.9,-29.1,4.7,-29.9,0.32,4.6
Andersson,59.73,17.84,Valloxen,Sweden,2007,8,17,17.6,European perch,A395,98,-30.71,13.32,3.19,-31.6,4.9,-29.1,4.7,-30.3,0.48,4.5
Andersson,59.73,17.84,Valloxen,Sweden,2007,8,17,17.6,European perch,A373,98,-30.25,13.2,3.2,-31.6,4.9,-29.1,4.7,-29.8,0.28,4.5
Andersson,59.73,17.84,Valloxen,Sweden,2007,8,17,17.6,European perch,A541,99,-30.78,15.01,3.15,-31.6,4.9,-29.1,4.7,-30.4,0.52,5
Andersson,59.73,17.84,Valloxen,Sweden,2007,8,17,17.6,European perch,A376,99,-30.35,14.32,3.19,-31.6,4.9,-29.1,4.7,-29.9,0.32,4.8
Andersson,59.73,17.84,Valloxen,Sweden,2007,8,17,17.6,European perch,A392,99,-30.24,14.44,3.26,-31.6,4.9,-29.1,4.7,-29.7,0.24,4.9
Andersson,59.73,17.84,Valloxen,Sweden,2007,8,17,17.6,European perch,A327,100,-31.52,12.18,2.99,-31.6,4.9,-29.1,4.7,-31.6,1,4.1
Andersson,59.73,17.84,Valloxen,Sweden,2007,8,17,17.6,European perch,A381,100,-30.32,13.71,3.17,-31.6,4.9,-29.1,4.7,-29.9,0.32,4.6
Andersson,59.73,17.84,Valloxen,Sweden,2007,8,17,17.6,European perch,A387,100,-30.3,14.08,3.22,-31.6,4.9,-29.1,4.7,-29.8,0.28,4.7
Andersson,59.73,17.84,Valloxen,Sweden,2007,8,17,17.6,European perch,A384,100,-30.46,13.68,3.19,-31.6,4.9,-29.1,4.7,-30,0.36,4.6
Andersson,59.73,17.84,Valloxen,Sweden,2007,8,17,17.6,European perch,A369,100,-30.35,13.88,3.24,-31.6,4.9,-29.1,4.7,-29.8,0.28,4.7
Andersson,59.73,17.84,Valloxen,Sweden,2007,8,17,17.6,European perch,A330,101,-30.42,12.32,3.09,-31.6,4.9,-29.1,4.7,-30.2,0.44,4.2
Andersson,59.73,17.84,Valloxen,Sweden,2007,8,17,17.6,European perch,A367,101,-30.4,14.26,3.15,-31.6,4.9,-29.1,4.7,-30.1,0.4,4.8
Andersson,59.73,17.84,Valloxen,Sweden,2007,8,17,17.6,European perch,A393,101,-29.46,13.68,3.19,-31.6,4.9,-29.1,4.7,-29,0,4.6
Andersson,59.73,17.84,Valloxen,Sweden,2007,8,17,17.6,European perch,A319,102,-29.96,14.05,3.2,-31.6,4.9,-29.1,4.7,-29.5,0.16,4.7
Andersson,59.73,17.84,Valloxen,Sweden,2007,8,17,17.6,European perch,A318,103,-30.35,13.45,3.21,-31.6,4.9,-29.1,4.7,-29.9,0.32,4.6
Andersson,59.73,17.84,Valloxen,Sweden,2007,8,17,17.6,European perch,A540,103,-30.61,14.12,3.19,-31.6,4.9,-29.1,4.7,-30.2,0.44,4.7
Andersson,59.73,17.84,Valloxen,Sweden,2007,8,17,17.6,European perch,A380,103,-30.27,14.35,3.21,-31.6,4.9,-29.1,4.7,-29.8,0.28,4.8
Andersson,59.73,17.84,Valloxen,Sweden,2007,8,17,17.6,European perch,A530,104,-30.1,13.62,3.18,-31.6,4.9,-29.1,4.7,-29.7,0.24,4.6
Andersson,59.73,17.84,Valloxen,Sweden,2007,8,17,17.6,European perch,A555,104,-30.74,13.31,3.26,-31.6,4.9,-29.1,4.7,-30.2,0.44,4.5
Andersson,59.73,17.84,Valloxen,Sweden,2007,8,17,17.6,European perch,A371,104,-30.18,14.17,3.17,-31.6,4.9,-29.1,4.7,-29.8,0.28,4.8
Andersson,59.73,17.84,Valloxen,Sweden,2007,8,17,17.6,European perch,A385,104,-30.34,14.08,3.18,-31.6,4.9,-29.1,4.7,-29.9,0.32,4.7
Andersson,59.73,17.84,Valloxen,Sweden,2007,8,17,17.6,European perch,A374,104,-30.11,13.84,3.19,-31.6,4.9,-29.1,4.7,-29.7,0.24,4.7
Andersson,59.73,17.84,Valloxen,Sweden,2007,8,17,17.6,European perch,A386,105,-30.59,14.04,3.23,-31.6,4.9,-29.1,4.7,-30.1,0.4,4.7
Andersson,59.73,17.84,Valloxen,Sweden,2007,8,17,17.6,European perch,A545,106,-30.46,14.11,3.17,-31.6,4.9,-29.1,4.7,-30.1,0.4,4.7
Andersson,59.73,17.84,Valloxen,Sweden,2007,8,17,17.6,European perch,A370,106,-30.44,13.71,3.18,-31.6,4.9,-29.1,4.7,-30,0.36,4.6
Andersson,59.73,17.84,Valloxen,Sweden,2007,8,17,17.6,European perch,A379,106,-30.3,13.93,3.16,-31.6,4.9,-29.1,4.7,-29.9,0.32,4.7
Andersson,59.73,17.84,Valloxen,Sweden,2007,8,17,17.6,European perch,A542,107,-30.51,11.71,3.14,-31.6,4.9,-29.1,4.7,-30.2,0.44,4
Andersson,59.73,17.84,Valloxen,Sweden,2007,8,17,17.6,European perch,A322,108,-30.14,13.83,3.16,-31.6,4.9,-29.1,4.7,-29.8,0.28,4.7
Andersson,59.73,17.84,Valloxen,Sweden,2007,8,17,17.6,European perch,A321,121,-31.15,10.53,3.16,-31.6,4.9,-29.1,4.7,-30.8,0.68,3.7
Andersson,59.73,17.84,Valloxen,Sweden,2007,8,17,17.6,European perch,A331,143,-29.99,11.04,3.1,-31.6,4.9,-29.1,4.7,-29.8,0.28,3.8
Andersson,59.73,17.84,Valloxen,Sweden,2007,8,17,17.6,European perch,A334,210,-29.41,13.82,3.17,-31.6,4.9,-29.1,4.7,-29,0,4.7
Andersson,59.73,17.84,Valloxen,Sweden,2007,8,17,17.6,European perch,A90,232,-28.41,15.72,3.2,-31.6,4.9,-29.1,4.7,-28,0,5.3
Andersson,59.73,17.84,Valloxen,Sweden,2007,8,17,17.6,European perch,A88,235,-29.46,15.46,3.08,-31.6,4.9,-29.1,4.7,-29.3,0.08,5.2
Andersson,59.73,17.84,Valloxen,Sweden,2007,8,17,17.6,European perch,A89,284,-29.24,15.48,3.11,-31.6,4.9,-29.1,4.7,-29,0,5.2
Andersson,59.73,17.84,Valloxen,Sweden,2007,8,17,17.6,European perch,A91,354,-28.73,14.1,3.25,-31.6,4.9,-29.1,4.7,-28.2,0,4.8
Andersson,56.59,15.73,Brunnsjon,Sweden,2017,7,29,18.94,European perch,Br_L_11,92.4,-30.76,4.85,3.11,-35.42166667,1.766666667,-28.40444444,1.458888889,-30.5,0.3,3
Andersson,56.59,15.73,Brunnsjon,Sweden,2017,7,29,18.94,European perch,Br_L_08,94.6,-31.51,5.01,3.16,-35.42166667,1.766666667,-28.40444444,1.458888889,-31.2,0.4,3
Andersson,56.59,15.73,Brunnsjon,Sweden,2017,7,29,18.94,European perch,Br_P_40,94.7,-32.01,4.86,3.22,-35.42166667,1.766666667,-28.40444444,1.458888889,-31.5,0.44,3
Andersson,56.59,15.73,Brunnsjon,Sweden,2017,7,29,18.94,European perch,Br_L_07,96.9,-30.37,5.95,3.14,-35.42166667,1.766666667,-28.40444444,1.458888889,-30.1,0.24,3.3
Andersson,56.59,15.73,Brunnsjon,Sweden,2017,7,29,18.94,European perch,Br_L_31,98.1,-31.46,5.5,3.15,-35.42166667,1.766666667,-28.40444444,1.458888889,-31.1,0.38,3.2
Andersson,56.59,15.73,Brunnsjon,Sweden,2017,7,29,18.94,European perch,Br_L_35,98.4,-31.6,4.91,3.2,-35.42166667,1.766666667,-28.40444444,1.458888889,-31.2,0.4,3
Andersson,56.59,15.73,Brunnsjon,Sweden,2017,7,29,18.94,European perch,Br_L_24,98.7,-31.54,5.46,3.13,-35.42166667,1.766666667,-28.40444444,1.458888889,-31.2,0.4,3.1
Andersson,56.59,15.73,Brunnsjon,Sweden,2017,7,29,18.94,European perch,Br_L_42,99.7,-31.46,5.32,3.16,-35.42166667,1.766666667,-28.40444444,1.458888889,-31.1,0.38,3.1
Andersson,56.59,15.73,Brunnsjon,Sweden,2017,7,29,18.94,European perch,Br_P_30,99.9,-31.19,5.38,3.15,-35.42166667,1.766666667,-28.40444444,1.458888889,-30.9,0.36,3.1
Andersson,56.59,15.73,Brunnsjon,Sweden,2017,7,29,18.94,European perch,Br_L_04,100.3,-31.24,5.66,3.21,-35.42166667,1.766666667,-28.40444444,1.458888889,-30.8,0.34,3.2
Andersson,56.59,15.73,Brunnsjon,Sweden,2017,7,29,18.94,European perch,Br_L_28,100.9,-31.25,5.4,3.17,-35.42166667,1.766666667,-28.40444444,1.458888889,-30.9,0.36,3.1
Andersson,56.59,15.73,Brunnsjon,Sweden,2017,7,29,18.94,European perch,Br_L_37,101.1,-31.26,5.38,3.12,-35.42166667,1.766666667,-28.40444444,1.458888889,-31,0.37,3.1
Andersson,56.59,15.73,Brunnsjon,Sweden,2017,7,29,18.94,European perch,Br_P_26,101.1,-31.47,5.06,3.17,-35.42166667,1.766666667,-28.40444444,1.458888889,-31.1,0.38,3
Andersson,56.59,15.73,Brunnsjon,Sweden,2017,7,29,18.94,European perch,Br_L_39,101.6,-31.41,5.33,3.16,-35.42166667,1.766666667,-28.40444444,1.458888889,-31.1,0.38,3.1
Andersson,56.59,15.73,Brunnsjon,Sweden,2017,7,29,18.94,European perch,Br_L_34,101.8,-31.75,5.88,3.19,-35.42166667,1.766666667,-28.40444444,1.458888889,-31.3,0.41,3.3
Andersson,56.59,15.73,Brunnsjon,Sweden,2017,7,29,18.94,European perch,Br_P_28,102,-31.76,5.02,3.19,-35.42166667,1.766666667,-28.40444444,1.458888889,-31.3,0.41,3
Andersson,56.59,15.73,Brunnsjon,Sweden,2017,7,29,18.94,European perch,Br_P_35,102.3,-31.98,4.6,3.12,-35.42166667,1.766666667,-28.40444444,1.458888889,-31.7,0.47,2.9
Andersson,56.59,15.73,Brunnsjon,Sweden,2017,7,29,18.94,European perch,Br_L_30,102.5,-31.09,5.21,3.13,-35.42166667,1.766666667,-28.40444444,1.458888889,-30.8,0.34,3.1
Andersson,56.59,15.73,Brunnsjon,Sweden,2017,7,29,18.94,European perch,Br_L_06,102.6,-31.33,4.98,3.15,-35.42166667,1.766666667,-28.40444444,1.458888889,-31,0.37,3
Andersson,56.59,15.73,Brunnsjon,Sweden,2017,7,29,18.94,European perch,Br_P_24,103.6,-31.54,5.22,3.14,-35.42166667,1.766666667,-28.40444444,1.458888889,-31.2,0.4,3.1
Andersson,56.59,15.73,Brunnsjon,Sweden,2017,7,29,18.94,European perch,Br_P_13,103.8,-31.73,4.96,3.21,-35.42166667,1.766666667,-28.40444444,1.458888889,-31.3,0.41,3
Andersson,56.59,15.73,Brunnsjon,Sweden,2017,7,29,18.94,European perch,Br_P_37,104.1,-31.88,5,3.25,-35.42166667,1.766666667,-28.40444444,1.458888889,-31.3,0.41,3
Andersson,56.59,15.73,Brunnsjon,Sweden,2017,7,29,18.94,European perch,Br_P_21,104.5,-31.78,5.2,3.27,-35.42166667,1.766666667,-28.40444444,1.458888889,-31.2,0.4,3.1
Andersson,56.59,15.73,Brunnsjon,Sweden,2017,7,29,18.94,European perch,Br_P_10,104.6,-31.5,5.21,3.16,-35.42166667,1.766666667,-28.40444444,1.458888889,-31.1,0.38,3.1
Andersson,56.59,15.73,Brunnsjon,Sweden,2017,7,29,18.94,European perch,Br_P_05,104.7,-31.32,5.44,3.12,-35.42166667,1.766666667,-28.40444444,1.458888889,-31.1,0.38,3.1
Andersson,56.59,15.73,Brunnsjon,Sweden,2017,7,29,18.94,European perch,Br_L_38,105,-31.26,5.57,3.22,-35.42166667,1.766666667,-28.40444444,1.458888889,-30.8,0.34,3.2
Andersson,56.59,15.73,Brunnsjon,Sweden,2017,7,29,18.94,European perch,Br_P_11,105,-31.13,5.15,3.24,-35.42166667,1.766666667,-28.40444444,1.458888889,-30.6,0.31,3.1
Andersson,56.59,15.73,Brunnsjon,Sweden,2017,7,29,18.94,European perch,Br_P_22,105.8,-31.21,5.47,3.17,-35.42166667,1.766666667,-28.40444444,1.458888889,-30.8,0.34,3.1
Andersson,56.59,15.73,Brunnsjon,Sweden,2017,7,29,18.94,European perch,Br_P_18,106.1,-32.15,4.78,3.11,-35.42166667,1.766666667,-28.40444444,1.458888889,-31.9,0.5,2.9
Andersson,56.59,15.73,Brunnsjon,Sweden,2017,7,29,18.94,European perch,Br_L_25,106.2,-30.51,5.44,3.21,-35.42166667,1.766666667,-28.40444444,1.458888889,-30,0.23,3.2
Andersson,56.59,15.73,Brunnsjon,Sweden,2017,7,29,18.94,European perch,Br_P_15,106.2,-31.57,4.98,3.18,-35.42166667,1.766666667,-28.40444444,1.458888889,-31.2,0.4,3
Andersson,56.59,15.73,Brunnsjon,Sweden,2017,7,29,18.94,European perch,Br_P_04,106.5,-31.57,5.06,3.1,-35.42166667,1.766666667,-28.40444444,1.458888889,-31.3,0.41,3
Andersson,56.59,15.73,Brunnsjon,Sweden,2017,7,29,18.94,European perch,Br_P_19,106.6,-31.34,5.25,3.21,-35.42166667,1.766666667,-28.40444444,1.458888889,-30.9,0.36,3.1
Andersson,56.59,15.73,Brunnsjon,Sweden,2017,7,29,18.94,European perch,Br_P_31,106.6,-31.38,5.01,3.17,-35.42166667,1.766666667,-28.40444444,1.458888889,-31,0.37,3
Andersson,56.59,15.73,Brunnsjon,Sweden,2017,7,29,18.94,European perch,Br_L_27,107.7,-29.67,5.98,3.15,-35.42166667,1.766666667,-28.40444444,1.458888889,-29.3,0.13,3.3
Andersson,56.59,15.73,Brunnsjon,Sweden,2017,7,29,18.94,European perch,Br_L_33,107.8,-31.25,5.05,3.12,-35.42166667,1.766666667,-28.40444444,1.458888889,-31,0.37,3
Andersson,56.59,15.73,Brunnsjon,Sweden,2017,7,29,18.94,European perch,Br_P_23,107.8,-31.43,4.96,3.13,-35.42166667,1.766666667,-28.40444444,1.458888889,-31.1,0.38,3
Andersson,56.59,15.73,Brunnsjon,Sweden,2017,7,29,18.94,European perch,Br_P_25,108,-31.6,5.1,3.21,-35.42166667,1.766666667,-28.40444444,1.458888889,-31.1,0.38,3
Andersson,56.59,15.73,Brunnsjon,Sweden,2017,7,29,18.94,European perch,Br_P_34,108.3,-31.23,4.99,3.13,-35.42166667,1.766666667,-28.40444444,1.458888889,-30.9,0.36,3
Andersson,56.59,15.73,Brunnsjon,Sweden,2017,7,29,18.94,European perch,Br_L_19,108.4,-31.55,5.04,3.14,-35.42166667,1.766666667,-28.40444444,1.458888889,-31.2,0.4,3
Andersson,56.59,15.73,Brunnsjon,Sweden,2017,7,29,18.94,European perch,Br_P_27,108.8,-31.25,5.32,3.16,-35.42166667,1.766666667,-28.40444444,1.458888889,-30.9,0.36,3.1
Andersson,56.59,15.73,Brunnsjon,Sweden,2017,7,29,18.94,European perch,Br_P_01,109,-30.9,5.13,3.09,-35.42166667,1.766666667,-28.40444444,1.458888889,-30.7,0.33,3
Andersson,56.59,15.73,Brunnsjon,Sweden,2017,7,29,18.94,European perch,Br_L_02,109.2,-31.77,6.53,3.13,-35.42166667,1.766666667,-28.40444444,1.458888889,-31.5,0.44,3.5
Andersson,56.59,15.73,Brunnsjon,Sweden,2017,7,29,18.94,European perch,Br_P_36,109.5,-31.49,5.25,3.16,-35.42166667,1.766666667,-28.40444444,1.458888889,-31.1,0.38,3.1
Andersson,56.59,15.73,Brunnsjon,Sweden,2017,7,29,18.94,European perch,Br_P_16,109.8,-31.77,5.03,3.2,-35.42166667,1.766666667,-28.40444444,1.458888889,-31.3,0.41,3
Andersson,56.59,15.73,Brunnsjon,Sweden,2017,7,29,18.94,European perch,Br_P_33,110.3,-31.1,4.98,3.13,-35.42166667,1.766666667,-28.40444444,1.458888889,-30.8,0.34,3
Andersson,56.59,15.73,Brunnsjon,Sweden,2017,7,29,18.94,European perch,Br_P_32,110.4,-31.51,5.27,3.15,-35.42166667,1.766666667,-28.40444444,1.458888889,-31.2,0.4,3.1
Andersson,56.59,15.73,Brunnsjon,Sweden,2017,7,29,18.94,European perch,Br_P_08,110.7,-30.84,5.25,3.13,-35.42166667,1.766666667,-28.40444444,1.458888889,-30.5,0.3,3.1
Andersson,56.59,15.73,Brunnsjon,Sweden,2017,7,29,18.94,European perch,Br_P_20,110.7,-31.22,5.32,3.15,-35.42166667,1.766666667,-28.40444444,1.458888889,-30.9,0.36,3.1
Andersson,56.59,15.73,Brunnsjon,Sweden,2017,7,29,18.94,European perch,Br_P_07,110.8,-31.3,6.53,3.12,-35.42166667,1.766666667,-28.40444444,1.458888889,-31,0.37,3.5
Andersson,56.59,15.73,Brunnsjon,Sweden,2017,7,29,18.94,European perch,Br_L_17,116.8,-30.8,6.91,3.08,-35.42166667,1.766666667,-28.40444444,1.458888889,-30.6,0.31,3.6
Andersson,56.59,15.73,Brunnsjon,Sweden,2017,7,29,18.94,European perch,Br_P_42,118.1,-31.22,6.88,3.12,-35.42166667,1.766666667,-28.40444444,1.458888889,-31,0.37,3.6
Andersson,56.59,15.73,Brunnsjon,Sweden,2017,7,29,18.94,European perch,Br_L_16,118.7,-31.08,6.43,3.11,-35.42166667,1.766666667,-28.40444444,1.458888889,-30.8,0.34,3.4
Andersson,56.59,15.73,Brunnsjon,Sweden,2017,7,29,18.94,European perch,Br_L_13,121.3,-30.88,5.96,3.07,-35.42166667,1.766666667,-28.40444444,1.458888889,-30.7,0.33,3.3
Andersson,56.59,15.73,Brunnsjon,Sweden,2017,7,29,18.94,European perch,Br_L_14,122.9,-30.89,7.75,3.12,-35.42166667,1.766666667,-28.40444444,1.458888889,-30.6,0.31,3.8
Andersson,56.59,15.73,Brunnsjon,Sweden,2017,7,29,18.94,European perch,Br_L_12,128.6,-30.83,6.15,3.11,-35.42166667,1.766666667,-28.40444444,1.458888889,-30.6,0.31,3.4
Andersson,56.59,15.73,Brunnsjon,Sweden,2017,7,29,18.94,European perch,Br_L_43,154.7,-28.04,6.3,3.14,-35.42166667,1.766666667,-28.40444444,1.458888889,-27.7,0,3.4
Andersson,56.59,15.73,Brunnsjon,Sweden,2017,7,29,18.94,European perch,Br_L_01,166.2,-28.53,6.3,3.03,-35.42166667,1.766666667,-28.40444444,1.458888889,-28.5,0.01,3.4
Andersson,56.59,15.73,Brunnsjon,Sweden,2017,7,29,18.94,European perch,Br_L_18,180.9,-30.77,7.13,3.06,-35.42166667,1.766666667,-28.40444444,1.458888889,-30.6,0.31,3.6
Andersson,56.59,15.73,Brunnsjon,Sweden,2017,7,29,18.94,European perch,Br_L_44,246.6,-29.97,7.33,3.03,-35.42166667,1.766666667,-28.40444444,1.458888889,-29.9,0.21,3.7
Andersson,56.59,15.73,Brunnsjon,Sweden,2017,7,29,18.94,European perch,Br_L_45,292.5,-29.73,8.34,3.19,-35.42166667,1.766666667,-28.40444444,1.458888889,-29.3,0.13,4
Andersson,63.86,18.27,Remmarsjon,Sweden,2017,8,2,9.18,European perch,Re_L_16,96.4,-31.03,8.3,3.19,-34.00333333,4.56,-28.27666667,1.623333333,-30.6,0.41,3.6
Andersson,63.86,18.27,Remmarsjon,Sweden,2017,8,2,9.18,European perch,Re_L_08,114,-30.93,8.74,3.23,-34.00333333,4.56,-28.27666667,1.623333333,-30.4,0.37,3.8
Andersson,63.86,18.27,Remmarsjon,Sweden,2017,8,2,9.18,European perch,Re_L_09,119,-30.51,8.6,3.26,-34.00333333,4.56,-28.27666667,1.623333333,-29.9,0.28,3.8
Andersson,63.86,18.27,Remmarsjon,Sweden,2017,8,2,9.18,European perch,Re_L_24,121.3,-30.63,8.99,3.24,-34.00333333,4.56,-28.27666667,1.623333333,-30.1,0.32,3.9
Andersson,63.86,18.27,Remmarsjon,Sweden,2017,8,2,9.18,European perch,Re_L_23,121.8,-30.87,8.69,3.23,-34.00333333,4.56,-28.27666667,1.623333333,-30.4,0.37,3.8
Andersson,63.86,18.27,Remmarsjon,Sweden,2017,8,2,9.18,European perch,Re_L_22,121.9,-30.89,8.69,3.28,-34.00333333,4.56,-28.27666667,1.623333333,-30.3,0.35,3.8
Andersson,63.86,18.27,Remmarsjon,Sweden,2017,8,2,9.18,European perch,Re_L_27,126.6,-30.54,8.99,3.23,-34.00333333,4.56,-28.27666667,1.623333333,-30,0.3,3.9
Andersson,63.86,18.27,Remmarsjon,Sweden,2017,8,2,9.18,European perch,Re_L_21,128.1,-30.41,7.91,3.19,-34.00333333,4.56,-28.27666667,1.623333333,-30,0.3,3.6
Andersson,63.86,18.27,Remmarsjon,Sweden,2017,8,2,9.18,European perch,Re_L_02,130.6,-30.04,8.01,3.16,-34.00333333,4.56,-28.27666667,1.623333333,-29.7,0.25,3.7
Andersson,63.86,18.27,Remmarsjon,Sweden,2017,8,2,9.18,European perch,Re_L_30,131.8,-30.75,8.64,3.21,-34.00333333,4.56,-28.27666667,1.623333333,-30.3,0.35,3.8
Andersson,63.86,18.27,Remmarsjon,Sweden,2017,8,2,9.18,European perch,Re_L_03,132.3,-30.56,9.16,3.18,-34.00333333,4.56,-28.27666667,1.623333333,-30.2,0.34,3.9
Andersson,63.86,18.27,Remmarsjon,Sweden,2017,8,2,9.18,European perch,Re_L_25,134,-30.91,8.69,3.2,-34.00333333,4.56,-28.27666667,1.623333333,-30.5,0.39,3.7
Andersson,63.86,18.27,Remmarsjon,Sweden,2017,8,2,9.18,European perch,Re_L_20,134.3,-30.79,8.42,3.2,-34.00333333,4.56,-28.27666667,1.623333333,-30.3,0.35,3.7
Andersson,63.86,18.27,Remmarsjon,Sweden,2017,8,2,9.18,European perch,Re_L_01,135.9,-29.8,7.28,3.17,-34.00333333,4.56,-28.27666667,1.623333333,-29.4,0.2,3.5
Andersson,63.86,18.27,Remmarsjon,Sweden,2017,8,2,9.18,European perch,Re_L_29,135.9,-30.27,7.95,3.21,-34.00333333,4.56,-28.27666667,1.623333333,-29.8,0.27,3.6
Andersson,63.86,18.27,Remmarsjon,Sweden,2017,8,2,9.18,European perch,Re_L_26,141,-29.72,8.03,3.23,-34.00333333,4.56,-28.27666667,1.623333333,-29.2,0.16,3.7
Andersson,63.86,18.27,Remmarsjon,Sweden,2017,8,2,9.18,European perch,Re_L_28,145.9,-29.7,8.13,3.18,-34.00333333,4.56,-28.27666667,1.623333333,-29.3,0.18,3.8
Andersson,63.86,18.27,Remmarsjon,Sweden,2017,8,2,9.18,European perch,Re_L_11,146.6,-30.17,8.05,3.16,-34.00333333,4.56,-28.27666667,1.623333333,-29.8,0.27,3.7
Andersson,63.86,18.27,Remmarsjon,Sweden,2017,8,2,9.18,European perch,Re_L_10,150.1,-30.14,6.45,3.16,-34.00333333,4.56,-28.27666667,1.623333333,-29.8,0.27,3.2
Andersson,63.86,18.27,Remmarsjon,Sweden,2017,8,2,9.18,European perch,Re_P_04,167.6,-30.58,10.01,3.17,-34.00333333,4.56,-28.27666667,1.623333333,-30.2,0.34,4.2
Andersson,63.86,18.27,Remmarsjon,Sweden,2017,8,2,9.18,European perch,Re_L_12,172.8,-30.34,9.72,3.19,-34.00333333,4.56,-28.27666667,1.623333333,-29.9,0.28,4.1
Andersson,63.86,18.27,Remmarsjon,Sweden,2017,8,2,9.18,European perch,Re_L_19,178.1,-29.43,8.46,3.25,-34.00333333,4.56,-28.27666667,1.623333333,-28.9,0.11,3.9
Andersson,63.86,18.27,Remmarsjon,Sweden,2017,8,2,9.18,European perch,Re_L_07,181.9,-28.84,7.2,3.14,-34.00333333,4.56,-28.27666667,1.623333333,-28.5,0.04,3.6
Andersson,63.86,18.27,Remmarsjon,Sweden,2017,8,2,9.18,European perch,Re_L_06,199.1,-30.12,8.56,3.2,-34.00333333,4.56,-28.27666667,1.623333333,-29.7,0.25,3.8
Andersson,63.86,18.27,Remmarsjon,Sweden,2017,8,2,9.18,European perch,Re_L_13,201.5,-27.89,7.57,3.13,-34.00333333,4.56,-28.27666667,1.623333333,-27.6,0,3.9
Andersson,63.86,18.27,Remmarsjon,Sweden,2017,8,2,9.18,European perch,Re_P_01,203.5,-29.98,8.46,3.19,-34.00333333,4.56,-28.27666667,1.623333333,-29.6,0.23,3.8
Andersson,63.86,18.27,Remmarsjon,Sweden,2017,8,2,9.18,European perch,Re_P_08,208.2,-30.02,10.12,3.16,-34.00333333,4.56,-28.27666667,1.623333333,-29.7,0.25,4.3
Andersson,63.86,18.27,Remmarsjon,Sweden,2017,8,2,9.18,European perch,Re_P_03,213.2,-30.26,9.61,3.22,-34.00333333,4.56,-28.27666667,1.623333333,-29.8,0.27,4.1
Andersson,63.86,18.27,Remmarsjon,Sweden,2017,8,2,9.18,European perch,Re_P_07,213.3,-31.14,9.13,3.2,-34.00333333,4.56,-28.27666667,1.623333333,-30.7,0.42,3.8
Andersson,63.86,18.27,Remmarsjon,Sweden,2017,8,2,9.18,European perch,Re_L_14,214.7,-29.7,9.85,3.16,-34.00333333,4.56,-28.27666667,1.623333333,-29.3,0.18,4.3
Andersson,63.86,18.27,Remmarsjon,Sweden,2017,8,2,9.18,European perch,Re_P_06,219.2,-29.9,9.66,3.24,-34.00333333,4.56,-28.27666667,1.623333333,-29.4,0.2,4.2
Andersson,63.86,18.27,Remmarsjon,Sweden,2017,8,2,9.18,European perch,Re_P_02,220.7,-29.82,10.51,3.18,-34.00333333,4.56,-28.27666667,1.623333333,-29.4,0.2,4.4
Andersson,63.86,18.27,Remmarsjon,Sweden,2017,8,2,9.18,European perch,Re_L_15,221.8,-32.22,8.9,3.16,-34.00333333,4.56,-28.27666667,1.623333333,-31.9,0.63,3.6
Andersson,63.86,18.27,Remmarsjon,Sweden,2017,8,2,9.18,European perch,Re_L_05,235.8,-29.5,8.79,3.17,-34.00333333,4.56,-28.27666667,1.623333333,-29.1,0.14,4
Andersson,63.86,18.27,Remmarsjon,Sweden,2017,8,2,9.18,European perch,Re_P_05,246,-29.73,10.31,3.25,-34.00333333,4.56,-28.27666667,1.623333333,-29.2,0.16,4.4
Andersson,63.86,18.27,Remmarsjon,Sweden,2017,8,2,9.18,European perch,Re_L_04,255.2,-29.31,10.21,3.11,-34.00333333,4.56,-28.27666667,1.623333333,-29.1,0.14,4.4
Andersson,63.86,18.27,Remmarsjon,Sweden,2017,8,2,9.18,European perch,Re_L_18,292.2,-30.48,7.79,3.18,-34.00333333,4.56,-28.27666667,1.623333333,-30.1,0.32,3.5
Andersson,63.86,18.27,Remmarsjon,Sweden,2017,8,2,9.18,European perch,Re_L_17,329.4,-29.4,9.34,3.22,-34.00333333,4.56,-28.27666667,1.623333333,-28.9,0.11,4.2
Andersson,60.02,15.47,Oppsveten,Sweden,2007,8,8,19.1,European perch,305,82,-30.79,6.83,3.34,-31.2,5.9,-28.1,1.9,-30.1,0.65,2.7
Andersson,60.02,15.47,Oppsveten,Sweden,2007,8,8,19.1,European perch,328,83,-31.07,5.94,3.4,-31.2,5.9,-28.1,1.9,-30.2,0.68,2.4
Andersson,60.02,15.47,Oppsveten,Sweden,2007,8,8,19.1,European perch,A168,83,-31.13,6.98,3.43,-31.2,5.9,-28.1,1.9,-30.2,0.68,2.7
Andersson,60.02,15.47,Oppsveten,Sweden,2007,8,8,19.1,European perch,A162,85,-30.86,7.4,3.38,-31.2,5.9,-28.1,1.9,-30.1,0.65,2.9
Andersson,60.02,15.47,Oppsveten,Sweden,2007,8,8,19.1,European perch,A155,86,-31.1,6.7,3.5,-31.2,5.9,-28.1,1.9,-30.1,0.65,2.6
Andersson,60.02,15.47,Oppsveten,Sweden,2007,8,8,19.1,European perch,304,87,-31.33,5.93,3.32,-31.2,5.9,-28.1,1.9,-30.6,0.81,2.2
Andersson,60.02,15.47,Oppsveten,Sweden,2007,8,8,19.1,European perch,299,88,-30.83,6.4,3.24,-31.2,5.9,-28.1,1.9,-30.3,0.71,2.5
Andersson,60.02,15.47,Oppsveten,Sweden,2007,8,8,19.1,European perch,A169,89,-30.98,7.39,3.38,-31.2,5.9,-28.1,1.9,-30.2,0.68,2.8
Andersson,60.02,15.47,Oppsveten,Sweden,2007,8,8,19.1,European perch,337,90,-30.96,6.64,3.33,-31.2,5.9,-28.1,1.9,-30.3,0.71,2.6
Andersson,60.02,15.47,Oppsveten,Sweden,2007,8,8,19.1,European perch,327,92,-30.85,6.67,3.32,-31.2,5.9,-28.1,1.9,-30.2,0.68,2.6
Andersson,60.02,15.47,Oppsveten,Sweden,2007,8,8,19.1,European perch,334,92,-31.02,6.6,3.46,-31.2,5.9,-28.1,1.9,-30.1,0.65,2.6
Andersson,60.02,15.47,Oppsveten,Sweden,2007,8,8,19.1,European perch,A148,93,-30.62,7.31,3.36,-31.2,5.9,-28.1,1.9,-29.9,0.58,2.9
Andersson,60.02,15.47,Oppsveten,Sweden,2007,8,8,19.1,European perch,303,94,-31.43,6.07,3.29,-31.2,5.9,-28.1,1.9,-30.8,0.87,2.2
Andersson,60.02,15.47,Oppsveten,Sweden,2007,8,8,19.1,European perch,345,98,-30.99,6.34,3.44,-31.2,5.9,-28.1,1.9,-30.1,0.65,2.5
Andersson,60.02,15.47,Oppsveten,Sweden,2007,8,8,19.1,European perch,A146,102,-30.66,6.67,3.36,-31.2,5.9,-28.1,1.9,-29.9,0.58,2.7
Andersson,60.02,15.47,Oppsveten,Sweden,2007,8,8,19.1,European perch,325,104,-30.28,6.78,3.31,-31.2,5.9,-28.1,1.9,-29.6,0.48,2.9
Andersson,60.02,15.47,Oppsveten,Sweden,2007,8,8,19.1,European perch,171,104,-30.75,6.69,3.33,-31.2,5.9,-28.1,1.9,-30,0.61,2.7
Andersson,60.02,15.47,Oppsveten,Sweden,2007,8,8,19.1,European perch,A144,104,-30.59,6.74,3.27,-31.2,5.9,-28.1,1.9,-30,0.61,2.7
Andersson,60.02,15.47,Oppsveten,Sweden,2007,8,8,19.1,European perch,A166,105,-30.35,7.35,3.28,-31.2,5.9,-28.1,1.9,-29.7,0.52,3
Andersson,60.02,15.47,Oppsveten,Sweden,2007,8,8,19.1,European perch,342,106,-30.43,6.39,3.34,-31.2,5.9,-28.1,1.9,-29.7,0.52,2.7
Andersson,60.02,15.47,Oppsveten,Sweden,2007,8,8,19.1,European perch,A151,106,-30.6,7.26,3.46,-31.2,5.9,-28.1,1.9,-29.6,0.48,3
Andersson,60.02,15.47,Oppsveten,Sweden,2007,8,8,19.1,European perch,A154,106,-30.54,6.84,3.35,-31.2,5.9,-28.1,1.9,-29.8,0.55,2.8
Andersson,60.02,15.47,Oppsveten,Sweden,2007,8,8,19.1,European perch,341,107,-30.77,6.64,3.35,-31.2,5.9,-28.1,1.9,-30,0.61,2.7
Andersson,60.02,15.47,Oppsveten,Sweden,2007,8,8,19.1,European perch,A145,107,-30.6,6.51,3.3,-31.2,5.9,-28.1,1.9,-30,0.61,2.6
Andersson,60.02,15.47,Oppsveten,Sweden,2007,8,8,19.1,European perch,324,108,-30.68,6.81,3.23,-31.2,5.9,-28.1,1.9,-30.2,0.68,2.6
Andersson,60.02,15.47,Oppsveten,Sweden,2007,8,8,19.1,European perch,A163,108,-30.37,7.47,3.33,-31.2,5.9,-28.1,1.9,-29.7,0.52,3
Andersson,60.02,15.47,Oppsveten,Sweden,2007,8,8,19.1,European perch,A140,108,-30.55,6.54,3.3,-31.2,5.9,-28.1,1.9,-29.9,0.58,2.7
Andersson,60.02,15.47,Oppsveten,Sweden,2007,8,8,19.1,European perch,322,110,-30.47,6.8,3.3,-31.2,5.9,-28.1,1.9,-29.8,0.55,2.8
Andersson,60.02,15.47,Oppsveten,Sweden,2007,8,8,19.1,European perch,A139,110,-30.53,6.96,3.28,-31.2,5.9,-28.1,1.9,-29.9,0.58,2.8
Andersson,60.02,15.47,Oppsveten,Sweden,2007,8,8,19.1,European perch,A4,110,-34.56,12.92,3.5,-31.2,5.9,-28.1,1.9,-33.5,1,3.2
Andersson,60.02,15.47,Oppsveten,Sweden,2007,8,8,19.1,European perch,A149,111,-30.31,7.26,3.34,-31.2,5.9,-28.1,1.9,-29.6,0.48,3
Andersson,60.02,15.47,Oppsveten,Sweden,2007,8,8,19.1,European perch,A150,111,-30.46,7.23,3.38,-31.2,5.9,-28.1,1.9,-29.7,0.52,3
Andersson,60.02,15.47,Oppsveten,Sweden,2007,8,8,19.1,European perch,A153,111,-30.42,7.7,3.33,-31.2,5.9,-28.1,1.9,-29.7,0.52,3.1
Andersson,60.02,15.47,Oppsveten,Sweden,2007,8,8,19.1,European perch,A156,111,-30.48,7.82,3.4,-31.2,5.9,-28.1,1.9,-29.6,0.48,3.2
Andersson,60.02,15.47,Oppsveten,Sweden,2007,8,8,19.1,European perch,329,112,-30.96,6.7,3.29,-31.2,5.9,-28.1,1.9,-30.3,0.71,2.6
Andersson,60.02,15.47,Oppsveten,Sweden,2007,8,8,19.1,European perch,A165,112,-30.69,7.71,3.28,-31.2,5.9,-28.1,1.9,-30.1,0.65,2.9
Andersson,60.02,15.47,Oppsveten,Sweden,2007,8,8,19.1,European perch,333,113,-31.08,6.26,3.28,-31.2,5.9,-28.1,1.9,-30.5,0.77,2.4
Andersson,60.02,15.47,Oppsveten,Sweden,2007,8,8,19.1,European perch,A170,113,-30.48,7.47,3.26,-31.2,5.9,-28.1,1.9,-29.9,0.58,3
Andersson,60.02,15.47,Oppsveten,Sweden,2007,8,8,19.1,European perch,A152,113,-30.66,7.27,3.49,-31.2,5.9,-28.1,1.9,-29.7,0.52,3
Andersson,60.02,15.47,Oppsveten,Sweden,2007,8,8,19.1,European perch,A164,115,-30.48,7.57,3.36,-31.2,5.9,-28.1,1.9,-29.7,0.52,3.1
Andersson,60.02,15.47,Oppsveten,Sweden,2007,8,8,19.1,European perch,A157,115,-30.54,7.97,3.31,-31.2,5.9,-28.1,1.9,-29.9,0.58,3.1
Andersson,60.02,15.47,Oppsveten,Sweden,2007,8,8,19.1,European perch,338,117,-30.73,7.39,3.18,-31.2,5.9,-28.1,1.9,-30.3,0.71,2.8
Andersson,60.02,15.47,Oppsveten,Sweden,2007,8,8,19.1,European perch,349,121,-31.24,6.91,3.27,-31.2,5.9,-28.1,1.9,-30.7,0.84,2.5
Andersson,60.02,15.47,Oppsveten,Sweden,2007,8,8,19.1,European perch,A161,121,-30.25,7.84,3.31,-31.2,5.9,-28.1,1.9,-29.6,0.48,3.2
Andersson,60.02,15.47,Oppsveten,Sweden,2007,8,8,19.1,European perch,A138,123,-30.48,8.23,3.27,-31.2,5.9,-28.1,1.9,-29.9,0.58,3.2
Andersson,60.02,15.47,Oppsveten,Sweden,2007,8,8,19.1,European perch,A143,123,-30.22,7.21,3.19,-31.2,5.9,-28.1,1.9,-29.8,0.55,2.9
Andersson,60.02,15.47,Oppsveten,Sweden,2007,8,8,19.1,European perch,174,127,-31.89,8.39,3.31,-31.2,5.9,-28.1,1.9,-31.2,1,2.7
Andersson,60.02,15.47,Oppsveten,Sweden,2007,8,8,19.1,European perch,351,127,-29.29,7.2,3.25,-31.2,5.9,-28.1,1.9,-28.7,0.19,3.3
Andersson,60.02,15.47,Oppsveten,Sweden,2007,8,8,19.1,European perch,170,128,-30.84,7.95,3.22,-31.2,5.9,-28.1,1.9,-30.4,0.74,2.9
Andersson,60.02,15.47,Oppsveten,Sweden,2007,8,8,19.1,European perch,A136,129,-30.61,7.38,3.26,-31.2,5.9,-28.1,1.9,-30,0.61,2.9
Andersson,60.02,15.47,Oppsveten,Sweden,2007,8,8,19.1,European perch,A142,129,-30.51,7.43,3.24,-31.2,5.9,-28.1,1.9,-30,0.61,2.9
Andersson,60.02,15.47,Oppsveten,Sweden,2007,8,8,19.1,European perch,175,131,-27.8,7.55,3.22,-31.2,5.9,-28.1,1.9,-27.3,0,4
Andersson,60.02,15.47,Oppsveten,Sweden,2007,8,8,19.1,European perch,168,132,-30.75,7.6,3.26,-31.2,5.9,-28.1,1.9,-30.2,0.68,2.9
Andersson,60.02,15.47,Oppsveten,Sweden,2007,8,8,19.1,European perch,A137,132,-30.43,7.53,3.29,-31.2,5.9,-28.1,1.9,-29.8,0.55,3
Andersson,60.02,15.47,Oppsveten,Sweden,2007,8,8,19.1,European perch,A147,134,-30.42,7.64,3.14,-31.2,5.9,-28.1,1.9,-30.1,0.65,2.9
Andersson,60.02,15.47,Oppsveten,Sweden,2007,8,8,19.1,European perch,352,143,-28.14,8.26,3.18,-31.2,5.9,-28.1,1.9,-27.7,0,4
Andersson,60.02,15.47,Oppsveten,Sweden,2007,8,8,19.1,European perch,173,146,-30.09,7.89,3.17,-31.2,5.9,-28.1,1.9,-29.7,0.52,3.2
Andersson,60.02,15.47,Oppsveten,Sweden,2007,8,8,19.1,European perch,178,167,-30.9,7.59,3.21,-31.2,5.9,-28.1,1.9,-30.4,0.74,2.8
Andersson,60.02,15.47,Oppsveten,Sweden,2007,8,8,19.1,European perch,182,178,-30.48,9.38,3.25,-31.2,5.9,-28.1,1.9,-29.9,0.58,3.5
Andersson,60.02,15.47,Oppsveten,Sweden,2007,8,8,19.1,European perch,181,178,-28.59,8.31,3.15,-31.2,5.9,-28.1,1.9,-28.3,0.06,3.8
Andersson,60.02,15.47,Oppsveten,Sweden,2007,8,8,19.1,European perch,183,310,-29.02,9.09,3.22,-31.2,5.9,-28.1,1.9,-28.5,0.13,4
Andersson,61.63,16.73,Kallsjon,Sweden,2017,8,19,20.11,European perch,Ka_L_24,102.5,-29.96,7.69,3.15,-33.455,6.355,-27.725,3.26,-29.6,0.33,3
Andersson,61.63,16.73,Kallsjon,Sweden,2017,8,19,20.11,European perch,Ka_L_08,105.8,-30.37,8.22,3.19,-33.455,6.355,-27.725,3.26,-29.9,0.38,3.1
Andersson,61.63,16.73,Kallsjon,Sweden,2017,8,19,20.11,European perch,Ka_L_39,106.2,-29.92,7.39,3.22,-33.455,6.355,-27.725,3.26,-29.4,0.29,3
Andersson,61.63,16.73,Kallsjon,Sweden,2017,8,19,20.11,European perch,Ka_L_11,108.7,-29.86,7.27,3.15,-33.455,6.355,-27.725,3.26,-29.5,0.31,2.9
Andersson,61.63,16.73,Kallsjon,Sweden,2017,8,19,20.11,European perch,Ka_L_25,109.6,-30.8,8.12,3.15,-33.455,6.355,-27.725,3.26,-30.5,0.48,3
Andersson,61.63,16.73,Kallsjon,Sweden,2017,8,19,20.11,European perch,Ka_L_09,110.2,-30.24,7.61,3.16,-33.455,6.355,-27.725,3.26,-29.9,0.38,2.9
Andersson,61.63,16.73,Kallsjon,Sweden,2017,8,19,20.11,European perch,Ka_L_33,112.1,-30.24,8.59,3.17,-33.455,6.355,-27.725,3.26,-29.9,0.38,3.2
Andersson,61.63,16.73,Kallsjon,Sweden,2017,8,19,20.11,European perch,Ka_L_18,113.2,-29.9,8.13,3.15,-33.455,6.355,-27.725,3.26,-29.6,0.33,3.1
Andersson,61.63,16.73,Kallsjon,Sweden,2017,8,19,20.11,European perch,Ka_L_26,113.7,-30.42,7.61,3.16,-33.455,6.355,-27.725,3.26,-30.1,0.41,2.9
Andersson,61.63,16.73,Kallsjon,Sweden,2017,8,19,20.11,European perch,Ka_L_30,114.3,-30.24,8.74,3.16,-33.455,6.355,-27.725,3.26,-29.9,0.38,3.3
Andersson,61.63,16.73,Kallsjon,Sweden,2017,8,19,20.11,European perch,Ka_L_14,117,-29.8,7.38,3.2,-33.455,6.355,-27.725,3.26,-29.4,0.29,2.9
Andersson,61.63,16.73,Kallsjon,Sweden,2017,8,19,20.11,European perch,Ka_L_02,118.5,-29.94,8.51,3.23,-33.455,6.355,-27.725,3.26,-29.4,0.29,3.3
Andersson,61.63,16.73,Kallsjon,Sweden,2017,8,19,20.11,European perch,Ka_L_03,120.5,-28.95,8.07,3.16,-33.455,6.355,-27.725,3.26,-28.6,0.15,3.3
Andersson,61.63,16.73,Kallsjon,Sweden,2017,8,19,20.11,European perch,Ka_L_13,121.3,-30.53,7.56,3.2,-33.455,6.355,-27.725,3.26,-30.1,0.41,2.9
Andersson,61.63,16.73,Kallsjon,Sweden,2017,8,19,20.11,European perch,Ka_L_27,145.8,-30.13,8.31,3.15,-33.455,6.355,-27.725,3.26,-29.8,0.36,3.2
Andersson,61.63,16.73,Kallsjon,Sweden,2017,8,19,20.11,European perch,Ka_L_29,148.8,-28.97,7.54,3.16,-33.455,6.355,-27.725,3.26,-28.6,0.15,3.1
Andersson,61.63,16.73,Kallsjon,Sweden,2017,8,19,20.11,European perch,Ka_L_12,148.8,-30.02,8,3.15,-33.455,6.355,-27.725,3.26,-29.7,0.34,3.1
Andersson,61.63,16.73,Kallsjon,Sweden,2017,8,19,20.11,European perch,Ka_L_21,149.3,-30.81,7.92,3.17,-33.455,6.355,-27.725,3.26,-30.4,0.47,2.9
Andersson,61.63,16.73,Kallsjon,Sweden,2017,8,19,20.11,European perch,Ka_L_28,149.7,-30.25,7.84,3.15,-33.455,6.355,-27.725,3.26,-29.9,0.38,3
Andersson,61.63,16.73,Kallsjon,Sweden,2017,8,19,20.11,European perch,Ka_L_01,153.7,-29.7,9.51,3.23,-33.455,6.355,-27.725,3.26,-29.2,0.26,3.6
Andersson,61.63,16.73,Kallsjon,Sweden,2017,8,19,20.11,European perch,Ka_L_04,167.5,-30.15,9.75,3.16,-33.455,6.355,-27.725,3.26,-29.8,0.36,3.6
Andersson,61.63,16.73,Kallsjon,Sweden,2017,8,19,20.11,European perch,Ka_L_16,169.7,-29.98,7.93,3.15,-33.455,6.355,-27.725,3.26,-29.6,0.33,3.1
Andersson,61.63,16.73,Kallsjon,Sweden,2017,8,19,20.11,European perch,Ka_L_22,173.9,-29.11,9.98,3.19,-33.455,6.355,-27.725,3.26,-28.7,0.17,3.8
Andersson,61.63,16.73,Kallsjon,Sweden,2017,8,19,20.11,European perch,Ka_L_20,174,-29.25,8.18,3.17,-33.455,6.355,-27.725,3.26,-28.9,0.21,3.3
Andersson,61.63,16.73,Kallsjon,Sweden,2017,8,19,20.11,European perch,Ka_L_34,176,-29.71,10.71,3.15,-33.455,6.355,-27.725,3.26,-29.4,0.29,3.9
Andersson,61.63,16.73,Kallsjon,Sweden,2017,8,19,20.11,European perch,Ka_L_23,176.6,-29.97,8.58,3.17,-33.455,6.355,-27.725,3.26,-29.6,0.33,3.3
Andersson,61.63,16.73,Kallsjon,Sweden,2017,8,19,20.11,European perch,Ka_L_17,178.2,-29.78,7.91,3.15,-33.455,6.355,-27.725,3.26,-29.4,0.29,3.1
Andersson,61.63,16.73,Kallsjon,Sweden,2017,8,19,20.11,European perch,Ka_L_15,196.5,-29.57,8.9,3.12,-33.455,6.355,-27.725,3.26,-29.3,0.27,3.4
Andersson,61.63,16.73,Kallsjon,Sweden,2017,8,19,20.11,European perch,Ka_L_05,205,-29.32,9.99,3.16,-33.455,6.355,-27.725,3.26,-29,0.22,3.8
Andersson,61.63,16.73,Kallsjon,Sweden,2017,8,19,20.11,European perch,Ka_L_31,245.5,-29.65,11,3.23,-33.455,6.355,-27.725,3.26,-29.1,0.24,4.1
Andersson,63.87,16.23,Degervattnet,Sweden,2018,7,23,8.61,European perch,De_L_12,89.3,-28.37,6,3.26,-32.9275,3.2675,-27.18,1.456666667,-27.8,0.11,3.3
Andersson,63.87,16.23,Degervattnet,Sweden,2018,7,23,8.61,European perch,De_L_14,110.9,-29.12,6.88,3.34,-32.9275,3.2675,-27.18,1.456666667,-28.4,0.21,3.5
Andersson,63.87,16.23,Degervattnet,Sweden,2018,7,23,8.61,European perch,De_L_13,118.3,-29.25,6.64,3.23,-32.9275,3.2675,-27.18,1.456666667,-28.7,0.26,3.4
Andersson,63.87,16.23,Degervattnet,Sweden,2018,7,23,8.61,European perch,De_P_03,127,-30.83,7.06,3.27,-32.9275,3.2675,-27.18,1.456666667,-30.2,0.53,3.4
Andersson,63.87,16.23,Degervattnet,Sweden,2018,7,23,8.61,European perch,De_P_04,136.6,-30.23,7.82,3.26,-32.9275,3.2675,-27.18,1.456666667,-29.7,0.44,3.6
Andersson,63.87,16.23,Degervattnet,Sweden,2018,7,23,8.61,European perch,De_L_05,144,-29.63,8.02,3.26,-32.9275,3.2675,-27.18,1.456666667,-29.1,0.33,3.8
Andersson,63.87,16.23,Degervattnet,Sweden,2018,7,23,8.61,European perch,De_L_10,151.5,-30.48,8.51,3.23,-32.9275,3.2675,-27.18,1.456666667,-30,0.49,3.8
Andersson,63.87,16.23,Degervattnet,Sweden,2018,7,23,8.61,European perch,De_L_15,159.3,-28.35,6.75,3.26,-32.9275,3.2675,-27.18,1.456666667,-27.8,0.11,3.5
Andersson,63.87,16.23,Degervattnet,Sweden,2018,7,23,8.61,European perch,De_P_02,162.9,-30.72,8.93,3.25,-32.9275,3.2675,-27.18,1.456666667,-30.2,0.53,3.9
Andersson,63.87,16.23,Degervattnet,Sweden,2018,7,23,8.61,European perch,De_L_20,165,-28.81,6.64,3.24,-32.9275,3.2675,-27.18,1.456666667,-28.3,0.19,3.4
Andersson,63.87,16.23,Degervattnet,Sweden,2018,7,23,8.61,European perch,De_L_09,166.6,-28.85,6.69,3.27,-32.9275,3.2675,-27.18,1.456666667,-28.3,0.19,3.4
Andersson,63.87,16.23,Degervattnet,Sweden,2018,7,23,8.61,European perch,De_L_21,168.4,-28.19,7.13,3.22,-32.9275,3.2675,-27.18,1.456666667,-27.7,0.09,3.6
Andersson,63.87,16.23,Degervattnet,Sweden,2018,7,23,8.61,European perch,De_P_01,170.2,-30.35,7.36,3.2,-32.9275,3.2675,-27.18,1.456666667,-29.9,0.47,3.5
Andersson,63.87,16.23,Degervattnet,Sweden,2018,7,23,8.61,European perch,De_L_16,178.4,-28.8,7.49,3.22,-32.9275,3.2675,-27.18,1.456666667,-28.3,0.19,3.7
Andersson,63.87,16.23,Degervattnet,Sweden,2018,7,23,8.61,European perch,De_L_03,180,-29.5,7.4,3.24,-32.9275,3.2675,-27.18,1.456666667,-29,0.32,3.6
Andersson,63.87,16.23,Degervattnet,Sweden,2018,7,23,8.61,European perch,De_L_30,182.2,-30.01,6.47,3.32,-32.9275,3.2675,-27.18,1.456666667,-29.3,0.37,3.3
Andersson,63.87,16.23,Degervattnet,Sweden,2018,7,23,8.61,European perch,De_L_17,184.7,-28.42,6.61,3.27,-32.9275,3.2675,-27.18,1.456666667,-27.8,0.11,3.5
Andersson,63.87,16.23,Degervattnet,Sweden,2018,7,23,8.61,European perch,De_L_19,185.3,-28.23,7.73,3.22,-32.9275,3.2675,-27.18,1.456666667,-27.7,0.09,3.8
Andersson,63.87,16.23,Degervattnet,Sweden,2018,7,23,8.61,European perch,De_L_04,187.3,-29.16,7.09,3.24,-32.9275,3.2675,-27.18,1.456666667,-28.6,0.25,3.5
Andersson,63.87,16.23,Degervattnet,Sweden,2018,7,23,8.61,European perch,De_L_11,193.4,-28.73,7.16,3.19,-32.9275,3.2675,-27.18,1.456666667,-28.3,0.19,3.6
Andersson,63.87,16.23,Degervattnet,Sweden,2018,7,23,8.61,European perch,De_L_18,196.1,-28.48,7.6,3.25,-32.9275,3.2675,-27.18,1.456666667,-27.9,0.13,3.7
Andersson,63.87,16.23,Degervattnet,Sweden,2018,7,23,8.61,European perch,De_L_25,197.4,-30.33,8.44,3.23,-32.9275,3.2675,-27.18,1.456666667,-29.8,0.46,3.8
Andersson,63.87,16.23,Degervattnet,Sweden,2018,7,23,8.61,European perch,De_L_26,197.5,-28.5,7.27,3.26,-32.9275,3.2675,-27.18,1.456666667,-27.9,0.13,3.6
Andersson,63.87,16.23,Degervattnet,Sweden,2018,7,23,8.61,European perch,De_L_24,213.9,-26.84,7.43,3.2,-32.9275,3.2675,-27.18,1.456666667,-26.4,0,3.8
Andersson,63.87,16.23,Degervattnet,Sweden,2018,7,23,8.61,European perch,De_L_06,251,-29.45,9.99,3.21,-32.9275,3.2675,-27.18,1.456666667,-29,0.32,4.3
Andersson,63.87,16.23,Degervattnet,Sweden,2018,7,23,8.61,European perch,De_L_28,257.3,-29.23,9.68,3.19,-32.9275,3.2675,-27.18,1.456666667,-28.8,0.28,4.3
Andersson,63.87,16.23,Degervattnet,Sweden,2018,7,23,8.61,European perch,De_L_01,257.9,-29.42,9.91,3.26,-32.9275,3.2675,-27.18,1.456666667,-28.9,0.3,4.3
Andersson,63.87,16.23,Degervattnet,Sweden,2018,7,23,8.61,European perch,De_L_27,260.9,-28.4,8.25,3.19,-32.9275,3.2675,-27.18,1.456666667,-28,0.14,3.9
Andersson,63.87,16.23,Degervattnet,Sweden,2018,7,23,8.61,European perch,De_L_02,268.7,-29.41,9.77,3.23,-32.9275,3.2675,-27.18,1.456666667,-28.9,0.3,4.3
Andersson,63.87,16.23,Degervattnet,Sweden,2018,7,23,8.61,European perch,De_L_07,276.8,-28.8,9.68,3.16,-32.9275,3.2675,-27.18,1.456666667,-28.4,0.21,4.3
Andersson,63.87,16.23,Degervattnet,Sweden,2018,7,23,8.61,European perch,De_L_08,323.6,-29.38,9.71,3.19,-32.9275,3.2675,-27.18,1.456666667,-29,0.32,4.3
Andersson,63.87,16.23,Degervattnet,Sweden,2018,7,23,8.61,European perch,De_L_22,338.5,-27.58,8.93,3.15,-32.9275,3.2675,-27.18,1.456666667,-27.2,0,4.2
Andersson,63.87,16.23,Degervattnet,Sweden,2018,7,23,8.61,European perch,De_L_23,388.5,-28.79,9.47,3.26,-32.9275,3.2675,-27.18,1.456666667,-28.2,0.18,4.3
Andersson,56.67,13.06,Stora Skarsjon,Sweden,2017,7,19,5.07,European perch,SS_L_03,92.5,-28.64,6.59,3.2,-31.612,2.81,-27.1425,2.6725,-28.2,0.24,3.1
Andersson,56.67,13.06,Stora Skarsjon,Sweden,2017,7,19,5.07,European perch,SS_P_29,93.3,-28.92,6.56,3.39,-31.612,2.81,-27.1425,2.6725,-28.1,0.21,3.1
Andersson,56.67,13.06,Stora Skarsjon,Sweden,2017,7,19,5.07,European perch,SS_P_30,95.2,-28.46,6.59,3.38,-31.612,2.81,-27.1425,2.6725,-27.7,0.12,3.1
Andersson,56.67,13.06,Stora Skarsjon,Sweden,2017,7,19,5.07,European perch,SS_L_17,96.2,-28.63,6.59,3.23,-31.612,2.81,-27.1425,2.6725,-28.1,0.21,3.1
Andersson,56.67,13.06,Stora Skarsjon,Sweden,2017,7,19,5.07,European perch,SS_L_06,96.6,-28.69,6.59,3.17,-31.612,2.81,-27.1425,2.6725,-28.3,0.26,3.1
Andersson,56.67,13.06,Stora Skarsjon,Sweden,2017,7,19,5.07,European perch,SS_P_12,97.1,-28.75,6.7,3.17,-31.612,2.81,-27.1425,2.6725,-28.4,0.28,3.2
Andersson,56.67,13.06,Stora Skarsjon,Sweden,2017,7,19,5.07,European perch,SS_L_11,97.3,-28.71,6.55,3.21,-31.612,2.81,-27.1425,2.6725,-28.2,0.24,3.1
Andersson,56.67,13.06,Stora Skarsjon,Sweden,2017,7,19,5.07,European perch,SS_P_16,97.5,-28.5,6.65,3.18,-31.612,2.81,-27.1425,2.6725,-28.1,0.21,3.2
Andersson,56.67,13.06,Stora Skarsjon,Sweden,2017,7,19,5.07,European perch,SS_P_06,99.3,-28.79,6.69,3.3,-31.612,2.81,-27.1425,2.6725,-28.1,0.21,3.2
Andersson,56.67,13.06,Stora Skarsjon,Sweden,2017,7,19,5.07,European perch,SS_L_09,99.4,-28.91,7.15,3.24,-31.612,2.81,-27.1425,2.6725,-28.4,0.28,3.3
Andersson,56.67,13.06,Stora Skarsjon,Sweden,2017,7,19,5.07,European perch,SS_P_15,100.3,-28.74,6.68,3.25,-31.612,2.81,-27.1425,2.6725,-28.2,0.24,3.2
Andersson,56.67,13.06,Stora Skarsjon,Sweden,2017,7,19,5.07,European perch,SS_L_19,100.6,-28.54,6.49,3.18,-31.612,2.81,-27.1425,2.6725,-28.1,0.21,3.1
Andersson,56.67,13.06,Stora Skarsjon,Sweden,2017,7,19,5.07,European perch,SS_P_08,101.2,-28.73,6.37,3.18,-31.612,2.81,-27.1425,2.6725,-28.3,0.26,3.1
Andersson,56.67,13.06,Stora Skarsjon,Sweden,2017,7,19,5.07,European perch,SS_P_13,102.7,-28.85,6.6,3.25,-31.612,2.81,-27.1425,2.6725,-28.3,0.26,3.1
Andersson,56.67,13.06,Stora Skarsjon,Sweden,2017,7,19,5.07,European perch,SS_P_17,103.1,-28.47,6.21,3.24,-31.612,2.81,-27.1425,2.6725,-27.9,0.17,3
Andersson,56.67,13.06,Stora Skarsjon,Sweden,2017,7,19,5.07,European perch,SS_P_04,104.2,-28.31,6.69,3.14,-31.612,2.81,-27.1425,2.6725,-28,0.19,3.2
Andersson,56.67,13.06,Stora Skarsjon,Sweden,2017,7,19,5.07,European perch,SS_L_13,104.7,-28.65,6.75,3.18,-31.612,2.81,-27.1425,2.6725,-28.2,0.24,3.2
Andersson,56.67,13.06,Stora Skarsjon,Sweden,2017,7,19,5.07,European perch,SS_L_02,104.9,-28.79,7.08,3.17,-31.612,2.81,-27.1425,2.6725,-28.4,0.28,3.3
Andersson,56.67,13.06,Stora Skarsjon,Sweden,2017,7,19,5.07,European perch,SS_L_08,105.6,-28.42,7.15,3.23,-31.612,2.81,-27.1425,2.6725,-27.9,0.17,3.3
Andersson,56.67,13.06,Stora Skarsjon,Sweden,2017,7,19,5.07,European perch,SS_L_01,105.7,-28.57,6.55,3.18,-31.612,2.81,-27.1425,2.6725,-28.2,0.24,3.1
Andersson,56.67,13.06,Stora Skarsjon,Sweden,2017,7,19,5.07,European perch,SS_L_04,106,-28.86,6.94,3.21,-31.612,2.81,-27.1425,2.6725,-28.4,0.28,3.2
Andersson,56.67,13.06,Stora Skarsjon,Sweden,2017,7,19,5.07,European perch,SS_L_23,106.7,-28.99,7.09,3.2,-31.612,2.81,-27.1425,2.6725,-28.5,0.3,3.3
Andersson,56.67,13.06,Stora Skarsjon,Sweden,2017,7,19,5.07,European perch,SS_P_05,106.7,-28.48,6.33,3.33,-31.612,2.81,-27.1425,2.6725,-27.8,0.15,3.1
Andersson,56.67,13.06,Stora Skarsjon,Sweden,2017,7,19,5.07,European perch,SS_P_07,108.2,-28.43,5.7,3.32,-31.612,2.81,-27.1425,2.6725,-27.7,0.12,2.9
Andersson,56.67,13.06,Stora Skarsjon,Sweden,2017,7,19,5.07,European perch,SS_L_22,108.4,-28.63,7.22,3.18,-31.612,2.81,-27.1425,2.6725,-28.2,0.24,3.3
Andersson,56.67,13.06,Stora Skarsjon,Sweden,2017,7,19,5.07,European perch,SS_P_03,110.3,-29.06,6.5,3.39,-31.612,2.81,-27.1425,2.6725,-28.2,0.24,3.1
Andersson,56.67,13.06,Stora Skarsjon,Sweden,2017,7,19,5.07,European perch,SS_L_25,110.8,-28.72,6.83,3.19,-31.612,2.81,-27.1425,2.6725,-28.3,0.26,3.2
Andersson,56.67,13.06,Stora Skarsjon,Sweden,2017,7,19,5.07,European perch,SS_L_27,113.6,-28.88,7.37,3.29,-31.612,2.81,-27.1425,2.6725,-28.3,0.26,3.4
Andersson,56.67,13.06,Stora Skarsjon,Sweden,2017,7,19,5.07,European perch,SS_L_28,114.7,-28.61,7.03,3.21,-31.612,2.81,-27.1425,2.6725,-28.1,0.21,3.3
Andersson,56.67,13.06,Stora Skarsjon,Sweden,2017,7,19,5.07,European perch,SS_L_26,115.7,-28.53,7.36,3.21,-31.612,2.81,-27.1425,2.6725,-28.1,0.21,3.4
Andersson,56.67,13.06,Stora Skarsjon,Sweden,2017,7,19,5.07,European perch,SS_L_14,116.6,-28.56,7.26,3.22,-31.612,2.81,-27.1425,2.6725,-28.1,0.21,3.3
Andersson,56.67,13.06,Stora Skarsjon,Sweden,2017,7,19,5.07,European perch,SS_L_24,119,-28.59,6.93,3.23,-31.612,2.81,-27.1425,2.6725,-28.1,0.21,3.2
Andersson,56.67,13.06,Stora Skarsjon,Sweden,2017,7,19,5.07,European perch,SS_P_14,120.8,-28.36,7.14,3.17,-31.612,2.81,-27.1425,2.6725,-28,0.19,3.3
Andersson,56.67,13.06,Stora Skarsjon,Sweden,2017,7,19,5.07,European perch,SS_P_18,121.6,-28.12,6.87,3.19,-31.612,2.81,-27.1425,2.6725,-27.7,0.12,3.2
Andersson,56.67,13.06,Stora Skarsjon,Sweden,2017,7,19,5.07,European perch,SS_L_18,122.9,-29.62,7.66,3.18,-31.612,2.81,-27.1425,2.6725,-29.2,0.46,3.4
Andersson,56.67,13.06,Stora Skarsjon,Sweden,2017,7,19,5.07,European perch,SS_L_15,123.2,-29.75,7.81,3.22,-31.612,2.81,-27.1425,2.6725,-29.3,0.48,3.5
Andersson,56.67,13.06,Stora Skarsjon,Sweden,2017,7,19,5.07,European perch,SS_P_09,124,-28.4,6.93,3.3,-31.612,2.81,-27.1425,2.6725,-27.8,0.15,3.2
Andersson,56.67,13.06,Stora Skarsjon,Sweden,2017,7,19,5.07,European perch,SS_L_05,125.8,-29.81,7.8,3.2,-31.612,2.81,-27.1425,2.6725,-29.4,0.51,3.5
Andersson,56.67,13.06,Stora Skarsjon,Sweden,2017,7,19,5.07,European perch,SS_L_21,126.6,-30.26,8.16,3.17,-31.612,2.81,-27.1425,2.6725,-29.9,0.62,3.6
Andersson,56.67,13.06,Stora Skarsjon,Sweden,2017,7,19,5.07,European perch,SS_L_16,129.2,-28.73,6.98,3.19,-31.612,2.81,-27.1425,2.6725,-28.3,0.26,3.3
Andersson,56.67,13.06,Stora Skarsjon,Sweden,2017,7,19,5.07,European perch,SS_P_27,131.2,-28.53,7.73,3.13,-31.612,2.81,-27.1425,2.6725,-28.2,0.24,3.5
Andersson,56.67,13.06,Stora Skarsjon,Sweden,2017,7,19,5.07,European perch,SS_P_25,131.9,-28.3,7.68,3.2,-31.612,2.81,-27.1425,2.6725,-27.9,0.17,3.5
Andersson,56.67,13.06,Stora Skarsjon,Sweden,2017,7,19,5.07,European perch,SS_P_22,134.5,-28.78,7.76,3.16,-31.612,2.81,-27.1425,2.6725,-28.4,0.28,3.5
Andersson,56.67,13.06,Stora Skarsjon,Sweden,2017,7,19,5.07,European perch,SS_P_23,136,-29.11,7.58,3.16,-31.612,2.81,-27.1425,2.6725,-28.8,0.37,3.4
Andersson,56.67,13.06,Stora Skarsjon,Sweden,2017,7,19,5.07,European perch,SS_P_28,137,-28.78,7.55,3.19,-31.612,2.81,-27.1425,2.6725,-28.4,0.28,3.4
Andersson,56.67,13.06,Stora Skarsjon,Sweden,2017,7,19,5.07,European perch,SS_P_20,137.8,-29.45,7.43,3.11,-31.612,2.81,-27.1425,2.6725,-29.2,0.46,3.4
Andersson,56.67,13.06,Stora Skarsjon,Sweden,2017,7,19,5.07,European perch,SS_L_07,138,-29.89,8.23,3.18,-31.612,2.81,-27.1425,2.6725,-29.5,0.53,3.6
Andersson,56.67,13.06,Stora Skarsjon,Sweden,2017,7,19,5.07,European perch,SS_P_10,138.5,-28.57,7.5,3.14,-31.612,2.81,-27.1425,2.6725,-28.3,0.26,3.4
Andersson,56.67,13.06,Stora Skarsjon,Sweden,2017,7,19,5.07,European perch,SS_P_24,138.5,-29.96,7.32,3.22,-31.612,2.81,-27.1425,2.6725,-29.5,0.53,3.3
Andersson,56.67,13.06,Stora Skarsjon,Sweden,2017,7,19,5.07,European perch,SS_P_02,139.5,-29.29,7.8,3.17,-31.612,2.81,-27.1425,2.6725,-28.9,0.39,3.5
Andersson,56.67,13.06,Stora Skarsjon,Sweden,2017,7,19,5.07,European perch,SS_P_21,141.2,-29.02,7.46,3.13,-31.612,2.81,-27.1425,2.6725,-28.7,0.35,3.4
Andersson,56.67,13.06,Stora Skarsjon,Sweden,2017,7,19,5.07,European perch,SS_L_20,141.9,-30.19,8.01,3.14,-31.612,2.81,-27.1425,2.6725,-29.9,0.62,3.5
Andersson,56.67,13.06,Stora Skarsjon,Sweden,2017,7,19,5.07,European perch,SS_L_29,144.4,-29.83,7.57,3.24,-31.612,2.81,-27.1425,2.6725,-29.3,0.48,3.4
Andersson,56.67,13.06,Stora Skarsjon,Sweden,2017,7,19,5.07,European perch,SS_L_12,144.9,-28.42,7.03,3.12,-31.612,2.81,-27.1425,2.6725,-28.2,0.24,3.3
Andersson,56.67,13.06,Stora Skarsjon,Sweden,2017,7,19,5.07,European perch,SS_P_01,153.9,-28.97,7.79,3.12,-31.612,2.81,-27.1425,2.6725,-28.7,0.35,3.5
Andersson,56.67,13.06,Stora Skarsjon,Sweden,2017,7,19,5.07,European perch,SS_P_11,184.7,-28.61,7.86,3.11,-31.612,2.81,-27.1425,2.6725,-28.4,0.28,3.5
Andersson,56.67,13.06,Stora Skarsjon,Sweden,2017,7,19,5.07,European perch,SS_P_26,185.9,-29.36,6.75,3.16,-31.612,2.81,-27.1425,2.6725,-29,0.42,3.2
Andersson,56.67,13.06,Stora Skarsjon,Sweden,2017,7,19,5.07,European perch,SS_L_10,215.6,-28.17,8.47,3.14,-31.612,2.81,-27.1425,2.6725,-27.9,0.17,3.7
Andersson,56.67,13.06,Stora Skarsjon,Sweden,2017,7,19,5.07,European perch,SS_L_30,322.8,-28.09,9,3.12,-31.612,2.81,-27.1425,2.6725,-27.8,0.15,3.9
Andersson,60.34,17.78,Falaren,Sweden,2007,8,16,34.3,European perch,Fa_L_209,56,-31.6,7.2,3.37,-32.2,2.7,-27,1.1,-30.8,0.73,3.5
Andersson,60.34,17.78,Falaren,Sweden,2007,8,16,34.3,European perch,Fa_L_212,58,-31.6,7.3,3.45,-32.2,2.7,-27,1.1,-30.7,0.71,3.5
Andersson,60.34,17.78,Falaren,Sweden,2007,8,16,34.3,European perch,Fa_L_211,64,-31.6,7.4,3.43,-32.2,2.7,-27,1.1,-30.7,0.71,3.5
Andersson,60.34,17.78,Falaren,Sweden,2007,8,16,34.3,European perch,Fa_L_208,65,-31.5,7.1,3.33,-32.2,2.7,-27,1.1,-30.8,0.73,3.4
Andersson,60.34,17.78,Falaren,Sweden,2007,8,16,34.3,European perch,Fa_P_150,65,-31.6,7.4,3.48,-32.2,2.7,-27,1.1,-30.6,0.69,3.5
Andersson,60.34,17.78,Falaren,Sweden,2007,8,16,34.3,European perch,Fa_L_213,67,-31.6,7.2,3.39,-32.2,2.7,-27,1.1,-30.8,0.73,3.5
Andersson,60.34,17.78,Falaren,Sweden,2007,8,16,34.3,European perch,Fa_P_98,67,-31.5,7.6,3.51,-32.2,2.7,-27,1.1,-30.5,0.67,3.6
Andersson,60.34,17.78,Falaren,Sweden,2007,8,16,34.3,European perch,Fa_P_145,67,-31.5,7.8,3.46,-32.2,2.7,-27,1.1,-30.5,0.67,3.7
Andersson,60.34,17.78,Falaren,Sweden,2007,8,16,34.3,European perch,Fa_P_144,67,-31.5,7.8,3.48,-32.2,2.7,-27,1.1,-30.5,0.67,3.7
Andersson,60.34,17.78,Falaren,Sweden,2007,8,16,34.3,European perch,Fa_P_140,68,-31.5,7.6,3.39,-32.2,2.7,-27,1.1,-30.7,0.71,3.6
Andersson,60.34,17.78,Falaren,Sweden,2007,8,16,34.3,European perch,Fa_L_206,79,-31.5,7.5,3.35,-32.2,2.7,-27,1.1,-30.8,0.73,3.5
Andersson,60.34,17.78,Falaren,Sweden,2007,8,16,34.3,European perch,Fa_P_109,79,-31.2,8.8,3.39,-32.2,2.7,-27,1.1,-30.4,0.65,4
Andersson,60.34,17.78,Falaren,Sweden,2007,8,16,34.3,European perch,Fa_L_205,81,-31.1,7.4,3.31,-32.2,2.7,-27,1.1,-30.4,0.65,3.5
Andersson,60.34,17.78,Falaren,Sweden,2007,8,16,34.3,European perch,Fa_L_199,81,-31.5,8.1,3.39,-32.2,2.7,-27,1.1,-30.7,0.71,3.7
Andersson,60.34,17.78,Falaren,Sweden,2007,8,16,34.3,European perch,Fa_L_198,82,-31,6.8,3.34,-32.2,2.7,-27,1.1,-30.3,0.63,3.4
Andersson,60.34,17.78,Falaren,Sweden,2007,8,16,34.3,European perch,Fa_L_196,82,-31.5,7.9,3.28,-32.2,2.7,-27,1.1,-30.9,0.75,3.6
Andersson,60.34,17.78,Falaren,Sweden,2007,8,16,34.3,European perch,Fa_L_203,83,-31.5,8.1,3.38,-32.2,2.7,-27,1.1,-30.7,0.71,3.7
Andersson,60.34,17.78,Falaren,Sweden,2007,8,16,34.3,European perch,Fa_P_110,83,-31.3,8.3,3.39,-32.2,2.7,-27,1.1,-30.5,0.67,3.8
Andersson,60.34,17.78,Falaren,Sweden,2007,8,16,34.3,European perch,Fa_L_202,84,-31.3,7,3.27,-32.2,2.7,-27,1.1,-30.7,0.71,3.4
Andersson,60.34,17.78,Falaren,Sweden,2007,8,16,34.3,European perch,Fa_P_121,84,-31.3,8,3.36,-32.2,2.7,-27,1.1,-30.5,0.67,3.7
Andersson,60.34,17.78,Falaren,Sweden,2007,8,16,34.3,European perch,Fa_P_157,84,-31.4,8.2,3.45,-32.2,2.7,-27,1.1,-30.5,0.67,3.8
Andersson,60.34,17.78,Falaren,Sweden,2007,8,16,34.3,European perch,Fa_L_217,85,-31.2,7.5,3.38,-32.2,2.7,-27,1.1,-30.4,0.65,3.6
Andersson,60.34,17.78,Falaren,Sweden,2007,8,16,34.3,European perch,Fa_L_200,85,-31.4,7.5,3.25,-32.2,2.7,-27,1.1,-30.9,0.75,3.5
Andersson,60.34,17.78,Falaren,Sweden,2007,8,16,34.3,European perch,Fa_P_166,85,-31.4,7.9,3.35,-32.2,2.7,-27,1.1,-30.7,0.71,3.7
Andersson,60.34,17.78,Falaren,Sweden,2007,8,16,34.3,European perch,Fa_P_126,86,-31.4,7.5,3.37,-32.2,2.7,-27,1.1,-30.6,0.69,3.6
Andersson,60.34,17.78,Falaren,Sweden,2007,8,16,34.3,European perch,Fa_P_160,88,-31.4,8.4,3.31,-32.2,2.7,-27,1.1,-30.7,0.71,3.8
Andersson,60.34,17.78,Falaren,Sweden,2007,8,16,34.3,European perch,Fa_P_155,90,-31.4,8.1,3.33,-32.2,2.7,-27,1.1,-30.7,0.71,3.7
Andersson,60.34,17.78,Falaren,Sweden,2007,8,16,34.3,European perch,Fa_P_106,90,-31.9,8.4,3.47,-32.2,2.7,-27,1.1,-30.9,0.75,3.8
Andersson,60.34,17.78,Falaren,Sweden,2007,8,16,34.3,European perch,Fa_P_164,92,-31.3,8.2,3.34,-32.2,2.7,-27,1.1,-30.6,0.69,3.8
Andersson,60.34,17.78,Falaren,Sweden,2007,8,16,34.3,European perch,Fa_L_201,93,-31.6,6.2,3.33,-32.2,2.7,-27,1.1,-30.9,0.75,3.1
Andersson,60.34,17.78,Falaren,Sweden,2007,8,16,34.3,European perch,Fa_P_96,93,-31.2,8.3,3.37,-32.2,2.7,-27,1.1,-30.4,0.65,3.8
Andersson,60.34,17.78,Falaren,Sweden,2007,8,16,34.3,European perch,Fa_L_192,100,-31.9,7.4,3.36,-32.2,2.7,-27,1.1,-31.1,0.79,3.5
Andersson,60.34,17.78,Falaren,Sweden,2007,8,16,34.3,European perch,Fa_P_111,105,-32.4,9.9,3.35,-32.2,2.7,-27,1.1,-31.7,0.9,4.2
Andersson,60.34,17.78,Falaren,Sweden,2007,8,16,34.3,European perch,Fa_P_120,107,-30.8,8.9,3.41,-32.2,2.7,-27,1.1,-29.9,0.56,4
Andersson,60.34,17.78,Falaren,Sweden,2007,8,16,34.3,European perch,Fa_P_113,107,-32,9.4,3.36,-32.2,2.7,-27,1.1,-31.2,0.81,4.1
Andersson,60.34,17.78,Falaren,Sweden,2007,8,16,34.3,European perch,Fa_L_193,108,-31.3,8.3,3.23,-32.2,2.7,-27,1.1,-30.8,0.73,3.8
Andersson,60.34,17.78,Falaren,Sweden,2007,8,16,34.3,European perch,Fa_P_112,108,-31.8,9.9,3.36,-32.2,2.7,-27,1.1,-31,0.77,4.2
Andersson,60.34,17.78,Falaren,Sweden,2007,8,16,34.3,European perch,Fa_P_90,109,-31.3,8.7,3.29,-32.2,2.7,-27,1.1,-30.7,0.71,3.9
Andersson,60.34,17.78,Falaren,Sweden,2007,8,16,34.3,European perch,Fa_L_191,116,-31.9,9,3.24,-32.2,2.7,-27,1.1,-31.4,0.85,3.9
Andersson,60.34,17.78,Falaren,Sweden,2007,8,16,34.3,European perch,Fa_P_104,121,-32.1,9.1,3.31,-32.2,2.7,-27,1.1,-31.4,0.85,4
Andersson,60.34,17.78,Falaren,Sweden,2007,8,16,34.3,European perch,Fa_P_102,123,-32.2,9.9,3.27,-32.2,2.7,-27,1.1,-31.6,0.88,4.2
Andersson,60.34,17.78,Falaren,Sweden,2007,8,16,34.3,European perch,Fa_L_222,130,-30.2,9.2,3.24,-32.2,2.7,-27,1.1,-29.7,0.52,4.1
Andersson,60.34,17.78,Falaren,Sweden,2007,8,16,34.3,European perch,Fa_P_81,137,-30.2,10.5,3.27,-32.2,2.7,-27,1.1,-29.6,0.5,4.5
Andersson,60.34,17.78,Falaren,Sweden,2007,8,16,34.3,European perch,Fa_L_218,143,-30,8.5,3.23,-32.2,2.7,-27,1.1,-29.5,0.48,4
Andersson,60.34,17.78,Falaren,Sweden,2007,8,16,34.3,European perch,Fa_L_221,144,-31.9,10,3.26,-32.2,2.7,-27,1.1,-31.3,0.83,4.2
Andersson,60.34,17.78,Falaren,Sweden,2007,8,16,34.3,European perch,Fa_P_80,144,-31.5,8.7,3.21,-32.2,2.7,-27,1.1,-31,0.77,3.9
Andersson,60.34,17.78,Falaren,Sweden,2007,8,16,34.3,European perch,Fa_P_73,146,-29.3,9.9,3.22,-32.2,2.7,-27,1.1,-28.8,0.35,4.4
Andersson,60.34,17.78,Falaren,Sweden,2007,8,16,34.3,European perch,Fa_P_79,148,-31.2,8.6,3.19,-32.2,2.7,-27,1.1,-30.8,0.73,3.9
Andersson,60.34,17.78,Falaren,Sweden,2007,8,16,34.3,European perch,Fa_P_67,156,-30.4,9.4,3.23,-32.2,2.7,-27,1.1,-29.9,0.56,4.2
Andersson,60.34,17.78,Falaren,Sweden,2007,8,16,34.3,European perch,Fa_P_71,159,-30.7,9.6,3.17,-32.2,2.7,-27,1.1,-30.3,0.63,4.2
Andersson,60.34,17.78,Falaren,Sweden,2007,8,16,34.3,European perch,Fa_P_78,161,-31,8.7,3.15,-32.2,2.7,-27,1.1,-30.7,0.71,3.9
Andersson,60.34,17.78,Falaren,Sweden,2007,8,16,34.3,European perch,Fa_L_220,168,-30.4,8.6,3.25,-32.2,2.7,-27,1.1,-29.9,0.56,3.9
Andersson,60.34,17.78,Falaren,Sweden,2007,8,16,34.3,European perch,Fa_L_219,169,-31.6,9.1,3.2,-32.2,2.7,-27,1.1,-31.2,0.81,4
Andersson,60.34,17.78,Falaren,Sweden,2007,8,16,34.3,European perch,Fa_P_69,176,-28.8,10.3,3.17,-32.2,2.7,-27,1.1,-28.4,0.27,4.6
Andersson,60.34,17.78,Falaren,Sweden,2007,8,16,34.3,European perch,Fa_P_66,178,-29.6,9.7,3.11,-32.2,2.7,-27,1.1,-29.4,0.46,4.3
Andersson,60.34,17.78,Falaren,Sweden,2007,8,16,34.3,European perch,Fa_P_77,183,-30.6,9.5,3.14,-32.2,2.7,-27,1.1,-30.3,0.63,4.2
Andersson,60.34,17.78,Falaren,Sweden,2007,8,16,34.3,European perch,Fa_P_84,183,-31.6,8.4,3.17,-32.2,2.7,-27,1.1,-31.2,0.81,3.8
Andersson,60.34,17.78,Falaren,Sweden,2007,8,16,34.3,European perch,Fa_L_224,185,-29.9,9.1,3.2,-32.2,2.7,-27,1.1,-29.5,0.48,4.1
Andersson,60.34,17.78,Falaren,Sweden,2007,8,16,34.3,European perch,Fa_P_229,187,-30.1,9.2,3.26,-32.2,2.7,-27,1.1,-29.5,0.48,4.2
Andersson,60.34,17.78,Falaren,Sweden,2007,8,16,34.3,European perch,Fa_P_72,196,-30.4,9.5,3.19,-32.2,2.7,-27,1.1,-30,0.58,4.2
Andersson,60.34,17.78,Falaren,Sweden,2007,8,16,34.3,European perch,Fa_P_230,216,-30.4,8.9,3.16,-32.2,2.7,-27,1.1,-30,0.58,4
Andersson,57.09,14.53,Fiolen,Sweden,2017,7,21,6.21,European perch,Fi_P_30,51.1,-28.79,7.23,3.3,-30.5125,4.455,-26.705,3.4775,-28.1,0.37,3
Andersson,57.09,14.53,Fiolen,Sweden,2017,7,21,6.21,European perch,Fi_P_29,87.9,-27.95,7.95,3.27,-30.5125,4.455,-26.705,3.4775,-27.4,0.18,3.3
Andersson,57.09,14.53,Fiolen,Sweden,2017,7,21,6.21,European perch,Fi_P_14,88.2,-28.06,7.95,3.22,-30.5125,4.455,-26.705,3.4775,-27.6,0.24,3.2
Andersson,57.09,14.53,Fiolen,Sweden,2017,7,21,6.21,European perch,Fi_P_12,89.1,-27.82,7.9,3.13,-30.5125,4.455,-26.705,3.4775,-27.5,0.21,3.2
Andersson,57.09,14.53,Fiolen,Sweden,2017,7,21,6.21,European perch,Fi_P_10,89.7,-28.18,8.07,3.21,-30.5125,4.455,-26.705,3.4775,-27.7,0.26,3.3
Andersson,57.09,14.53,Fiolen,Sweden,2017,7,21,6.21,European perch,Fi_L_13,90.8,-27.43,8.08,3.23,-30.5125,4.455,-26.705,3.4775,-26.9,0.05,3.3
Andersson,57.09,14.53,Fiolen,Sweden,2017,7,21,6.21,European perch,Fi_P_11,92.8,-27.71,8.12,3.2,-30.5125,4.455,-26.705,3.4775,-27.3,0.16,3.3
Andersson,57.09,14.53,Fiolen,Sweden,2017,7,21,6.21,European perch,Fi_L_18,93.4,-26.16,6.99,3.32,-30.5125,4.455,-26.705,3.4775,-25.5,0,3.1
Andersson,57.09,14.53,Fiolen,Sweden,2017,7,21,6.21,European perch,Fi_P_04,93.7,-27.8,8.29,3.18,-30.5125,4.455,-26.705,3.4775,-27.4,0.18,3.4
Andersson,57.09,14.53,Fiolen,Sweden,2017,7,21,6.21,European perch,Fi_P_13,94.4,-27.72,7.99,3.23,-30.5125,4.455,-26.705,3.4775,-27.2,0.13,3.3
Andersson,57.09,14.53,Fiolen,Sweden,2017,7,21,6.21,European perch,Fi_L_15,95.5,-25.47,6.99,3.27,-30.5125,4.455,-26.705,3.4775,-24.9,0,3.2
Andersson,57.09,14.53,Fiolen,Sweden,2017,7,21,6.21,European perch,Fi_P_28,97.9,-27.98,8.42,3.27,-30.5125,4.455,-26.705,3.4775,-27.4,0.18,3.4
Andersson,57.09,14.53,Fiolen,Sweden,2017,7,21,6.21,European perch,Fi_P_25,98,-27.71,8.09,3.27,-30.5125,4.455,-26.705,3.4775,-27.1,0.1,3.3
Andersson,57.09,14.53,Fiolen,Sweden,2017,7,21,6.21,European perch,Fi_L_19,98.3,-26.65,6.66,3.19,-30.5125,4.455,-26.705,3.4775,-26.2,0,3
Andersson,57.09,14.53,Fiolen,Sweden,2017,7,21,6.21,European perch,Fi_P_06,99.8,-27.76,8.24,3.15,-30.5125,4.455,-26.705,3.4775,-27.4,0.18,3.3
Andersson,57.09,14.53,Fiolen,Sweden,2017,7,21,6.21,European perch,Fi_L_17,101.3,-25.38,7.11,3.32,-30.5125,4.455,-26.705,3.4775,-24.7,0,3.2
Andersson,57.09,14.53,Fiolen,Sweden,2017,7,21,6.21,European perch,Fi_P_24,101.7,-27.97,8.29,3.23,-30.5125,4.455,-26.705,3.4775,-27.5,0.21,3.4
Andersson,57.09,14.53,Fiolen,Sweden,2017,7,21,6.21,European perch,Fi_P_08,102,-27.59,8.24,3.18,-30.5125,4.455,-26.705,3.4775,-27.2,0.13,3.4
Andersson,57.09,14.53,Fiolen,Sweden,2017,7,21,6.21,European perch,Fi_P_09,102.2,-27.88,8.16,3.24,-30.5125,4.455,-26.705,3.4775,-27.4,0.18,3.3
Andersson,57.09,14.53,Fiolen,Sweden,2017,7,21,6.21,European perch,Fi_L_14,102.6,-26,7.36,3.29,-30.5125,4.455,-26.705,3.4775,-25.4,0,3.2
Andersson,57.09,14.53,Fiolen,Sweden,2017,7,21,6.21,European perch,Fi_P_07,104.7,-27.67,8.08,3.25,-30.5125,4.455,-26.705,3.4775,-27.1,0.1,3.3
Andersson,57.09,14.53,Fiolen,Sweden,2017,7,21,6.21,European perch,Fi_P_05,105.6,-27.88,8.17,3.22,-30.5125,4.455,-26.705,3.4775,-27.4,0.18,3.3
Andersson,57.09,14.53,Fiolen,Sweden,2017,7,21,6.21,European perch,Fi_P_22,105.8,-27.34,7.95,3.21,-30.5125,4.455,-26.705,3.4775,-26.9,0.05,3.3
Andersson,57.09,14.53,Fiolen,Sweden,2017,7,21,6.21,European perch,Fi_P_23,106,-27.86,8.3,3.19,-30.5125,4.455,-26.705,3.4775,-27.4,0.18,3.4
Andersson,57.09,14.53,Fiolen,Sweden,2017,7,21,6.21,European perch,Fi_P_26,109.4,-27.87,8.54,3.27,-30.5125,4.455,-26.705,3.4775,-27.3,0.16,3.4
Andersson,57.09,14.53,Fiolen,Sweden,2017,7,21,6.21,European perch,Fi_P_27,110,-27.45,8.16,3.2,-30.5125,4.455,-26.705,3.4775,-27,0.08,3.4
Andersson,57.09,14.53,Fiolen,Sweden,2017,7,21,6.21,European perch,Fi_P_18,126.1,-27.67,9.08,3.22,-30.5125,4.455,-26.705,3.4775,-27.2,0.13,3.6
Andersson,57.09,14.53,Fiolen,Sweden,2017,7,21,6.21,European perch,Fi_L_25,127.6,-25.69,9.49,3.28,-30.5125,4.455,-26.705,3.4775,-25.1,0,3.9
Andersson,57.09,14.53,Fiolen,Sweden,2017,7,21,6.21,European perch,Fi_P_16,127.7,-27.09,8.83,3.23,-30.5125,4.455,-26.705,3.4775,-26.6,0,3.6
Andersson,57.09,14.53,Fiolen,Sweden,2017,7,21,6.21,European perch,Fi_L_23,133.8,-25.98,8.6,3.25,-30.5125,4.455,-26.705,3.4775,-25.4,0,3.6
Andersson,57.09,14.53,Fiolen,Sweden,2017,7,21,6.21,European perch,Fi_P_17,134.4,-27.74,8.96,3.22,-30.5125,4.455,-26.705,3.4775,-27.3,0.16,3.6
Andersson,57.09,14.53,Fiolen,Sweden,2017,7,21,6.21,European perch,Fi_P_19,134.6,-27.71,8.69,3.19,-30.5125,4.455,-26.705,3.4775,-27.3,0.16,3.5
Andersson,57.09,14.53,Fiolen,Sweden,2017,7,21,6.21,European perch,Fi_L_26,135.5,-25.68,9.22,3.19,-30.5125,4.455,-26.705,3.4775,-25.3,0,3.8
Andersson,57.09,14.53,Fiolen,Sweden,2017,7,21,6.21,European perch,Fi_L_24,137.2,-24.7,9.5,3.19,-30.5125,4.455,-26.705,3.4775,-24.3,0,4
Andersson,57.09,14.53,Fiolen,Sweden,2017,7,21,6.21,European perch,Fi_L_20,137.5,-25.86,9.22,3.22,-30.5125,4.455,-26.705,3.4775,-25.4,0,3.8
Andersson,57.09,14.53,Fiolen,Sweden,2017,7,21,6.21,European perch,Fi_L_27,140.2,-26.01,9.32,3.17,-30.5125,4.455,-26.705,3.4775,-25.6,0,3.8
Andersson,57.09,14.53,Fiolen,Sweden,2017,7,21,6.21,European perch,Fi_P_15,141.3,-27.94,8.99,3.23,-30.5125,4.455,-26.705,3.4775,-27.4,0.18,3.6
Andersson,57.09,14.53,Fiolen,Sweden,2017,7,21,6.21,European perch,Fi_P_21,143.3,-27.64,8.65,3.26,-30.5125,4.455,-26.705,3.4775,-27.1,0.1,3.5
Andersson,57.09,14.53,Fiolen,Sweden,2017,7,21,6.21,European perch,Fi_L_21,144.9,-25.51,9.12,3.19,-30.5125,4.455,-26.705,3.4775,-25.1,0,3.8
Andersson,57.09,14.53,Fiolen,Sweden,2017,7,21,6.21,European perch,Fi_P_20,148.3,-27.51,9.01,3.22,-30.5125,4.455,-26.705,3.4775,-27,0.08,3.6
Andersson,57.09,14.53,Fiolen,Sweden,2017,7,21,6.21,European perch,Fi_L_11,149,-24.81,9.57,3.34,-30.5125,4.455,-26.705,3.4775,-24.1,0,4
Andersson,57.09,14.53,Fiolen,Sweden,2017,7,21,6.21,European perch,Fi_P_03,150.6,-27.86,8.68,3.21,-30.5125,4.455,-26.705,3.4775,-27.4,0.18,3.5
Andersson,57.09,14.53,Fiolen,Sweden,2017,7,21,6.21,European perch,Fi_P_02,157.6,-27.68,8.88,3.21,-30.5125,4.455,-26.705,3.4775,-27.2,0.13,3.6
Andersson,57.09,14.53,Fiolen,Sweden,2017,7,21,6.21,European perch,Fi_L_22,158.1,-25.65,9.12,3.24,-30.5125,4.455,-26.705,3.4775,-25.1,0,3.8
Andersson,57.09,14.53,Fiolen,Sweden,2017,7,21,6.21,European perch,Fi_L_07,158.7,-26.61,8.51,3.26,-30.5125,4.455,-26.705,3.4775,-26,0,3.5
Andersson,57.09,14.53,Fiolen,Sweden,2017,7,21,6.21,European perch,Fi_L_16,159.5,-25.42,8.92,3.21,-30.5125,4.455,-26.705,3.4775,-25,0,3.7
Andersson,57.09,14.53,Fiolen,Sweden,2017,7,21,6.21,European perch,Fi_L_12,160.9,-25.97,9.27,3.26,-30.5125,4.455,-26.705,3.4775,-25.4,0,3.8
Andersson,57.09,14.53,Fiolen,Sweden,2017,7,21,6.21,European perch,Fi_L_06,166.8,-25.27,9.19,3.27,-30.5125,4.455,-26.705,3.4775,-24.7,0,3.8
Andersson,57.09,14.53,Fiolen,Sweden,2017,7,21,6.21,European perch,Fi_P_01,179.1,-27.13,9.24,3.21,-30.5125,4.455,-26.705,3.4775,-26.7,0,3.7
Andersson,57.09,14.53,Fiolen,Sweden,2017,7,21,6.21,European perch,Fi_L_10,187.4,-24.33,9.51,3.28,-30.5125,4.455,-26.705,3.4775,-23.7,0,4
Andersson,57.09,14.53,Fiolen,Sweden,2017,7,21,6.21,European perch,Fi_L_09,200.7,-26.84,9.54,3.26,-30.5125,4.455,-26.705,3.4775,-26.3,0,3.8
Andersson,57.09,14.53,Fiolen,Sweden,2017,7,21,6.21,European perch,Fi_L_02,208.8,-26.98,9.6,3.3,-30.5125,4.455,-26.705,3.4775,-26.3,0,3.8
Andersson,57.09,14.53,Fiolen,Sweden,2017,7,21,6.21,European perch,Fi_L_29,240.9,-24.67,9.56,3.28,-30.5125,4.455,-26.705,3.4775,-24.1,0,4
Andersson,57.09,14.53,Fiolen,Sweden,2017,7,21,6.21,European perch,Fi_L_28,244,-24.93,9.5,3.24,-30.5125,4.455,-26.705,3.4775,-24.4,0,3.9
Andersson,57.09,14.53,Fiolen,Sweden,2017,7,21,6.21,European perch,Fi_L_04,260.5,-25.6,9.68,3.24,-30.5125,4.455,-26.705,3.4775,-25.1,0,3.9
Andersson,57.09,14.53,Fiolen,Sweden,2017,7,21,6.21,European perch,Fi_L_05,274.5,-25.52,10.42,3.23,-30.5125,4.455,-26.705,3.4775,-25,0,4.2
Andersson,57.09,14.53,Fiolen,Sweden,2017,7,21,6.21,European perch,Fi_L_01,278.4,-25.12,10.38,3.29,-30.5125,4.455,-26.705,3.4775,-24.5,0,4.2
Andersson,57.09,14.53,Fiolen,Sweden,2017,7,21,6.21,European perch,Fi_L_08,305.1,-26.41,9.56,3.29,-30.5125,4.455,-26.705,3.4775,-25.8,0,3.9
Andersson,57.09,14.53,Fiolen,Sweden,2017,7,21,6.21,European perch,Fi_L_03,316.9,-24.64,10.73,3.23,-30.5125,4.455,-26.705,3.4775,-24.1,0,4.3
Andersson,57.09,14.53,Fiolen,Sweden,2017,7,21,6.21,European perch,Fi_L_30,328,-24.04,11.21,3.1,-30.5125,4.455,-26.705,3.4775,-23.8,0,4.5
Andersson,59.92,15.45,Ljustjarn,Sweden,2007,8,9,3.6,European perch,Lj_L_31,52,-29.7,7.3,3.461,-34.7,5.3,-26.6,2.3,-28.7,0.26,3.2
Andersson,59.92,15.45,Ljustjarn,Sweden,2007,8,9,3.6,European perch,Lj_P_235,60,-29.4,7.2,3.378,-34.7,5.3,-26.6,2.3,-28.6,0.25,3.2
Andersson,59.92,15.45,Ljustjarn,Sweden,2007,8,9,3.6,European perch,Lj_L_57,86,-27.5,6.9,3.277,-34.7,5.3,-26.6,2.3,-26.9,0.04,3.3
Andersson,59.92,15.45,Ljustjarn,Sweden,2007,8,9,3.6,European perch,Lj_L_28,89,-29.5,7.1,3.39,-34.7,5.3,-26.6,2.3,-28.7,0.26,3.2
Andersson,59.92,15.45,Ljustjarn,Sweden,2007,8,9,3.6,European perch,Lj_L_58,97,-28.2,7.1,3.273,-34.7,5.3,-26.6,2.3,-27.6,0.12,3.3
Andersson,59.92,15.45,Ljustjarn,Sweden,2007,8,9,3.6,European perch,Lj_L_29,102,-31.5,7.2,3.331,-34.7,5.3,-26.6,2.3,-30.8,0.52,3
Andersson,59.92,15.45,Ljustjarn,Sweden,2007,8,9,3.6,European perch,Lj_L_23,109,-29,7.7,3.325,-34.7,5.3,-26.6,2.3,-28.3,0.21,3.4
Andersson,59.92,15.45,Ljustjarn,Sweden,2007,8,9,3.6,European perch,Lj_P_241,112,-29.5,8,3.224,-34.7,5.3,-26.6,2.3,-29,0.3,3.4
Andersson,59.92,15.45,Ljustjarn,Sweden,2007,8,9,3.6,European perch,Lj_L_59,114,-27.5,7.6,3.303,-34.7,5.3,-26.6,2.3,-26.8,0.02,3.5
Andersson,59.92,15.45,Ljustjarn,Sweden,2007,8,9,3.6,European perch,Lj_P_236,114,-29.7,8.1,3.323,-34.7,5.3,-26.6,2.3,-29,0.3,3.4
Andersson,59.92,15.45,Ljustjarn,Sweden,2007,8,9,3.6,European perch,Lj_P_237,123,-29.6,7.9,3.264,-34.7,5.3,-26.6,2.3,-29,0.3,3.4
Andersson,59.92,15.45,Ljustjarn,Sweden,2007,8,9,3.6,European perch,Lj_L_22,128,-29.5,7.4,3.276,-34.7,5.3,-26.6,2.3,-28.9,0.28,3.3
Andersson,59.92,15.45,Ljustjarn,Sweden,2007,8,9,3.6,European perch,Lj_L_60,129,-26.9,7.8,3.219,-34.7,5.3,-26.6,2.3,-26.4,0,3.6
Andersson,59.92,15.45,Ljustjarn,Sweden,2007,8,9,3.6,European perch,Lj_L_24,131,-30.9,8.1,3.356,-34.7,5.3,-26.6,2.3,-30.1,0.43,3.3
Andersson,59.92,15.45,Ljustjarn,Sweden,2007,8,9,3.6,European perch,Lj_P_56,131,-29.8,8.7,3.255,-34.7,5.3,-26.6,2.3,-29.2,0.32,3.6
Andersson,59.92,15.45,Ljustjarn,Sweden,2007,8,9,3.6,European perch,Lj_P_240,133,-31.3,7.7,3.191,-34.7,5.3,-26.6,2.3,-30.9,0.53,3.1
Andersson,59.92,15.45,Ljustjarn,Sweden,2007,8,9,3.6,European perch,Lj_P_238,135,-29.7,8.2,3.224,-34.7,5.3,-26.6,2.3,-29.2,0.32,3.5
Andersson,59.92,15.45,Ljustjarn,Sweden,2007,8,9,3.6,European perch,Lj_L_27,136,-29,7.4,3.282,-34.7,5.3,-26.6,2.3,-28.4,0.22,3.3
Andersson,59.92,15.45,Ljustjarn,Sweden,2007,8,9,3.6,European perch,Lj_L_61,137,-26.6,8.1,3.245,-34.7,5.3,-26.6,2.3,-26.1,0,3.8
Andersson,59.92,15.45,Ljustjarn,Sweden,2007,8,9,3.6,European perch,Lj_P_243,139,-29.7,8.4,3.22,-34.7,5.3,-26.6,2.3,-29.2,0.32,3.5
Andersson,59.92,15.45,Ljustjarn,Sweden,2007,8,9,3.6,European perch,Lj_L_25,140,-31.9,8.1,3.382,-34.7,5.3,-26.6,2.3,-31.1,0.56,3.2
Andersson,59.92,15.45,Ljustjarn,Sweden,2007,8,9,3.6,European perch,Lj_P_239,140,-29.7,8.2,3.255,-34.7,5.3,-26.6,2.3,-29.1,0.31,3.5
Andersson,59.92,15.45,Ljustjarn,Sweden,2007,8,9,3.6,European perch,Lj_P_242,154,-29.9,8.4,3.244,-34.7,5.3,-26.6,2.3,-29.4,0.35,3.5
Andersson,59.92,15.45,Ljustjarn,Sweden,2007,8,9,3.6,European perch,Lj_P_54,158,-28.8,8.3,3.311,-34.7,5.3,-26.6,2.3,-28.1,0.19,3.6
Andersson,59.92,15.45,Ljustjarn,Sweden,2007,8,9,3.6,European perch,Lj_L_19,159,-28.7,7.3,3.287,-34.7,5.3,-26.6,2.3,-28.1,0.19,3.3
Andersson,59.92,15.45,Ljustjarn,Sweden,2007,8,9,3.6,European perch,Lj_L_62,160,-26.7,8.2,3.239,-34.7,5.3,-26.6,2.3,-26.2,0,3.8
Andersson,59.92,15.45,Ljustjarn,Sweden,2007,8,9,3.6,European perch,Lj_P_53,164,-30,8.3,3.251,-34.7,5.3,-26.6,2.3,-29.5,0.36,3.4
Andersson,59.92,15.45,Ljustjarn,Sweden,2007,8,9,3.6,European perch,Lj_P_55,167,-30,8.2,3.34,-34.7,5.3,-26.6,2.3,-29.3,0.33,3.4
Andersson,59.92,15.45,Ljustjarn,Sweden,2007,8,9,3.6,European perch,Lj_P_52,173,-30.8,8.4,3.241,-34.7,5.3,-26.6,2.3,-30.3,0.46,3.4
Andersson,59.92,15.45,Ljustjarn,Sweden,2007,8,9,3.6,European perch,Lj_P_49,174,-30.1,8.3,3.365,-34.7,5.3,-26.6,2.3,-29.3,0.33,3.5
Andersson,59.92,15.45,Ljustjarn,Sweden,2007,8,9,3.6,European perch,Lj_P_46,176,-30.2,8.8,3.187,-34.7,5.3,-26.6,2.3,-29.8,0.4,3.6
Andersson,59.92,15.45,Ljustjarn,Sweden,2007,8,9,3.6,European perch,Lj_P_48,183,-30.9,8.5,3.214,-34.7,5.3,-26.6,2.3,-30.4,0.47,3.4
Andersson,59.92,15.45,Ljustjarn,Sweden,2007,8,9,3.6,European perch,Lj_P_51,185,-29.8,8.1,3.363,-34.7,5.3,-26.6,2.3,-29,0.3,3.4
Andersson,59.92,15.45,Ljustjarn,Sweden,2007,8,9,3.6,European perch,Lj_P_47,187,-30.4,7.7,3.333,-34.7,5.3,-26.6,2.3,-29.7,0.38,3.3
Andersson,59.92,15.45,Ljustjarn,Sweden,2007,8,9,3.6,European perch,Lj_L_63,193,-26.9,8.6,3.13,-34.7,5.3,-26.6,2.3,-26.6,0,3.9
Andersson,59.92,15.45,Ljustjarn,Sweden,2007,8,9,3.6,European perch,Lj_P_50,193,-30.5,8.3,3.26,-34.7,5.3,-26.6,2.3,-29.9,0.41,3.4
Andersson,60.44,15.09,Tryssjon,Sweden,2018,8,3,11.19,European perch,Ty_L_08,97.5,-29.83,5.01,3.28,-35.232,2.63,-26.2,1.965,-29.2,0.33,2.8
Andersson,60.44,15.09,Tryssjon,Sweden,2018,8,3,11.19,European perch,Ty_L_14,98,-29.73,5.53,3.22,-35.232,2.63,-26.2,1.965,-29.2,0.33,3
Andersson,60.44,15.09,Tryssjon,Sweden,2018,8,3,11.19,European perch,Ty_L_09,105.2,-29.76,5.14,3.24,-35.232,2.63,-26.2,1.965,-29.2,0.33,2.9
Andersson,60.44,15.09,Tryssjon,Sweden,2018,8,3,11.19,European perch,Ty_L_07,110.5,-29.89,5.23,3.25,-35.232,2.63,-26.2,1.965,-29.3,0.34,2.9
Andersson,60.44,15.09,Tryssjon,Sweden,2018,8,3,11.19,European perch,Ty_L_23,125,-29.21,7.25,3.25,-35.232,2.63,-26.2,1.965,-28.7,0.28,3.5
Andersson,60.44,15.09,Tryssjon,Sweden,2018,8,3,11.19,European perch,Ty_L_37,125.8,-30.11,5.76,3.23,-35.232,2.63,-26.2,1.965,-29.6,0.38,3
Andersson,60.44,15.09,Tryssjon,Sweden,2018,8,3,11.19,European perch,Ty_L_04,129.8,-30.16,5.23,3.22,-35.232,2.63,-26.2,1.965,-29.7,0.39,2.9
Andersson,60.44,15.09,Tryssjon,Sweden,2018,8,3,11.19,European perch,Ty_L_13,131.7,-29.49,5.46,3.26,-35.232,2.63,-26.2,1.965,-28.9,0.3,3
Andersson,60.44,15.09,Tryssjon,Sweden,2018,8,3,11.19,European perch,Ty_P_10,140.4,-29.91,5.27,3.22,-35.232,2.63,-26.2,1.965,-29.4,0.35,2.9
Andersson,60.44,15.09,Tryssjon,Sweden,2018,8,3,11.19,European perch,Ty_L_03,142.9,-30.3,4.92,3.2,-35.232,2.63,-26.2,1.965,-29.9,0.41,2.8
Andersson,60.44,15.09,Tryssjon,Sweden,2018,8,3,11.19,European perch,Ty_L_02,143,-29.91,5.39,3.22,-35.232,2.63,-26.2,1.965,-29.4,0.35,2.9
Andersson,60.44,15.09,Tryssjon,Sweden,2018,8,3,11.19,European perch,Ty_L_26,163.3,-29.16,7.34,3.24,-35.232,2.63,-26.2,1.965,-28.6,0.27,3.5
Andersson,60.44,15.09,Tryssjon,Sweden,2018,8,3,11.19,European perch,Ty_L_28,165.9,-29.3,6.84,3.2,-35.232,2.63,-26.2,1.965,-28.9,0.3,3.4
Andersson,60.44,15.09,Tryssjon,Sweden,2018,8,3,11.19,European perch,Ty_L_17,168.5,-28.72,5.57,3.2,-35.232,2.63,-26.2,1.965,-28.3,0.23,3
Andersson,60.44,15.09,Tryssjon,Sweden,2018,8,3,11.19,European perch,Ty_L_01,169.6,-29.45,6.59,3.24,-35.232,2.63,-26.2,1.965,-28.9,0.3,3.3
Andersson,60.44,15.09,Tryssjon,Sweden,2018,8,3,11.19,European perch,Ty_L_24,170.6,-29.37,6.06,3.19,-35.232,2.63,-26.2,1.965,-28.9,0.3,3.1
Andersson,60.44,15.09,Tryssjon,Sweden,2018,8,3,11.19,European perch,Ty_L_27,171.2,-29.12,6.61,3.25,-35.232,2.63,-26.2,1.965,-28.6,0.27,3.3
Andersson,60.44,15.09,Tryssjon,Sweden,2018,8,3,11.19,European perch,Ty_P_02,173.3,-29.29,6.89,3.23,-35.232,2.63,-26.2,1.965,-28.8,0.29,3.4
Andersson,60.44,15.09,Tryssjon,Sweden,2018,8,3,11.19,European perch,Ty_L_15,175.5,-28.72,6.48,3.22,-35.232,2.63,-26.2,1.965,-28.2,0.22,3.3
Andersson,60.44,15.09,Tryssjon,Sweden,2018,8,3,11.19,European perch,Ty_L_19,178.5,-29.45,6.57,3.25,-35.232,2.63,-26.2,1.965,-28.9,0.3,3.3
Andersson,60.44,15.09,Tryssjon,Sweden,2018,8,3,11.19,European perch,Ty_L_29,179.1,-29.19,6.98,3.26,-35.232,2.63,-26.2,1.965,-28.6,0.27,3.4
Andersson,60.44,15.09,Tryssjon,Sweden,2018,8,3,11.19,European perch,Ty_L_16,179.6,-28.88,6.12,3.21,-35.232,2.63,-26.2,1.965,-28.4,0.24,3.2
Andersson,60.44,15.09,Tryssjon,Sweden,2018,8,3,11.19,European perch,Ty_P_03,184.9,-28.96,8.1,3.19,-35.232,2.63,-26.2,1.965,-28.5,0.25,3.8
Andersson,60.44,15.09,Tryssjon,Sweden,2018,8,3,11.19,European perch,Ty_P_05,185.7,-29.12,8.03,3.23,-35.232,2.63,-26.2,1.965,-28.6,0.27,3.7
Andersson,60.44,15.09,Tryssjon,Sweden,2018,8,3,11.19,European perch,Ty_L_10,187.1,-28.91,6.52,3.24,-35.232,2.63,-26.2,1.965,-28.4,0.24,3.3
Andersson,60.44,15.09,Tryssjon,Sweden,2018,8,3,11.19,European perch,Ty_L_11,187.6,-28.81,7.56,3.2,-35.232,2.63,-26.2,1.965,-28.4,0.24,3.6
Andersson,60.44,15.09,Tryssjon,Sweden,2018,8,3,11.19,European perch,Ty_L_05,189.1,-29.33,7.54,3.2,-35.232,2.63,-26.2,1.965,-28.9,0.3,3.6
Andersson,60.44,15.09,Tryssjon,Sweden,2018,8,3,11.19,European perch,Ty_P_06,191.7,-29.2,7.85,3.2,-35.232,2.63,-26.2,1.965,-28.8,0.29,3.7
Andersson,60.44,15.09,Tryssjon,Sweden,2018,8,3,11.19,European perch,Ty_L_06,192,-29.19,7.16,3.19,-35.232,2.63,-26.2,1.965,-28.8,0.29,3.5
Andersson,60.44,15.09,Tryssjon,Sweden,2018,8,3,11.19,European perch,Ty_L_12,192.6,-28.89,6.42,3.18,-35.232,2.63,-26.2,1.965,-28.5,0.25,3.3
Andersson,60.44,15.09,Tryssjon,Sweden,2018,8,3,11.19,European perch,Ty_P_07,193.3,-28.73,7.8,3.23,-35.232,2.63,-26.2,1.965,-28.2,0.22,3.7
Andersson,60.44,15.09,Tryssjon,Sweden,2018,8,3,11.19,European perch,Ty_P_04,193.9,-29.01,7.59,3.22,-35.232,2.63,-26.2,1.965,-28.5,0.25,3.6
Andersson,60.44,15.09,Tryssjon,Sweden,2018,8,3,11.19,European perch,Ty_P_08,196.2,-29.23,7.33,3.2,-35.232,2.63,-26.2,1.965,-28.8,0.29,3.5
Andersson,60.44,15.09,Tryssjon,Sweden,2018,8,3,11.19,European perch,Ty_L_33,203.7,-28.95,8.23,3.19,-35.232,2.63,-26.2,1.965,-28.5,0.25,3.8
Andersson,60.44,15.09,Tryssjon,Sweden,2018,8,3,11.19,European perch,Ty_P_01,203.8,-29.19,7.67,3.21,-35.232,2.63,-26.2,1.965,-28.7,0.28,3.6
Andersson,60.44,15.09,Tryssjon,Sweden,2018,8,3,11.19,European perch,Ty_L_18,206.5,-28.86,7.4,3.18,-35.232,2.63,-26.2,1.965,-28.5,0.25,3.5
Andersson,60.44,15.09,Tryssjon,Sweden,2018,8,3,11.19,European perch,Ty_P_09,206.9,-28.85,8.15,3.18,-35.232,2.63,-26.2,1.965,-28.4,0.24,3.8
Andersson,60.44,15.09,Tryssjon,Sweden,2018,8,3,11.19,European perch,Ty_P_11,209.6,-28.87,8.06,3.2,-35.232,2.63,-26.2,1.965,-28.4,0.24,3.7
Andersson,60.44,15.09,Tryssjon,Sweden,2018,8,3,11.19,European perch,Ty_L_22,212.4,-29.07,8.08,3.19,-35.232,2.63,-26.2,1.965,-28.6,0.27,3.7
Andersson,60.44,15.09,Tryssjon,Sweden,2018,8,3,11.19,European perch,Ty_L_20,319,-27.91,8.31,3.18,-35.232,2.63,-26.2,1.965,-27.5,0.14,3.8
Andersson,60.44,15.09,Tryssjon,Sweden,2018,8,3,11.19,European perch,Ty_L_21,358.5,-27.48,8.82,3.21,-35.232,2.63,-26.2,1.965,-27,0.09,4
Andersson,60.04,17.57,Langsjon,Sweden,2007,8,7,6.19,European perch,1204,44,-29.56,16.53,3.46,-31.6,13.3,-25.7,9.5,-28.6,0.49,3.5
Andersson,60.04,17.57,Langsjon,Sweden,2007,8,7,6.19,European perch,1453,52,-30.03,16.14,3.35,-31.6,13.3,-25.7,9.5,-29.3,0.61,3.3
Andersson,60.04,17.57,Langsjon,Sweden,2007,8,7,6.19,European perch,1208,53,-30,16.64,3.36,-31.6,13.3,-25.7,9.5,-29.2,0.59,3.4
Andersson,60.04,17.57,Langsjon,Sweden,2007,8,7,6.19,European perch,1207,55,-30.11,16.65,3.38,-31.6,13.3,-25.7,9.5,-29.3,0.61,3.4
Andersson,60.04,17.57,Langsjon,Sweden,2007,8,7,6.19,European perch,1448,56,-30.38,16.72,3.38,-31.6,13.3,-25.7,9.5,-29.6,0.66,3.4
Andersson,60.04,17.57,Langsjon,Sweden,2007,8,7,6.19,European perch,1452,61,-29.86,16.67,3.39,-31.6,13.3,-25.7,9.5,-29,0.56,3.5
Andersson,60.04,17.57,Langsjon,Sweden,2007,8,7,6.19,European perch,1001,64,-30.01,15.13,3.42,-31.6,13.3,-25.7,9.5,-29.1,0.58,3
Andersson,60.04,17.57,Langsjon,Sweden,2007,8,7,6.19,European perch,1209,66,-30.08,15.96,3.38,-31.6,13.3,-25.7,9.5,-29.3,0.61,3.2
Andersson,60.04,17.57,Langsjon,Sweden,2007,8,7,6.19,European perch,1445,68,-30.12,16.65,3.33,-31.6,13.3,-25.7,9.5,-29.4,0.63,3.4
Andersson,60.04,17.57,Langsjon,Sweden,2007,8,7,6.19,European perch,1450,73,-29.93,16.12,3.35,-31.6,13.3,-25.7,9.5,-29.2,0.59,3.3
Andersson,60.04,17.57,Langsjon,Sweden,2007,8,7,6.19,European perch,1219,83,-29.62,15.22,3.32,-31.6,13.3,-25.7,9.5,-28.9,0.54,3.1
Andersson,60.04,17.57,Langsjon,Sweden,2007,8,7,6.19,European perch,1220,88,-29.02,15.19,3.32,-31.6,13.3,-25.7,9.5,-28.3,0.44,3.2
Andersson,60.04,17.57,Langsjon,Sweden,2007,8,7,6.19,European perch,1213,92,-28.67,14.24,3.21,-31.6,13.3,-25.7,9.5,-28.2,0.42,2.9
Andersson,60.04,17.57,Langsjon,Sweden,2007,8,7,6.19,European perch,1237,96,-27.78,13.37,3.27,-31.6,13.3,-25.7,9.5,-27.2,0.25,2.9
Andersson,60.04,17.57,Langsjon,Sweden,2007,8,7,6.19,European perch,1228,96,-26.35,14.54,3.27,-31.6,13.3,-25.7,9.5,-25.8,0.02,3.5
Andersson,60.04,17.57,Langsjon,Sweden,2007,8,7,6.19,European perch,1238,97,-28.08,15.89,3.28,-31.6,13.3,-25.7,9.5,-27.5,0.31,3.5
Andersson,60.04,17.57,Langsjon,Sweden,2007,8,7,6.19,European perch,1462,98,-29.25,16.78,3.27,-31.6,13.3,-25.7,9.5,-28.7,0.51,3.6
Andersson,60.04,17.57,Langsjon,Sweden,2007,8,7,6.19,European perch,1242,99,-29.31,16.31,3.26,-31.6,13.3,-25.7,9.5,-28.7,0.51,3.4
Andersson,60.04,17.57,Langsjon,Sweden,2007,8,7,6.19,European perch,1222,101,-28.99,15.04,3.25,-31.6,13.3,-25.7,9.5,-28.4,0.46,3.1
Andersson,60.04,17.57,Langsjon,Sweden,2007,8,7,6.19,European perch,1226,102,-28.76,13.26,3.27,-31.6,13.3,-25.7,9.5,-28.2,0.42,2.6
Andersson,60.04,17.57,Langsjon,Sweden,2007,8,7,6.19,European perch,1467,102,-29.72,16.53,3.28,-31.6,13.3,-25.7,9.5,-29.1,0.58,3.4
Andersson,60.04,17.57,Langsjon,Sweden,2007,8,7,6.19,European perch,1466,103,-29.82,16.53,3.35,-31.6,13.3,-25.7,9.5,-29.1,0.58,3.4
Andersson,60.04,17.57,Langsjon,Sweden,2007,8,7,6.19,European perch,1224,104,-28.05,14.92,3.28,-31.6,13.3,-25.7,9.5,-27.4,0.29,3.3
Andersson,60.04,17.57,Langsjon,Sweden,2007,8,7,6.19,European perch,1240,105,-29.88,16.43,3.32,-31.6,13.3,-25.7,9.5,-29.2,0.59,3.4
Andersson,60.04,17.57,Langsjon,Sweden,2007,8,7,6.19,European perch,1463,108,-29.66,16.66,3.36,-31.6,13.3,-25.7,9.5,-28.9,0.54,3.5
Andersson,60.04,17.57,Langsjon,Sweden,2007,8,7,6.19,European perch,1245,112,-27.74,15.81,3.21,-31.6,13.3,-25.7,9.5,-27.3,0.27,3.6
Andersson,60.04,17.57,Langsjon,Sweden,2007,8,7,6.19,European perch,1004,112,-28.65,16.49,3.32,-31.6,13.3,-25.7,9.5,-28,0.39,3.6
Andersson,60.04,17.57,Langsjon,Sweden,2007,8,7,6.19,European perch,1472,112,-29.8,15.93,3.29,-31.6,13.3,-25.7,9.5,-29.2,0.59,3.2
Andersson,60.04,17.57,Langsjon,Sweden,2007,8,7,6.19,European perch,1469,115,-29.94,16.54,3.27,-31.6,13.3,-25.7,9.5,-29.4,0.63,3.4
Andersson,60.04,17.57,Langsjon,Sweden,2007,8,7,6.19,European perch,1246,117,-28.22,15.18,3.21,-31.6,13.3,-25.7,9.5,-27.8,0.36,3.3
Andersson,60.04,17.57,Langsjon,Sweden,2007,8,7,6.19,European perch,1471,118,-29.71,17,3.27,-31.6,13.3,-25.7,9.5,-29.1,0.58,3.6
Andersson,60.04,17.57,Langsjon,Sweden,2007,8,7,6.19,European perch,1475,121,-29.94,16.38,3.19,-31.6,13.3,-25.7,9.5,-29.5,0.64,3.3
Andersson,60.04,17.57,Langsjon,Sweden,2007,8,7,6.19,European perch,1009,124,-26.12,15.94,3.25,-31.6,13.3,-25.7,9.5,-25.6,0,3.9
Andersson,60.04,17.57,Langsjon,Sweden,2007,8,7,6.19,European perch,1418,126,-28.9,16.54,3.29,-31.6,13.3,-25.7,9.5,-28.3,0.44,3.6
Andersson,60.04,17.57,Langsjon,Sweden,2007,8,7,6.19,European perch,1002,127,-27.88,15.69,3.23,-31.6,13.3,-25.7,9.5,-27.4,0.29,3.5
Andersson,60.04,17.57,Langsjon,Sweden,2007,8,7,6.19,European perch,1010,133,-28.29,15.8,3.29,-31.6,13.3,-25.7,9.5,-27.7,0.34,3.5
Andersson,60.04,17.57,Langsjon,Sweden,2007,8,7,6.19,European perch,1474,134,-29.44,16.19,3.25,-31.6,13.3,-25.7,9.5,-28.9,0.54,3.4
Andersson,60.04,17.57,Langsjon,Sweden,2007,8,7,6.19,European perch,1006,136,-27.64,18.36,3.2,-31.6,13.3,-25.7,9.5,-27.2,0.25,4.3
Andersson,60.04,17.57,Langsjon,Sweden,2007,8,7,6.19,European perch,1481,137,-28.8,17.09,3.25,-31.6,13.3,-25.7,9.5,-28.3,0.44,3.7
Andersson,60.04,17.57,Langsjon,Sweden,2007,8,7,6.19,European perch,1424,142,-29.3,16.24,3.29,-31.6,13.3,-25.7,9.5,-28.7,0.51,3.4
Andersson,60.04,17.57,Langsjon,Sweden,2007,8,7,6.19,European perch,1423,144,-29.59,16.4,3.27,-31.6,13.3,-25.7,9.5,-29,0.56,3.4
Andersson,60.04,17.57,Langsjon,Sweden,2007,8,7,6.19,European perch,1008,145,-28.68,17.15,3.22,-31.6,13.3,-25.7,9.5,-28.2,0.42,3.8
Andersson,60.04,17.57,Langsjon,Sweden,2007,8,7,6.19,European perch,1427,147,-29.93,16.78,3.24,-31.6,13.3,-25.7,9.5,-29.4,0.63,3.4
Andersson,60.04,17.57,Langsjon,Sweden,2007,8,7,6.19,European perch,1005,149,-27.64,15.3,3.28,-31.6,13.3,-25.7,9.5,-27,0.22,3.5
Andersson,60.04,17.57,Langsjon,Sweden,2007,8,7,6.19,European perch,1018,152,-28.35,17.46,3.25,-31.6,13.3,-25.7,9.5,-27.8,0.36,3.9
Andersson,60.04,17.57,Langsjon,Sweden,2007,8,7,6.19,European perch,1015,152,-29.6,17.1,3.26,-31.6,13.3,-25.7,9.5,-29,0.56,3.6
Andersson,60.04,17.57,Langsjon,Sweden,2007,8,7,6.19,European perch,1442,152,-29.88,17.75,3.3,-31.6,13.3,-25.7,9.5,-29.2,0.59,3.8
Andersson,60.04,17.57,Langsjon,Sweden,2007,8,7,6.19,European perch,1422,154,-30.21,17.14,3.27,-31.6,13.3,-25.7,9.5,-29.6,0.66,3.5
Andersson,60.04,17.57,Langsjon,Sweden,2007,8,7,6.19,European perch,1419,157,-28.89,16.24,3.34,-31.6,13.3,-25.7,9.5,-28.2,0.42,3.5
Andersson,60.04,17.57,Langsjon,Sweden,2007,8,7,6.19,European perch,1116,163,-29.76,17.85,3.24,-31.6,13.3,-25.7,9.5,-29.2,0.59,3.8
Andersson,60.04,17.57,Langsjon,Sweden,2007,8,7,6.19,European perch,1441,167,-29.11,15.44,3.24,-31.6,13.3,-25.7,9.5,-28.6,0.49,3.2
Andersson,60.04,17.57,Langsjon,Sweden,2007,8,7,6.19,European perch,1016,168,-27.63,18.1,3.2,-31.6,13.3,-25.7,9.5,-27.2,0.25,4.3
Andersson,60.04,17.57,Langsjon,Sweden,2007,8,7,6.19,European perch,1120,175,-29.64,17,3.32,-31.6,13.3,-25.7,9.5,-29,0.56,3.6
Andersson,60.04,17.57,Langsjon,Sweden,2007,8,7,6.19,European perch,1119,183,-28.7,16.82,3.2,-31.6,13.3,-25.7,9.5,-28.3,0.44,3.7
Andersson,60.04,17.57,Langsjon,Sweden,2007,8,7,6.19,European perch,1443,193,-29.19,19.09,3.2,-31.6,13.3,-25.7,9.5,-28.7,0.51,4.3
Andersson,60.04,17.57,Langsjon,Sweden,2007,8,7,6.19,European perch,1020,198,-28.09,17.77,3.19,-31.6,13.3,-25.7,9.5,-27.7,0.34,4.1
Andersson,60.04,17.57,Langsjon,Sweden,2007,8,7,6.19,European perch,1021,213,-28.01,17.08,3.19,-31.6,13.3,-25.7,9.5,-27.6,0.32,3.9
Andersson,60.04,17.57,Langsjon,Sweden,2007,8,7,6.19,European perch,1121,257,-31.06,17.47,3.2,-31.6,13.3,-25.7,9.5,-30.6,0.83,3.4
Andersson,60.04,17.57,Langsjon,Sweden,2007,8,7,6.19,European perch,1122,263,-27.85,15.95,3.17,-31.6,13.3,-25.7,9.5,-27.5,0.31,3.6
Andersson,60.04,17.57,Langsjon,Sweden,2007,8,7,6.19,European perch,1255,387,-28.12,18.94,3.11,-31.6,13.3,-25.7,9.5,-27.9,0.37,4.4
Andersson,65.66,18.55,Vuolgamjaure,Sweden,2017,8,15,5.41,European perch,Vo_L_08,156.7,-29.02,7.46,3.2,-34.44333333,4.093333333,-24.95,1.325,-28.6,0.38,3.5
Andersson,65.66,18.55,Vuolgamjaure,Sweden,2017,8,15,5.41,European perch,Vo_L_23,171.2,-26.95,8.23,3.24,-34.44333333,4.093333333,-24.95,1.325,-26.4,0.15,3.9
Andersson,65.66,18.55,Vuolgamjaure,Sweden,2017,8,15,5.41,European perch,Vo_L_19,183.3,-25.26,7.92,3.23,-34.44333333,4.093333333,-24.95,1.325,-24.8,0,4
Andersson,65.66,18.55,Vuolgamjaure,Sweden,2017,8,15,5.41,European perch,Vo_L_15,187.8,-27.64,8.29,3.22,-34.44333333,4.093333333,-24.95,1.325,-27.2,0.24,3.9
Andersson,65.66,18.55,Vuolgamjaure,Sweden,2017,8,15,5.41,European perch,Vo_L_17,194.7,-26.33,7.77,3.24,-34.44333333,4.093333333,-24.95,1.325,-25.8,0.09,3.8
Andersson,65.66,18.55,Vuolgamjaure,Sweden,2017,8,15,5.41,European perch,Vo_L_18,196.9,-27.61,8.47,3.25,-34.44333333,4.093333333,-24.95,1.325,-27.1,0.23,3.9
Andersson,65.66,18.55,Vuolgamjaure,Sweden,2017,8,15,5.41,European perch,Vo_L_16,198.9,-27.31,8.77,3.25,-34.44333333,4.093333333,-24.95,1.325,-26.8,0.19,4
Andersson,65.66,18.55,Vuolgamjaure,Sweden,2017,8,15,5.41,European perch,Vo_L_20,200,-27.36,8.22,3.23,-34.44333333,4.093333333,-24.95,1.325,-26.9,0.21,3.9
Andersson,65.66,18.55,Vuolgamjaure,Sweden,2017,8,15,5.41,European perch,Vo_L_14,203.9,-28.32,8.6,3.21,-34.44333333,4.093333333,-24.95,1.325,-27.9,0.31,3.9
Andersson,65.66,18.55,Vuolgamjaure,Sweden,2017,8,15,5.41,European perch,Vo_L_03,204.7,-25.74,7.58,3.21,-34.44333333,4.093333333,-24.95,1.325,-25.3,0.04,3.8
Andersson,65.66,18.55,Vuolgamjaure,Sweden,2017,8,15,5.41,European perch,Vo_L_22,205.8,-25.76,8.14,3.24,-34.44333333,4.093333333,-24.95,1.325,-25.2,0.03,4
Andersson,65.66,18.55,Vuolgamjaure,Sweden,2017,8,15,5.41,European perch,Vo_L_12,206.4,-28.54,8.44,3.19,-34.44333333,4.093333333,-24.95,1.325,-28.1,0.33,3.8
Andersson,65.66,18.55,Vuolgamjaure,Sweden,2017,8,15,5.41,European perch,Vo_L_13,211.6,-25.27,7.41,3.18,-34.44333333,4.093333333,-24.95,1.325,-24.9,0,3.8
Andersson,65.66,18.55,Vuolgamjaure,Sweden,2017,8,15,5.41,European perch,Vo_L_04,211.6,-26.55,7.95,3.23,-34.44333333,4.093333333,-24.95,1.325,-26,0.11,3.9
Andersson,65.66,18.55,Vuolgamjaure,Sweden,2017,8,15,5.41,European perch,Vo_L_09,211.7,-25.18,7.59,3.2,-34.44333333,4.093333333,-24.95,1.325,-24.7,0,3.9
Andersson,65.66,18.55,Vuolgamjaure,Sweden,2017,8,15,5.41,European perch,Vo_L_30,212.5,-25.74,7.37,3.22,-34.44333333,4.093333333,-24.95,1.325,-25.3,0.04,3.7
Andersson,65.66,18.55,Vuolgamjaure,Sweden,2017,8,15,5.41,European perch,Vo_L_01,213.6,-25.02,7.66,3.18,-34.44333333,4.093333333,-24.95,1.325,-24.6,0,3.9
Andersson,65.66,18.55,Vuolgamjaure,Sweden,2017,8,15,5.41,European perch,Vo_L_27,214.9,-25.9,7.92,3.2,-34.44333333,4.093333333,-24.95,1.325,-25.5,0.06,3.9
Andersson,65.66,18.55,Vuolgamjaure,Sweden,2017,8,15,5.41,European perch,Vo_L_25,216.6,-27.51,8.75,3.23,-34.44333333,4.093333333,-24.95,1.325,-27,0.22,4
Andersson,65.66,18.55,Vuolgamjaure,Sweden,2017,8,15,5.41,European perch,Vo_L_05,220.5,-26.57,8.08,3.23,-34.44333333,4.093333333,-24.95,1.325,-26.1,0.12,3.9
Andersson,65.66,18.55,Vuolgamjaure,Sweden,2017,8,15,5.41,European perch,Vo_L_11,222.1,-26.01,8.63,3.19,-34.44333333,4.093333333,-24.95,1.325,-25.6,0.07,4.1
Andersson,65.66,18.55,Vuolgamjaure,Sweden,2017,8,15,5.41,European perch,Vo_L_10,224.5,-25.68,7.7,3.23,-34.44333333,4.093333333,-24.95,1.325,-25.2,0.03,3.9
Andersson,65.66,18.55,Vuolgamjaure,Sweden,2017,8,15,5.41,European perch,Vo_L_28,228.5,-26.14,8.52,3.21,-34.44333333,4.093333333,-24.95,1.325,-25.7,0.08,4.1
Andersson,65.66,18.55,Vuolgamjaure,Sweden,2017,8,15,5.41,European perch,Vo_L_21,229.1,-26.74,8.2,3.15,-34.44333333,4.093333333,-24.95,1.325,-26.4,0.15,3.9
Andersson,65.66,18.55,Vuolgamjaure,Sweden,2017,8,15,5.41,European perch,Vo_L_26,229.9,-25.47,8.7,3.21,-34.44333333,4.093333333,-24.95,1.325,-25,0.01,4.2
Andersson,65.66,18.55,Vuolgamjaure,Sweden,2017,8,15,5.41,European perch,Vo_L_24,231.7,-26.21,8.27,3.21,-34.44333333,4.093333333,-24.95,1.325,-25.7,0.08,4
Andersson,65.66,18.55,Vuolgamjaure,Sweden,2017,8,15,5.41,European perch,Vo_L_06,231.9,-24.96,7.81,3.19,-34.44333333,4.093333333,-24.95,1.325,-24.5,0,3.9
Andersson,65.66,18.55,Vuolgamjaure,Sweden,2017,8,15,5.41,European perch,Vo_L_07,241.8,-24.66,7.78,3.19,-34.44333333,4.093333333,-24.95,1.325,-24.2,0,4
Andersson,65.66,18.55,Vuolgamjaure,Sweden,2017,8,15,5.41,European perch,Vo_L_02,244,-26.82,8.84,3.19,-34.44333333,4.093333333,-24.95,1.325,-26.4,0.15,4.1
Andersson,65.66,18.55,Vuolgamjaure,Sweden,2017,8,15,5.41,European perch,Vo_L_29,271.6,-26.17,8.78,3.2,-34.44333333,4.093333333,-24.95,1.325,-25.7,0.08,4.1
Andersson,59.89,15.68,Dagarn,Sweden,2017,8,22,6.26,European perch,Da_P_13,53,-30.08,6.72,3.29,-33.36,4.08,-24.1,2.22,-29.5,0.58,3
Andersson,59.89,15.68,Dagarn,Sweden,2017,8,22,6.26,European perch,Da_P_10,53.6,-29.94,6.61,3.31,-33.36,4.08,-24.1,2.22,-29.3,0.56,3
Andersson,59.89,15.68,Dagarn,Sweden,2017,8,22,6.26,European perch,Da_P_14,55.7,-29.95,6.8,3.32,-33.36,4.08,-24.1,2.22,-29.3,0.56,3
Andersson,59.89,15.68,Dagarn,Sweden,2017,8,22,6.26,European perch,Da_P_15,56.2,-30.13,6.73,3.28,-33.36,4.08,-24.1,2.22,-29.5,0.58,3
Andersson,59.89,15.68,Dagarn,Sweden,2017,8,22,6.26,European perch,Da_P_12,56.7,-30.14,6.31,3.22,-33.36,4.08,-24.1,2.22,-29.7,0.6,2.9
Andersson,59.89,15.68,Dagarn,Sweden,2017,8,22,6.26,European perch,Da_P_11,57.4,-30.12,6.61,3.27,-33.36,4.08,-24.1,2.22,-29.5,0.58,3
Andersson,59.89,15.68,Dagarn,Sweden,2017,8,22,6.26,European perch,Da_L_10,84.9,-27.02,6.42,3.15,-33.36,4.08,-24.1,2.22,-26.7,0.28,3.1
Andersson,59.89,15.68,Dagarn,Sweden,2017,8,22,6.26,European perch,Da_L_11,89.8,-26,6.75,3.14,-33.36,4.08,-24.1,2.22,-25.7,0.17,3.2
Andersson,59.89,15.68,Dagarn,Sweden,2017,8,22,6.26,European perch,Da_L_09,90,-26.61,6.7,3.15,-33.36,4.08,-24.1,2.22,-26.3,0.24,3.2
Andersson,59.89,15.68,Dagarn,Sweden,2017,8,22,6.26,European perch,Da_L_04,92.2,-26.34,5.4,3.15,-33.36,4.08,-24.1,2.22,-26,0.21,2.8
Andersson,59.89,15.68,Dagarn,Sweden,2017,8,22,6.26,European perch,Da_L_24,93,-29.75,6.79,3.18,-33.36,4.08,-24.1,2.22,-29.3,0.56,3
Andersson,59.89,15.68,Dagarn,Sweden,2017,8,22,6.26,European perch,Da_L_30,94.3,-29.53,7.06,3.24,-33.36,4.08,-24.1,2.22,-29,0.53,3.1
Andersson,59.89,15.68,Dagarn,Sweden,2017,8,22,6.26,European perch,Da_L_06,95.2,-27.1,6.61,3.14,-33.36,4.08,-24.1,2.22,-26.8,0.29,3.1
Andersson,59.89,15.68,Dagarn,Sweden,2017,8,22,6.26,European perch,Da_L_29,99.8,-29.74,6.96,3.19,-33.36,4.08,-24.1,2.22,-29.3,0.56,3.1
Andersson,59.89,15.68,Dagarn,Sweden,2017,8,22,6.26,European perch,Da_L_05,101.5,-28.17,6.58,3.12,-33.36,4.08,-24.1,2.22,-27.9,0.41,3.1
Andersson,59.89,15.68,Dagarn,Sweden,2017,8,22,6.26,European perch,Da_L_28,103.3,-29.81,7.2,3.19,-33.36,4.08,-24.1,2.22,-29.4,0.57,3.2
Andersson,59.89,15.68,Dagarn,Sweden,2017,8,22,6.26,European perch,Da_L_08,103.6,-27.32,7.35,3.16,-33.36,4.08,-24.1,2.22,-27,0.31,3.3
Andersson,59.89,15.68,Dagarn,Sweden,2017,8,22,6.26,European perch,Da_P_01,104.7,-29.57,7.12,3.18,-33.36,4.08,-24.1,2.22,-29.2,0.55,3.1
Andersson,59.89,15.68,Dagarn,Sweden,2017,8,22,6.26,European perch,Da_L_21,106.2,-29.67,6.99,3.15,-33.36,4.08,-24.1,2.22,-29.3,0.56,3.1
Andersson,59.89,15.68,Dagarn,Sweden,2017,8,22,6.26,European perch,Da_L_13,109.3,-29.57,7.2,3.17,-33.36,4.08,-24.1,2.22,-29.2,0.55,3.2
Andersson,59.89,15.68,Dagarn,Sweden,2017,8,22,6.26,European perch,Da_L_07,109.6,-26.69,7.05,3.18,-33.36,4.08,-24.1,2.22,-26.3,0.24,3.3
Andersson,59.89,15.68,Dagarn,Sweden,2017,8,22,6.26,European perch,Da_P_06,109.8,-29.54,7.19,3.22,-33.36,4.08,-24.1,2.22,-29.1,0.54,3.2
Andersson,59.89,15.68,Dagarn,Sweden,2017,8,22,6.26,European perch,Da_L_19,110.1,-29.54,6.97,3.18,-33.36,4.08,-24.1,2.22,-29.1,0.54,3.1
Andersson,59.89,15.68,Dagarn,Sweden,2017,8,22,6.26,European perch,Da_L_15,110.2,-29.5,7.02,3.18,-33.36,4.08,-24.1,2.22,-29.1,0.54,3.1
Andersson,59.89,15.68,Dagarn,Sweden,2017,8,22,6.26,European perch,Da_L_25,113,-29.33,7.46,3.21,-33.36,4.08,-24.1,2.22,-28.9,0.52,3.3
Andersson,59.89,15.68,Dagarn,Sweden,2017,8,22,6.26,European perch,Da_L_20,114.6,-29.56,6.92,3.22,-33.36,4.08,-24.1,2.22,-29.1,0.54,3.1
Andersson,59.89,15.68,Dagarn,Sweden,2017,8,22,6.26,European perch,Da_L_22,114.7,-29.45,7.12,3.18,-33.36,4.08,-24.1,2.22,-29,0.53,3.2
Andersson,59.89,15.68,Dagarn,Sweden,2017,8,22,6.26,European perch,Da_P_09,114.9,-29.28,7.32,3.18,-33.36,4.08,-24.1,2.22,-28.9,0.52,3.2
Andersson,59.89,15.68,Dagarn,Sweden,2017,8,22,6.26,European perch,Da_P_03,115.5,-29.6,7.12,3.17,-33.36,4.08,-24.1,2.22,-29.2,0.55,3.1
Andersson,59.89,15.68,Dagarn,Sweden,2017,8,22,6.26,European perch,Da_P_04,120.6,-29.67,7.24,3.14,-33.36,4.08,-24.1,2.22,-29.4,0.57,3.2
Andersson,59.89,15.68,Dagarn,Sweden,2017,8,22,6.26,European perch,Da_L_16,121.2,-29.59,7.03,3.18,-33.36,4.08,-24.1,2.22,-29.2,0.55,3.1
Andersson,59.89,15.68,Dagarn,Sweden,2017,8,22,6.26,European perch,Da_L_17,124.5,-29.69,7.81,3.14,-33.36,4.08,-24.1,2.22,-29.4,0.57,3.3
Andersson,59.89,15.68,Dagarn,Sweden,2017,8,22,6.26,European perch,Da_L_03,124.9,-25.54,7.22,3.19,-33.36,4.08,-24.1,2.22,-25.1,0.11,3.4
Andersson,59.89,15.68,Dagarn,Sweden,2017,8,22,6.26,European perch,Da_P_08,124.9,-29.42,7.29,3.17,-33.36,4.08,-24.1,2.22,-29,0.53,3.2
Andersson,59.89,15.68,Dagarn,Sweden,2017,8,22,6.26,European perch,Da_P_02,126.2,-29.28,7.37,3.2,-33.36,4.08,-24.1,2.22,-28.8,0.51,3.2
Andersson,59.89,15.68,Dagarn,Sweden,2017,8,22,6.26,European perch,Da_L_23,127.5,-29.7,7.75,3.19,-33.36,4.08,-24.1,2.22,-29.3,0.56,3.3
Andersson,59.89,15.68,Dagarn,Sweden,2017,8,22,6.26,European perch,Da_P_05,128.5,-29.1,7.47,3.19,-33.36,4.08,-24.1,2.22,-28.7,0.5,3.3
Andersson,59.89,15.68,Dagarn,Sweden,2017,8,22,6.26,European perch,Da_L_14,135.8,-29.51,7.89,3.14,-33.36,4.08,-24.1,2.22,-29.2,0.55,3.4
Andersson,59.89,15.68,Dagarn,Sweden,2017,8,22,6.26,European perch,Da_L_02,137.2,-25.26,8.12,3.18,-33.36,4.08,-24.1,2.22,-24.9,0.09,3.7
Andersson,59.89,15.68,Dagarn,Sweden,2017,8,22,6.26,European perch,Da_P_07,140.3,-29.53,7.33,3.19,-33.36,4.08,-24.1,2.22,-29.1,0.54,3.2
Andersson,59.89,15.68,Dagarn,Sweden,2017,8,22,6.26,European perch,Da_L_12,147,-29.9,8.72,3.15,-33.36,4.08,-24.1,2.22,-29.6,0.59,3.6
Andersson,59.89,15.68,Dagarn,Sweden,2017,8,22,6.26,European perch,Da_L_18,157.6,-26.97,8.49,3.16,-33.36,4.08,-24.1,2.22,-26.6,0.27,3.7
Andersson,59.89,15.68,Dagarn,Sweden,2017,8,22,6.26,European perch,Da_L_01,169.7,-25.67,8.29,3.11,-33.36,4.08,-24.1,2.22,-25.4,0.14,3.7
Andersson,59.89,15.68,Dagarn,Sweden,2017,8,22,6.26,European perch,Da_L_27,264.4,-28.53,9.79,3.16,-33.36,4.08,-24.1,2.22,-28.2,0.44,4
Andersson,59.89,15.68,Dagarn,Sweden,2017,8,22,6.26,European perch,Da_L_26,281.1,-28.14,9.05,3.18,-33.36,4.08,-24.1,2.22,-27.7,0.39,3.8
Andersson,59.9,15.39,Lilla Sangaren,Sweden,2007,8,8,6.5,European perch,LS_L_A221,39,-26.1,8.1,3.322,-34.4,5.8,-23.1,3.4,-25.4,0.2,3.2
Andersson,59.9,15.39,Lilla Sangaren,Sweden,2007,8,8,6.5,European perch,LS_L_A204,39,-27.7,7.9,3.409,-34.4,5.8,-23.1,3.4,-26.8,0.33,3.1
Andersson,59.9,15.39,Lilla Sangaren,Sweden,2007,8,8,6.5,European perch,LS_L_A185,45,-27,7.5,3.38,-34.4,5.8,-23.1,3.4,-26.2,0.27,3
Andersson,59.9,15.39,Lilla Sangaren,Sweden,2007,8,8,6.5,European perch,LS_L_A205,45,-28.6,8.9,3.389,-34.4,5.8,-23.1,3.4,-27.8,0.42,3.3
Andersson,59.9,15.39,Lilla Sangaren,Sweden,2007,8,8,6.5,European perch,LS_L_A186,48,-27.3,6.5,3.458,-34.4,5.8,-23.1,3.4,-26.4,0.29,2.7
Andersson,59.9,15.39,Lilla Sangaren,Sweden,2007,8,8,6.5,European perch,LS_L_A255,50,-26.1,7.2,3.384,-34.4,5.8,-23.1,3.4,-25.3,0.19,3
Andersson,59.9,15.39,Lilla Sangaren,Sweden,2007,8,8,6.5,European perch,LS_L_A116,68,-28.4,7.5,3.318,-34.4,5.8,-23.1,3.4,-27.7,0.41,2.9
Andersson,59.9,15.39,Lilla Sangaren,Sweden,2007,8,8,6.5,European perch,LS_L_A104,78,-26.6,6.8,3.267,-34.4,5.8,-23.1,3.4,-26,0.26,2.8
Andersson,59.9,15.39,Lilla Sangaren,Sweden,2007,8,8,6.5,European perch,LS_L_A240,83,-27.7,9.4,3.315,-34.4,5.8,-23.1,3.4,-27,0.35,3.5
Andersson,59.9,15.39,Lilla Sangaren,Sweden,2007,8,8,6.5,European perch,LS_L_A228,86,-26,7.5,3.303,-34.4,5.8,-23.1,3.4,-25.3,0.19,3.1
Andersson,59.9,15.39,Lilla Sangaren,Sweden,2007,8,8,6.5,European perch,LS_L_A234,92,-25.4,7.9,3.27,-34.4,5.8,-23.1,3.4,-24.8,0.15,3.2
Andersson,59.9,15.39,Lilla Sangaren,Sweden,2007,8,8,6.5,European perch,LS_L_A227,93,-27.1,8.4,3.315,-34.4,5.8,-23.1,3.4,-26.4,0.29,3.3
Andersson,59.9,15.39,Lilla Sangaren,Sweden,2007,8,8,6.5,European perch,LS_L_A123,98,-27.7,8.7,3.211,-34.4,5.8,-23.1,3.4,-27.2,0.36,3.3
Andersson,59.9,15.39,Lilla Sangaren,Sweden,2007,8,8,6.5,European perch,LS_L_A316,102,-25.1,8.2,3.22,-34.4,5.8,-23.1,3.4,-24.6,0.13,3.3
Andersson,59.9,15.39,Lilla Sangaren,Sweden,2007,8,8,6.5,European perch,LS_L_A114,106,-27.5,8.8,3.231,-34.4,5.8,-23.1,3.4,-27,0.35,3.3
Andersson,59.9,15.39,Lilla Sangaren,Sweden,2007,8,8,6.5,European perch,LS_L_A237,109,-25.5,8.8,3.246,-34.4,5.8,-23.1,3.4,-25,0.17,3.5
Andersson,59.9,15.39,Lilla Sangaren,Sweden,2007,8,8,6.5,European perch,LS_L_A236,113,-27.3,9.1,3.244,-34.4,5.8,-23.1,3.4,-26.8,0.33,3.4
Andersson,59.9,15.39,Lilla Sangaren,Sweden,2007,8,8,6.5,European perch,LS_L_A103,116,-25.9,7.9,3.288,-34.4,5.8,-23.1,3.4,-25.3,0.19,3.2
Andersson,59.9,15.39,Lilla Sangaren,Sweden,2007,8,8,6.5,European perch,LS_L_A124,123,-26.6,8.1,3.213,-34.4,5.8,-23.1,3.4,-26.1,0.27,3.2
Andersson,59.9,15.39,Lilla Sangaren,Sweden,2007,8,8,6.5,European perch,LS_L_A110,128,-26.1,8.6,3.238,-34.4,5.8,-23.1,3.4,-25.6,0.22,3.4
Andersson,59.9,15.39,Lilla Sangaren,Sweden,2007,8,8,6.5,European perch,LS_L_A105,129,-26.7,7.6,3.212,-34.4,5.8,-23.1,3.4,-26.2,0.27,3
Andersson,59.9,15.39,Lilla Sangaren,Sweden,2007,8,8,6.5,European perch,LS_L_A107,144,-25.8,8,3.246,-34.4,5.8,-23.1,3.4,-25.3,0.19,3.2
Andersson,59.9,15.39,Lilla Sangaren,Sweden,2007,8,8,6.5,European perch,LS_L_A102,150,-26.5,8.1,3.225,-34.4,5.8,-23.1,3.4,-26,0.26,3.2
Andersson,59.9,15.39,Lilla Sangaren,Sweden,2007,8,8,6.5,European perch,LS_L_A13,179,-26.1,8.3,3.199,-34.4,5.8,-23.1,3.4,-25.7,0.23,3.3
Andersson,59.9,15.39,Lilla Sangaren,Sweden,2007,8,8,6.5,European perch,LS_L_A10,180,-26.5,7.7,3.224,-34.4,5.8,-23.1,3.4,-26,0.26,3.1
Andersson,59.9,15.39,Lilla Sangaren,Sweden,2007,8,8,6.5,European perch,LS_L_A8,189,-25.7,9.2,3.164,-34.4,5.8,-23.1,3.4,-25.3,0.19,3.6
Andersson,59.9,15.39,Lilla Sangaren,Sweden,2007,8,8,6.5,European perch,LS_L_A5,198,-23.9,8,3.218,-34.4,5.8,-23.1,3.4,-23.4,0.03,3.3
Andersson,59.9,15.39,Lilla Sangaren,Sweden,2007,8,8,6.5,European perch,LS_L_A7,208,-25.2,10,3.218,-34.4,5.8,-23.1,3.4,-24.7,0.14,3.8
Andersson,59.9,15.39,Lilla Sangaren,Sweden,2007,8,8,6.5,European perch,LS_L_A9,239,-29.9,14.9,3.186,-34.4,5.8,-23.1,3.4,-29.5,0.57,5
Burke,70.03,-156.57,RDC 309,Alaska,2016,8,15,8.097,Ninespine stickleback,NST 228 ,68,-30.66,10.88,3.879964695,-33.12893779,7.778236812,-31.93963,6.206794,-29,0,4.5
Burke,70.03,-156.57,RDC 309,Alaska,2016,8,15,8.097,Ninespine stickleback,NST 394,65,-31.61,11.41,4.626629423,-33.12893779,7.778236812,-31.93963,6.206794,-29.1,0,4.6
Burke,70.03,-156.57,RDC 309,Alaska,2016,8,15,8.097,Ninespine stickleback,NST 231,56,-31.55,12.18,4.612745098,-33.12893779,7.778236812,-31.93963,6.206794,-29.1,0,4.9
Burke,70.03,-156.57,RDC 309,Alaska,2016,8,15,8.097,Ninespine stickleback,NST 226,54,-31.75,11.01,4.262086514,-33.12893779,7.778236812,-31.93963,6.206794,-29.6,0,4.3
Burke,70.03,-156.57,RDC 309,Alaska,2016,8,15,8.097,Ninespine stickleback,NST 232,53,-32.04,11.74,4.325396825,-33.12893779,7.778236812,-31.93963,6.206794,-29.8,0,4.5
Burke,70.03,-156.57,RDC 309,Alaska,2016,8,15,8.097,Ninespine stickleback,NST 239 ,52,-30.81,11.77,3.569111969,-33.12893779,7.778236812,-31.93963,6.206794,-29.7,0,4.5
Burke,70.03,-156.57,RDC 309,Alaska,2016,8,15,8.097,Ninespine stickleback,NST 233,51,-32.42,12.99,4.717703349,-33.12893779,7.778236812,-31.93963,6.206794,-29.8,0,4.8
Burke,70.03,-156.57,RDC 309,Alaska,2016,8,15,8.097,Ninespine stickleback,NST 229 ,50,-32.81,11.56,5.298924731,-33.12893779,7.778236812,-31.93963,6.206794,-29.7,0,4.4
Burke,70.03,-156.57,RDC 309,Alaska,2016,8,15,8.097,Ninespine stickleback,NST 234,50,-32.46,11.86,4.843263061,-33.12893779,7.778236812,-31.93963,6.206794,-29.7,0,4.5
Burke,70.03,-156.57,RDC 309,Alaska,2016,8,15,8.097,Ninespine stickleback,NST 240 ,50,-32.2,11.14,4.657718121,-33.12893779,7.778236812,-31.93963,6.206794,-29.7,0,4.3
Burke,70.03,-156.57,RDC 309,Alaska,2016,8,15,8.097,Ninespine stickleback,NST 243,50,-32,12.07,4.574669187,-33.12893779,7.778236812,-31.93963,6.206794,-29.5,0,4.7
Burke,70.03,-156.57,RDC 309,Alaska,2016,8,15,8.097,Ninespine stickleback,NST 230 ,48,-32.01,11.33,4.357781753,-33.12893779,7.778236812,-31.93963,6.206794,-29.8,0,4.3
Burke,70.03,-156.57,RDC 309,Alaska,2016,8,15,8.097,Ninespine stickleback,NST 237 ,48,-31.68,12.6,4.445670628,-33.12893779,7.778236812,-31.93963,6.206794,-29.4,0,4.9
Burke,70.03,-156.57,RDC 309,Alaska,2016,8,15,8.097,Ninespine stickleback,NST 241 ,48,-30.89,11.7,3.617262424,-33.12893779,7.778236812,-31.93963,6.206794,-29.7,0,4.5
Burke,70.03,-156.57,RDC 309,Alaska,2016,8,15,8.097,Ninespine stickleback,NST 236 ,47,-31.44,12.62,4.320887992,-33.12893779,7.778236812,-31.93963,6.206794,-29.3,0,4.9
Burke,70.03,-156.57,RDC 309,Alaska,2016,8,15,8.097,Ninespine stickleback,NST 244,47,-31.24,12.44,4.452081317,-33.12893779,7.778236812,-31.93963,6.206794,-28.9,0,5
Burke,70.03,-156.57,RDC 309,Alaska,2016,8,15,8.097,Ninespine stickleback,NST 227,45,-31.94,11.7,4.354969574,-33.12893779,7.778236812,-31.93963,6.206794,-29.7,0,4.5
Burke,70.03,-156.57,RDC 309,Alaska,2016,8,15,8.097,Ninespine stickleback,NST 381 ,44,-31.01,12.64,3.734314485,-33.12893779,7.778236812,-31.93963,6.206794,-29.6,0,4.8
Burke,70.03,-156.57,RDC 309,Alaska,2016,8,15,8.097,Ninespine stickleback,NST 387,41,-31.91,12.23,4.354056902,-33.12893779,7.778236812,-31.93963,6.206794,-29.7,0,4.6
Burke,70.03,-156.57,RDC 309,Alaska,2016,8,15,8.097,Ninespine stickleback,NST 384 ,36,-32.89,11.1,4.931411531,-33.12893779,7.778236812,-31.93963,6.206794,-30.1,0,4.2
Burke,70.03,-156.57,RDC 309,Alaska,2016,8,15,8.097,Ninespine stickleback,NST 247 ,31,-31.75,10.94,3.983007647,-33.12893779,7.778236812,-31.93963,6.206794,-30,0,4.1
Burke,69.99,-156.43,RDC 308,Alaska,2016,8,15,8.094,Ninespine stickleback,NST 356,61,-30.57,11.79,3.540625,-32.08174611,6.45298431,-30.39667,5.118592,-29.5,0,4.2
Burke,69.99,-156.43,RDC 308,Alaska,2016,8,15,8.094,Ninespine stickleback,NST 346,57,-33.03,10,5.881199539,-32.08174611,6.45298431,-30.39667,5.118592,-29.5,0,3.6
Burke,69.99,-156.43,RDC 308,Alaska,2016,8,15,8.094,Ninespine stickleback,NST 352,55,-30.72,12.8,3.878522838,-32.08174611,6.45298431,-30.39667,5.118592,-29.1,0,4.6
Burke,69.99,-156.43,RDC 308,Alaska,2016,8,15,8.094,Ninespine stickleback,NST 361,55,-31.07,11.56,4.493801653,-32.08174611,6.45298431,-30.39667,5.118592,-28.7,0,4.3
Burke,69.99,-156.43,RDC 308,Alaska,2016,8,15,8.094,Ninespine stickleback,NST 349,54,-30.17,10.67,3.91657754,-32.08174611,6.45298431,-30.39667,5.118592,-28.5,0,4.1
Burke,69.99,-156.43,RDC 308,Alaska,2016,8,15,8.094,Ninespine stickleback,NST 353,54,-32.17,11.43,4.547877591,-32.08174611,6.45298431,-30.39667,5.118592,-29.7,0,4
Burke,69.99,-156.43,RDC 308,Alaska,2016,8,15,8.094,Ninespine stickleback,NST 366,54,-31.95,11.07,4.295985061,-32.08174611,6.45298431,-30.39667,5.118592,-29.8,0,3.9
Burke,69.99,-156.43,RDC 308,Alaska,2016,8,15,8.094,Ninespine stickleback,NST 350,53,-30.77,11.22,4.083682008,-32.08174611,6.45298431,-30.39667,5.118592,-28.9,0,4.1
Burke,69.99,-156.43,RDC 308,Alaska,2016,8,15,8.094,Ninespine stickleback,NST 359,53,-33.22,11.34,4.983122363,-32.08174611,6.45298431,-30.39667,5.118592,-30.4,0,3.8
Burke,69.99,-156.43,RDC 308,Alaska,2016,8,15,8.094,Ninespine stickleback,NST 365,53,-33.45,9.68,5.592964824,-32.08174611,6.45298431,-30.39667,5.118592,-30.1,0,3.4
Burke,69.99,-156.43,RDC 308,Alaska,2016,8,15,8.094,Ninespine stickleback,NST 351,52,-30.11,12,3.549351944,-32.08174611,6.45298431,-30.39667,5.118592,-29,0,4.3
Burke,69.99,-156.43,RDC 308,Alaska,2016,8,15,8.094,Ninespine stickleback,NST 357,52,-34.76,10.06,6.294633078,-32.08174611,6.45298431,-30.39667,5.118592,-31,0.36,3.3
Burke,69.99,-156.43,RDC 308,Alaska,2016,8,15,8.094,Ninespine stickleback,NST 362,52,-30.2,12.23,3.641868512,-32.08174611,6.45298431,-30.39667,5.118592,-28.9,0,4.4
Burke,69.99,-156.43,RDC 308,Alaska,2016,8,15,8.094,Ninespine stickleback,NST 367,52,-30.38,12.02,3.216216216,-32.08174611,6.45298431,-30.39667,5.118592,-29.9,0,4.1
Burke,69.99,-156.43,RDC 308,Alaska,2016,8,15,8.094,Ninespine stickleback,NST 341,51,-30.24,11.82,4.061662198,-32.08174611,6.45298431,-30.39667,5.118592,-28.4,0,4.4
Burke,69.99,-156.43,RDC 308,Alaska,2016,8,15,8.094,Ninespine stickleback,NST 360 ,51,-29.8,12.02,3.57675244,-32.08174611,6.45298431,-30.39667,5.118592,-28.6,0,4.4
Burke,69.99,-156.43,RDC 308,Alaska,2016,8,15,8.094,Ninespine stickleback,NST 374,51,-30.4,12.24,3.724939856,-32.08174611,6.45298431,-30.39667,5.118592,-29,0,4.4
Burke,69.99,-156.43,RDC 308,Alaska,2016,8,15,8.094,Ninespine stickleback,NST 343,50,-30.11,12.23,3.456609895,-32.08174611,6.45298431,-30.39667,5.118592,-29.2,0,4.4
Burke,69.99,-156.43,RDC 308,Alaska,2016,8,15,8.094,Ninespine stickleback,NST 364,50,-33.31,9.32,5.221774194,-32.08174611,6.45298431,-30.39667,5.118592,-30.3,0,3.3
Burke,69.99,-156.43,RDC 308,Alaska,2016,8,15,8.094,Ninespine stickleback,NST 370,50,-30.52,11.71,3.229636049,-32.08174611,6.45298431,-30.39667,5.118592,-30,0,4
Burke,69.99,-156.43,RDC 308,Alaska,2016,8,15,8.094,Ninespine stickleback,NST 348 ,49,-30.93,12.6,3.395501406,-32.08174611,6.45298431,-30.39667,5.118592,-30.1,0,4.3
Burke,69.99,-156.43,RDC 308,Alaska,2016,8,15,8.094,Ninespine stickleback,NST 375,49,-30.31,11.65,3.545454545,-32.08174611,6.45298431,-30.39667,5.118592,-29.2,0,4.2
Burke,69.99,-156.43,RDC 308,Alaska,2016,8,15,8.094,Ninespine stickleback,NST 347,48,-30.07,12.14,3.384615385,-32.08174611,6.45298431,-30.39667,5.118592,-29.3,0,4.3
Burke,69.99,-156.43,RDC 308,Alaska,2016,8,15,8.094,Ninespine stickleback,NST 377,45,-32.39,10.6,4.150732127,-32.08174611,6.45298431,-30.39667,5.118592,-30.4,0,3.6
Burke,69.99,-156.43,RDC 308,Alaska,2016,8,15,8.094,Ninespine stickleback,NST 371 ,44,-33.08,10.14,4.129757785,-32.08174611,6.45298431,-30.39667,5.118592,-31.1,0.42,3.3
Burke,69.99,-156.43,RDC 308,Alaska,2016,8,15,8.094,Ninespine stickleback,NST 363,42,-31.96,10.12,4.916492693,-32.08174611,6.45298431,-30.39667,5.118592,-29.2,0,3.7
Burke,69.99,-156.43,RDC 308,Alaska,2016,8,15,8.094,Ninespine stickleback,NST 369,42,-31.42,10.76,4.329877474,-32.08174611,6.45298431,-30.39667,5.118592,-29.2,0,3.9
Burke,69.99,-156.43,RDC 308,Alaska,2016,8,15,8.094,Ninespine stickleback,NST 358,40,-30.81,10.09,3.82513181,-32.08174611,6.45298431,-30.39667,5.118592,-29.3,0,3.7
Burke,70,-156.69,RDC 311,Alaska,2016,8,15,5.99,Ninespine stickleback,NST 12,68,-30.34,10.97,5.080160321,-30.79009573,4.195070551,-28.39433,3.421576,-27.4,0,4.3
Burke,70,-156.69,RDC 311,Alaska,2016,8,15,5.99,Ninespine stickleback,NST 40,67,-30.31,11.47,5.015353122,-30.79009573,4.195070551,-28.39433,3.421576,-27.4,0,4.5
Burke,70,-156.69,RDC 311,Alaska,2016,8,15,5.99,Ninespine stickleback,NST 14,65,-29.16,11.8,3.297079557,-30.79009573,4.195070551,-28.39433,3.421576,-28.5,0.04,4.5
Burke,70,-156.69,RDC 311,Alaska,2016,8,15,5.99,Ninespine stickleback,NST 24,65,-28.91,11.32,4.213085765,-30.79009573,4.195070551,-28.39433,3.421576,-26.9,0,4.5
Burke,70,-156.69,RDC 311,Alaska,2016,8,15,5.99,Ninespine stickleback,NST 32,65,-29.84,11.55,3.623918175,-30.79009573,4.195070551,-28.39433,3.421576,-28.6,0.09,4.4
Burke,70,-156.69,RDC 311,Alaska,2016,8,15,5.99,Ninespine stickleback,NST 38,65,-30.33,11.87,4.666334661,-30.79009573,4.195070551,-28.39433,3.421576,-27.8,0,4.5
Burke,70,-156.69,RDC 311,Alaska,2016,8,15,5.99,Ninespine stickleback,NST 10,63,-29.35,10.66,3.475336323,-30.79009573,4.195070551,-28.39433,3.421576,-28.4,0,4.1
Burke,70,-156.69,RDC 311,Alaska,2016,8,15,5.99,Ninespine stickleback,NST 4 ,62,-29.4,11.96,3.846615253,-30.79009573,4.195070551,-28.39433,3.421576,-27.8,0,4.6
Burke,70,-156.69,RDC 311,Alaska,2016,8,15,5.99,Ninespine stickleback,NST 49 ,62,-29.47,11.94,3.368503937,-30.79009573,4.195070551,-28.39433,3.421576,-28.7,0.13,4.5
Burke,70,-156.69,RDC 311,Alaska,2016,8,15,5.99,Ninespine stickleback,NST 22,61,-29.88,9.33,4.156491831,-30.79009573,4.195070551,-28.39433,3.421576,-27.9,0,3.8
Burke,70,-156.69,RDC 311,Alaska,2016,8,15,5.99,Ninespine stickleback,NST 17,59,-29.54,11.66,3.537539936,-30.79009573,4.195070551,-28.39433,3.421576,-28.5,0.04,4.4
Burke,70,-156.69,RDC 311,Alaska,2016,8,15,5.99,Ninespine stickleback,NST 29,59,-30,10.2,3.814586995,-30.79009573,4.195070551,-28.39433,3.421576,-28.5,0.04,4
Burke,70,-156.69,RDC 311,Alaska,2016,8,15,5.99,Ninespine stickleback,NST 35,59,-29.95,11.62,4.03307888,-30.79009573,4.195070551,-28.39433,3.421576,-28.1,0,4.4
Burke,70,-156.69,RDC 311,Alaska,2016,8,15,5.99,Ninespine stickleback,NST 1,59,-27.67,10.58,3.426910299,-30.79009573,4.195070551,-28.39433,3.421576,-26.8,0,4.3
Burke,70,-156.69,RDC 311,Alaska,2016,8,15,5.99,Ninespine stickleback,NST 21,58,-29.9,9.55,4.417127072,-30.79009573,4.195070551,-28.39433,3.421576,-27.6,0,3.9
Burke,70,-156.69,RDC 311,Alaska,2016,8,15,5.99,Ninespine stickleback,NST 42,58,-30.61,12.29,3.585106383,-30.79009573,4.195070551,-28.39433,3.421576,-29.4,0.42,4.5
Burke,70,-156.69,RDC 311,Alaska,2016,8,15,5.99,Ninespine stickleback,NST 48,58,-30.34,11.37,5.07992008,-30.79009573,4.195070551,-28.39433,3.421576,-27.4,0,4.4
Burke,70,-156.69,RDC 311,Alaska,2016,8,15,5.99,Ninespine stickleback,NST 11,57,-30.29,10.89,4.62704918,-30.79009573,4.195070551,-28.39433,3.421576,-27.8,0,4.3
Burke,70,-156.69,RDC 311,Alaska,2016,8,15,5.99,Ninespine stickleback,NST 18,57,-30.13,10.69,4.168250951,-30.79009573,4.195070551,-28.39433,3.421576,-28.1,0,4.2
Burke,70,-156.69,RDC 311,Alaska,2016,8,15,5.99,Ninespine stickleback,NST 26,57,-28.91,10.81,3.61722488,-30.79009573,4.195070551,-28.39433,3.421576,-27.7,0,4.2
Burke,70,-156.69,RDC 311,Alaska,2016,8,15,5.99,Ninespine stickleback,NST 33,56,-30.05,12.61,4.175295186,-30.79009573,4.195070551,-28.39433,3.421576,-28,0,4.7
Burke,70,-156.69,RDC 311,Alaska,2016,8,15,5.99,Ninespine stickleback,NST 34,56,-29.5,12.43,3.251706485,-30.79009573,4.195070551,-28.39433,3.421576,-28.9,0.21,4.6
Burke,70,-156.69,RDC 311,Alaska,2016,8,15,5.99,Ninespine stickleback,NST 50,56,-30.17,11.13,4.345646438,-30.79009573,4.195070551,-28.39433,3.421576,-28,0,4.3
Burke,70,-156.69,RDC 311,Alaska,2016,8,15,5.99,Ninespine stickleback,NST 8,56,-30.33,12.74,4.067101584,-30.79009573,4.195070551,-28.39433,3.421576,-28.5,0.04,4.7
Burke,70,-156.69,RDC 311,Alaska,2016,8,15,5.99,Ninespine stickleback,NST 20,55,-31.5,11.32,5.507543103,-30.79009573,4.195070551,-28.39433,3.421576,-28.3,0,4.3
Burke,70,-156.69,RDC 311,Alaska,2016,8,15,5.99,Ninespine stickleback,NST 28,55,-28.98,11.78,3.571917808,-30.79009573,4.195070551,-28.39433,3.421576,-27.8,0,4.5
Burke,70,-156.69,RDC 311,Alaska,2016,8,15,5.99,Ninespine stickleback,NST 37,55,-30.6,11.54,4.005008347,-30.79009573,4.195070551,-28.39433,3.421576,-28.8,0.17,4.3
Burke,70,-156.69,RDC 311,Alaska,2016,8,15,5.99,Ninespine stickleback,NST 41,55,-28.79,11.52,3.476821192,-30.79009573,4.195070551,-28.39433,3.421576,-27.8,0,4.4
Burke,70,-156.69,RDC 311,Alaska,2016,8,15,5.99,Ninespine stickleback,NST 44,55,-30.53,11.01,4.392586352,-30.79009573,4.195070551,-28.39433,3.421576,-28.3,0,4.2
Burke,70,-156.69,RDC 311,Alaska,2016,8,15,5.99,Ninespine stickleback,NST 47,55,-29.49,9.9,4.341463415,-30.79009573,4.195070551,-28.39433,3.421576,-27.3,0,4
Burke,70,-156.69,RDC 311,Alaska,2016,8,15,5.99,Ninespine stickleback,NST 7,55,-31.16,10.07,4.737657309,-30.79009573,4.195070551,-28.39433,3.421576,-28.5,0.04,3.9
Burke,70,-156.69,RDC 311,Alaska,2016,8,15,5.99,Ninespine stickleback,NST 13,54,-29.29,12.51,3.30399348,-30.79009573,4.195070551,-28.39433,3.421576,-28.6,0.09,4.7
Burke,70,-156.69,RDC 311,Alaska,2016,8,15,5.99,Ninespine stickleback,NST 25,54,-28.29,11.21,3.387288136,-30.79009573,4.195070551,-28.39433,3.421576,-27.5,0,4.4
Burke,70,-156.69,RDC 311,Alaska,2016,8,15,5.99,Ninespine stickleback,NST 31,54,-30.03,11.3,4.653266332,-30.79009573,4.195070551,-28.39433,3.421576,-27.5,0,4.4
Burke,70,-156.69,RDC 311,Alaska,2016,8,15,5.99,Ninespine stickleback,NST 46,54,-30.58,10.92,4.711219512,-30.79009573,4.195070551,-28.39433,3.421576,-28,0,4.2
Burke,70,-156.69,RDC 311,Alaska,2016,8,15,5.99,Ninespine stickleback,NST 15,53,-29.23,11.19,3.600446429,-30.79009573,4.195070551,-28.39433,3.421576,-28,0,4.3
Burke,70,-156.69,RDC 311,Alaska,2016,8,15,5.99,Ninespine stickleback,NST 16,53,-30.61,10.02,4.703883495,-30.79009573,4.195070551,-28.39433,3.421576,-28,0,4
Burke,70,-156.69,RDC 311,Alaska,2016,8,15,5.99,Ninespine stickleback,NST 30,53,-32.04,8.92,4.495519713,-30.79009573,4.195070551,-28.39433,3.421576,-29.7,0.54,3.5
Burke,70,-156.69,RDC 311,Alaska,2016,8,15,5.99,Ninespine stickleback,NST 6,53,-29.43,10.37,3.520918786,-30.79009573,4.195070551,-28.39433,3.421576,-28.4,0,4
Burke,70,-156.69,RDC 311,Alaska,2016,8,15,5.99,Ninespine stickleback,NST 23,52,-29.94,11.24,3.86453202,-30.79009573,4.195070551,-28.39433,3.421576,-28.3,0,4.3
Burke,70,-156.69,RDC 311,Alaska,2016,8,15,5.99,Ninespine stickleback,NST 5 ,52,-29.45,10.45,3.80878553,-30.79009573,4.195070551,-28.39433,3.421576,-27.9,0,4.1
Burke,70,-156.69,RDC 311,Alaska,2016,8,15,5.99,Ninespine stickleback,NST 9 ,52,-28.89,11.38,3.943037975,-30.79009573,4.195070551,-28.39433,3.421576,-27.2,0,4.5
Burke,70,-156.69,RDC 311,Alaska,2016,8,15,5.99,Ninespine stickleback,NST 2,52,-30.03,11.55,4.216831683,-30.79009573,4.195070551,-28.39433,3.421576,-28,0,4.4
Burke,70,-156.69,RDC 311,Alaska,2016,8,15,5.99,Ninespine stickleback,NST 45 ,50,-31.18,10.49,5.404026846,-30.79009573,4.195070551,-28.39433,3.421576,-28,0,4.1
Burke,70,-156.69,RDC 311,Alaska,2016,8,15,5.99,Ninespine stickleback,NST 36,47,-29.65,9.98,4.326315789,-30.79009573,4.195070551,-28.39433,3.421576,-27.5,0,4
Burke,70,-156.69,RDC 311,Alaska,2016,8,15,5.99,Ninespine stickleback,NST 27,44,-30.37,11.22,4.428707224,-30.79009573,4.195070551,-28.39433,3.421576,-28.1,0,4.3
Burke,70,-156.69,RDC 311,Alaska,2016,8,15,5.99,Ninespine stickleback,NST 19,43,-30.16,11.41,4.298181818,-30.79009573,4.195070551,-28.39433,3.421576,-28,0,4.4
Burke,70.33,-156.81,ATQ 201,Alaska,2016,8,15,4.87,Ninespine stickleback,NST 104,73,-25.71,12.08,3.893345488,-28.13271917,8.372273738,-25.43,6.53,-24.1,0,3.9
Burke,70.33,-156.81,ATQ 201,Alaska,2016,8,15,4.87,Ninespine stickleback,NST 106,68,-27.45,11.71,4.304718218,-28.13271917,8.372273738,-25.43,6.53,-25.3,0,3.6
Burke,70.33,-156.81,ATQ 201,Alaska,2016,8,15,4.87,Ninespine stickleback,NST 113,68,-27.43,12.69,4.361284567,-28.13271917,8.372273738,-25.43,6.53,-25.2,0,3.9
Burke,70.33,-156.81,ATQ 201,Alaska,2016,8,15,4.87,Ninespine stickleback,NST 137,68,-26.09,11.63,3.819432502,-28.13271917,8.372273738,-25.43,6.53,-24.6,0,3.7
Burke,70.33,-156.81,ATQ 201,Alaska,2016,8,15,4.87,Ninespine stickleback,NST 108,65,-27.46,11.61,5.605648536,-28.13271917,8.372273738,-25.43,6.53,-24.1,0,3.8
Burke,70.33,-156.81,ATQ 201,Alaska,2016,8,15,4.87,Ninespine stickleback,NST 117,65,-26.3,12.49,4.093370682,-28.13271917,8.372273738,-25.43,6.53,-24.4,0,4
Burke,70.33,-156.81,ATQ 201,Alaska,2016,8,15,4.87,Ninespine stickleback,NST 127,65,-27.52,12.63,4.041474654,-28.13271917,8.372273738,-25.43,6.53,-25.7,0.1,3.7
Burke,70.33,-156.81,ATQ 201,Alaska,2016,8,15,4.87,Ninespine stickleback,NST 107,63,-27.97,12.65,4.857719475,-28.13271917,8.372273738,-25.43,6.53,-25.2,0,3.8
Burke,70.33,-156.81,ATQ 201,Alaska,2016,8,15,4.87,Ninespine stickleback,NST 105,62,-24.99,12.58,3.766787659,-28.13271917,8.372273738,-25.43,6.53,-23.5,0,4.2
Burke,70.33,-156.81,ATQ 201,Alaska,2016,8,15,4.87,Ninespine stickleback,NST 123 ,62,-25.22,12.48,4.411545624,-28.13271917,8.372273738,-25.43,6.53,-22.9,0,4.3
Burke,70.33,-156.81,ATQ 201,Alaska,2016,8,15,4.87,Ninespine stickleback,NST 131 ,62,-26.07,12.11,3.972321429,-28.13271917,8.372273738,-25.43,6.53,-24.3,0,3.9
Burke,70.33,-156.81,ATQ 201,Alaska,2016,8,15,4.87,Ninespine stickleback,NST 140,62,-25.89,12.29,3.987623762,-28.13271917,8.372273738,-25.43,6.53,-24.1,0,4
Burke,70.33,-156.81,ATQ 201,Alaska,2016,8,15,4.87,Ninespine stickleback,NST 116,60,-25.33,12.54,3.824159021,-28.13271917,8.372273738,-25.43,6.53,-23.8,0,4.1
Burke,70.33,-156.81,ATQ 201,Alaska,2016,8,15,4.87,Ninespine stickleback,NST 132,60,-25.49,11.9,3.497621313,-28.13271917,8.372273738,-25.43,6.53,-24.5,0,3.8
Burke,70.33,-156.81,ATQ 201,Alaska,2016,8,15,4.87,Ninespine stickleback,NST 109,59,-26.15,12.04,4.092924126,-28.13271917,8.372273738,-25.43,6.53,-24.2,0,3.9
Burke,70.33,-156.81,ATQ 201,Alaska,2016,8,15,4.87,Ninespine stickleback,NST 115,59,-27.55,12.15,3.930498774,-28.13271917,8.372273738,-25.43,6.53,-25.9,0.17,3.6
Burke,70.33,-156.81,ATQ 201,Alaska,2016,8,15,4.87,Ninespine stickleback,NST 143,59,-26.73,12.73,4.101722724,-28.13271917,8.372273738,-25.43,6.53,-24.8,0,3.9
Burke,70.33,-156.81,ATQ 201,Alaska,2016,8,15,4.87,Ninespine stickleback,NST 118,58,-26.28,12.79,4.822736031,-28.13271917,8.372273738,-25.43,6.53,-23.6,0,4.2
Burke,70.33,-156.81,ATQ 201,Alaska,2016,8,15,4.87,Ninespine stickleback,NST 126,58,-26.62,12.16,4.106969206,-28.13271917,8.372273738,-25.43,6.53,-24.7,0,3.8
Burke,70.33,-156.81,ATQ 201,Alaska,2016,8,15,4.87,Ninespine stickleback,NST 130,58,-25.67,12.34,4.466908432,-28.13271917,8.372273738,-25.43,6.53,-23.3,0,4.1
Burke,70.33,-156.81,ATQ 201,Alaska,2016,8,15,4.87,Ninespine stickleback,NST 112,57,-26.26,12.16,4.641963426,-28.13271917,8.372273738,-25.43,6.53,-23.7,0,4
Burke,70.33,-156.81,ATQ 201,Alaska,2016,8,15,4.87,Ninespine stickleback,NST 114,57,-26.31,12.1,3.883386581,-28.13271917,8.372273738,-25.43,6.53,-24.7,0,3.8
Burke,70.33,-156.81,ATQ 201,Alaska,2016,8,15,4.87,Ninespine stickleback,NST 119,57,-25.68,13.14,4.2971078,-28.13271917,8.372273738,-25.43,6.53,-23.5,0,4.3
Burke,70.33,-156.81,ATQ 201,Alaska,2016,8,15,4.87,Ninespine stickleback,NST 134,57,-25.69,13.37,4.008086253,-28.13271917,8.372273738,-25.43,6.53,-23.9,0,4.3
Burke,70.33,-156.81,ATQ 201,Alaska,2016,8,15,4.87,Ninespine stickleback,NST 138,57,-25.13,13.24,3.99378882,-28.13271917,8.372273738,-25.43,6.53,-23.3,0,4.4
Burke,70.33,-156.81,ATQ 201,Alaska,2016,8,15,4.87,Ninespine stickleback,NST 148,57,-26.46,12.74,3.91118702,-28.13271917,8.372273738,-25.43,6.53,-24.8,0,4
Burke,70.33,-156.81,ATQ 201,Alaska,2016,8,15,4.87,Ninespine stickleback, NST 121,56,-25.72,12.43,4.338087248,-28.13271917,8.372273738,-25.43,6.53,-23.5,0,4.1
Burke,70.33,-156.81,ATQ 201,Alaska,2016,8,15,4.87,Ninespine stickleback,NST 128,56,-26.81,12.99,4.081730769,-28.13271917,8.372273738,-25.43,6.53,-24.9,0,4
Burke,70.33,-156.81,ATQ 201,Alaska,2016,8,15,4.87,Ninespine stickleback,NST 129,56,-27.16,12.05,4.893360161,-28.13271917,8.372273738,-25.43,6.53,-24.4,0,3.8
Burke,70.33,-156.81,ATQ 201,Alaska,2016,8,15,4.87,Ninespine stickleback,NST 144,56,-25.48,12.42,4.339606501,-28.13271917,8.372273738,-25.43,6.53,-23.3,0,4.2
Burke,70.33,-156.81,ATQ 201,Alaska,2016,8,15,4.87,Ninespine stickleback,NST 122,55,-26.39,12.66,4.250800427,-28.13271917,8.372273738,-25.43,6.53,-24.3,0,4
Burke,70.33,-156.81,ATQ 201,Alaska,2016,8,15,4.87,Ninespine stickleback,NST 135,55,-25.31,13.32,4.308243728,-28.13271917,8.372273738,-25.43,6.53,-23.1,0,4.5
Burke,70.33,-156.81,ATQ 201,Alaska,2016,8,15,4.87,Ninespine stickleback,NST 151,55,-26.21,11.54,4.212255773,-28.13271917,8.372273738,-25.43,6.53,-24.2,0,3.7
Burke,70.33,-156.81,ATQ 201,Alaska,2016,8,15,4.87,Ninespine stickleback,NST 110 ,54,-25.05,12.52,3.506514658,-28.13271917,8.372273738,-25.43,6.53,-24,0,4
Burke,70.33,-156.81,ATQ 201,Alaska,2016,8,15,4.87,Ninespine stickleback,NST 111,54,-26.78,12.49,3.944352159,-28.13271917,8.372273738,-25.43,6.53,-25.1,0,3.8
Burke,70.33,-156.81,ATQ 201,Alaska,2016,8,15,4.87,Ninespine stickleback,NST 133,54,-25.22,12.57,4.037294016,-28.13271917,8.372273738,-25.43,6.53,-23.4,0,4.2
Burke,70.33,-156.81,ATQ 201,Alaska,2016,8,15,4.87,Ninespine stickleback,NST 141,54,-26.12,12.44,3.905861456,-28.13271917,8.372273738,-25.43,6.53,-24.5,0,3.9
Burke,70.33,-156.81,ATQ 201,Alaska,2016,8,15,4.87,Ninespine stickleback,NST 147,54,-26.88,12.41,5.064638783,-28.13271917,8.372273738,-25.43,6.53,-24,0,4
Burke,70.33,-156.81,ATQ 201,Alaska,2016,8,15,4.87,Ninespine stickleback,NST 153,54,-27.38,12.44,4.864811133,-28.13271917,8.372273738,-25.43,6.53,-24.6,0,3.9
Burke,70.33,-156.81,ATQ 201,Alaska,2016,8,15,4.87,Ninespine stickleback,NST 120,53,-24.95,12.77,3.824420677,-28.13271917,8.372273738,-25.43,6.53,-23.4,0,4.2
Burke,70.33,-156.81,ATQ 201,Alaska,2016,8,15,4.87,Ninespine stickleback,NST 146,53,-27.28,12.44,4.312340426,-28.13271917,8.372273738,-25.43,6.53,-25.1,0,3.8
Burke,70.33,-156.81,ATQ 201,Alaska,2016,8,15,4.87,Ninespine stickleback,NST 152,53,-26.65,12.95,4.171974522,-28.13271917,8.372273738,-25.43,6.53,-24.6,0,4.1
Burke,70.33,-156.81,ATQ 201,Alaska,2016,8,15,4.87,Ninespine stickleback,NST 149,52,-25.95,12.35,3.96434635,-28.13271917,8.372273738,-25.43,6.53,-24.2,0,4
Burke,70.33,-156.81,ATQ 201,Alaska,2016,8,15,4.87,Ninespine stickleback,NST 136,51,-26.57,12.41,3.771929825,-28.13271917,8.372273738,-25.43,6.53,-25.1,0,3.8
Burke,70.33,-156.81,ATQ 201,Alaska,2016,8,15,4.87,Ninespine stickleback,NST 142,51,-25.06,12.52,4.221456693,-28.13271917,8.372273738,-25.43,6.53,-23,0,4.2
Burke,70.33,-156.81,ATQ 201,Alaska,2016,8,15,4.87,Ninespine stickleback,NST 145 ,51,-27.27,10.48,4.54787234,-28.13271917,8.372273738,-25.43,6.53,-24.8,0,3.3
Burke,70.33,-156.81,ATQ 201,Alaska,2016,8,15,4.87,Ninespine stickleback,NST 124,50,-24.99,13.11,3.768149883,-28.13271917,8.372273738,-25.43,6.53,-23.5,0,4.3
Burke,70.33,-156.81,ATQ 201,Alaska,2016,8,15,4.87,Ninespine stickleback,NST 150,49,-26.55,11.77,4.208487085,-28.13271917,8.372273738,-25.43,6.53,-24.5,0,3.7
Burke,70.33,-156.81,ATQ 201,Alaska,2016,8,15,4.87,Ninespine stickleback,NST 139,48,-27.2,12.3,4.766393443,-28.13271917,8.372273738,-25.43,6.53,-24.6,0,3.9
Burke,70.42,-156.981,ATQ 206,Alaska,2016,8,15,4.166,Ninespine stickleback,NST 165,61,-29.75,9.59,5.712851406,-29.72659838,4.241270482,-24.38344,4.112084,-26.4,0.38,3.6
Burke,70.42,-156.981,ATQ 206,Alaska,2016,8,15,4.166,Ninespine stickleback,NST 195,60,-29.27,9.62,4.903372835,-29.72659838,4.241270482,-24.38344,4.112084,-26.5,0.4,3.6
Burke,70.42,-156.981,ATQ 206,Alaska,2016,8,15,4.166,Ninespine stickleback,NST 181,58,-29.6,10.32,4.3962818,-29.72659838,4.241270482,-24.38344,4.112084,-27.3,0.55,3.8
Burke,70.42,-156.981,ATQ 206,Alaska,2016,8,15,4.166,Ninespine stickleback,NST 192,58,-29.46,10.15,4.832275612,-29.72659838,4.241270482,-24.38344,4.112084,-26.8,0.45,3.8
Burke,70.42,-156.981,ATQ 206,Alaska,2016,8,15,4.166,Ninespine stickleback,NST 155 ,57,-29.12,10.14,4.763794773,-29.72659838,4.241270482,-24.38344,4.112084,-26.5,0.4,3.8
Burke,70.42,-156.981,ATQ 206,Alaska,2016,8,15,4.166,Ninespine stickleback,NST 174 ,57,-29.59,9.45,5.574074074,-29.72659838,4.241270482,-24.38344,4.112084,-26.3,0.36,3.6
Burke,70.42,-156.981,ATQ 206,Alaska,2016,8,15,4.166,Ninespine stickleback,NST 164,56,-30.26,9.74,5.125984252,-29.72659838,4.241270482,-24.38344,4.112084,-27.3,0.55,3.6
Burke,70.42,-156.981,ATQ 206,Alaska,2016,8,15,4.166,Ninespine stickleback,NST 167,55,-27.48,9.89,3.720068906,-29.72659838,4.241270482,-24.38344,4.112084,-26.1,0.32,3.7
Burke,70.42,-156.981,ATQ 206,Alaska,2016,8,15,4.166,Ninespine stickleback,NST 176,55,-29.79,8.88,4.57116451,-29.72659838,4.241270482,-24.38344,4.112084,-27.3,0.55,3.4
Burke,70.42,-156.981,ATQ 206,Alaska,2016,8,15,4.166,Ninespine stickleback,NST 184,55,-28.71,9.59,4.401860465,-29.72659838,4.241270482,-24.38344,4.112084,-26.4,0.38,3.6
Burke,70.42,-156.981,ATQ 206,Alaska,2016,8,15,4.166,Ninespine stickleback,NST 200 ,55,-28.94,10.18,4.897087379,-29.72659838,4.241270482,-24.38344,4.112084,-26.2,0.34,3.8
Burke,70.42,-156.981,ATQ 206,Alaska,2016,8,15,4.166,Ninespine stickleback,NST 156,54,-27.91,10.22,3.985752449,-29.72659838,4.241270482,-24.38344,4.112084,-26.1,0.32,3.8
Burke,70.42,-156.981,ATQ 206,Alaska,2016,8,15,4.166,Ninespine stickleback,NST 170,54,-27.91,10.43,3.972884141,-29.72659838,4.241270482,-24.38344,4.112084,-26.2,0.34,3.8
Burke,70.42,-156.981,ATQ 206,Alaska,2016,8,15,4.166,Ninespine stickleback,NST 182,54,-28.71,9.65,4.412769784,-29.72659838,4.241270482,-24.38344,4.112084,-26.4,0.38,3.6
Burke,70.42,-156.981,ATQ 206,Alaska,2016,8,15,4.166,Ninespine stickleback,NST 158,53,-29.23,9.8,4.670588235,-29.72659838,4.241270482,-24.38344,4.112084,-26.7,0.43,3.7
Burke,70.42,-156.981,ATQ 206,Alaska,2016,8,15,4.166,Ninespine stickleback,NST 162,53,-30.03,9.4,4.85770751,-29.72659838,4.241270482,-24.38344,4.112084,-27.3,0.55,3.5
Burke,70.42,-156.981,ATQ 206,Alaska,2016,8,15,4.166,Ninespine stickleback,NST 163,53,-29.64,9.51,5.777262181,-29.72659838,4.241270482,-24.38344,4.112084,-26.2,0.34,3.6
Burke,70.42,-156.981,ATQ 206,Alaska,2016,8,15,4.166,Ninespine stickleback,NST 179,53,-28.7,9.55,4.368075117,-29.72659838,4.241270482,-24.38344,4.112084,-26.5,0.4,3.6
Burke,70.42,-156.981,ATQ 206,Alaska,2016,8,15,4.166,Ninespine stickleback,NST 191 ,53,-28.62,9.82,4.846371348,-29.72659838,4.241270482,-24.38344,4.112084,-25.9,0.28,3.7
Burke,70.42,-156.981,ATQ 206,Alaska,2016,8,15,4.166,Ninespine stickleback,NST 159,52,-28.78,9.5,4.053988719,-29.72659838,4.241270482,-24.38344,4.112084,-26.9,0.47,3.6
Burke,70.42,-156.981,ATQ 206,Alaska,2016,8,15,4.166,Ninespine stickleback,NST 160,52,-27.9,9.98,4.145012573,-29.72659838,4.241270482,-24.38344,4.112084,-25.9,0.28,3.7
Burke,70.42,-156.981,ATQ 206,Alaska,2016,8,15,4.166,Ninespine stickleback,NST 161,52,-29.65,9.4,5.064154786,-29.72659838,4.241270482,-24.38344,4.112084,-26.7,0.43,3.5
Burke,70.42,-156.981,ATQ 206,Alaska,2016,8,15,4.166,Ninespine stickleback,NST 166,52,-28.1,9.88,4.330078125,-29.72659838,4.241270482,-24.38344,4.112084,-25.9,0.28,3.7
Burke,70.42,-156.981,ATQ 206,Alaska,2016,8,15,4.166,Ninespine stickleback,NST 193,52,-28.91,9.79,4.206377325,-29.72659838,4.241270482,-24.38344,4.112084,-26.9,0.47,3.7
Burke,70.42,-156.981,ATQ 206,Alaska,2016,8,15,4.166,Ninespine stickleback,NST 194,52,-28.44,10.48,4.020477816,-29.72659838,4.241270482,-24.38344,4.112084,-26.6,0.41,3.9
Burke,70.42,-156.981,ATQ 206,Alaska,2016,8,15,4.166,Ninespine stickleback,NST 171,51,-28.8,9.7,4.433810376,-29.72659838,4.241270482,-24.38344,4.112084,-26.5,0.4,3.6
Burke,70.42,-156.981,ATQ 206,Alaska,2016,8,15,4.166,Ninespine stickleback,NST 177,51,-29.71,9.53,5.930991217,-29.72659838,4.241270482,-24.38344,4.112084,-26.2,0.34,3.6
Burke,70.42,-156.981,ATQ 206,Alaska,2016,8,15,4.166,Ninespine stickleback,NST 178,51,-29.92,9.17,5.390485629,-29.72659838,4.241270482,-24.38344,4.112084,-26.8,0.45,3.5
Burke,70.42,-156.981,ATQ 206,Alaska,2016,8,15,4.166,Ninespine stickleback,NST 185,51,-28.88,9.9,4.782431052,-29.72659838,4.241270482,-24.38344,4.112084,-26.2,0.34,3.7
Burke,70.42,-156.981,ATQ 206,Alaska,2016,8,15,4.166,Ninespine stickleback,NST 204,51,-28.24,9.7,4.541133455,-29.72659838,4.241270482,-24.38344,4.112084,-25.8,0.27,3.6
Burke,70.42,-156.981,ATQ 206,Alaska,2016,8,15,4.166,Ninespine stickleback,NST 157,50,-27.14,9.32,4.250905797,-29.72659838,4.241270482,-24.38344,4.112084,-25,0.12,3.5
Burke,70.42,-156.981,ATQ 206,Alaska,2016,8,15,4.166,Ninespine stickleback,NST 168,50,-26.91,9.35,3.633011414,-29.72659838,4.241270482,-24.38344,4.112084,-25.7,0.25,3.5
Burke,70.42,-156.981,ATQ 206,Alaska,2016,8,15,4.166,Ninespine stickleback,NST 169,50,-28.99,9.64,4.602366864,-29.72659838,4.241270482,-24.38344,4.112084,-26.5,0.4,3.6
Burke,70.42,-156.981,ATQ 206,Alaska,2016,8,15,4.166,Ninespine stickleback,NST 199 ,50,-27.51,10.26,4.22606383,-29.72659838,4.241270482,-24.38344,4.112084,-25.4,0.19,3.8
Burke,70.42,-156.981,ATQ 206,Alaska,2016,8,15,4.166,Ninespine stickleback,NST 172,49,-28.21,8.38,3.982825917,-29.72659838,4.241270482,-24.38344,4.112084,-26.4,0.38,3.2
Burke,70.42,-156.981,ATQ 206,Alaska,2016,8,15,4.166,Ninespine stickleback,NST 175,49,-27.69,8.96,3.954507858,-29.72659838,4.241270482,-24.38344,4.112084,-26,0.3,3.4
Burke,70.42,-156.981,ATQ 206,Alaska,2016,8,15,4.166,Ninespine stickleback,NST 187,49,-28.75,9.25,4.584745763,-29.72659838,4.241270482,-24.38344,4.112084,-26.3,0.36,3.5
Burke,70.42,-156.981,ATQ 206,Alaska,2016,8,15,4.166,Ninespine stickleback,NST 197,49,-27.51,9.46,4.190681622,-29.72659838,4.241270482,-24.38344,4.112084,-25.5,0.21,3.6
Burke,70.42,-156.981,ATQ 206,Alaska,2016,8,15,4.166,Ninespine stickleback,NST 173,48,-28.02,9.15,3.966133584,-29.72659838,4.241270482,-24.38344,4.112084,-26.3,0.36,3.5
Burke,70.42,-156.981,ATQ 206,Alaska,2016,8,15,4.166,Ninespine stickleback,NST 180,48,-27.73,9.54,4.799019608,-29.72659838,4.241270482,-24.38344,4.112084,-25.1,0.13,3.6
Burke,70.42,-156.981,ATQ 206,Alaska,2016,8,15,4.166,Ninespine stickleback,NST 189,48,-27.36,9.77,3.869857263,-29.72659838,4.241270482,-24.38344,4.112084,-25.8,0.27,3.7
Burke,70.42,-156.981,ATQ 206,Alaska,2016,8,15,4.166,Ninespine stickleback,NST 186,47,-28.37,9.04,4.380244755,-29.72659838,4.241270482,-24.38344,4.112084,-26.1,0.32,3.4
Burke,70.42,-156.981,ATQ 206,Alaska,2016,8,15,4.166,Ninespine stickleback,NST 190,47,-27.64,9.53,3.793226381,-29.72659838,4.241270482,-24.38344,4.112084,-26.1,0.32,3.6
Burke,70.42,-156.981,ATQ 206,Alaska,2016,8,15,4.166,Ninespine stickleback,NST 183,46,-30.04,9.7,5.02804878,-29.72659838,4.241270482,-24.38344,4.112084,-27.2,0.53,3.6
Burke,70.42,-156.981,ATQ 206,Alaska,2016,8,15,4.166,Ninespine stickleback,NST 201 ,46,-28.84,9.67,4.141459075,-29.72659838,4.241270482,-24.38344,4.112084,-26.9,0.47,3.6
Burke,70.42,-156.981,ATQ 206,Alaska,2016,8,15,4.166,Ninespine stickleback,NST 198,45,-28.09,9.54,3.994195688,-29.72659838,4.241270482,-24.38344,4.112084,-26.3,0.36,3.6
Burke,70.42,-156.981,ATQ 206,Alaska,2016,8,15,4.166,Ninespine stickleback,NST 203,44,-27.74,9.63,4.203252033,-29.72659838,4.241270482,-24.38344,4.112084,-25.7,0.25,3.6
Burke,70.42,-156.981,ATQ 206,Alaska,2016,8,15,4.166,Ninespine stickleback,NST 188 ,43,-28.24,9.88,4.647173489,-29.72659838,4.241270482,-24.38344,4.112084,-25.7,0.25,3.7
Burke,70.42,-156.981,ATQ 206,Alaska,2016,8,15,4.166,Ninespine stickleback,NST 202,43,-27.78,9.6,3.951024043,-29.72659838,4.241270482,-24.38344,4.112084,-26.1,0.32,3.6
Burke,70.42,-156.981,ATQ 206,Alaska,2016,8,15,4.166,Ninespine stickleback,NST 196,41,-26.87,8.77,3.943615257,-29.72659838,4.241270482,-24.38344,4.112084,-25.2,0.15,3.4
Johnston,49.41,-80.54,Little Abitibi,N.Ontario,2018,6,26,14.2,Northern pike,19642,890,-28.53,11.26,3.21,-33.31444444,3.957777778,-30.925,2.269,-28.1,0,5.2
Johnston,49.41,-80.54,Little Abitibi,N.Ontario,2018,6,26,14.2,Northern pike,19640,779,-28.85,11.34,3.08,-33.31444444,3.957777778,-30.925,2.269,-28.7,0,5.1
Johnston,49.41,-80.54,Little Abitibi,N.Ontario,2018,6,26,14.2,Northern pike,19646,733,-28.95,10.7,3.12,-33.31444444,3.957777778,-30.925,2.269,-28.7,0,4.9
Johnston,49.41,-80.54,Little Abitibi,N.Ontario,2018,6,26,14.2,Northern pike,19636,694,-28.93,11.12,3.2,-33.31444444,3.957777778,-30.925,2.269,-28.5,0,5.1
Johnston,49.41,-80.54,Little Abitibi,N.Ontario,2018,6,26,14.2,Northern pike,19643,690,-29.16,10.52,3.17,-33.31444444,3.957777778,-30.925,2.269,-28.8,0,4.9
Johnston,49.41,-80.54,Little Abitibi,N.Ontario,2018,6,26,14.2,Northern pike,19639,681,-29.2,10.56,3.09,-33.31444444,3.957777778,-30.925,2.269,-29,0,4.8
Johnston,49.41,-80.54,Little Abitibi,N.Ontario,2017,7,4,13.6,Northern pike,19307,668,-28.84,11.68,3,-33.31444444,3.957777778,-30.925,2.269,-28.8,0,5.2
Johnston,49.41,-80.54,Little Abitibi,N.Ontario,2017,7,4,13.6,Northern pike,19306,661,-29.07,10,3.13,-33.31444444,3.957777778,-30.925,2.269,-28.8,0,4.7
Johnston,49.41,-80.54,Little Abitibi,N.Ontario,2017,7,4,13.6,Northern pike,19303,620,-29.11,9.25,3.09,-33.31444444,3.957777778,-30.925,2.269,-28.9,0,4.5
Johnston,49.41,-80.54,Little Abitibi,N.Ontario,2018,6,26,14.2,Northern pike,19645,620,-29.82,9.37,3.15,-33.31444444,3.957777778,-30.925,2.269,-29.5,0,4.4
Johnston,49.41,-80.54,Little Abitibi,N.Ontario,2017,7,4,13.6,Northern pike,19302,597,-29.18,9.5,3.17,-33.31444444,3.957777778,-30.925,2.269,-28.8,0,4.6
Johnston,49.41,-80.54,Little Abitibi,N.Ontario,2017,7,4,13.6,Northern pike,19309,590,-29.72,9.31,3.06,-33.31444444,3.957777778,-30.925,2.269,-29.6,0,4.3
Johnston,49.41,-80.54,Little Abitibi,N.Ontario,2018,6,26,14.2,Northern pike,19641,573,-30.09,9.18,3.13,-33.31444444,3.957777778,-30.925,2.269,-29.8,0,4.3
Johnston,49.41,-80.54,Little Abitibi,N.Ontario,2017,7,4,13.6,Northern pike,19308,565,-28.83,10.47,3.09,-33.31444444,3.957777778,-30.925,2.269,-28.6,0,4.9
Johnston,49.41,-80.54,Little Abitibi,N.Ontario,2018,6,26,14.2,Northern pike,19644,565,-29.52,9.62,3.18,-33.31444444,3.957777778,-30.925,2.269,-29.1,0,4.5
Johnston,49.41,-80.54,Little Abitibi,N.Ontario,2017,7,4,13.6,Northern pike,19310,563,-29.4,9.73,2.97,-33.31444444,3.957777778,-30.925,2.269,-29.5,0,4.5
Johnston,49.41,-80.54,Little Abitibi,N.Ontario,2017,7,4,13.6,Northern pike,19305,544,-28.88,10.06,3.12,-33.31444444,3.957777778,-30.925,2.269,-28.6,0,4.8
Johnston,49.41,-80.54,Little Abitibi,N.Ontario,2017,7,4,13.6,Northern pike,19304,535,-29.4,9.32,3.09,-33.31444444,3.957777778,-30.925,2.269,-29.2,0,4.4
Johnston,49.41,-80.54,Little Abitibi,N.Ontario,2017,7,4,13.6,Northern pike,19301,515,-29.34,9.39,3.11,-33.31444444,3.957777778,-30.925,2.269,-29.1,0,4.5
Johnston,49.41,-80.54,Little Abitibi,N.Ontario,2018,6,26,14.2,Northern pike,19638,427,-29.75,9.88,3.15,-33.31444444,3.957777778,-30.925,2.269,-29.4,0,4.6
Johnston,49.41,-80.54,Little Abitibi,N.Ontario,2018,6,26,14.2,Northern pike,19637,388,-29.27,9.44,3.05,-33.31444444,3.957777778,-30.925,2.269,-29.2,0,4.5
Johnston,49.41,-80.54,Little Abitibi,N.Ontario,2017,7,4,13.6,Walleye,19322,752,-28.78,11.69,2.84,-33.31444444,3.957777778,-30.925,2.269,-29.2,0,5.1
Johnston,49.41,-80.54,Little Abitibi,N.Ontario,2017,7,4,13.6,Walleye,19318,737,-28.3,11.28,2.82,-33.31444444,3.957777778,-30.925,2.269,-28.8,0,5.1
Johnston,49.41,-80.54,Little Abitibi,N.Ontario,2017,7,4,13.6,Walleye,19320,588,-29.19,10.44,2.8,-33.31444444,3.957777778,-30.925,2.269,-29.7,0,4.7
Johnston,49.41,-80.54,Little Abitibi,N.Ontario,2017,7,4,13.6,Walleye,19317,571,-29.22,9.93,2.82,-33.31444444,3.957777778,-30.925,2.269,-29.7,0,4.5
Johnston,49.41,-80.54,Little Abitibi,N.Ontario,2017,7,4,13.6,Walleye,19323,513,-29.41,9.72,2.81,-33.31444444,3.957777778,-30.925,2.269,-29.9,0,4.4
Johnston,49.41,-80.54,Little Abitibi,N.Ontario,2017,7,4,13.6,Walleye,19316,510,-28.46,11.44,2.82,-33.31444444,3.957777778,-30.925,2.269,-28.9,0,5.1
Johnston,49.41,-80.54,Little Abitibi,N.Ontario,2017,7,4,13.6,Walleye,19321,424,-29.79,9.3,2.81,-33.31444444,3.957777778,-30.925,2.269,-30.3,0,4.2
Johnston,49.41,-80.54,Little Abitibi,N.Ontario,2017,7,4,13.6,Walleye,19324,420,-29.58,9.51,2.8,-33.31444444,3.957777778,-30.925,2.269,-30.1,0,4.3
Johnston,49.41,-80.54,Little Abitibi,N.Ontario,2017,7,4,13.6,Walleye,19319,345,-29.76,9.56,2.85,-33.31444444,3.957777778,-30.925,2.269,-30.1,0,4.3
Johnston,49.41,-80.54,Little Abitibi,N.Ontario,2017,7,4,13.6,Walleye,19325,301,-29.69,9.64,2.84,-33.31444444,3.957777778,-30.925,2.269,-30.1,0,4.3
Johnston,52.45,-89.41,Wigwascence,N.Ontario,2012,NA,NA,12.9,Northern pike,9598,730,-27.69,11.32,3.15,-33.13333333,5.396666667,-28.33,2.985,-27.4,0,4.6
Johnston,52.45,-89.41,Wigwascence,N.Ontario,2012,NA,NA,12.9,Northern pike,9594,698,-27.08,11.97,3.14,-33.13333333,5.396666667,-28.33,2.985,-26.8,0,4.9
Johnston,52.45,-89.41,Wigwascence,N.Ontario,2012,NA,NA,12.9,Northern pike,9591,660,-27.48,11.75,3.14,-33.13333333,5.396666667,-28.33,2.985,-27.2,0,4.7
Johnston,52.45,-89.41,Wigwascence,N.Ontario,2012,NA,NA,12.9,Northern pike,9596,620,-27.4,11.58,3.14,-33.13333333,5.396666667,-28.33,2.985,-27.1,0,4.7
Johnston,52.45,-89.41,Wigwascence,N.Ontario,2012,NA,NA,12.9,Northern pike,9599,568,-27.28,11.17,3.11,-33.13333333,5.396666667,-28.33,2.985,-27,0,4.6
Johnston,52.45,-89.41,Wigwascence,N.Ontario,2012,NA,NA,12.9,Northern pike,9592,520,-27.53,10.86,3.21,-33.13333333,5.396666667,-28.33,2.985,-27.1,0,4.5
Johnston,52.45,-89.41,Wigwascence,N.Ontario,2012,NA,NA,12.9,Northern pike,9590,511,-27.59,11,3.15,-33.13333333,5.396666667,-28.33,2.985,-27.3,0,4.5
Johnston,52.45,-89.41,Wigwascence,N.Ontario,2012,NA,NA,12.9,Northern pike,9597,467,-26.9,11.02,3.16,-33.13333333,5.396666667,-28.33,2.985,-26.5,0,4.6
Johnston,52.45,-89.41,Wigwascence,N.Ontario,2012,NA,NA,12.9,Northern pike,9595,429,-27.88,10.36,3.14,-33.13333333,5.396666667,-28.33,2.985,-27.6,0,4.3
Johnston,52.45,-89.41,Wigwascence,N.Ontario,2012,NA,NA,12.9,Northern pike,9593,417,-26.97,10.08,3.18,-33.13333333,5.396666667,-28.33,2.985,-26.6,0,4.3
Johnston,52.45,-89.41,Wigwascence,N.Ontario,2012,NA,NA,12.9,Walleye,9608,531,-27.42,11.61,3.17,-33.13333333,5.396666667,-28.33,2.985,-27,0,4.7
Johnston,52.45,-89.41,Wigwascence,N.Ontario,2012,NA,NA,12.9,Walleye,9612,523,-27.23,11.51,3.14,-33.13333333,5.396666667,-28.33,2.985,-26.9,0,4.7
Johnston,52.45,-89.41,Wigwascence,N.Ontario,2012,NA,NA,12.9,Walleye,9614,465,-26.59,10.06,3.19,-33.13333333,5.396666667,-28.33,2.985,-26.2,0,4.4
Johnston,52.45,-89.41,Wigwascence,N.Ontario,2012,NA,NA,12.9,Walleye,9609,460,-28.42,11.32,3.19,-33.13333333,5.396666667,-28.33,2.985,-28,0,4.5
Johnston,52.45,-89.41,Wigwascence,N.Ontario,2012,NA,NA,12.9,Walleye,9610,440,-27.42,10.93,3.15,-33.13333333,5.396666667,-28.33,2.985,-27.1,0,4.5
Johnston,52.45,-89.41,Wigwascence,N.Ontario,2012,NA,NA,12.9,Walleye,9615,425,-27.8,10.55,3.16,-33.13333333,5.396666667,-28.33,2.985,-27.4,0,4.4
Johnston,52.45,-89.41,Wigwascence,N.Ontario,2012,NA,NA,12.9,Walleye,9616,405,-28,10.95,3.16,-33.13333333,5.396666667,-28.33,2.985,-27.6,0,4.4
Johnston,52.45,-89.41,Wigwascence,N.Ontario,2012,NA,NA,12.9,Walleye,9607,391,-28.31,11.33,3.22,-33.13333333,5.396666667,-28.33,2.985,-27.8,0,4.5
Johnston,52.45,-89.41,Wigwascence,N.Ontario,2012,NA,NA,12.9,Walleye,9611,375,-27.95,11.06,3.19,-33.13333333,5.396666667,-28.33,2.985,-27.5,0,4.5
Johnston,52.45,-89.41,Wigwascence,N.Ontario,2012,NA,NA,12.9,Walleye,9613,362,-28.06,10.64,3.21,-33.13333333,5.396666667,-28.33,2.985,-27.6,0,4.4
Johnston,52.45,-89.41,Wigwascence,N.Ontario,2012,NA,NA,12.9,Yellow perch,10785,267.01,-28.09,9.01,3.11,-33.13333333,5.396666667,-28.33,2.985,-27.8,0,3.9
Johnston,52.45,-89.41,Wigwascence,N.Ontario,2012,NA,NA,12.9,Yellow perch,10784,237.67,-26.49,8.91,3.15,-33.13333333,5.396666667,-28.33,2.985,-26.2,0,4.1
Johnston,52.45,-89.41,Wigwascence,N.Ontario,2012,NA,NA,12.9,Yellow perch,10776,227.19,-27.42,9.27,3.12,-33.13333333,5.396666667,-28.33,2.985,-27.2,0,4
Johnston,52.45,-89.41,Wigwascence,N.Ontario,2012,NA,NA,12.9,Yellow perch,10780,223,-27.37,8.85,3.12,-33.13333333,5.396666667,-28.33,2.985,-27.1,0,3.9
Johnston,52.45,-89.41,Wigwascence,N.Ontario,2012,NA,NA,12.9,Yellow perch,10779,204.13,-27.42,9.64,3.14,-33.13333333,5.396666667,-28.33,2.985,-27.1,0,4.1
Johnston,52.45,-89.41,Wigwascence,N.Ontario,2012,NA,NA,12.9,Yellow perch,10782,193.65,-26.56,8.54,3.14,-33.13333333,5.396666667,-28.33,2.985,-26.2,0,3.9
Johnston,52.45,-89.41,Wigwascence,N.Ontario,2012,NA,NA,12.9,Yellow perch,10777,152.78,-27.52,8.63,3.13,-33.13333333,5.396666667,-28.33,2.985,-27.2,0,3.8
Johnston,52.45,-89.41,Wigwascence,N.Ontario,2012,NA,NA,12.9,Yellow perch,10778,147.54,-27.04,9.93,3.19,-33.13333333,5.396666667,-28.33,2.985,-26.6,0,4.3
Johnston,52.45,-89.41,Wigwascence,N.Ontario,2012,NA,NA,12.9,Yellow perch,10781,146.49,-27.16,9.45,3.15,-33.13333333,5.396666667,-28.33,2.985,-26.8,0,4.1
Johnston,52.45,-89.41,Wigwascence,N.Ontario,2012,NA,NA,12.9,Yellow perch,10783,141.25,-27.78,8.78,3.11,-33.13333333,5.396666667,-28.33,2.985,-27.5,0,3.8
Johnston,51.83,-88.96,Trading,N.Ontario,2015,9,18,13.2,Northern pike,14729,712,-28.75,11.6,3.18,-33.41,4.76,-28.076,3.416,-28.3,0.04,4.4
Johnston,51.83,-88.96,Trading,N.Ontario,2015,9,18,13.2,Northern pike,14730,576,-28.41,11.06,3.18,-33.41,4.76,-28.076,3.416,-28,0,4.3
Johnston,51.83,-88.96,Trading,N.Ontario,2015,9,18,13.2,Northern pike,14735,555,-29.36,12.58,3.21,-33.41,4.76,-28.076,3.416,-28.9,0.15,4.6
Johnston,51.83,-88.96,Trading,N.Ontario,2015,9,18,13.2,Northern pike,14728,528,-29.39,11.15,3.2,-33.41,4.76,-28.076,3.416,-28.9,0.15,4.2
Johnston,51.83,-88.96,Trading,N.Ontario,2015,9,18,13.2,Northern pike,14731,500,-29.23,11.26,3.28,-33.41,4.76,-28.076,3.416,-28.6,0.1,4.3
Johnston,51.83,-88.96,Trading,N.Ontario,2015,9,18,13.2,Northern pike,14736,490,-29.52,12.26,3.15,-33.41,4.76,-28.076,3.416,-29.2,0.21,4.5
Johnston,51.83,-88.96,Trading,N.Ontario,2015,9,18,13.2,Northern pike,14732,456,-29,11.02,3.25,-33.41,4.76,-28.076,3.416,-28.5,0.08,4.2
Johnston,51.83,-88.96,Trading,N.Ontario,2015,9,18,13.2,Northern pike,14733,436,-29.63,11.19,3.22,-33.41,4.76,-28.076,3.416,-29.1,0.19,4.2
Johnston,51.83,-88.96,Trading,N.Ontario,2015,9,17,13.2,Northern pike,14727,315,-30.15,10.36,3.21,-33.41,4.76,-28.076,3.416,-29.7,0.3,3.9
Johnston,51.83,-88.96,Trading,N.Ontario,2015,9,18,13.2,Northern pike,14734,284,-30.31,10,3.19,-33.41,4.76,-28.076,3.416,-29.9,0.34,3.8
Johnston,51.83,-88.96,Trading,N.Ontario,2015,NA,NA,13.2,Northern pike,15961,139,-29.78,9.34,3.17,-33.41,4.76,-28.076,3.416,-29.4,0.25,3.6
Johnston,51.83,-88.96,Trading,N.Ontario,2015,NA,NA,13.2,Northern pike,15960,122,-31.2,6.38,3.17,-33.41,4.76,-28.076,3.416,-30.8,0.51,2.7
Johnston,51.83,-88.96,Trading,N.Ontario,2015,9,17,13.2,Walleye,14747,566,-29.69,11.18,3.23,-33.41,4.76,-28.076,3.416,-29.2,0.21,4.2
Johnston,51.83,-88.96,Trading,N.Ontario,2015,9,17,13.2,Walleye,14754,560,-29.72,11.18,3.18,-33.41,4.76,-28.076,3.416,-29.3,0.23,4.2
Johnston,51.83,-88.96,Trading,N.Ontario,2015,9,17,13.2,Walleye,14751,533,-29.77,11.57,3.25,-33.41,4.76,-28.076,3.416,-29.2,0.21,4.3
Johnston,51.83,-88.96,Trading,N.Ontario,2015,9,17,13.2,Walleye,14755,492,-29.71,11.2,3.09,-33.41,4.76,-28.076,3.416,-29.5,0.27,4.2
Johnston,51.83,-88.96,Trading,N.Ontario,2015,9,17,13.2,Walleye,14750,480,-30.04,11.7,3.22,-33.41,4.76,-28.076,3.416,-29.6,0.29,4.3
Johnston,51.83,-88.96,Trading,N.Ontario,2015,9,17,13.2,Walleye,14749,476,-29.96,10.96,3.31,-33.41,4.76,-28.076,3.416,-29.3,0.23,4.1
Johnston,51.83,-88.96,Trading,N.Ontario,2015,9,17,13.2,Walleye,14756,429,-29.87,11.14,3.25,-33.41,4.76,-28.076,3.416,-29.3,0.23,4.2
Johnston,51.83,-88.96,Trading,N.Ontario,2015,9,17,13.2,Walleye,14748,420,-29.42,11.52,3.19,-33.41,4.76,-28.076,3.416,-29,0.17,4.3
Johnston,51.83,-88.96,Trading,N.Ontario,2015,9,17,13.2,Walleye,14752,350,-30.31,10.42,3.12,-33.41,4.76,-28.076,3.416,-30,0.36,3.9
Johnston,51.83,-88.96,Trading,N.Ontario,2015,9,17,13.2,Walleye,14753,327,-28.54,11.11,3.18,-33.41,4.76,-28.076,3.416,-28.1,0,4.3
Johnston,51.83,-88.96,Trading,N.Ontario,2015,NA,NA,13.2,Walleye,15963,225,-31,9.88,3.19,-33.41,4.76,-28.076,3.416,-30.6,0.47,3.7
Johnston,51.83,-88.96,Trading,N.Ontario,2015,NA,NA,13.2,Walleye,15962,182,-31.05,10.03,3.25,-33.41,4.76,-28.076,3.416,-30.5,0.45,3.8
Johnston,51.83,-88.96,Trading,N.Ontario,2015,NA,NA,13.2,Yellow perch,18457,156,-30.06,10.35,3.24,-33.41,4.76,-28.076,3.416,-29.5,0.27,3.9
Johnston,51.83,-88.96,Trading,N.Ontario,2015,NA,NA,13.2,Yellow perch,18464,116,-29.13,8.92,3.3,-33.41,4.76,-28.076,3.416,-28.5,0.08,3.6
Johnston,51.83,-88.96,Trading,N.Ontario,2015,NA,NA,13.2,Yellow perch,18465,101,-29.73,8.45,3.25,-33.41,4.76,-28.076,3.416,-29.2,0.21,3.4
Johnston,51.83,-88.96,Trading,N.Ontario,2015,NA,NA,13.2,Yellow perch,18466,86,-30.38,8.77,3.46,-33.41,4.76,-28.076,3.416,-29.4,0.25,3.5
Johnston,51.83,-88.96,Trading,N.Ontario,2015,NA,NA,13.2,Yellow perch,18458,74,-32.01,8.14,3.48,-33.41,4.76,-28.076,3.416,-31,0.55,3.2
Johnston,51.83,-88.96,Trading,N.Ontario,2015,NA,NA,13.2,Yellow perch,18459,73,-32.29,8.3,3.52,-33.41,4.76,-28.076,3.416,-31.2,0.59,3.2
Johnston,51.83,-88.96,Trading,N.Ontario,2015,NA,NA,13.2,Yellow perch,18462,73,-32.56,8.25,3.66,-33.41,4.76,-28.076,3.416,-31.3,0.6,3.2
Johnston,51.83,-88.96,Trading,N.Ontario,2015,NA,NA,13.2,Yellow perch,18460,65,-32.52,8.74,3.54,-33.41,4.76,-28.076,3.416,-31.4,0.62,3.3
Johnston,51.83,-88.96,Trading,N.Ontario,2015,NA,NA,13.2,Yellow perch,18461,65,-32.63,8.33,3.68,-33.41,4.76,-28.076,3.416,-31.3,0.6,3.2
Johnston,51.83,-88.96,Trading,N.Ontario,2015,NA,NA,13.2,Yellow perch,18463,63,-32.73,8.42,3.75,-33.41,4.76,-28.076,3.416,-31.3,0.6,3.2
Johnston,48.81,-85.33,Kwinkwaga,N.Ontario,2016,8,29,9,Northern pike,17227,871,-27.76,10.93,3.04,-34.014,4.234,-27.458,2.26,-27.7,0.04,4.5
Johnston,48.81,-85.33,Kwinkwaga,N.Ontario,2016,8,29,9,Northern pike,17223,714,-29.55,10.3,3.04,-34.014,4.234,-27.458,2.26,-29.5,0.31,4.2
Johnston,48.81,-85.33,Kwinkwaga,N.Ontario,2016,8,29,9,Northern pike,17224,667,-30.5,10.12,3.05,-34.014,4.234,-27.458,2.26,-30.4,0.45,4.1
Johnston,48.81,-85.33,Kwinkwaga,N.Ontario,2016,8,29,9,Northern pike,17228,652,-28.24,10.02,3,-34.014,4.234,-27.458,2.26,-28.2,0.11,4.2
Johnston,48.81,-85.33,Kwinkwaga,N.Ontario,2016,8,29,9,Northern pike,17222,624,-29.23,10.27,3.06,-34.014,4.234,-27.458,2.26,-29.1,0.25,4.2
Johnston,48.81,-85.33,Kwinkwaga,N.Ontario,2016,8,29,9,Northern pike,17221,591,-29.01,10.32,3,-34.014,4.234,-27.458,2.26,-29,0.24,4.2
Johnston,48.81,-85.33,Kwinkwaga,N.Ontario,2016,8,29,9,Northern pike,17220,572,-29.54,9.8,3.01,-34.014,4.234,-27.458,2.26,-29.5,0.31,4
Johnston,48.81,-85.33,Kwinkwaga,N.Ontario,2016,8,29,9,Northern pike,17225,560,-28.58,9.59,3.02,-34.014,4.234,-27.458,2.26,-28.5,0.16,4.1
Johnston,48.81,-85.33,Kwinkwaga,N.Ontario,2016,8,29,9,Northern pike,17229,547,-29.07,9.29,3.03,-34.014,4.234,-27.458,2.26,-29,0.24,3.9
Johnston,48.81,-85.33,Kwinkwaga,N.Ontario,2016,8,29,9,Northern pike,17226,526,-28.27,9.15,3.06,-34.014,4.234,-27.458,2.26,-28.1,0.1,4
Johnston,48.81,-85.33,Kwinkwaga,N.Ontario,2016,8,29,9,Walleye,17233,714,-29.55,10.55,3.07,-34.014,4.234,-27.458,2.26,-29.4,0.3,4.3
Johnston,48.81,-85.33,Kwinkwaga,N.Ontario,2016,8,29,9,Walleye,17237,620,-28.96,10.13,3.16,-34.014,4.234,-27.458,2.26,-28.6,0.17,4.2
Johnston,48.81,-85.33,Kwinkwaga,N.Ontario,2016,8,29,9,Walleye,17234,566,-29.22,10.43,3.11,-34.014,4.234,-27.458,2.26,-29,0.24,4.3
Johnston,48.81,-85.33,Kwinkwaga,N.Ontario,2016,8,29,9,Walleye,17232,549,-29.71,11.28,3.04,-34.014,4.234,-27.458,2.26,-29.6,0.33,4.5
Johnston,48.81,-85.33,Kwinkwaga,N.Ontario,2016,8,29,9,Walleye,17236,521,-29.34,10.7,3.05,-34.014,4.234,-27.458,2.26,-29.2,0.27,4.3
Johnston,48.81,-85.33,Kwinkwaga,N.Ontario,2016,8,29,9,Walleye,17231,516,-30.04,10.27,3.08,-34.014,4.234,-27.458,2.26,-29.9,0.37,4.1
Johnston,48.81,-85.33,Kwinkwaga,N.Ontario,2016,8,29,9,Walleye,17239,515,-29.68,10.02,3.1,-34.014,4.234,-27.458,2.26,-29.5,0.31,4.1
Johnston,48.81,-85.33,Kwinkwaga,N.Ontario,2016,8,29,9,Walleye,17238,492,-29.19,10.96,3.03,-34.014,4.234,-27.458,2.26,-29.1,0.25,4.4
Johnston,48.81,-85.33,Kwinkwaga,N.Ontario,2016,8,29,9,Walleye,17235,483,-27.47,10.2,3.11,-34.014,4.234,-27.458,2.26,-27.2,0,4.4
Johnston,48.81,-85.33,Kwinkwaga,N.Ontario,2016,8,29,9,Walleye,17230,426,-30.05,9.71,3.09,-34.014,4.234,-27.458,2.26,-29.8,0.36,4
Johnston,48.81,-85.33,Kwinkwaga,N.Ontario,2017,NA,NA,8.3,Walleye,18002,425,-29.24,10.76,3.18,-34.014,4.234,-27.458,2.26,-28.8,0.2,4.4
Johnston,48.81,-85.33,Kwinkwaga,N.Ontario,2017,NA,NA,8.3,Walleye,18003,316,-29.75,9.92,3.26,-34.014,4.234,-27.458,2.26,-29.2,0.27,4.1
Johnston,51.73,-89.78,Badesdawa,N.Ontario,2018,8,2,16.2,Northern pike,19781,881,-26.34,11.47,3.11,-33.155,5.237,-27.204,3.455,-26.1,0,4.5
Johnston,51.73,-89.78,Badesdawa,N.Ontario,2018,8,2,16.2,Northern pike,19785,845,-26.36,12.23,3.06,-33.155,5.237,-27.204,3.455,-26.2,0,4.7
Johnston,51.73,-89.78,Badesdawa,N.Ontario,2018,8,2,16.2,Northern pike,19783,818,-26.49,11.81,3.11,-33.155,5.237,-27.204,3.455,-26.2,0,4.5
Johnston,51.73,-89.78,Badesdawa,N.Ontario,2018,8,2,16.2,Northern pike,19780,800,-26.5,12.31,3.08,-33.155,5.237,-27.204,3.455,-26.3,0,4.7
Johnston,51.73,-89.78,Badesdawa,N.Ontario,2009,7,3,16.2,Northern pike,2783,737,-27.48,11.36,3.13,-33.155,5.237,-27.204,3.455,-27.2,0,4.3
Johnston,51.73,-89.78,Badesdawa,N.Ontario,2018,8,2,16.2,Northern pike,19787,728,-27.65,11.71,3.07,-33.155,5.237,-27.204,3.455,-27.5,0.05,4.4
Johnston,51.73,-89.78,Badesdawa,N.Ontario,2009,7,3,16.2,Northern pike,2780,687,-27.5,12.15,3.2,-33.155,5.237,-27.204,3.455,-27.1,0,4.6
Johnston,51.73,-89.78,Badesdawa,N.Ontario,2009,7,4,16.2,Northern pike,2787,655,-27.07,12.19,3.18,-33.155,5.237,-27.204,3.455,-26.7,0,4.6
Johnston,51.73,-89.78,Badesdawa,N.Ontario,2018,8,2,16.2,Northern pike,19777,597,-28.6,11.78,3.08,-33.155,5.237,-27.204,3.455,-28.4,0.2,4.3
Johnston,51.73,-89.78,Badesdawa,N.Ontario,2009,7,4,16.2,Northern pike,2788,588,-27.51,12.33,3.2,-33.155,5.237,-27.204,3.455,-27.1,0,4.6
Johnston,51.73,-89.78,Badesdawa,N.Ontario,2018,8,2,16.2,Northern pike,19784,588,-21.64,8.64,3.02,-33.155,5.237,-27.204,3.455,-21.6,0,4
Johnston,51.73,-89.78,Badesdawa,N.Ontario,2018,8,2,16.2,Northern pike,19786,573,-26.69,11.87,3.05,-33.155,5.237,-27.204,3.455,-26.6,0,4.5
Johnston,51.73,-89.78,Badesdawa,N.Ontario,2009,7,3,16.2,Northern pike,2786,568,-27.25,12.08,3.14,-33.155,5.237,-27.204,3.455,-26.9,0,4.6
Johnston,51.73,-89.78,Badesdawa,N.Ontario,2009,7,3,16.2,Northern pike,2785,555,-27.91,11.41,3.15,-33.155,5.237,-27.204,3.455,-27.6,0.07,4.3
Johnston,51.73,-89.78,Badesdawa,N.Ontario,2009,7,3,16.2,Northern pike,2781,543,-27.92,10.97,3.17,-33.155,5.237,-27.204,3.455,-27.5,0.05,4.2
Johnston,51.73,-89.78,Badesdawa,N.Ontario,2009,7,3,16.2,Northern pike,2782,491,-28.98,11.72,3.19,-33.155,5.237,-27.204,3.455,-28.6,0.23,4.3
Johnston,51.73,-89.78,Badesdawa,N.Ontario,2009,7,3,16.2,Northern pike,2784,470,-27.69,12.7,3.2,-33.155,5.237,-27.204,3.455,-27.2,0,4.7
Johnston,51.73,-89.78,Badesdawa,N.Ontario,2018,8,2,16.2,Northern pike,19782,459,-26.78,10.67,3.05,-33.155,5.237,-27.204,3.455,-26.7,0,4.2
Johnston,51.73,-89.78,Badesdawa,N.Ontario,2018,8,2,16.2,Northern pike,19778,453,-28.58,11.68,3.1,-33.155,5.237,-27.204,3.455,-28.4,0.2,4.3
Johnston,51.73,-89.78,Badesdawa,N.Ontario,2018,8,2,16.2,Northern pike,19779,446,-27.69,11.73,3.08,-33.155,5.237,-27.204,3.455,-27.5,0.05,4.4
Johnston,51.73,-89.78,Badesdawa,N.Ontario,2009,7,4,16.2,Northern pike,2789,343,-28.92,10.73,3.19,-33.155,5.237,-27.204,3.455,-28.5,0.22,4
Johnston,51.73,-89.78,Badesdawa,N.Ontario,2009,7,4,16.2,Walleye,2795,615,-27.28,12.16,3.16,-33.155,5.237,-27.204,3.455,-26.9,0,4.6
Johnston,51.73,-89.78,Badesdawa,N.Ontario,2009,7,4,16.2,Walleye,2796,550,-27.76,11.84,3.18,-33.155,5.237,-27.204,3.455,-27.4,0.03,4.5
Johnston,51.73,-89.78,Badesdawa,N.Ontario,2009,7,3,16.2,Walleye,2790,512,-31,11.9,3.23,-33.155,5.237,-27.204,3.455,-30.5,0.55,4.2
Johnston,51.73,-89.78,Badesdawa,N.Ontario,2009,7,4,16.2,Walleye,2799,497,-27.85,11.8,3.17,-33.155,5.237,-27.204,3.455,-27.5,0.05,4.4
Johnston,51.73,-89.78,Badesdawa,N.Ontario,2018,8,2,16.2,Walleye,19810,477,-28.12,11.23,3.06,-33.155,5.237,-27.204,3.455,-28,0.13,4.2
Johnston,51.73,-89.78,Badesdawa,N.Ontario,2018,8,2,16.2,Walleye,19809,450,-28.04,10.93,3.09,-33.155,5.237,-27.204,3.455,-27.8,0.1,4.1
Johnston,51.73,-89.78,Badesdawa,N.Ontario,2009,7,3,16.2,Walleye,2791,435,-27.56,12.74,3.16,-33.155,5.237,-27.204,3.455,-27.2,0,4.7
Johnston,51.73,-89.78,Badesdawa,N.Ontario,2009,7,3,16.2,Walleye,2793,393,-28.7,10.83,3.18,-33.155,5.237,-27.204,3.455,-28.3,0.18,4.1
Johnston,51.73,-89.78,Badesdawa,N.Ontario,2018,8,2,16.2,Walleye,19808,374,-28.65,10.55,3.1,-33.155,5.237,-27.204,3.455,-28.4,0.2,4
Johnston,51.73,-89.78,Badesdawa,N.Ontario,2018,8,2,16.2,Walleye,19811,369,-22.68,9.01,3.1,-33.155,5.237,-27.204,3.455,-22.5,0,4
Johnston,51.73,-89.78,Badesdawa,N.Ontario,2009,7,3,16.2,Walleye,2792,357,-28.22,11.64,3.2,-33.155,5.237,-27.204,3.455,-27.8,0.1,4.4
Johnston,51.73,-89.78,Badesdawa,N.Ontario,2018,8,2,16.2,Walleye,19812,305,-27.85,10.92,3.08,-33.155,5.237,-27.204,3.455,-27.7,0.08,4.2
Johnston,51.73,-89.78,Badesdawa,N.Ontario,2018,8,2,16.2,Walleye,19814,290,-26.72,10.6,3.09,-33.155,5.237,-27.204,3.455,-26.5,0,4.2
Johnston,51.73,-89.78,Badesdawa,N.Ontario,2009,7,4,16.2,Walleye,2797,276,-29.11,10.83,3.19,-33.155,5.237,-27.204,3.455,-28.7,0.25,4
Johnston,51.73,-89.78,Badesdawa,N.Ontario,2009,7,4,16.2,Walleye,2798,274,-28.42,11.58,3.16,-33.155,5.237,-27.204,3.455,-28.1,0.15,4.3
Johnston,51.73,-89.78,Badesdawa,N.Ontario,2018,8,2,16.2,Walleye,19813,264,-27.69,10.83,3.09,-33.155,5.237,-27.204,3.455,-27.5,0.05,4.1
Johnston,51.73,-89.78,Badesdawa,N.Ontario,2009,7,3,16.2,Walleye,2794,218,-29.15,10.47,3.19,-33.155,5.237,-27.204,3.455,-28.7,0.25,3.9
Johnston,49.69,-86.88,Kenogamisis,N.Ontario,2018,6,20,11.2,Northern pike,19482,620,-29.18,10.31,3.14,-33.06,4.376666667,-27.095,2.888333333,-28.9,0.3,4.1
Johnston,49.69,-86.88,Kenogamisis,N.Ontario,2018,6,20,11.2,Northern pike,19484,613,-30.26,10.74,3.25,-33.06,4.376666667,-27.095,2.888333333,-29.7,0.44,4.1
Johnston,49.69,-86.88,Kenogamisis,N.Ontario,2018,8,27,11.2,Northern pike,20397,545,-30.18,10.64,3.22,-33.06,4.376666667,-27.095,2.888333333,-29.7,0.44,4.1
Johnston,49.69,-86.88,Kenogamisis,N.Ontario,2018,6,20,11.2,Northern pike,19481,515,-29.59,10.52,3.26,-33.06,4.376666667,-27.095,2.888333333,-29,0.32,4.1
Johnston,49.69,-86.88,Kenogamisis,N.Ontario,2018,6,20,11.2,Northern pike,19480,506,-29.87,10.85,3.24,-33.06,4.376666667,-27.095,2.888333333,-29.3,0.37,4.2
Johnston,49.69,-86.88,Kenogamisis,N.Ontario,2018,8,27,11.2,Northern pike,20400,502,-30.16,10.69,3.19,-33.06,4.376666667,-27.095,2.888333333,-29.7,0.44,4.1
Johnston,49.69,-86.88,Kenogamisis,N.Ontario,2018,6,20,11.2,Northern pike,19487,460,-29.16,9.35,3.25,-33.06,4.376666667,-27.095,2.888333333,-28.6,0.25,3.8
Johnston,49.69,-86.88,Kenogamisis,N.Ontario,2018,6,20,11.2,Northern pike,19486,455,-29.74,10.76,3.27,-33.06,4.376666667,-27.095,2.888333333,-29.2,0.35,4.2
Johnston,49.69,-86.88,Kenogamisis,N.Ontario,2018,6,20,11.2,Northern pike,19483,455,-30.01,10.71,3.24,-33.06,4.376666667,-27.095,2.888333333,-29.5,0.4,4.1
Johnston,49.69,-86.88,Kenogamisis,N.Ontario,2018,8,27,11.2,Northern pike,20398,443,-30.36,10.64,3.21,-33.06,4.376666667,-27.095,2.888333333,-29.9,0.47,4.1
Johnston,49.69,-86.88,Kenogamisis,N.Ontario,2018,8,27,11.2,Northern pike,20396,419,-30.97,10.08,3.14,-33.06,4.376666667,-27.095,2.888333333,-30.7,0.6,3.9
Johnston,49.69,-86.88,Kenogamisis,N.Ontario,2018,6,20,11.2,Northern pike,19485,410,-31.54,11.57,3.15,-33.06,4.376666667,-27.095,2.888333333,-31.2,0.69,4.3
Johnston,49.69,-86.88,Kenogamisis,N.Ontario,2018,8,27,11.2,Northern pike,20399,363,-29.14,9.93,3.22,-33.06,4.376666667,-27.095,2.888333333,-28.7,0.27,4
Johnston,49.69,-86.88,Kenogamisis,N.Ontario,2018,6,20,11.2,Northern pike,19488,356,-29.92,10.54,3.18,-33.06,4.376666667,-27.095,2.888333333,-29.5,0.4,4.1
Johnston,49.69,-86.88,Kenogamisis,N.Ontario,2018,6,20,11.2,Northern pike,19479,326,-30.2,10.52,3.25,-33.06,4.376666667,-27.095,2.888333333,-29.7,0.44,4.1
Johnston,49.69,-86.88,Kenogamisis,N.Ontario,2018,8,27,11.2,Walleye,20410,641,-27.34,11.99,3.21,-33.06,4.376666667,-27.095,2.888333333,-26.9,0,4.7
Johnston,49.69,-86.88,Kenogamisis,N.Ontario,2018,8,27,11.2,Walleye,20404,639,-29.09,12.77,3.37,-33.06,4.376666667,-27.095,2.888333333,-28.3,0.2,4.8
Johnston,49.69,-86.88,Kenogamisis,N.Ontario,2018,8,27,11.2,Walleye,20401,637,-27.91,11.16,3.2,-33.06,4.376666667,-27.095,2.888333333,-27.5,0.07,4.4
Johnston,49.69,-86.88,Kenogamisis,N.Ontario,2018,8,27,11.2,Walleye,20407,578,-28.13,12.02,3.21,-33.06,4.376666667,-27.095,2.888333333,-27.7,0.1,4.6
Johnston,49.69,-86.88,Kenogamisis,N.Ontario,2018,8,27,11.2,Walleye,20403,478,-31.42,11.92,3.23,-33.06,4.376666667,-27.095,2.888333333,-30.9,0.64,4.4
Johnston,49.69,-86.88,Kenogamisis,N.Ontario,2018,8,27,11.2,Walleye,20402,457,-30.15,11.91,3.31,-33.06,4.376666667,-27.095,2.888333333,-29.5,0.4,4.5
Johnston,49.69,-86.88,Kenogamisis,N.Ontario,2018,8,27,11.2,Walleye,20406,420,-30.8,11.63,3.25,-33.06,4.376666667,-27.095,2.888333333,-30.3,0.54,4.3
Johnston,49.69,-86.88,Kenogamisis,N.Ontario,2018,8,27,11.2,Walleye,20405,392,-30.58,11.71,3.19,-33.06,4.376666667,-27.095,2.888333333,-30.2,0.52,4.4
Johnston,49.69,-86.88,Kenogamisis,N.Ontario,2018,8,27,11.2,Walleye,20408,389,-28.24,10.28,3.25,-33.06,4.376666667,-27.095,2.888333333,-27.7,0.1,4.1
Johnston,49.69,-86.88,Kenogamisis,N.Ontario,2018,8,27,11.2,Walleye,20409,381,-29.47,10.86,3.23,-33.06,4.376666667,-27.095,2.888333333,-29,0.32,4.2
Johnston,54.15,-85.03,Pine,N.Ontario,2012,NA,NA,8.6,Northern pike,9355,739,-26.85,13.6,3.29,-30.988,8.058,-26.614,5.312,-26.2,0,4.5
Johnston,54.15,-85.03,Pine,N.Ontario,2012,NA,NA,8.6,Northern pike,9359,710,-25.94,13.49,3.31,-30.988,8.058,-26.614,5.312,-25.3,0,4.6
Johnston,54.15,-85.03,Pine,N.Ontario,2012,NA,NA,8.6,Northern pike,9356,698,-28.01,12.92,3.24,-30.988,8.058,-26.614,5.312,-27.5,0.2,4.1
Johnston,54.15,-85.03,Pine,N.Ontario,2012,NA,NA,8.6,Northern pike,9357,644,-27.95,13.03,3.18,-30.988,8.058,-26.614,5.312,-27.5,0.2,4.1
Johnston,54.15,-85.03,Pine,N.Ontario,2012,NA,NA,8.6,Northern pike,9362,597,-28.14,11.94,3.32,-30.988,8.058,-26.614,5.312,-27.5,0.2,3.8
Johnston,54.15,-85.03,Pine,N.Ontario,2012,NA,NA,8.6,Northern pike,9358,548,-27.65,13.43,3.27,-30.988,8.058,-26.614,5.312,-27.1,0.11,4.3
Johnston,54.15,-85.03,Pine,N.Ontario,2012,NA,NA,8.6,Northern pike,9361,512,-27.21,13.45,3.33,-30.988,8.058,-26.614,5.312,-26.5,0,4.4
Johnston,54.15,-85.03,Pine,N.Ontario,2012,NA,NA,8.6,Northern pike,9360,454,-27.73,13.19,3.27,-30.988,8.058,-26.614,5.312,-27.1,0.11,4.2
Johnston,54.15,-85.03,Pine,N.Ontario,2012,NA,NA,8.6,Northern pike,9364,442,-28.07,11.18,3.22,-30.988,8.058,-26.614,5.312,-27.6,0.23,3.5
Johnston,54.15,-85.03,Pine,N.Ontario,2012,NA,NA,8.6,Northern pike,9363,422,-25.89,10.32,3.26,-30.988,8.058,-26.614,5.312,-25.3,0,3.7
Johnston,54.15,-85.03,Pine,N.Ontario,2012,NA,NA,8.6,Walleye,9368,638,-28.21,13.43,3.49,-30.988,8.058,-26.614,5.312,-27.2,0.13,4.3
Johnston,54.15,-85.03,Pine,N.Ontario,2012,NA,NA,8.6,Walleye,9365,583,-28.12,14.23,3.27,-30.988,8.058,-26.614,5.312,-27.5,0.2,4.5
Johnston,54.15,-85.03,Pine,N.Ontario,2012,NA,NA,8.6,Walleye,9371,566,-28.71,13.31,3.31,-30.988,8.058,-26.614,5.312,-28,0.32,4.1
Johnston,54.15,-85.03,Pine,N.Ontario,2012,NA,NA,8.6,Walleye,9366,552,-28.45,13.91,3.29,-30.988,8.058,-26.614,5.312,-27.8,0.27,4.3
Johnston,54.15,-85.03,Pine,N.Ontario,2012,NA,NA,8.6,Walleye,9372,530,-28.56,13.1,3.37,-30.988,8.058,-26.614,5.312,-27.8,0.27,4.1
Johnston,54.15,-85.03,Pine,N.Ontario,2012,NA,NA,8.6,Walleye,9370,484,-27.43,13.69,3.34,-30.988,8.058,-26.614,5.312,-26.7,0.02,4.4
Johnston,54.15,-85.03,Pine,N.Ontario,2012,NA,NA,8.6,Walleye,9369,472,-28.46,13.39,3.28,-30.988,8.058,-26.614,5.312,-27.9,0.29,4.1
Johnston,54.15,-85.03,Pine,N.Ontario,2012,NA,NA,8.6,Walleye,9374,372,-28.83,11.79,3.32,-30.988,8.058,-26.614,5.312,-28.1,0.34,3.6
Johnston,54.15,-85.03,Pine,N.Ontario,2012,NA,NA,8.6,Walleye,9373,323,-28.55,13.37,3.34,-30.988,8.058,-26.614,5.312,-27.8,0.27,4.2
Johnston,54.15,-85.03,Pine,N.Ontario,2012,NA,NA,8.6,Walleye,9367,228,-28.6,11.45,3.35,-30.988,8.058,-26.614,5.312,-27.9,0.29,3.6
Johnston,45.71,-80.51,Giroux,N.Ontario,2011,NA,NA,8.5,Black bass,7953,460,-28.64,9.18,3.1,-31.956,3.844,-24.51166667,3.986666667,-28.4,0.52,3.5
Johnston,45.71,-80.51,Giroux,N.Ontario,2011,NA,NA,8.5,Black bass,7952,453,-31.6,9.62,3.08,-31.956,3.844,-24.51166667,3.986666667,-31.4,0.93,3.7
Johnston,45.71,-80.51,Giroux,N.Ontario,2011,NA,NA,8.5,Black bass,7958,450,-30.98,9.2,3.2,-31.956,3.844,-24.51166667,3.986666667,-30.5,0.8,3.6
Johnston,45.71,-80.51,Giroux,N.Ontario,2011,NA,NA,8.5,Black bass,7964,446,-31.61,9.9,3.08,-31.956,3.844,-24.51166667,3.986666667,-31.4,0.93,3.8
Johnston,45.71,-80.51,Giroux,N.Ontario,2011,NA,NA,8.5,Black bass,7960,442,-29.49,8.66,3.13,-31.956,3.844,-24.51166667,3.986666667,-29.2,0.63,3.4
Johnston,45.71,-80.51,Giroux,N.Ontario,2011,NA,NA,8.5,Black bass,7963,441,-31.03,9.44,3.15,-31.956,3.844,-24.51166667,3.986666667,-30.7,0.83,3.6
Johnston,45.71,-80.51,Giroux,N.Ontario,2011,NA,NA,8.5,Black bass,7959,439,-32.11,9.81,3.2,-31.956,3.844,-24.51166667,3.986666667,-31.7,0.97,3.8
Johnston,45.71,-80.51,Giroux,N.Ontario,2011,NA,NA,8.5,Black bass,7967,432,-31.38,9.9,3.16,-31.956,3.844,-24.51166667,3.986666667,-31,0.87,3.8
Johnston,45.71,-80.51,Giroux,N.Ontario,2011,NA,NA,8.5,Black bass,7954,430,-29.9,8.98,3.2,-31.956,3.844,-24.51166667,3.986666667,-29.5,0.67,3.5
Johnston,45.71,-80.51,Giroux,N.Ontario,2011,NA,NA,8.5,Black bass,7955,427,-31.93,9.6,3.13,-31.956,3.844,-24.51166667,3.986666667,-31.6,0.95,3.7
Johnston,45.71,-80.51,Giroux,N.Ontario,2011,NA,NA,8.5,Black bass,7950,422,-31.8,9.51,3.15,-31.956,3.844,-24.51166667,3.986666667,-31.5,0.94,3.7
Johnston,45.71,-80.51,Giroux,N.Ontario,2011,NA,NA,8.5,Black bass,7966,410,-31.79,9.94,3.19,-31.956,3.844,-24.51166667,3.986666667,-31.4,0.93,3.8
Johnston,45.71,-80.51,Giroux,N.Ontario,2011,NA,NA,8.5,Black bass,7965,405,-31.53,10.06,3.14,-31.956,3.844,-24.51166667,3.986666667,-31.2,0.9,3.8
Johnston,45.71,-80.51,Giroux,N.Ontario,2011,NA,NA,8.5,Black bass,7951,399,-30.03,9.36,3.11,-31.956,3.844,-24.51166667,3.986666667,-29.8,0.71,3.6
Johnston,45.71,-80.51,Giroux,N.Ontario,2011,NA,NA,8.5,Black bass,7948,394,-32.34,9.78,3.13,-31.956,3.844,-24.51166667,3.986666667,-32,1,3.7
Johnston,45.71,-80.51,Giroux,N.Ontario,2011,NA,NA,8.5,Black bass,7962,373,-31.33,9.73,3.09,-31.956,3.844,-24.51166667,3.986666667,-31.1,0.89,3.7
Johnston,45.71,-80.51,Giroux,N.Ontario,2011,NA,NA,8.5,Black bass,7961,343,-32.88,9.58,3.26,-31.956,3.844,-24.51166667,3.986666667,-32.3,1,3.7
Johnston,45.71,-80.51,Giroux,N.Ontario,2011,NA,NA,8.5,Black bass,7949,290,-28.6,9.59,3.1,-31.956,3.844,-24.51166667,3.986666667,-28.4,0.52,3.7
Johnston,45.71,-80.51,Giroux,N.Ontario,2011,NA,NA,8.5,Black bass,7956,226,-31.75,9.99,3.07,-31.956,3.844,-24.51166667,3.986666667,-31.6,0.95,3.8
Johnston,45.71,-80.51,Giroux,N.Ontario,2011,NA,NA,8.5,Black bass,7957,223,-29.63,9.69,3.15,-31.956,3.844,-24.51166667,3.986666667,-29.3,0.64,3.7
Johnston,45.71,-80.51,Giroux,N.Ontario,2011,NA,NA,8.5,Walleye,7939,587,-30.58,10.73,3.31,-31.956,3.844,-24.51166667,3.986666667,-29.9,0.72,4
Johnston,45.71,-80.51,Giroux,N.Ontario,2011,NA,NA,8.5,Walleye,7942,516,-30.35,11.08,3.03,-31.956,3.844,-24.51166667,3.986666667,-30.3,0.78,4.1
Johnston,45.71,-80.51,Giroux,N.Ontario,2011,NA,NA,8.5,Walleye,7933,511,-32.08,10.3,3.17,-31.956,3.844,-24.51166667,3.986666667,-31.7,0.97,3.9
Johnston,45.71,-80.51,Giroux,N.Ontario,2011,NA,NA,8.5,Walleye,7932,507,-32.14,9.95,3.12,-31.956,3.844,-24.51166667,3.986666667,-31.9,0.99,3.8
Johnston,45.71,-80.51,Giroux,N.Ontario,2011,NA,NA,8.5,Walleye,7931,472,-32.13,10.13,3.2,-31.956,3.844,-24.51166667,3.986666667,-31.7,0.97,3.8
Johnston,45.71,-80.51,Giroux,N.Ontario,2011,NA,NA,8.5,Walleye,7947,470,-31.95,10.29,3.04,-31.956,3.844,-24.51166667,3.986666667,-31.9,0.99,3.9
Johnston,45.71,-80.51,Giroux,N.Ontario,2011,NA,NA,8.5,Walleye,7938,443,-31.73,10.15,3.23,-31.956,3.844,-24.51166667,3.986666667,-31.2,0.9,3.9
Johnston,45.71,-80.51,Giroux,N.Ontario,2011,NA,NA,8.5,Walleye,7943,430,-31.67,9.71,3.01,-31.956,3.844,-24.51166667,3.986666667,-31.7,0.97,3.7
Johnston,45.71,-80.51,Giroux,N.Ontario,2011,NA,NA,8.5,Walleye,7930,421,-32.13,10.62,3.39,-31.956,3.844,-24.51166667,3.986666667,-31.3,0.91,4
Johnston,45.71,-80.51,Giroux,N.Ontario,2011,NA,NA,8.5,Walleye,7935,415,-32.44,10.33,3.27,-31.956,3.844,-24.51166667,3.986666667,-31.9,0.99,3.9
Johnston,45.71,-80.51,Giroux,N.Ontario,2011,NA,NA,8.5,Walleye,7937,384,-32.3,10.63,3.16,-31.956,3.844,-24.51166667,3.986666667,-31.9,0.99,4
Johnston,45.71,-80.51,Giroux,N.Ontario,2011,NA,NA,8.5,Walleye,7944,361,-32.33,9.64,2.97,-31.956,3.844,-24.51166667,3.986666667,-32.4,1,3.7
Johnston,45.71,-80.51,Giroux,N.Ontario,2011,NA,NA,8.5,Walleye,7945,346,-32.25,9.83,3.01,-31.956,3.844,-24.51166667,3.986666667,-32.2,1,3.8
Johnston,45.71,-80.51,Giroux,N.Ontario,2011,NA,NA,8.5,Walleye,7934,305,-32.83,9.86,3.18,-31.956,3.844,-24.51166667,3.986666667,-32.4,1,3.8
Johnston,45.71,-80.51,Giroux,N.Ontario,2011,NA,NA,8.5,Walleye,7936,304,-32.54,10.46,3.22,-31.956,3.844,-24.51166667,3.986666667,-32.1,1,3.9
Johnston,45.71,-80.51,Giroux,N.Ontario,2011,NA,NA,8.5,Walleye,7946,285,-32.34,9.62,3.01,-31.956,3.844,-24.51166667,3.986666667,-32.3,1,3.7
Johnston,45.71,-80.51,Giroux,N.Ontario,2011,NA,NA,8.5,Walleye,7928,280,-31.99,9.51,3.2,-31.956,3.844,-24.51166667,3.986666667,-31.5,0.94,3.7
Johnston,45.71,-80.51,Giroux,N.Ontario,2011,NA,NA,8.5,Walleye,7929,265,-31.93,10.2,3.2,-31.956,3.844,-24.51166667,3.986666667,-31.5,0.94,3.9
Johnston,45.71,-80.51,Giroux,N.Ontario,2011,NA,NA,8.5,Walleye,7940,205,-32.84,10.41,3.23,-31.956,3.844,-24.51166667,3.986666667,-32.3,1,3.9
Johnston,51.83,-90.68,Williams,N.Ontario,2015,8,7,10.2,Northern pike,14793,690,-26.51,10.94,3.21,-29.025,4.5175,-23.421,3.772,-26,0.46,4
Johnston,51.83,-90.68,Williams,N.Ontario,2015,8,7,10.2,Northern pike,14791,632,-27.34,11,3.16,-29.025,4.5175,-23.421,3.772,-27,0.64,4
Johnston,51.83,-90.68,Williams,N.Ontario,2015,8,7,10.2,Northern pike,14794,594,-26.59,10.26,3.17,-29.025,4.5175,-23.421,3.772,-26.2,0.5,3.8
Johnston,51.83,-90.68,Williams,N.Ontario,2015,8,7,10.2,Northern pike,14788,591,-22.4,8.83,3.19,-29.025,4.5175,-23.421,3.772,-22,0,3.5
Johnston,51.83,-90.68,Williams,N.Ontario,2015,8,7,10.2,Northern pike,14789,563,-23.83,9.63,3.25,-29.025,4.5175,-23.421,3.772,-23.3,0,3.7
Johnston,51.83,-90.68,Williams,N.Ontario,2015,8,7,10.2,Northern pike,14796,525,-26.94,10.56,3.23,-29.025,4.5175,-23.421,3.772,-26.4,0.53,3.9
Johnston,51.83,-90.68,Williams,N.Ontario,2015,8,7,10.2,Northern pike,14792,474,-26.2,10.14,3.22,-29.025,4.5175,-23.421,3.772,-25.7,0.41,3.8
Johnston,51.83,-90.68,Williams,N.Ontario,2015,8,7,10.2,Northern pike,14795,444,-27.97,10.88,3.25,-29.025,4.5175,-23.421,3.772,-27.4,0.71,3.9
Johnston,51.83,-90.68,Williams,N.Ontario,2015,8,7,10.2,Northern pike,14790,397,-26.68,10.31,3.24,-29.025,4.5175,-23.421,3.772,-26.2,0.5,3.8
Johnston,51.83,-90.68,Williams,N.Ontario,2015,8,6,10.2,Northern pike,14787,233,-27.76,8.32,3.19,-29.025,4.5175,-23.421,3.772,-27.3,0.69,3.2
Johnston,51.83,-90.68,Williams,N.Ontario,2015,8,7,10.2,Walleye,14813,500,-26.28,11.18,3.13,-29.025,4.5175,-23.421,3.772,-26,0.46,4.1
Johnston,51.83,-90.68,Williams,N.Ontario,2015,8,7,10.2,Walleye,14811,474,-25.43,11.38,3.13,-29.025,4.5175,-23.421,3.772,-25.1,0.3,4.2
Johnston,51.83,-90.68,Williams,N.Ontario,2015,8,7,10.2,Walleye,14812,435,-25.74,10.58,3.2,-29.025,4.5175,-23.421,3.772,-25.3,0.34,3.9
Johnston,51.83,-90.68,Williams,N.Ontario,2015,8,7,10.2,Walleye,14816,431,-26.58,10.59,3.31,-29.025,4.5175,-23.421,3.772,-25.9,0.44,3.9
Johnston,51.83,-90.68,Williams,N.Ontario,2015,8,7,10.2,Walleye,14815,426,-26.04,11.27,3.37,-29.025,4.5175,-23.421,3.772,-25.3,0.34,4.1
Johnston,51.83,-90.68,Williams,N.Ontario,2015,8,7,10.2,Walleye,14814,390,-26.17,10.6,3.3,-29.025,4.5175,-23.421,3.772,-25.5,0.37,3.9
Johnston,51.83,-90.68,Williams,N.Ontario,2015,8,7,10.2,Walleye,14807,385,-24.34,10.06,3.16,-29.025,4.5175,-23.421,3.772,-24,0.1,3.8
Johnston,51.83,-90.68,Williams,N.Ontario,2015,8,7,10.2,Walleye,14808,365,-25.3,9.98,3.15,-29.025,4.5175,-23.421,3.772,-25,0.28,3.8
Johnston,51.83,-90.68,Williams,N.Ontario,2015,8,7,10.2,Walleye,14809,326,-24.59,9.48,3.29,-29.025,4.5175,-23.421,3.772,-24,0.1,3.7
Johnston,51.83,-90.68,Williams,N.Ontario,2015,8,7,10.2,Walleye,14810,305,-26.35,9.97,3.21,-29.025,4.5175,-23.421,3.772,-25.9,0.44,3.7
Johnston,51.83,-90.68,Williams,N.Ontario,2015,NA,NA,10.2,Walleye,15976,99,-27.43,9.81,3.29,-29.025,4.5175,-23.421,3.772,-26.8,0.6,3.6
Johnston,51.83,-90.68,Williams,N.Ontario,2015,NA,NA,10.2,Walleye,15974,94,-27.72,9.88,3.32,-29.025,4.5175,-23.421,3.772,-27,0.64,3.7
Johnston,51.83,-90.68,Williams,N.Ontario,2015,NA,NA,10.2,Walleye,15975,89,-25.72,9.52,3.31,-29.025,4.5175,-23.421,3.772,-25.1,0.3,3.6
Johnston,51.83,-90.68,Williams,N.Ontario,2015,NA,NA,10.2,Yellow perch,18631,142,-20.49,5.63,3.19,-29.025,4.5175,-23.421,3.772,-20.1,0,2.7
Johnston,51.83,-90.68,Williams,N.Ontario,2015,NA,NA,10.2,Yellow perch,18639,131,-22.09,6.21,3.33,-29.025,4.5175,-23.421,3.772,-21.4,0,2.8
Johnston,51.83,-90.68,Williams,N.Ontario,2015,NA,NA,10.2,Yellow perch,18632,129,-21.61,5.97,3.32,-29.025,4.5175,-23.421,3.772,-20.9,0,2.7
Johnston,51.83,-90.68,Williams,N.Ontario,2015,NA,NA,10.2,Yellow perch,18640,124,-22.06,6.53,3.27,-29.025,4.5175,-23.421,3.772,-21.5,0,2.9
Johnston,51.83,-90.68,Williams,N.Ontario,2015,NA,NA,10.2,Yellow perch,18637,115,-21.29,5.89,3.31,-29.025,4.5175,-23.421,3.772,-20.6,0,2.7
Johnston,51.83,-90.68,Williams,N.Ontario,2015,NA,NA,10.2,Yellow perch,18638,85,-22.1,6.26,3.36,-29.025,4.5175,-23.421,3.772,-21.3,0,2.8
Johnston,51.83,-90.68,Williams,N.Ontario,2015,NA,NA,10.2,Yellow perch,18633,53,-29.34,8.46,3.5,-29.025,4.5175,-23.421,3.772,-28.3,0.87,3.2
Johnston,51.83,-90.68,Williams,N.Ontario,2015,NA,NA,10.2,Yellow perch,18634,53,-27.31,7.26,3.37,-29.025,4.5175,-23.421,3.772,-26.5,0.55,2.9
Johnston,51.83,-90.68,Williams,N.Ontario,2015,NA,NA,10.2,Yellow perch,18635,53,-25.36,7.32,3.38,-29.025,4.5175,-23.421,3.772,-24.6,0.21,3
Johnston,51.83,-90.68,Williams,N.Ontario,2015,NA,NA,10.2,Yellow perch,18636,49,-28.83,8.56,3.42,-29.025,4.5175,-23.421,3.772,-28,0.82,3.2
Johnston,47.74,-81.84,Makami,N.Ontario,2011,NA,NA,9.8,Northern pike,8942,763,-27.11,10.46,3.19,-32.635,3.918,-23.198,2.092,-26.7,0.37,4.3
Johnston,47.74,-81.84,Makami,N.Ontario,2011,NA,NA,9.8,Northern pike,8940,603,-28.21,10,3.19,-32.635,3.918,-23.198,2.092,-27.8,0.49,4.1
Johnston,47.74,-81.84,Makami,N.Ontario,2011,NA,NA,9.8,Northern pike,8944,524,-26.58,9.94,3.17,-32.635,3.918,-23.198,2.092,-26.2,0.32,4.1
Johnston,47.74,-81.84,Makami,N.Ontario,2011,NA,NA,9.8,Northern pike,8945,524,-28.14,9.93,3.18,-32.635,3.918,-23.198,2.092,-27.7,0.48,4
Johnston,47.74,-81.84,Makami,N.Ontario,2011,NA,NA,9.8,Northern pike,8943,510,-26.71,9.98,3.14,-32.635,3.918,-23.198,2.092,-26.4,0.34,4.1
Johnston,47.74,-81.84,Makami,N.Ontario,2011,NA,NA,9.8,Northern pike,8941,423,-27.39,8.88,3.21,-32.635,3.918,-23.198,2.092,-26.9,0.39,3.8
Johnston,47.74,-81.84,Makami,N.Ontario,2011,8,4,9.8,Black bass,7487,483,-27.2,9.37,3.53,-32.635,3.918,-23.198,2.092,-26.1,0.31,4
Johnston,47.74,-81.84,Makami,N.Ontario,2011,8,4,9.8,Black bass,7475,475,-27.3,9.17,3.38,-32.635,3.918,-23.198,2.092,-26.5,0.35,3.9
Johnston,47.74,-81.84,Makami,N.Ontario,2011,8,4,9.8,Black bass,7474,418,-26.47,9.21,3.32,-32.635,3.918,-23.198,2.092,-25.8,0.28,3.9
Johnston,47.74,-81.84,Makami,N.Ontario,2011,8,4,9.8,Black bass,7468,417,-25.56,8.78,3.28,-32.635,3.918,-23.198,2.092,-25,0.19,3.9
Johnston,47.74,-81.84,Makami,N.Ontario,2011,8,4,9.8,Black bass,7477,390,-26.73,9.01,3.33,-32.635,3.918,-23.198,2.092,-26,0.3,3.9
Johnston,47.74,-81.84,Makami,N.Ontario,2011,8,4,9.8,Black bass,7476,387,-27.72,9.23,3.37,-32.635,3.918,-23.198,2.092,-26.9,0.39,3.9
Johnston,47.74,-81.84,Makami,N.Ontario,2011,8,4,9.8,Black bass,7469,382,-27.14,8.97,3.4,-32.635,3.918,-23.198,2.092,-26.3,0.33,3.8
Johnston,47.74,-81.84,Makami,N.Ontario,2011,8,4,9.8,Black bass,7473,371,-26.82,9.22,3.37,-32.635,3.918,-23.198,2.092,-26,0.3,3.9
Johnston,47.74,-81.84,Makami,N.Ontario,2011,8,4,9.8,Black bass,7471,368,-26.73,9.3,3.44,-32.635,3.918,-23.198,2.092,-25.8,0.28,4
Johnston,47.74,-81.84,Makami,N.Ontario,2011,8,4,9.8,Black bass,7472,356,-26.71,9.13,3.3,-32.635,3.918,-23.198,2.092,-26.1,0.31,3.9
Johnston,47.74,-81.84,Makami,N.Ontario,2011,8,4,9.8,Black bass,7480,353,-27.21,9.22,3.38,-32.635,3.918,-23.198,2.092,-26.4,0.34,3.9
Johnston,47.74,-81.84,Makami,N.Ontario,2011,8,4,9.8,Black bass,7482,342,-25.91,8.51,3.42,-32.635,3.918,-23.198,2.092,-25,0.19,3.8
Johnston,47.74,-81.84,Makami,N.Ontario,2011,8,4,9.8,Black bass,7470,338,-27.1,9.08,3.45,-32.635,3.918,-23.198,2.092,-26.2,0.32,3.9
Johnston,47.74,-81.84,Makami,N.Ontario,2011,8,4,9.8,Black bass,7479,331,-26.38,9.3,3.42,-32.635,3.918,-23.198,2.092,-25.5,0.24,4
Johnston,47.74,-81.84,Makami,N.Ontario,2011,8,4,9.8,Black bass,7485,329,-26.73,8.71,3.44,-32.635,3.918,-23.198,2.092,-25.8,0.28,3.8
Johnston,47.74,-81.84,Makami,N.Ontario,2011,8,4,9.8,Black bass,7478,328,-29.09,9.14,3.33,-32.635,3.918,-23.198,2.092,-28.4,0.55,3.8
Johnston,47.74,-81.84,Makami,N.Ontario,2011,8,4,9.8,Black bass,7481,318,-27.93,9.38,3.38,-32.635,3.918,-23.198,2.092,-27.1,0.41,3.9
Johnston,47.74,-81.84,Makami,N.Ontario,2011,8,4,9.8,Black bass,7483,312,-27.58,9.23,3.61,-32.635,3.918,-23.198,2.092,-26.4,0.34,3.9
Johnston,47.74,-81.84,Makami,N.Ontario,2011,8,4,9.8,Black bass,7486,311,-25.7,9.1,3.33,-32.635,3.918,-23.198,2.092,-25,0.19,4
Johnston,47.74,-81.84,Makami,N.Ontario,2011,8,4,9.8,Black bass,7484,153,-27.45,7.96,3.42,-32.635,3.918,-23.198,2.092,-26.6,0.36,3.5
Johnston,47.74,-81.84,Makami,N.Ontario,2011,8,4,9.8,Walleye,7462,639,-26.93,11.92,3.37,-32.635,3.918,-23.198,2.092,-26.1,0.31,4.7
Johnston,47.74,-81.84,Makami,N.Ontario,2011,8,4,9.8,Walleye,7453,558,-26.72,12.18,3.34,-32.635,3.918,-23.198,2.092,-26,0.3,4.8
Johnston,47.74,-81.84,Makami,N.Ontario,2011,8,4,9.8,Walleye,7458,547,-28.86,10.8,3.36,-32.635,3.918,-23.198,2.092,-28.1,0.52,4.3
Johnston,47.74,-81.84,Makami,N.Ontario,2011,8,4,9.8,Walleye,7455,428,-25.95,9.95,3.25,-32.635,3.918,-23.198,2.092,-25.4,0.23,4.2
Johnston,47.74,-81.84,Makami,N.Ontario,2011,8,4,9.8,Walleye,7457,424,-27.34,10.53,3.28,-32.635,3.918,-23.198,2.092,-26.7,0.37,4.3
Johnston,47.74,-81.84,Makami,N.Ontario,2011,8,4,9.8,Walleye,7459,420,-28.57,9.86,3.29,-32.635,3.918,-23.198,2.092,-27.9,0.5,4
Johnston,47.74,-81.84,Makami,N.Ontario,2011,8,4,9.8,Walleye,7466,412,-28.52,10.22,3.36,-32.635,3.918,-23.198,2.092,-27.8,0.49,4.1
Johnston,47.74,-81.84,Makami,N.Ontario,2011,8,4,9.8,Walleye,7467,368,-28.63,9.4,3.41,-32.635,3.918,-23.198,2.092,-27.8,0.49,3.9
Johnston,47.74,-81.84,Makami,N.Ontario,2011,8,4,9.8,Walleye,7451,366,-29.67,10.05,3.28,-32.635,3.918,-23.198,2.092,-29.1,0.63,4
Johnston,47.74,-81.84,Makami,N.Ontario,2011,8,4,9.8,Walleye,7456,348,-28.34,9.31,3.29,-32.635,3.918,-23.198,2.092,-27.7,0.48,3.9
Johnston,47.74,-81.84,Makami,N.Ontario,2011,8,4,9.8,Walleye,7460,343,-27.82,9.17,3.21,-32.635,3.918,-23.198,2.092,-27.4,0.45,3.8
Johnston,47.74,-81.84,Makami,N.Ontario,2011,8,4,9.8,Walleye,7461,343,-28.88,9.07,3.3,-32.635,3.918,-23.198,2.092,-28.2,0.53,3.8
Johnston,47.74,-81.84,Makami,N.Ontario,2011,8,4,9.8,Walleye,7465,328,-28.47,8.93,3.28,-32.635,3.918,-23.198,2.092,-27.9,0.5,3.7
Johnston,47.74,-81.84,Makami,N.Ontario,2011,8,4,9.8,Walleye,7464,326,-28.21,8.97,3.27,-32.635,3.918,-23.198,2.092,-27.6,0.47,3.8
Johnston,47.74,-81.84,Makami,N.Ontario,2011,8,4,9.8,Walleye,7454,326,-28.35,9.53,3.31,-32.635,3.918,-23.198,2.092,-27.7,0.48,3.9
Johnston,47.74,-81.84,Makami,N.Ontario,2011,8,4,9.8,Walleye,7452,308,-28.15,9.21,3.25,-32.635,3.918,-23.198,2.092,-27.6,0.47,3.8
Johnston,47.74,-81.84,Makami,N.Ontario,2011,8,4,9.8,Walleye,7463,239,-28.98,8.52,3.23,-32.635,3.918,-23.198,2.092,-28.5,0.56,3.6
Johnston,51.2,-93.31,Trout,N.Ontario,2016,9,21,3.7,Northern pike,17062,756,-23.15,9.36,3.18,-26.779,3.701,-22.814,0.878,-22.7,0,4.5
Johnston,51.2,-93.31,Trout,N.Ontario,2016,9,18,3.7,Northern pike,17058,754,-21.23,8.76,3.13,-26.779,3.701,-22.814,0.878,-20.9,0,4.7
Johnston,51.2,-93.31,Trout,N.Ontario,2016,9,19,3.7,Northern pike,17060,723,-19.89,8.18,3.14,-26.779,3.701,-22.814,0.878,-19.6,0,4.8
Johnston,51.2,-93.31,Trout,N.Ontario,2016,9,21,3.7,Northern pike,17065,690,-24.43,8.11,3.12,-26.779,3.701,-22.814,0.878,-24.2,0.35,3.8
Johnston,51.2,-93.31,Trout,N.Ontario,2016,9,18,3.7,Northern pike,17059,645,-19.31,7.84,3.14,-26.779,3.701,-22.814,0.878,-19,0,4.8
Johnston,51.2,-93.31,Trout,N.Ontario,2016,9,17,3.7,Northern pike,17055,607,-23.62,8.82,3.11,-26.779,3.701,-22.814,0.878,-23.4,0.15,4.2
Johnston,51.2,-93.31,Trout,N.Ontario,2016,9,21,3.7,Northern pike,17768,605,-19.81,7.47,3.24,-26.779,3.701,-22.814,0.878,-19.3,0,4.7
Johnston,51.2,-93.31,Trout,N.Ontario,2016,9,17,3.7,Northern pike,17054,594,-20.64,8.52,3.15,-26.779,3.701,-22.814,0.878,-20.3,0,4.8
Johnston,51.2,-93.31,Trout,N.Ontario,2016,9,19,3.7,Northern pike,17061,565,-20.26,7.63,3.17,-26.779,3.701,-22.814,0.878,-19.9,0,4.6
Johnston,51.2,-93.31,Trout,N.Ontario,2016,9,21,3.7,Northern pike,17063,525,-23.15,8.29,3.14,-26.779,3.701,-22.814,0.878,-22.8,0,4.2
Johnston,51.2,-93.31,Trout,N.Ontario,2016,9,17,3.7,Northern pike,17056,467,-21.57,7.91,3.13,-26.779,3.701,-22.814,0.878,-21.3,0,4.4
Johnston,51.2,-93.31,Trout,N.Ontario,2016,9,17,3.7,Northern pike,17057,459,-22.18,7.69,3.14,-26.779,3.701,-22.814,0.878,-21.9,0,4.2
Johnston,51.2,-93.31,Trout,N.Ontario,2016,9,21,3.7,Northern pike,17064,425,-20.65,8.71,3.18,-26.779,3.701,-22.814,0.878,-20.2,0,4.9
Johnston,51.2,-93.31,Trout,N.Ontario,2016,9,17,3.7,Walleye,17071,585,-25.08,8.76,3.12,-26.779,3.701,-22.814,0.878,-24.8,0.5,3.9
Johnston,51.2,-93.31,Trout,N.Ontario,2016,9,19,3.7,Walleye,17078,582,-25.06,9.02,3.17,-26.779,3.701,-22.814,0.878,-24.7,0.48,4
Johnston,51.2,-93.31,Trout,N.Ontario,2016,9,19,3.7,Walleye,17077,577,-24.95,9.37,3.16,-26.779,3.701,-22.814,0.878,-24.6,0.45,4.1
Johnston,51.2,-93.31,Trout,N.Ontario,2016,9,17,3.7,Walleye,17066,572,-24.44,9.31,3.17,-26.779,3.701,-22.814,0.878,-24.1,0.32,4.2
Johnston,51.2,-93.31,Trout,N.Ontario,2016,9,17,3.7,Walleye,17070,569,-25.16,8.9,3.16,-26.779,3.701,-22.814,0.878,-24.8,0.5,3.9
Johnston,51.2,-93.31,Trout,N.Ontario,2016,9,17,3.7,Walleye,17069,564,-24.16,9.08,3.17,-26.779,3.701,-22.814,0.878,-23.8,0.25,4.2
Johnston,51.2,-93.31,Trout,N.Ontario,2016,9,18,3.7,Walleye,17072,558,-23.21,8.96,3.16,-26.779,3.701,-22.814,0.878,-22.9,0.02,4.4
Johnston,51.2,-93.31,Trout,N.Ontario,2016,9,19,3.7,Walleye,17079,546,-23.78,9.17,3.19,-26.779,3.701,-22.814,0.878,-23.4,0.15,4.3
Johnston,51.2,-93.31,Trout,N.Ontario,2016,9,17,3.7,Walleye,17067,536,-24.68,9.39,3.1,-26.779,3.701,-22.814,0.878,-24.5,0.43,4.1
Johnston,51.2,-93.31,Trout,N.Ontario,2016,9,19,3.7,Walleye,17076,527,-24.86,9.19,3.21,-26.779,3.701,-22.814,0.878,-24.4,0.4,4.1
Johnston,51.2,-93.31,Trout,N.Ontario,2016,9,18,3.7,Walleye,17073,511,-25.1,8.75,3.12,-26.779,3.701,-22.814,0.878,-24.8,0.5,3.9
Johnston,51.2,-93.31,Trout,N.Ontario,2016,9,17,3.7,Walleye,17068,508,-24.73,9.48,3.16,-26.779,3.701,-22.814,0.878,-24.4,0.4,4.2
Johnston,51.2,-93.31,Trout,N.Ontario,2016,9,19,3.7,Walleye,17080,503,-24.75,8.98,3.16,-26.779,3.701,-22.814,0.878,-24.4,0.4,4.1
Johnston,51.2,-93.31,Trout,N.Ontario,2016,9,19,3.7,Walleye,17081,502,-25.39,8.62,3.25,-26.779,3.701,-22.814,0.878,-24.8,0.5,3.9
Johnston,51.2,-93.31,Trout,N.Ontario,2016,9,19,3.7,Walleye,17075,486,-25.14,9,3.17,-26.779,3.701,-22.814,0.878,-24.8,0.5,4
Johnston,51.2,-93.31,Trout,N.Ontario,2016,9,20,3.7,Walleye,17082,474,-25.1,8.33,3.22,-26.779,3.701,-22.814,0.878,-24.6,0.45,3.8
Johnston,51.2,-93.31,Trout,N.Ontario,2016,9,18,3.7,Walleye,17074,469,-22.65,8.6,3.18,-26.779,3.701,-22.814,0.878,-22.2,0,4.4
Johnston,51.2,-93.31,Trout,N.Ontario,2016,9,20,3.7,Walleye,17084,452,-25.56,8.87,3.29,-26.779,3.701,-22.814,0.878,-24.9,0.53,3.9
Johnston,51.2,-93.31,Trout,N.Ontario,2016,9,20,3.7,Walleye,17083,449,-23.81,8.42,3.22,-26.779,3.701,-22.814,0.878,-23.3,0.12,4.1
Johnston,51.2,-93.31,Trout,N.Ontario,2016,9,21,3.7,Walleye,17085,422,-24.87,8.73,3.22,-26.779,3.701,-22.814,0.878,-24.4,0.4,4
Johnston,46.31,-79.32,Trout,N.Ontario,2002,NA,NA,3.7,Yellow perch,NA,103,-18.38,9.27,3.18,-26.779,3.701,-22.814,0.878,-18,0,5.5
Johnston,46.31,-79.32,Trout,N.Ontario,2002,NA,NA,3.7,Yellow perch,NA,98,-27.33,8.92,3.02,-26.779,3.701,-22.814,0.878,-27.3,1,3.4
Johnston,46.31,-79.32,Trout,N.Ontario,2002,NA,NA,3.7,Yellow perch,NA,92,-23.89,9.6,3.04,-26.779,3.701,-22.814,0.878,-23.8,0.25,4.4
Johnston,46.31,-79.32,Trout,N.Ontario,2002,NA,NA,3.7,Yellow perch,NA,90,-26.78,9.19,3.07,-26.779,3.701,-22.814,0.878,-26.6,0.95,3.7
Johnston,46.31,-79.32,Trout,N.Ontario,2002,NA,NA,3.7,Yellow perch,NA,90,-24.98,9.55,3.07,-26.779,3.701,-22.814,0.878,-24.8,0.5,4.1
Johnston,46.31,-79.32,Trout,N.Ontario,2002,NA,NA,3.7,Yellow perch,NA,85,-27.67,8.75,3.12,-26.779,3.701,-22.814,0.878,-27.4,1,3.4
Johnston,46.31,-79.32,Trout,N.Ontario,2002,NA,NA,3.7,Yellow perch,NA,85,-27.51,8.89,3.04,-26.779,3.701,-22.814,0.878,-27.4,1,3.4
Johnston,46.31,-79.32,Trout,N.Ontario,2002,NA,NA,3.7,Yellow perch,NA,84,-27.43,8.76,3.09,-26.779,3.701,-22.814,0.878,-27.2,1,3.4
Johnston,46.31,-79.32,Trout,N.Ontario,2002,NA,NA,3.7,Yellow perch,NA,77,-27.4,8.2,3.04,-26.779,3.701,-22.814,0.878,-27.3,1,3.2
Johnston,46.31,-79.32,Trout,N.Ontario,2002,NA,NA,3.7,Yellow perch,NA,67,-26.07,8.72,3.06,-26.779,3.701,-22.814,0.878,-25.9,0.78,3.7
Johnston,51.58,-91.52,Lang,N.Ontario,2015,NA,NA,12.8,Yellow perch,18673,159,-26.4,8.43,3.11,-31.65,3.46,-22.77,2.2,-26.2,0.39,3.7
Johnston,51.58,-91.52,Lang,N.Ontario,2015,NA,NA,12.8,Yellow perch,18675,141,-25.72,6.85,3.1,-31.65,3.46,-22.77,2.2,-25.5,0.31,3.3
Johnston,51.58,-91.52,Lang,N.Ontario,2015,NA,NA,12.8,Yellow perch,18674,125,-26.76,7.86,3.1,-31.65,3.46,-22.77,2.2,-26.5,0.42,3.5
Johnston,51.58,-91.52,Lang,N.Ontario,2015,NA,NA,12.8,Yellow perch,18670,86,-26.58,6.79,3.07,-31.65,3.46,-22.77,2.2,-26.4,0.41,3.2
Johnston,51.58,-91.52,Lang,N.Ontario,2015,NA,NA,12.8,Yellow perch,18669,85,-26.47,6.58,3.12,-31.65,3.46,-22.77,2.2,-26.2,0.39,3.1
Johnston,51.58,-91.52,Lang,N.Ontario,2015,NA,NA,12.8,Yellow perch,18668,52,-29.77,8.12,3.22,-31.65,3.46,-22.77,2.2,-29.3,0.74,3.5
Johnston,51.58,-91.52,Lang,N.Ontario,2015,NA,NA,12.8,Yellow perch,18672,46,-29.53,7.94,3.19,-31.65,3.46,-22.77,2.2,-29.1,0.71,3.4
Johnston,51.58,-91.52,Lang,N.Ontario,2015,NA,NA,12.8,Yellow perch,18671,45,-29.46,7.51,3.24,-31.65,3.46,-22.77,2.2,-28.9,0.69,3.3
Johnston,51.17,-85.38,Quantz,N.Ontario,2015,NA,NA,15.4,Walleye,15936,275,-29.75,10.04,3.18,-32.76,3.46,-22.51090909,2.807272727,-29.3,0.66,4
Johnston,51.17,-85.38,Quantz,N.Ontario,2015,NA,NA,15.4,Walleye,15935,230,-30,10.31,3.2,-32.76,3.46,-22.51090909,2.807272727,-29.6,0.69,4.1
Johnston,51.17,-85.38,Quantz,N.Ontario,2015,NA,NA,15.4,Yellow perch,18524,228,-30.19,8.6,3.06,-32.76,3.46,-22.51090909,2.807272727,-30.1,0.74,3.6
Johnston,51.17,-85.38,Quantz,N.Ontario,2015,NA,NA,15.4,Yellow perch,18523,188,-29.88,8.33,3.05,-32.76,3.46,-22.51090909,2.807272727,-29.8,0.71,3.5
Johnston,51.17,-85.38,Quantz,N.Ontario,2015,NA,NA,15.4,Yellow perch,18525,169,-31.2,8.73,3.1,-32.76,3.46,-22.51090909,2.807272727,-31,0.83,3.6
Johnston,51.17,-85.38,Quantz,N.Ontario,2015,NA,NA,15.4,Yellow perch,18643,154,-31.6,7.93,3.27,-32.76,3.46,-22.51090909,2.807272727,-31,0.83,3.3
Johnston,51.17,-85.38,Quantz,N.Ontario,2015,NA,NA,15.4,Yellow perch,18522,141,-29.35,7.27,3.05,-32.76,3.46,-22.51090909,2.807272727,-29.2,0.65,3.2
Johnston,51.17,-85.38,Quantz,N.Ontario,2015,NA,NA,15.4,Yellow perch,18521,104,-29.7,7.52,3.11,-32.76,3.46,-22.51090909,2.807272727,-29.5,0.68,3.3
Johnston,51.17,-85.38,Quantz,N.Ontario,2015,NA,NA,15.4,Yellow perch,18520,94,-30.36,7.11,3.1,-32.76,3.46,-22.51090909,2.807272727,-30.1,0.74,3.1
Johnston,51.17,-85.38,Quantz,N.Ontario,2015,NA,NA,15.4,Yellow perch,18519,80,-30.1,7.11,3.13,-32.76,3.46,-22.51090909,2.807272727,-29.8,0.71,3.1
Johnston,51.17,-85.38,Quantz,N.Ontario,2015,NA,NA,15.4,Yellow perch,18516,45,-30.74,7.53,3.22,-32.76,3.46,-22.51090909,2.807272727,-30.3,0.76,3.2
Johnston,51.17,-85.38,Quantz,N.Ontario,2015,NA,NA,15.4,Yellow perch,18645,43,-29.51,7.28,3.27,-32.76,3.46,-22.51090909,2.807272727,-28.9,0.62,3.2
Johnston,51.17,-85.38,Quantz,N.Ontario,2015,NA,NA,15.4,Yellow perch,18517,41,-31,6.95,3.21,-32.76,3.46,-22.51090909,2.807272727,-30.5,0.78,3.1
Johnston,51.17,-85.38,Quantz,N.Ontario,2015,NA,NA,15.4,Yellow perch,18518,41,-28.76,7.22,3.25,-32.76,3.46,-22.51090909,2.807272727,-28.2,0.56,3.2
Johnston,51.17,-85.38,Quantz,N.Ontario,2015,NA,NA,15.4,Yellow perch,18644,41,-28.3,6.86,3.31,-32.76,3.46,-22.51090909,2.807272727,-27.6,0.5,3.1
Johnston,51.17,-85.38,Quantz,N.Ontario,2011,NA,NA,15.4,Northern pike,8264,921,-28.81,12.12,3.17,-31.35,3.73,-22.51090909,2.807272727,-28.4,0.67,4.6
Johnston,51.17,-85.38,Quantz,N.Ontario,2011,NA,NA,15.4,Northern pike,8260,843,-29.51,10.93,3.19,-31.35,3.73,-22.51090909,2.807272727,-29.1,0.75,4.2
Johnston,51.17,-85.38,Quantz,N.Ontario,2011,NA,NA,15.4,Northern pike,8262,779,-29.36,10.61,3.21,-31.35,3.73,-22.51090909,2.807272727,-28.9,0.72,4.1
Johnston,51.17,-85.38,Quantz,N.Ontario,2011,NA,NA,15.4,Northern pike,8263,762,-29.42,10.9,3.17,-31.35,3.73,-22.51090909,2.807272727,-29,0.73,4.2
Johnston,51.17,-85.38,Quantz,N.Ontario,2011,NA,NA,15.4,Northern pike,8265,710,-29.12,11.68,3.16,-31.35,3.73,-22.51090909,2.807272727,-28.8,0.71,4.4
Johnston,51.17,-85.38,Quantz,N.Ontario,2011,NA,NA,15.4,Northern pike,8261,628,-29.49,10.45,3.16,-31.35,3.73,-22.51090909,2.807272727,-29.1,0.75,4
Johnston,51.17,-85.38,Quantz,N.Ontario,2011,NA,NA,15.4,Northern pike,8269,591,-29.12,10.48,3.1,-31.35,3.73,-22.51090909,2.807272727,-28.9,0.72,4.1
Johnston,51.17,-85.38,Quantz,N.Ontario,2011,NA,NA,15.4,Northern pike,8266,511,-28.91,10.98,3.14,-31.35,3.73,-22.51090909,2.807272727,-28.6,0.69,4.2
Johnston,51.17,-85.38,Quantz,N.Ontario,2011,NA,NA,15.4,Northern pike,8267,496,-29.18,11.37,3.17,-31.35,3.73,-22.51090909,2.807272727,-28.8,0.71,4.3
Johnston,51.17,-85.38,Quantz,N.Ontario,2011,NA,NA,15.4,Northern pike,8268,427,-29.67,9.55,3.15,-31.35,3.73,-22.51090909,2.807272727,-29.3,0.77,3.8
Johnston,51.17,-85.38,Quantz,N.Ontario,2011,NA,NA,15.4,Walleye,8275,665,-29.09,11.25,3.13,-31.35,3.73,-22.51090909,2.807272727,-28.8,0.71,4.3
Johnston,51.17,-85.38,Quantz,N.Ontario,2011,NA,NA,15.4,Walleye,8276,590,-28.58,11.46,3.13,-31.35,3.73,-22.51090909,2.807272727,-28.3,0.65,4.4
Johnston,51.17,-85.38,Quantz,N.Ontario,2011,NA,NA,15.4,Walleye,8278,536,-28.92,10.95,3.12,-31.35,3.73,-22.51090909,2.807272727,-28.7,0.7,4.2
Johnston,51.17,-85.38,Quantz,N.Ontario,2011,NA,NA,15.4,Walleye,8279,497,-29.19,11.24,3.17,-31.35,3.73,-22.51090909,2.807272727,-28.8,0.71,4.3
Johnston,51.17,-85.38,Quantz,N.Ontario,2011,NA,NA,15.4,Walleye,8271,453,-29.24,10.83,3.09,-31.35,3.73,-22.51090909,2.807272727,-29,0.73,4.2
Johnston,51.17,-85.38,Quantz,N.Ontario,2011,NA,NA,15.4,Walleye,8272,410,-29.04,12.48,3.14,-31.35,3.73,-22.51090909,2.807272727,-28.7,0.7,4.7
Johnston,51.17,-85.38,Quantz,N.Ontario,2011,NA,NA,15.4,Walleye,8273,367,-29.35,11.77,3.15,-31.35,3.73,-22.51090909,2.807272727,-29,0.73,4.4
Johnston,51.17,-85.38,Quantz,N.Ontario,2011,NA,NA,15.4,Walleye,8270,344,-28.79,10.64,3.23,-31.35,3.73,-22.51090909,2.807272727,-28.3,0.65,4.1
Johnston,51.17,-85.38,Quantz,N.Ontario,2011,NA,NA,15.4,Walleye,8277,333,-28.6,10.66,3.24,-31.35,3.73,-22.51090909,2.807272727,-28.1,0.63,4.1
Johnston,51.17,-85.38,Quantz,N.Ontario,2011,NA,NA,15.4,Walleye,8274,207,-28.72,10.01,3.22,-31.35,3.73,-22.51090909,2.807272727,-28.2,0.64,3.9
Johnston,48.17,-90.43,Addie,N.Ontario,2011,8,10,7.6,Northern pike,8823,917,-28.75,10.92,3.28,-32.233,4.026,-22.15166667,1.965,-28.1,0.59,4.3
Johnston,48.17,-90.43,Addie,N.Ontario,2011,8,10,7.6,Northern pike,8831,615,-27.16,10,3.13,-32.233,4.026,-22.15166667,1.965,-26.9,0.47,4.1
Johnston,48.17,-90.43,Addie,N.Ontario,2011,8,10,7.6,Northern pike,8828,586,-27.83,9.89,3.17,-32.233,4.026,-22.15166667,1.965,-27.5,0.53,4
Johnston,48.17,-90.43,Addie,N.Ontario,2011,8,10,7.6,Northern pike,8825,580,-28.21,10.41,3.15,-32.233,4.026,-22.15166667,1.965,-27.9,0.57,4.1
Johnston,48.17,-90.43,Addie,N.Ontario,2011,8,10,7.6,Northern pike,8826,562,-28.01,9.87,3.31,-32.233,4.026,-22.15166667,1.965,-27.3,0.51,4
Johnston,48.17,-90.43,Addie,N.Ontario,2011,8,10,7.6,Northern pike,8829,516,-28.11,10.04,3.12,-32.233,4.026,-22.15166667,1.965,-27.8,0.56,4
Johnston,48.17,-90.43,Addie,N.Ontario,2011,8,10,7.6,Northern pike,8824,512,-27.87,9.7,3.14,-32.233,4.026,-22.15166667,1.965,-27.6,0.54,3.9
Johnston,48.17,-90.43,Addie,N.Ontario,2011,8,10,7.6,Northern pike,8832,490,-27.63,10.24,3.11,-32.233,4.026,-22.15166667,1.965,-27.4,0.52,4.1
Johnston,48.17,-90.43,Addie,N.Ontario,2011,8,10,7.6,Northern pike,8827,400,-28.55,9.02,3.05,-32.233,4.026,-22.15166667,1.965,-28.4,0.62,3.7
Johnston,48.17,-90.43,Addie,N.Ontario,2011,8,10,7.6,Northern pike,8830,220,-27.4,7.93,3.12,-32.233,4.026,-22.15166667,1.965,-27.1,0.49,3.5
Johnston,48.17,-90.43,Addie,N.Ontario,2011,8,10,7.6,Black bass,7275,488,-27.16,9.74,3.25,-32.233,4.026,-22.15166667,1.965,-26.6,0.44,4
Johnston,48.17,-90.43,Addie,N.Ontario,2011,8,10,7.6,Black bass,7266,464,-27.33,9.51,3.33,-32.233,4.026,-22.15166667,1.965,-26.6,0.44,4
Johnston,48.17,-90.43,Addie,N.Ontario,2011,8,10,7.6,Black bass,7271,451,-27.75,9.66,3.45,-32.233,4.026,-22.15166667,1.965,-26.8,0.46,4
Johnston,48.17,-90.43,Addie,N.Ontario,2011,8,10,7.6,Black bass,7263,419,-27.09,9.61,3.27,-32.233,4.026,-22.15166667,1.965,-26.5,0.43,4
Johnston,48.17,-90.43,Addie,N.Ontario,2011,8,10,7.6,Black bass,7272,416,-26.87,9.78,3.28,-32.233,4.026,-22.15166667,1.965,-26.3,0.41,4
Johnston,48.17,-90.43,Addie,N.Ontario,2011,8,10,7.6,Black bass,7277,404,-27.73,9.7,3.46,-32.233,4.026,-22.15166667,1.965,-26.8,0.46,4
Johnston,48.17,-90.43,Addie,N.Ontario,2011,8,10,7.6,Black bass,7261,401,-26.65,9.69,3.35,-32.233,4.026,-22.15166667,1.965,-25.9,0.37,4
Johnston,48.17,-90.43,Addie,N.Ontario,2011,8,10,7.6,Black bass,7270,395,-25.82,9.32,3.16,-32.233,4.026,-22.15166667,1.965,-25.5,0.33,4
Johnston,48.17,-90.43,Addie,N.Ontario,2011,8,10,7.6,Black bass,7267,385,-28.37,9.75,3.58,-32.233,4.026,-22.15166667,1.965,-27.2,0.5,4
Johnston,48.17,-90.43,Addie,N.Ontario,2011,8,10,7.6,Black bass,7278,381,-26.78,9.27,3.4,-32.233,4.026,-22.15166667,1.965,-25.9,0.37,3.9
Johnston,48.17,-90.43,Addie,N.Ontario,2011,8,10,7.6,Black bass,7262,376,-28.32,9.63,3.24,-32.233,4.026,-22.15166667,1.965,-27.8,0.56,3.9
Johnston,48.17,-90.43,Addie,N.Ontario,2011,8,10,7.6,Black bass,7269,374,-26.94,9.92,3.21,-32.233,4.026,-22.15166667,1.965,-26.5,0.43,4.1
Johnston,48.17,-90.43,Addie,N.Ontario,2011,8,10,7.6,Black bass,7274,370,-28.19,9.75,3.37,-32.233,4.026,-22.15166667,1.965,-27.4,0.52,4
Johnston,48.17,-90.43,Addie,N.Ontario,2011,8,10,7.6,Black bass,7265,365,-28.21,9.77,3.38,-32.233,4.026,-22.15166667,1.965,-27.4,0.52,4
Johnston,48.17,-90.43,Addie,N.Ontario,2011,8,10,7.6,Black bass,7273,365,-28.18,9.83,3.38,-32.233,4.026,-22.15166667,1.965,-27.4,0.52,4
Johnston,48.17,-90.43,Addie,N.Ontario,2011,8,10,7.6,Black bass,7264,364,-26.94,9.1,3.59,-32.233,4.026,-22.15166667,1.965,-25.8,0.36,3.9
Johnston,48.17,-90.43,Addie,N.Ontario,2011,8,10,7.6,Black bass,7268,358,-26.62,9.71,3.2,-32.233,4.026,-22.15166667,1.965,-26.2,0.4,4
Johnston,48.17,-90.43,Addie,N.Ontario,2011,8,10,7.6,Black bass,7260,293,-27.01,9.17,3.29,-32.233,4.026,-22.15166667,1.965,-26.4,0.42,3.9
Johnston,48.17,-90.43,Addie,N.Ontario,2011,8,10,7.6,Black bass,7259,155,-29.08,8.14,3.3,-32.233,4.026,-22.15166667,1.965,-28.4,0.62,3.4
Johnston,48.17,-90.43,Addie,N.Ontario,2011,8,10,7.6,Black bass,7276,142,-29.03,8.52,3.42,-32.233,4.026,-22.15166667,1.965,-28.2,0.6,3.6
Johnston,48.17,-90.43,Addie,N.Ontario,2011,8,10,7.6,Walleye,7248,546,-27.99,11.08,3.27,-32.233,4.026,-22.15166667,1.965,-27.4,0.52,4.4
Johnston,48.17,-90.43,Addie,N.Ontario,2011,8,10,7.6,Walleye,7258,538,-28.66,10.05,3.19,-32.233,4.026,-22.15166667,1.965,-28.2,0.6,4
Johnston,48.17,-90.43,Addie,N.Ontario,2011,8,10,7.6,Walleye,7243,532,-29.34,10.65,3.21,-32.233,4.026,-22.15166667,1.965,-28.9,0.67,4.1
Johnston,48.17,-90.43,Addie,N.Ontario,2011,8,10,7.6,Walleye,7253,531,-28.29,10.5,3.19,-32.233,4.026,-22.15166667,1.965,-27.9,0.57,4.2
Johnston,48.17,-90.43,Addie,N.Ontario,2011,8,10,7.6,Walleye,7256,524,-28.39,11.08,3.27,-32.233,4.026,-22.15166667,1.965,-27.8,0.56,4.3
Johnston,48.17,-90.43,Addie,N.Ontario,2011,8,10,7.6,Walleye,7239,507,-28.99,10.42,3.32,-32.233,4.026,-22.15166667,1.965,-28.3,0.61,4.1
Johnston,48.17,-90.43,Addie,N.Ontario,2011,8,10,7.6,Walleye,7252,493,-29.2,10.74,3.25,-32.233,4.026,-22.15166667,1.965,-28.7,0.65,4.2
Johnston,48.17,-90.43,Addie,N.Ontario,2011,8,10,7.6,Walleye,7255,485,-28.66,11.12,3.31,-32.233,4.026,-22.15166667,1.965,-28,0.58,4.3
Johnston,48.17,-90.43,Addie,N.Ontario,2011,8,10,7.6,Walleye,7240,471,-29.72,10.14,3.28,-32.233,4.026,-22.15166667,1.965,-29.1,0.69,4
Johnston,48.17,-90.43,Addie,N.Ontario,2011,8,10,7.6,Walleye,7241,452,-28.57,10.53,3.22,-32.233,4.026,-22.15166667,1.965,-28.1,0.59,4.2
Johnston,48.17,-90.43,Addie,N.Ontario,2011,8,10,7.6,Walleye,7254,428,-27.07,10.3,3.28,-32.233,4.026,-22.15166667,1.965,-26.5,0.43,4.2
Johnston,48.17,-90.43,Addie,N.Ontario,2011,8,10,7.6,Walleye,7245,410,-29.9,10.28,3.21,-32.233,4.026,-22.15166667,1.965,-29.4,0.72,4
Johnston,48.17,-90.43,Addie,N.Ontario,2011,8,10,7.6,Walleye,7247,390,-29.25,10.29,3.2,-32.233,4.026,-22.15166667,1.965,-28.8,0.66,4
Johnston,48.17,-90.43,Addie,N.Ontario,2011,8,10,7.6,Walleye,7249,387,-29.55,10.08,3.22,-32.233,4.026,-22.15166667,1.965,-29.1,0.69,4
Johnston,48.17,-90.43,Addie,N.Ontario,2011,8,10,7.6,Walleye,7250,366,-29.32,10.11,3.22,-32.233,4.026,-22.15166667,1.965,-28.8,0.66,4
Johnston,48.17,-90.43,Addie,N.Ontario,2011,8,10,7.6,Walleye,7251,314,-28.36,10.02,3.24,-32.233,4.026,-22.15166667,1.965,-27.8,0.56,4
Johnston,48.17,-90.43,Addie,N.Ontario,2011,8,10,7.6,Walleye,7257,303,-28.95,10.37,3.34,-32.233,4.026,-22.15166667,1.965,-28.2,0.6,4.1
Johnston,48.17,-90.43,Addie,N.Ontario,2011,8,10,7.6,Walleye,7242,271,-29.53,10.09,3.28,-32.233,4.026,-22.15166667,1.965,-28.9,0.67,4
Johnston,48.17,-90.43,Addie,N.Ontario,2011,8,10,7.6,Walleye,7244,267,-28.8,9.95,3.27,-32.233,4.026,-22.15166667,1.965,-28.2,0.6,4
Johnston,48.17,-90.43,Addie,N.Ontario,2011,8,10,7.6,Walleye,7246,244,-29.46,10.2,3.19,-32.233,4.026,-22.15166667,1.965,-29,0.68,4
Johnston,49.63,-94.09,Andy,N.Ontario,2011,NA,NA,8.6,Northern pike,8845,610,-25.84,13.17,3.08,-31.5275,6.665,-21.806,4.62,-25.7,0.4,4.3
Johnston,49.63,-94.09,Andy,N.Ontario,2011,NA,NA,8.6,Northern pike,8852,576,-26.47,13.33,3.16,-31.5275,6.665,-21.806,4.62,-26.1,0.44,4.3
Johnston,49.63,-94.09,Andy,N.Ontario,2011,NA,NA,8.6,Northern pike,8849,544,-30.85,11.48,3.06,-31.5275,6.665,-21.806,4.62,-30.7,0.91,3.5
Johnston,49.63,-94.09,Andy,N.Ontario,2011,NA,NA,8.6,Northern pike,8846,527,-27.2,12.52,3.12,-31.5275,6.665,-21.806,4.62,-26.9,0.52,4
Johnston,49.63,-94.09,Andy,N.Ontario,2011,NA,NA,8.6,Northern pike,8847,500,-26.42,12.21,3.13,-31.5275,6.665,-21.806,4.62,-26.1,0.44,4
Johnston,49.63,-94.09,Andy,N.Ontario,2011,NA,NA,8.6,Northern pike,8850,475,-26.87,11.98,3.08,-31.5275,6.665,-21.806,4.62,-26.7,0.5,3.9
Johnston,49.63,-94.09,Andy,N.Ontario,2011,NA,NA,8.6,Northern pike,8844,464,-27.5,11.61,3.07,-31.5275,6.665,-21.806,4.62,-27.3,0.57,3.7
Johnston,49.63,-94.09,Andy,N.Ontario,2011,NA,NA,8.6,Northern pike,8851,427,-26.97,12.18,3.05,-31.5275,6.665,-21.806,4.62,-26.9,0.52,3.9
Johnston,49.63,-94.09,Andy,N.Ontario,2011,NA,NA,8.6,Northern pike,8848,421,-27.18,11.89,3.11,-31.5275,6.665,-21.806,4.62,-26.9,0.52,3.8
Johnston,49.63,-94.09,Andy,N.Ontario,2011,8,17,8.6,Black bass,7308,419,-24.96,11.39,3.24,-31.5275,6.665,-21.806,4.62,-24.4,0.27,3.8
Johnston,49.63,-94.09,Andy,N.Ontario,2011,8,17,8.6,Black bass,7302,401,-25.93,11.64,3.28,-31.5275,6.665,-21.806,4.62,-25.3,0.36,3.8
Johnston,49.63,-94.09,Andy,N.Ontario,2011,8,17,8.6,Black bass,7311,392,-23.87,11.59,3.24,-31.5275,6.665,-21.806,4.62,-23.3,0.15,4
Johnston,49.63,-94.09,Andy,N.Ontario,2011,8,17,8.6,Black bass,7299,386,-25.55,11.24,3.63,-31.5275,6.665,-21.806,4.62,-24.3,0.26,3.8
Johnston,49.63,-94.09,Andy,N.Ontario,2011,8,17,8.6,Black bass,7304,384,-26.11,12.13,3.33,-31.5275,6.665,-21.806,4.62,-25.4,0.37,4
Johnston,49.63,-94.09,Andy,N.Ontario,2011,8,17,8.6,Black bass,7310,382,-23.63,11.38,3.22,-31.5275,6.665,-21.806,4.62,-23.1,0.13,3.9
Johnston,49.63,-94.09,Andy,N.Ontario,2011,8,17,8.6,Black bass,7316,375,-24.2,11.74,3.15,-31.5275,6.665,-21.806,4.62,-23.9,0.22,4
Johnston,49.63,-94.09,Andy,N.Ontario,2011,8,17,8.6,Black bass,7303,370,-24.79,11.55,3.35,-31.5275,6.665,-21.806,4.62,-24,0.23,3.9
Johnston,49.63,-94.09,Andy,N.Ontario,2011,8,17,8.6,Black bass,7313,365,-25.03,11.42,3.32,-31.5275,6.665,-21.806,4.62,-24.3,0.26,3.8
Johnston,49.63,-94.09,Andy,N.Ontario,2011,8,17,8.6,Black bass,7301,363,-25.04,11.62,3.46,-31.5275,6.665,-21.806,4.62,-24.1,0.24,3.9
Johnston,49.63,-94.09,Andy,N.Ontario,2011,8,17,8.6,Black bass,7318,360,-24.55,11.25,3.24,-31.5275,6.665,-21.806,4.62,-24,0.23,3.8
Johnston,49.63,-94.09,Andy,N.Ontario,2011,8,17,8.6,Black bass,7306,359,-25.56,11.86,3.2,-31.5275,6.665,-21.806,4.62,-25.1,0.34,3.9
Johnston,49.63,-94.09,Andy,N.Ontario,2011,8,17,8.6,Black bass,7309,355,-24.2,11.77,3.44,-31.5275,6.665,-21.806,4.62,-23.3,0.15,4
Johnston,49.63,-94.09,Andy,N.Ontario,2011,8,17,8.6,Black bass,7315,346,-24.62,11.73,3.28,-31.5275,6.665,-21.806,4.62,-24,0.23,4
Johnston,49.63,-94.09,Andy,N.Ontario,2011,8,17,8.6,Black bass,7317,344,-25.49,11.65,3.31,-31.5275,6.665,-21.806,4.62,-24.8,0.31,3.9
Johnston,49.63,-94.09,Andy,N.Ontario,2011,8,17,8.6,Black bass,7307,334,-25.2,11.77,3.17,-31.5275,6.665,-21.806,4.62,-24.8,0.31,3.9
Johnston,49.63,-94.09,Andy,N.Ontario,2011,8,17,8.6,Black bass,7300,329,-25.26,12.11,3.3,-31.5275,6.665,-21.806,4.62,-24.6,0.29,4
Johnston,49.63,-94.09,Andy,N.Ontario,2011,8,17,8.6,Black bass,7305,323,-25.12,11.39,3.42,-31.5275,6.665,-21.806,4.62,-24.2,0.25,3.8
Johnston,49.63,-94.09,Andy,N.Ontario,2011,8,17,8.6,Black bass,7312,317,-23.86,11.31,3.16,-31.5275,6.665,-21.806,4.62,-23.5,0.17,3.9
Johnston,49.63,-94.09,Andy,N.Ontario,2011,8,17,8.6,Black bass,7314,290,-25.23,11.49,3.21,-31.5275,6.665,-21.806,4.62,-24.8,0.31,3.8
Johnston,49.63,-94.09,Andy,N.Ontario,2011,8,17,8.6,Walleye,7286,624,-26.22,13.56,3.19,-31.5275,6.665,-21.806,4.62,-25.8,0.41,4.4
Johnston,49.63,-94.09,Andy,N.Ontario,2011,8,17,8.6,Walleye,7290,616,-26.57,13.4,3.24,-31.5275,6.665,-21.806,4.62,-26,0.43,4.3
Johnston,49.63,-94.09,Andy,N.Ontario,2011,8,17,8.6,Walleye,7298,592,-27.23,13.58,3.27,-31.5275,6.665,-21.806,4.62,-26.6,0.49,4.3
Johnston,49.63,-94.09,Andy,N.Ontario,2011,8,17,8.6,Walleye,7279,590,-27.57,12.9,3.32,-31.5275,6.665,-21.806,4.62,-26.9,0.52,4.1
Johnston,49.63,-94.09,Andy,N.Ontario,2011,8,17,8.6,Walleye,7291,570,-28.21,13.14,3.32,-31.5275,6.665,-21.806,4.62,-27.5,0.59,4.2
Johnston,49.63,-94.09,Andy,N.Ontario,2011,8,17,8.6,Walleye,7294,554,-27.39,13.45,3.33,-31.5275,6.665,-21.806,4.62,-26.7,0.5,4.3
Johnston,49.63,-94.09,Andy,N.Ontario,2011,8,17,8.6,Walleye,7293,506,-28.22,13.52,3.29,-31.5275,6.665,-21.806,4.62,-27.6,0.6,4.3
Johnston,49.63,-94.09,Andy,N.Ontario,2011,8,17,8.6,Walleye,7297,501,-27.41,13.58,3.31,-31.5275,6.665,-21.806,4.62,-26.7,0.5,4.3
Johnston,49.63,-94.09,Andy,N.Ontario,2011,8,17,8.6,Walleye,7287,497,-28.44,13.06,3.31,-31.5275,6.665,-21.806,4.62,-27.8,0.62,4.1
Johnston,49.63,-94.09,Andy,N.Ontario,2011,8,17,8.6,Walleye,7283,443,-27.97,13.12,3.27,-31.5275,6.665,-21.806,4.62,-27.4,0.58,4.2
Johnston,49.63,-94.09,Andy,N.Ontario,2011,8,17,8.6,Walleye,7285,405,-28.11,12.62,3.31,-31.5275,6.665,-21.806,4.62,-27.4,0.58,4
Johnston,49.63,-94.09,Andy,N.Ontario,2011,8,17,8.6,Walleye,7284,395,-28.7,12.56,3.31,-31.5275,6.665,-21.806,4.62,-28,0.64,4
Johnston,49.63,-94.09,Andy,N.Ontario,2011,8,17,8.6,Walleye,7282,317,-27.73,12.27,3.29,-31.5275,6.665,-21.806,4.62,-27.1,0.54,3.9
Johnston,49.63,-94.09,Andy,N.Ontario,2011,8,17,8.6,Walleye,7281,308,-28.13,12.46,3.36,-31.5275,6.665,-21.806,4.62,-27.4,0.58,4
Johnston,49.63,-94.09,Andy,N.Ontario,2011,8,17,8.6,Walleye,7289,305,-28.27,12.56,3.22,-31.5275,6.665,-21.806,4.62,-27.8,0.62,4
Johnston,49.63,-94.09,Andy,N.Ontario,2011,8,17,8.6,Walleye,7288,300,-28.58,12.23,3.29,-31.5275,6.665,-21.806,4.62,-28,0.64,3.9
Johnston,49.63,-94.09,Andy,N.Ontario,2011,8,17,8.6,Walleye,7280,292,-28.52,11.99,3.36,-31.5275,6.665,-21.806,4.62,-27.8,0.62,3.8
Johnston,49.63,-94.09,Andy,N.Ontario,2011,8,17,8.6,Walleye,7296,274,-28.08,12.54,3.25,-31.5275,6.665,-21.806,4.62,-27.5,0.59,4
Johnston,49.63,-94.09,Andy,N.Ontario,2011,8,17,8.6,Walleye,7295,269,-28.57,12.36,3.24,-31.5275,6.665,-21.806,4.62,-28,0.64,3.9
Johnston,49.63,-94.09,Andy,N.Ontario,2011,8,17,8.6,Walleye,7292,263,-28.27,12.36,3.29,-31.5275,6.665,-21.806,4.62,-27.6,0.6,3.9
Johnston,49.76,-93.36,Eagle (west basin),N.Ontario,2016,7,7,6.5,Northern pike,17293,1066,-25.36,11.65,3.17,-27.96,2.34,-21.596,2.664,-25,0.53,4.7
Johnston,49.76,-93.36,Eagle (west basin),N.Ontario,2016,7,7,6.5,Northern pike,17292,992,-25.31,11.37,3.14,-27.96,2.34,-21.596,2.664,-25,0.53,4.6
Johnston,49.76,-93.36,Eagle (west basin),N.Ontario,2016,7,7,6.5,Northern pike,17294,897,-24.87,11.47,3.12,-27.96,2.34,-21.596,2.664,-24.6,0.47,4.6
Johnston,49.76,-93.36,Eagle (west basin),N.Ontario,2016,7,7,6.5,Northern pike,17282,631,-22.38,9.04,3.12,-27.96,2.34,-21.596,2.664,-22.1,0.08,3.9
Johnston,49.76,-93.36,Eagle (west basin),N.Ontario,2016,7,7,6.5,Northern pike,17290,534,-21.87,9.04,3.08,-27.96,2.34,-21.596,2.664,-21.7,0.02,3.9
Johnston,49.76,-93.36,Eagle (west basin),N.Ontario,2016,7,7,6.5,Northern pike,17283,513,-23.69,9.69,3.1,-27.96,2.34,-21.596,2.664,-23.5,0.3,4.1
Johnston,49.76,-93.36,Eagle (west basin),N.Ontario,2016,7,7,6.5,Northern pike,17298,480,-24.6,9.78,3.12,-27.96,2.34,-21.596,2.664,-24.3,0.42,4.1
Johnston,49.76,-93.36,Eagle (west basin),N.Ontario,2016,7,7,6.5,Northern pike,17291,459,-24.89,9.33,3.04,-27.96,2.34,-21.596,2.664,-24.8,0.5,4
Johnston,49.76,-93.36,Eagle (west basin),N.Ontario,2016,7,7,6.5,Northern pike,17284,450,-21.79,9.48,3.14,-27.96,2.34,-21.596,2.664,-21.5,0,4
Johnston,49.76,-93.36,Eagle (west basin),N.Ontario,2016,7,7,6.5,Northern pike,17285,428,-23.82,9.34,3.11,-27.96,2.34,-21.596,2.664,-23.6,0.31,4
Johnston,49.76,-93.36,Eagle (west basin),N.Ontario,2016,7,7,6.5,Northern pike,17286,427,-23.26,9.4,3.19,-27.96,2.34,-21.596,2.664,-22.8,0.19,4
Johnston,49.76,-93.36,Eagle (west basin),N.Ontario,2016,7,7,6.5,Black bass,17313,466,-20.85,8.75,3.27,-27.96,2.34,-21.596,2.664,-20.3,0,3.8
Johnston,49.76,-93.36,Eagle (west basin),N.Ontario,2016,7,7,6.5,Black bass,17316,387,-23.31,8.72,3.43,-27.96,2.34,-21.596,2.664,-22.4,0.13,3.8
Johnston,49.76,-93.36,Eagle (west basin),N.Ontario,2016,7,7,6.5,Walleye,17319,700,-26.42,11.41,3.2,-27.96,2.34,-21.596,2.664,-26,0.69,4.6
Johnston,49.76,-93.36,Eagle (west basin),N.Ontario,2016,7,7,6.5,Walleye,17320,667,-26.18,10.54,3.1,-27.96,2.34,-21.596,2.664,-26,0.69,4.4
Johnston,49.76,-93.36,Eagle (west basin),N.Ontario,2016,7,7,6.5,Walleye,17331,581,-25.37,9.62,3.12,-27.96,2.34,-21.596,2.664,-25.1,0.55,4.1
Johnston,49.76,-93.36,Eagle (west basin),N.Ontario,2016,7,7,6.5,Walleye,17317,581,-26.21,9.41,3.22,-27.96,2.34,-21.596,2.664,-25.7,0.64,4
Johnston,49.76,-93.36,Eagle (west basin),N.Ontario,2016,7,7,6.5,Walleye,17321,537,-25.58,9.69,3.13,-27.96,2.34,-21.596,2.664,-25.3,0.58,4.1
Johnston,49.76,-93.36,Eagle (west basin),N.Ontario,2016,7,7,6.5,Walleye,17332,499,-26.25,10.39,3.15,-27.96,2.34,-21.596,2.664,-25.9,0.68,4.3
Johnston,49.76,-93.36,Eagle (west basin),N.Ontario,2016,7,7,6.5,Walleye,17322,449,-26.63,9.36,3.35,-27.96,2.34,-21.596,2.664,-25.9,0.68,4
Johnston,49.76,-93.36,Eagle (west basin),N.Ontario,2016,7,7,6.5,Walleye,17329,404,-26.24,8.92,3.14,-27.96,2.34,-21.596,2.664,-25.9,0.68,3.9
Johnston,49.76,-93.36,Eagle (west basin),N.Ontario,2016,7,7,6.5,Walleye,17330,354,-25.62,9.72,3.16,-27.96,2.34,-21.596,2.664,-25.3,0.58,4.1
Johnston,49.76,-93.36,Eagle (west basin),N.Ontario,2016,7,7,6.5,Walleye,17318,346,-25.51,10.31,3.38,-27.96,2.34,-21.596,2.664,-24.7,0.49,4.3
Johnston,51.7,-88.89,Troutfly,N.Ontario,2011,NA,NA,4.9,Northern pike,8206,858,-26.28,11.83,3.18,-28.968,5.02,-21.46714286,2.591428571,-25.9,0.59,4.3
Johnston,51.7,-88.89,Troutfly,N.Ontario,2011,NA,NA,4.9,Northern pike,8198,830,-26.54,11.97,3.23,-28.968,5.02,-21.46714286,2.591428571,-26,0.6,4.3
Johnston,51.7,-88.89,Troutfly,N.Ontario,2011,NA,NA,4.9,Northern pike,8199,761,-26.03,10.13,3.26,-28.968,5.02,-21.46714286,2.591428571,-25.5,0.54,3.8
Johnston,51.7,-88.89,Troutfly,N.Ontario,2011,NA,NA,4.9,Northern pike,8209,697,-25.58,10.96,3.15,-28.968,5.02,-21.46714286,2.591428571,-25.2,0.5,4.1
Johnston,51.7,-88.89,Troutfly,N.Ontario,2011,NA,NA,4.9,Northern pike,8201,686,-25.82,10.88,3.22,-28.968,5.02,-21.46714286,2.591428571,-25.3,0.51,4.1
Johnston,51.7,-88.89,Troutfly,N.Ontario,2011,NA,NA,4.9,Northern pike,8205,678,-26.05,11.08,3.26,-28.968,5.02,-21.46714286,2.591428571,-25.5,0.54,4.1
Johnston,51.7,-88.89,Troutfly,N.Ontario,2011,NA,NA,4.9,Northern pike,8203,659,-26.99,8.93,3.17,-28.968,5.02,-21.46714286,2.591428571,-26.6,0.68,3.4
Johnston,51.7,-88.89,Troutfly,N.Ontario,2011,NA,NA,4.9,Northern pike,8200,635,-24.57,9.95,3.23,-28.968,5.02,-21.46714286,2.591428571,-24.1,0.35,3.9
Johnston,51.7,-88.89,Troutfly,N.Ontario,2011,NA,NA,4.9,Northern pike,8204,587,-23.81,8.33,3.23,-28.968,5.02,-21.46714286,2.591428571,-23.3,0.24,3.5
Johnston,51.7,-88.89,Troutfly,N.Ontario,2011,NA,NA,4.9,Northern pike,8207,555,-23.31,7.76,3.17,-28.968,5.02,-21.46714286,2.591428571,-22.9,0.19,3.4
Johnston,51.7,-88.89,Troutfly,N.Ontario,2011,NA,NA,4.9,Northern pike,8202,519,-23.52,8.48,3.21,-28.968,5.02,-21.46714286,2.591428571,-23.1,0.22,3.6
Johnston,51.7,-88.89,Troutfly,N.Ontario,2011,NA,NA,4.9,Northern pike,8208,519,-25.72,8.72,3.18,-28.968,5.02,-21.46714286,2.591428571,-25.3,0.51,3.4
Johnston,51.7,-88.89,Troutfly,N.Ontario,2011,NA,NA,4.9,Walleye,8214,605,-27.31,13.25,3.22,-28.968,5.02,-21.46714286,2.591428571,-26.8,0.71,4.6
Johnston,51.7,-88.89,Troutfly,N.Ontario,2011,NA,NA,4.9,Walleye,8212,595,-27.08,13.13,3.25,-28.968,5.02,-21.46714286,2.591428571,-26.5,0.67,4.6
Johnston,51.7,-88.89,Troutfly,N.Ontario,2011,NA,NA,4.9,Walleye,8210,560,-27.42,13.59,3.21,-28.968,5.02,-21.46714286,2.591428571,-27,0.74,4.7
Johnston,51.7,-88.89,Troutfly,N.Ontario,2011,NA,NA,4.9,Walleye,8213,518,-27.25,12.49,3.25,-28.968,5.02,-21.46714286,2.591428571,-26.7,0.7,4.4
Johnston,51.7,-88.89,Troutfly,N.Ontario,2011,NA,NA,4.9,Walleye,8211,501,-26.48,12.44,3.26,-28.968,5.02,-21.46714286,2.591428571,-25.9,0.59,4.5
Johnston,51.7,-88.89,Troutfly,N.Ontario,2011,NA,NA,4.9,Walleye,8218,485,-26.17,11.8,3.31,-28.968,5.02,-21.46714286,2.591428571,-25.5,0.54,4.3
Johnston,51.7,-88.89,Troutfly,N.Ontario,2011,NA,NA,4.9,Walleye,8215,466,-26.17,11.63,3.23,-28.968,5.02,-21.46714286,2.591428571,-25.7,0.56,4.3
Johnston,51.7,-88.89,Troutfly,N.Ontario,2011,NA,NA,4.9,Walleye,8217,446,-26.42,11.87,3.24,-28.968,5.02,-21.46714286,2.591428571,-25.9,0.59,4.3
Johnston,51.7,-88.89,Troutfly,N.Ontario,2011,NA,NA,4.9,Walleye,8219,417,-27.84,12.56,3.22,-28.968,5.02,-21.46714286,2.591428571,-27.4,0.79,4.4
Johnston,51.7,-88.89,Troutfly,N.Ontario,2011,NA,NA,4.9,Walleye,8216,396,-26.72,11.27,3.29,-28.968,5.02,-21.46714286,2.591428571,-26.1,0.62,4.1
Johnston,49.97,-90.77,Sturgeon,N.Ontario,2016,7,4,5.9,Northern pike,16680,754,-24.52,9.1,3.18,-29.92125,1.97375,-21.29714286,0.82,-24.1,0.33,4.3
Johnston,49.97,-90.77,Sturgeon,N.Ontario,2016,7,6,5.9,Northern pike,16690,745,-25.04,9,3.13,-29.92125,1.97375,-21.29714286,0.82,-24.7,0.39,4.3
Johnston,49.97,-90.77,Sturgeon,N.Ontario,2016,7,6,5.9,Northern pike,16689,744,-24.53,9.07,3.17,-29.92125,1.97375,-21.29714286,0.82,-24.2,0.34,4.3
Johnston,49.97,-90.77,Sturgeon,N.Ontario,2016,7,5,5.9,Northern pike,16682,709,-24.36,9.68,3.15,-29.92125,1.97375,-21.29714286,0.82,-24,0.31,4.5
Johnston,49.97,-90.77,Sturgeon,N.Ontario,2016,7,6,5.9,Northern pike,16692,684,-24.84,9.19,3.24,-29.92125,1.97375,-21.29714286,0.82,-24.3,0.35,4.3
Johnston,49.97,-90.77,Sturgeon,N.Ontario,2016,7,4,5.9,Northern pike,16679,628,-23.87,8.67,3.17,-29.92125,1.97375,-21.29714286,0.82,-23.5,0.26,4.2
Johnston,49.97,-90.77,Sturgeon,N.Ontario,2016,7,5,5.9,Northern pike,16684,617,-25.26,8.48,3.16,-29.92125,1.97375,-21.29714286,0.82,-24.9,0.42,4.1
Johnston,49.97,-90.77,Sturgeon,N.Ontario,2016,7,5,5.9,Northern pike,16681,591,-22.81,9.11,3.23,-29.92125,1.97375,-21.29714286,0.82,-22.3,0.12,4.4
Johnston,49.97,-90.77,Sturgeon,N.Ontario,2016,7,5,5.9,Northern pike,16685,578,-23.07,8.89,3.17,-29.92125,1.97375,-21.29714286,0.82,-22.7,0.16,4.3
Johnston,49.97,-90.77,Sturgeon,N.Ontario,2016,7,5,5.9,Northern pike,16683,525,-23.5,8.87,3.17,-29.92125,1.97375,-21.29714286,0.82,-23.1,0.21,4.3
Johnston,49.97,-90.77,Sturgeon,N.Ontario,2016,7,6,5.9,Northern pike,16688,523,-23.6,9.12,3.23,-29.92125,1.97375,-21.29714286,0.82,-23.1,0.21,4.4
Johnston,49.97,-90.77,Sturgeon,N.Ontario,2016,7,3,5.9,Northern pike,16678,492,-24.83,8.64,3.17,-29.92125,1.97375,-21.29714286,0.82,-24.5,0.37,4.2
Johnston,49.97,-90.77,Sturgeon,N.Ontario,2016,7,5,5.9,Northern pike,16686,466,-22.56,8.77,3.26,-29.92125,1.97375,-21.29714286,0.82,-22,0.08,4.3
Johnston,49.97,-90.77,Sturgeon,N.Ontario,2016,7,5,5.9,Northern pike,16687,451,-24.44,8.68,3.23,-29.92125,1.97375,-21.29714286,0.82,-23.9,0.3,4.2
Johnston,49.97,-90.77,Sturgeon,N.Ontario,2016,7,4,5.9,Walleye,16703,673,-26.04,10.17,3.27,-29.92125,1.97375,-21.29714286,0.82,-25.5,0.49,4.6
Johnston,49.97,-90.77,Sturgeon,N.Ontario,2016,7,3,5.9,Walleye,16695,667,-25.1,10.21,3.23,-29.92125,1.97375,-21.29714286,0.82,-24.6,0.38,4.6
Johnston,49.97,-90.77,Sturgeon,N.Ontario,2016,7,4,5.9,Walleye,16697,624,-26.37,9.58,3.29,-29.92125,1.97375,-21.29714286,0.82,-25.7,0.51,4.4
Johnston,49.97,-90.77,Sturgeon,N.Ontario,2016,7,4,5.9,Walleye,16696,601,-25.93,9.55,3.22,-29.92125,1.97375,-21.29714286,0.82,-25.4,0.48,4.4
Johnston,49.97,-90.77,Sturgeon,N.Ontario,2016,7,4,5.9,Walleye,16704,594,-25.7,9.52,3.17,-29.92125,1.97375,-21.29714286,0.82,-25.3,0.46,4.4
Johnston,49.97,-90.77,Sturgeon,N.Ontario,2016,7,4,5.9,Walleye,16698,591,-23.62,9.91,3.2,-29.92125,1.97375,-21.29714286,0.82,-23.2,0.22,4.6
Johnston,49.97,-90.77,Sturgeon,N.Ontario,2016,7,4,5.9,Walleye,16702,590,-26.4,9.51,3.42,-29.92125,1.97375,-21.29714286,0.82,-25.5,0.49,4.4
Johnston,49.97,-90.77,Sturgeon,N.Ontario,2016,7,4,5.9,Walleye,16706,577,-26.12,9.71,3.38,-29.92125,1.97375,-21.29714286,0.82,-25.3,0.46,4.5
Johnston,49.97,-90.77,Sturgeon,N.Ontario,2016,7,3,5.9,Walleye,16694,576,-25.75,9.67,3.28,-29.92125,1.97375,-21.29714286,0.82,-25.1,0.44,4.5
Johnston,49.97,-90.77,Sturgeon,N.Ontario,2016,7,3,5.9,Walleye,16693,533,-25.68,9.93,3.21,-29.92125,1.97375,-21.29714286,0.82,-25.2,0.45,4.5
Johnston,49.97,-90.77,Sturgeon,N.Ontario,2016,7,4,5.9,Walleye,16707,526,-25.61,9.42,3.17,-29.92125,1.97375,-21.29714286,0.82,-25.2,0.45,4.4
Johnston,49.97,-90.77,Sturgeon,N.Ontario,2016,7,4,5.9,Walleye,16700,488,-26.47,9.58,3.35,-29.92125,1.97375,-21.29714286,0.82,-25.7,0.51,4.4
Johnston,49.97,-90.77,Sturgeon,N.Ontario,2016,7,4,5.9,Walleye,16705,470,-25.95,9.21,3.23,-29.92125,1.97375,-21.29714286,0.82,-25.4,0.48,4.3
Johnston,49.97,-90.77,Sturgeon,N.Ontario,2016,7,5,5.9,Walleye,16708,408,-26.64,8.93,3.21,-29.92125,1.97375,-21.29714286,0.82,-26.2,0.57,4.2
Johnston,49.97,-90.77,Sturgeon,N.Ontario,2016,7,6,5.9,Walleye,16691,394,-25.95,8.82,3.25,-29.92125,1.97375,-21.29714286,0.82,-25.4,0.48,4.2
Johnston,49.97,-90.77,Sturgeon,N.Ontario,2016,7,4,5.9,Walleye,16701,241,-26.1,8.07,3.16,-29.92125,1.97375,-21.29714286,0.82,-25.7,0.51,4
Johnston,49.97,-90.77,Sturgeon,N.Ontario,2016,7,4,5.9,Walleye,16699,227,-26.01,8.35,3.23,-29.92125,1.97375,-21.29714286,0.82,-25.5,0.49,4
Johnston,51.33,-90.96,Wright,N.Ontario,2012,NA,NA,12.3,Northern pike,9647,975,-22.56,10.35,3.18,-30.247,3.699,-20.682,2.748,-22.2,0.16,4.2
Johnston,51.33,-90.96,Wright,N.Ontario,2012,NA,NA,12.3,Northern pike,9641,855,-24.86,10.83,3.21,-30.247,3.699,-20.682,2.748,-24.4,0.39,4.3
Johnston,51.33,-90.96,Wright,N.Ontario,2012,NA,NA,12.3,Northern pike,9643,837,-25.69,10.59,3.24,-30.247,3.699,-20.682,2.748,-25.2,0.47,4.2
Johnston,51.33,-90.96,Wright,N.Ontario,2012,NA,NA,12.3,Northern pike,9645,673,-27.13,10.76,3.17,-30.247,3.699,-20.682,2.748,-26.8,0.64,4.2
Johnston,51.33,-90.96,Wright,N.Ontario,2012,NA,NA,12.3,Northern pike,9638,602,-26.2,10.68,3.23,-30.247,3.699,-20.682,2.748,-25.7,0.52,4.2
Johnston,51.33,-90.96,Wright,N.Ontario,2012,NA,NA,12.3,Northern pike,9639,576,-26.08,10.75,3.22,-30.247,3.699,-20.682,2.748,-25.6,0.51,4.2
Johnston,51.33,-90.96,Wright,N.Ontario,2012,NA,NA,12.3,Northern pike,9644,572,-26.39,10.21,3.2,-30.247,3.699,-20.682,2.748,-25.9,0.55,4
Johnston,51.33,-90.96,Wright,N.Ontario,2012,NA,NA,12.3,Northern pike,9646,536,-26.4,10.23,3.25,-30.247,3.699,-20.682,2.748,-25.9,0.55,4
Johnston,51.33,-90.96,Wright,N.Ontario,2012,NA,NA,12.3,Northern pike,9640,502,-26.66,11.31,3.18,-30.247,3.699,-20.682,2.748,-26.3,0.59,4.4
Johnston,51.33,-90.96,Wright,N.Ontario,2012,NA,NA,12.3,Northern pike,9642,500,-25.47,9.61,3.17,-30.247,3.699,-20.682,2.748,-25.1,0.46,3.9
Johnston,51.33,-90.96,Wright,N.Ontario,2012,NA,NA,12.3,Walleye,9652,625,-26.33,11.28,3.2,-30.247,3.699,-20.682,2.748,-25.9,0.55,4.4
Johnston,51.33,-90.96,Wright,N.Ontario,2012,NA,NA,12.3,Walleye,9656,579,-24.23,10.49,3.22,-30.247,3.699,-20.682,2.748,-23.7,0.32,4.2
Johnston,51.33,-90.96,Wright,N.Ontario,2012,NA,NA,12.3,Walleye,9648,558,-27.4,11.66,3.2,-30.247,3.699,-20.682,2.748,-27,0.66,4.4
Johnston,51.33,-90.96,Wright,N.Ontario,2012,NA,NA,12.3,Walleye,9657,497,-25.24,10.8,3.22,-30.247,3.699,-20.682,2.748,-24.8,0.43,4.2
Johnston,51.33,-90.96,Wright,N.Ontario,2012,NA,NA,12.3,Walleye,9650,485,-26.49,11.59,3.2,-30.247,3.699,-20.682,2.748,-26,0.56,4.4
Johnston,51.33,-90.96,Wright,N.Ontario,2012,NA,NA,12.3,Walleye,9649,484,-25.05,10.95,3.18,-30.247,3.699,-20.682,2.748,-24.6,0.41,4.3
Johnston,51.33,-90.96,Wright,N.Ontario,2012,NA,NA,12.3,Walleye,9651,425,-23.77,9.93,3.17,-30.247,3.699,-20.682,2.748,-23.4,0.28,4
Johnston,51.33,-90.96,Wright,N.Ontario,2012,NA,NA,12.3,Walleye,9655,371,-26.14,10.6,3.21,-30.247,3.699,-20.682,2.748,-25.7,0.52,4.2
Johnston,51.33,-90.96,Wright,N.Ontario,2012,NA,NA,12.3,Walleye,9653,264,-25.76,10.13,3.22,-30.247,3.699,-20.682,2.748,-25.3,0.48,4
Johnston,51.33,-90.96,Wright,N.Ontario,2012,NA,NA,12.3,Walleye,9654,226,-26.06,10.19,3.18,-30.247,3.699,-20.682,2.748,-25.7,0.52,4
Johnston,47.77,-80.65,Shillington,N.Ontario,2015,6,13,7.3,Northern pike,15551,943,-29.65,12.23,3.15,-32.213,3.607,-19.98555556,1.538888889,-29.3,0.76,4.7
Johnston,47.77,-80.65,Shillington,N.Ontario,2011,NA,NA,7.1,Northern pike,7098,815,-29.71,12.49,3.25,-32.213,3.607,-19.98555556,1.538888889,-29.2,0.75,4.8
Johnston,47.77,-80.65,Shillington,N.Ontario,2015,6,13,7.3,Northern pike,15550,771,-31,11.67,3.14,-32.213,3.607,-19.98555556,1.538888889,-30.7,0.88,4.4
Johnston,47.77,-80.65,Shillington,N.Ontario,2011,NA,NA,7.1,Northern pike,7092,700,-31.41,11.02,3.19,-32.213,3.607,-19.98555556,1.538888889,-31,0.9,4.2
Johnston,47.77,-80.65,Shillington,N.Ontario,2011,NA,NA,7.1,Northern pike,7093,640,-30.72,10.87,3.22,-32.213,3.607,-19.98555556,1.538888889,-30.2,0.84,4.2
Johnston,47.77,-80.65,Shillington,N.Ontario,2015,6,13,7.3,Northern pike,15552,620,-29.2,10.52,3.1,-32.213,3.607,-19.98555556,1.538888889,-29,0.74,4.2
Johnston,47.77,-80.65,Shillington,N.Ontario,2011,NA,NA,7.1,Northern pike,7095,594,-29.96,10.66,3.23,-32.213,3.607,-19.98555556,1.538888889,-29.5,0.78,4.2
Johnston,47.77,-80.65,Shillington,N.Ontario,2011,NA,NA,7.1,Northern pike,7096,586,-27.73,10.64,3.17,-32.213,3.607,-19.98555556,1.538888889,-27.4,0.61,4.3
Johnston,47.77,-80.65,Shillington,N.Ontario,2011,NA,NA,7.1,Northern pike,7099,555,-28.25,10.17,3.22,-32.213,3.607,-19.98555556,1.538888889,-27.8,0.64,4.1
Johnston,47.77,-80.65,Shillington,N.Ontario,2015,6,13,7.3,Northern pike,15553,549,-29.6,9.83,3.2,-32.213,3.607,-19.98555556,1.538888889,-29.2,0.75,4
Johnston,47.77,-80.65,Shillington,N.Ontario,2011,NA,NA,7.1,Northern pike,7097,520,-27.32,9.94,3.12,-32.213,3.607,-19.98555556,1.538888889,-27.1,0.58,4.1
Johnston,47.77,-80.65,Shillington,N.Ontario,2011,NA,NA,7.1,Northern pike,7094,465,-28.93,10.06,3.17,-32.213,3.607,-19.98555556,1.538888889,-28.6,0.7,4.1
Johnston,47.77,-80.65,Shillington,N.Ontario,2011,NA,NA,7.1,Black bass,7122,483,-29.03,10.12,3.51,-32.213,3.607,-19.98555556,1.538888889,-28,0.66,4.1
Johnston,47.77,-80.65,Shillington,N.Ontario,2011,NA,NA,7.1,Black bass,7114,470,-24.32,9.23,3.25,-32.213,3.607,-19.98555556,1.538888889,-23.8,0.31,4.1
Johnston,47.77,-80.65,Shillington,N.Ontario,2011,NA,NA,7.1,Black bass,7109,466,-28.69,9.89,3.25,-32.213,3.607,-19.98555556,1.538888889,-28.1,0.66,4.1
Johnston,47.77,-80.65,Shillington,N.Ontario,2011,NA,NA,7.1,Black bass,7111,454,-28.08,9.84,3.42,-32.213,3.607,-19.98555556,1.538888889,-27.2,0.59,4.1
Johnston,47.77,-80.65,Shillington,N.Ontario,2011,NA,NA,7.1,Black bass,7113,454,-28.77,9.98,3.37,-32.213,3.607,-19.98555556,1.538888889,-28,0.66,4.1
Johnston,47.77,-80.65,Shillington,N.Ontario,2011,NA,NA,7.1,Black bass,7116,451,-27.27,9.34,3.33,-32.213,3.607,-19.98555556,1.538888889,-26.6,0.54,4
Johnston,47.77,-80.65,Shillington,N.Ontario,2011,NA,NA,7.1,Black bass,7108,440,-28.72,9.81,3.64,-32.213,3.607,-19.98555556,1.538888889,-27.5,0.61,4.1
Johnston,47.77,-80.65,Shillington,N.Ontario,2011,NA,NA,7.1,Black bass,7106,422,-27.94,9.62,3.34,-32.213,3.607,-19.98555556,1.538888889,-27.2,0.59,4
Johnston,47.77,-80.65,Shillington,N.Ontario,2011,NA,NA,7.1,Black bass,7112,410,-28.95,9.68,3.35,-32.213,3.607,-19.98555556,1.538888889,-28.2,0.67,4
Johnston,47.77,-80.65,Shillington,N.Ontario,2011,NA,NA,7.1,Black bass,7115,407,-28.69,12.28,3.38,-32.213,3.607,-19.98555556,1.538888889,-27.9,0.65,4.8
Johnston,47.77,-80.65,Shillington,N.Ontario,2011,NA,NA,7.1,Black bass,7124,390,-28.84,9.7,3.25,-32.213,3.607,-19.98555556,1.538888889,-28.3,0.68,4
Johnston,47.77,-80.65,Shillington,N.Ontario,2011,NA,NA,7.1,Black bass,7107,388,-29.08,9.59,3.36,-32.213,3.607,-19.98555556,1.538888889,-28.3,0.68,4
Johnston,47.77,-80.65,Shillington,N.Ontario,2011,NA,NA,7.1,Black bass,7118,365,-26.07,9.22,3.46,-32.213,3.607,-19.98555556,1.538888889,-25.1,0.42,4
Johnston,47.77,-80.65,Shillington,N.Ontario,2011,NA,NA,7.1,Black bass,7117,357,-26.43,9.37,3.28,-32.213,3.607,-19.98555556,1.538888889,-25.8,0.48,4
Johnston,47.77,-80.65,Shillington,N.Ontario,2011,NA,NA,7.1,Black bass,7110,353,-28.36,9.36,3.29,-32.213,3.607,-19.98555556,1.538888889,-27.7,0.63,3.9
Johnston,47.77,-80.65,Shillington,N.Ontario,2011,NA,NA,7.1,Black bass,7120,336,-26.91,9.33,3.35,-32.213,3.607,-19.98555556,1.538888889,-26.2,0.51,4
Johnston,47.77,-80.65,Shillington,N.Ontario,2011,NA,NA,7.1,Black bass,7121,331,-26.79,9.22,3.3,-32.213,3.607,-19.98555556,1.538888889,-26.1,0.5,4
Johnston,47.77,-80.65,Shillington,N.Ontario,2011,NA,NA,7.1,Black bass,7123,319,-26.94,8.69,3.23,-32.213,3.607,-19.98555556,1.538888889,-26.4,0.52,3.8
Johnston,47.77,-80.65,Shillington,N.Ontario,2011,NA,NA,7.1,Black bass,7119,310,-27.49,9.06,3.27,-32.213,3.607,-19.98555556,1.538888889,-26.9,0.57,3.9
Johnston,47.77,-80.65,Shillington,N.Ontario,2011,NA,NA,7.1,Black bass,7125,152,-29.52,8.34,3.52,-32.213,3.607,-19.98555556,1.538888889,-28.5,0.7,3.6
Johnston,47.77,-80.65,Shillington,N.Ontario,2011,NA,NA,7.1,Walleye,7137,711,-29.85,12.45,3.3,-32.213,3.607,-19.98555556,1.538888889,-29.2,0.75,4.8
Johnston,47.77,-80.65,Shillington,N.Ontario,2011,NA,NA,7.1,Walleye,7140,695,-28.88,10.87,3.31,-32.213,3.607,-19.98555556,1.538888889,-28.2,0.67,4.3
Johnston,47.77,-80.65,Shillington,N.Ontario,2011,NA,NA,7.1,Walleye,7130,689,-29.58,12.31,3.28,-32.213,3.607,-19.98555556,1.538888889,-29,0.74,4.7
Johnston,47.77,-80.65,Shillington,N.Ontario,2011,NA,NA,7.1,Walleye,7131,667,-27.43,12.47,3.14,-32.213,3.607,-19.98555556,1.538888889,-27.1,0.58,4.9
Johnston,47.77,-80.65,Shillington,N.Ontario,2011,NA,NA,7.1,Walleye,7129,657,-29.2,11.24,3.3,-32.213,3.607,-19.98555556,1.538888889,-28.6,0.7,4.4
Johnston,47.77,-80.65,Shillington,N.Ontario,2011,NA,NA,7.1,Walleye,7128,570,-30.79,11.2,3.29,-32.213,3.607,-19.98555556,1.538888889,-30.2,0.84,4.3
Johnston,47.77,-80.65,Shillington,N.Ontario,2015,6,13,7.3,Walleye,15556,568,-29.5,10.94,3.17,-32.213,3.607,-19.98555556,1.538888889,-29.1,0.75,4.3
Johnston,47.77,-80.65,Shillington,N.Ontario,2011,NA,NA,7.1,Walleye,7136,466,-26.67,10.11,3.17,-32.213,3.607,-19.98555556,1.538888889,-26.3,0.52,4.2
Johnston,47.77,-80.65,Shillington,N.Ontario,2011,NA,NA,7.1,Walleye,7126,425,-28.84,10.44,3.25,-32.213,3.607,-19.98555556,1.538888889,-28.3,0.68,4.2
Johnston,47.77,-80.65,Shillington,N.Ontario,2011,NA,NA,7.1,Walleye,7132,408,-30.43,10.76,3.25,-32.213,3.607,-19.98555556,1.538888889,-29.9,0.81,4.2
Johnston,47.77,-80.65,Shillington,N.Ontario,2011,NA,NA,7.1,Walleye,7143,405,-28.8,9.75,3.22,-32.213,3.607,-19.98555556,1.538888889,-28.3,0.68,4
Johnston,47.77,-80.65,Shillington,N.Ontario,2011,NA,NA,7.1,Walleye,7144,399,-29.65,10.73,3.31,-32.213,3.607,-19.98555556,1.538888889,-29,0.74,4.3
Johnston,47.77,-80.65,Shillington,N.Ontario,2015,6,13,7.3,Walleye,15554,379,-29.24,10.92,3.18,-32.213,3.607,-19.98555556,1.538888889,-28.8,0.72,4.3
Johnston,47.77,-80.65,Shillington,N.Ontario,2011,NA,NA,7.1,Walleye,7127,372,-29.73,10.24,3.16,-32.213,3.607,-19.98555556,1.538888889,-29.4,0.77,4.1
Johnston,47.77,-80.65,Shillington,N.Ontario,2011,NA,NA,7.1,Walleye,7134,365,-29.64,9.95,3.2,-32.213,3.607,-19.98555556,1.538888889,-29.2,0.75,4
Johnston,47.77,-80.65,Shillington,N.Ontario,2011,NA,NA,7.1,Walleye,7133,360,-28.5,10.81,3.15,-32.213,3.607,-19.98555556,1.538888889,-28.2,0.67,4.3
Johnston,47.77,-80.65,Shillington,N.Ontario,2011,NA,NA,7.1,Walleye,7141,340,-28.27,9.61,3.15,-32.213,3.607,-19.98555556,1.538888889,-27.9,0.65,4
Johnston,47.77,-80.65,Shillington,N.Ontario,2011,NA,NA,7.1,Walleye,7138,322,-30.74,10.07,3.19,-32.213,3.607,-19.98555556,1.538888889,-30.3,0.84,4
Johnston,47.77,-80.65,Shillington,N.Ontario,2011,NA,NA,7.1,Walleye,7142,319,-29.49,9.96,3.24,-32.213,3.607,-19.98555556,1.538888889,-29,0.74,4
Johnston,47.77,-80.65,Shillington,N.Ontario,2015,6,13,7.3,Walleye,15555,260,-29.52,10.54,3.23,-32.213,3.607,-19.98555556,1.538888889,-29,0.74,4.2
Johnston,47.77,-80.65,Shillington,N.Ontario,2011,NA,NA,7.1,Walleye,7135,202,-30.95,8.26,3.23,-32.213,3.607,-19.98555556,1.538888889,-30.4,0.85,3.5
Johnston,47.77,-80.65,Shillington,N.Ontario,2011,NA,NA,7.1,Walleye,7145,201,-29.88,8.05,3.25,-32.213,3.607,-19.98555556,1.538888889,-29.3,0.76,3.5
Johnston,47.77,-80.65,Shillington,N.Ontario,2011,NA,NA,7.1,Walleye,7139,185,-30.06,8.46,3.18,-32.213,3.607,-19.98555556,1.538888889,-29.7,0.79,3.6
Johnston,46.28,-80,Nipissing,N.Ontario,2014,8,29,5.4,Walleye,12933,294,-26.61,11.18,3.27,-28.29,4.38,-19.81,3.8,-26,0.73,4
Johnston,46.28,-80,Nipissing,N.Ontario,2014,7,17,5.4,Walleye,12836,270,-25.6,11.12,3.17,-28.29,4.38,-19.81,3.8,-25.2,0.64,4
Johnston,46.28,-80,Nipissing,N.Ontario,2014,7,17,5.4,Walleye,12835,267,-25.3,11.22,3.22,-28.29,4.38,-19.81,3.8,-24.8,0.59,4.1
Johnston,46.28,-80,Nipissing,N.Ontario,2014,8,29,5.4,Walleye,12932,265,-27.18,10.72,3.26,-28.29,4.38,-19.81,3.8,-26.6,0.8,3.9
Johnston,46.28,-80,Nipissing,N.Ontario,2014,8,29,5.4,Walleye,12930,240,-27.1,10.33,3.21,-28.29,4.38,-19.81,3.8,-26.6,0.8,3.8
Johnston,46.28,-80,Nipissing,N.Ontario,2014,8,29,5.4,Walleye,12939,227,-26.52,10.88,3.2,-28.29,4.38,-19.81,3.8,-26.1,0.74,4
Johnston,46.28,-80,Nipissing,N.Ontario,2014,8,26,5.4,Walleye,12925,225,-24.81,10.41,3.21,-28.29,4.38,-19.81,3.8,-24.3,0.53,3.9
Johnston,46.28,-80,Nipissing,N.Ontario,2014,8,29,5.4,Walleye,12931,225,-26.75,10.46,3.23,-28.29,4.38,-19.81,3.8,-26.2,0.75,3.8
Johnston,46.28,-80,Nipissing,N.Ontario,2014,9,10,5.4,Walleye,12995,219,-24.47,10.41,3.19,-28.29,4.38,-19.81,3.8,-24,0.49,3.9
Johnston,46.28,-80,Nipissing,N.Ontario,2014,8,26,5.4,Walleye,12923,210,-25.19,10.3,3.23,-28.29,4.38,-19.81,3.8,-24.7,0.58,3.8
Johnston,46.28,-80,Nipissing,N.Ontario,2014,8,26,5.4,Walleye,12924,208,-25.45,10.34,3.19,-28.29,4.38,-19.81,3.8,-25,0.61,3.8
Johnston,46.28,-80,Nipissing,N.Ontario,2014,8,29,5.4,Walleye,12929,205,-26.47,10.67,3.23,-28.29,4.38,-19.81,3.8,-26,0.73,3.9
Johnston,46.28,-80,Nipissing,N.Ontario,2014,7,17,5.4,Walleye,12833,202,-26.3,10.75,3.2,-28.29,4.38,-19.81,3.8,-25.9,0.72,3.9
Johnston,46.28,-80,Nipissing,N.Ontario,2014,7,17,5.4,Walleye,12834,194,-25.96,10.82,3.21,-28.29,4.38,-19.81,3.8,-25.5,0.67,4
Johnston,46.28,-80,Nipissing,N.Ontario,2014,7,17,5.4,Walleye,12831,192,-25.83,10.66,3.2,-28.29,4.38,-19.81,3.8,-25.4,0.66,3.9
Johnston,46.28,-80,Nipissing,N.Ontario,2014,7,17,5.4,Walleye,12830,180,-26.43,10.78,3.21,-28.29,4.38,-19.81,3.8,-26,0.73,3.9
Johnston,46.28,-80,Nipissing,N.Ontario,2014,7,17,5.4,Walleye,12832,177,-23.62,10.65,3.22,-28.29,4.38,-19.81,3.8,-23.1,0.39,3.9
Johnston,46.28,-80,Nipissing,N.Ontario,2014,9,10,5.4,Walleye,12993,153,-25.09,9.97,3.22,-28.29,4.38,-19.81,3.8,-24.6,0.56,3.7
Johnston,46.28,-80,Nipissing,N.Ontario,2014,9,10,5.4,Walleye,12994,152,-25.48,10.05,3.24,-28.29,4.38,-19.81,3.8,-25,0.61,3.7
Johnston,46.28,-80,Nipissing,N.Ontario,2014,9,10,5.4,Walleye,12990,152,-25.71,10.06,3.23,-28.29,4.38,-19.81,3.8,-25.2,0.64,3.7
Johnston,46.28,-80,Nipissing,N.Ontario,2014,9,10,5.4,Walleye,12988,151,-24.91,10.23,3.22,-28.29,4.38,-19.81,3.8,-24.4,0.54,3.8
Johnston,46.28,-80,Nipissing,N.Ontario,2014,8,26,5.4,Walleye,12921,151,-25.64,9.52,3.25,-28.29,4.38,-19.81,3.8,-25.1,0.62,3.6
Johnston,46.28,-80,Nipissing,N.Ontario,2014,9,10,5.4,Walleye,12992,150,-25.51,10.15,3.19,-28.29,4.38,-19.81,3.8,-25.1,0.62,3.8
Johnston,46.28,-80,Nipissing,N.Ontario,2014,8,26,5.4,Walleye,12922,149,-25.05,9.45,3.27,-28.29,4.38,-19.81,3.8,-24.5,0.55,3.6
Johnston,46.28,-80,Nipissing,N.Ontario,2014,9,10,5.4,Walleye,12991,149,-25.78,10.27,3.22,-28.29,4.38,-19.81,3.8,-25.3,0.65,3.8
Johnston,46.28,-80,Nipissing,N.Ontario,2014,8,29,5.4,Walleye,12928,144,-27.52,10,3.25,-28.29,4.38,-19.81,3.8,-27,0.85,3.7
Johnston,46.28,-80,Nipissing,N.Ontario,2014,8,26,5.4,Walleye,12920,142,-25.85,9.93,3.27,-28.29,4.38,-19.81,3.8,-25.3,0.65,3.7
Johnston,46.28,-80,Nipissing,N.Ontario,2014,8,26,5.4,Walleye,12919,141,-25.03,9.81,3.28,-28.29,4.38,-19.81,3.8,-24.4,0.54,3.7
Johnston,46.28,-80,Nipissing,N.Ontario,2014,9,10,5.4,Walleye,12989,140,-25.82,10.63,3.22,-28.29,4.38,-19.81,3.8,-25.3,0.65,3.9
Johnston,46.28,-80,Nipissing,N.Ontario,2014,8,26,5.4,Walleye,12917,136,-25.94,9.99,3.27,-28.29,4.38,-19.81,3.8,-25.4,0.66,3.7
Johnston,46.28,-80,Nipissing,N.Ontario,2014,8,26,5.4,Walleye,12918,132,-25.72,9.56,3.26,-28.29,4.38,-19.81,3.8,-25.2,0.64,3.6
Johnston,46.28,-80,Nipissing,N.Ontario,2014,8,26,5.4,Walleye,12916,129,-25.11,9.52,3.23,-28.29,4.38,-19.81,3.8,-24.6,0.56,3.6
Johnston,46.28,-80,Nipissing,N.Ontario,2014,8,29,5.4,Walleye,12937,129,-26.08,10.04,3.25,-28.29,4.38,-19.81,3.8,-25.5,0.67,3.7
Johnston,46.28,-80,Nipissing,N.Ontario,2014,8,29,5.4,Walleye,12926,125,-25.9,9.52,3.26,-28.29,4.38,-19.81,3.8,-25.3,0.65,3.6
Johnston,46.28,-80,Nipissing,N.Ontario,2014,8,29,5.4,Walleye,12936,125,-26.68,10.33,3.26,-28.29,4.38,-19.81,3.8,-26.1,0.74,3.8
Johnston,46.28,-80,Nipissing,N.Ontario,2014,8,29,5.4,Walleye,12927,125,-27.13,10.17,3.3,-28.29,4.38,-19.81,3.8,-26.5,0.79,3.7
Johnston,46.28,-80,Nipissing,N.Ontario,2014,8,29,5.4,Walleye,12934,124,-26.58,10.38,3.29,-28.29,4.38,-19.81,3.8,-26,0.73,3.8
Johnston,46.28,-80,Nipissing,N.Ontario,2014,8,29,5.4,Walleye,12935,123,-26.06,10.2,3.3,-28.29,4.38,-19.81,3.8,-25.4,0.66,3.8
Johnston,46.28,-80,Nipissing,N.Ontario,2014,8,29,5.4,Walleye,12938,117,-26.63,10.23,3.27,-28.29,4.38,-19.81,3.8,-26,0.73,3.8
Johnston,46.28,-80,Nipissing,N.Ontario,2014,9,10,5.4,Yellow perch,12947,208,-24.07,9.62,3.2,-28.29,4.38,-19.81,3.8,-23.6,0.45,3.6
Johnston,46.28,-80,Nipissing,N.Ontario,2014,7,17,5.4,Yellow perch,12773,190,-25.12,10.38,3.31,-28.29,4.38,-19.81,3.8,-24.5,0.55,3.8
Johnston,46.28,-80,Nipissing,N.Ontario,2014,7,30,5.4,Yellow perch,12783,180,-23.13,10.01,3.25,-28.29,4.38,-19.81,3.8,-22.6,0.33,3.8
Johnston,46.28,-80,Nipissing,N.Ontario,2014,7,23,5.4,Yellow perch,12793,180,-22.03,9.65,3.28,-28.29,4.38,-19.81,3.8,-21.4,0.19,3.7
Johnston,46.28,-80,Nipissing,N.Ontario,2014,7,17,5.4,Yellow perch,12772,174,-24.16,10.1,3.3,-28.29,4.38,-19.81,3.8,-23.5,0.44,3.8
Johnston,46.28,-80,Nipissing,N.Ontario,2014,6,17,5.4,Yellow perch,11480,172.69,-24.92,10.26,3.12,-28.29,4.38,-19.81,3.8,-24.7,0.58,3.8
Johnston,46.28,-80,Nipissing,N.Ontario,2014,9,10,5.4,Yellow perch,12946,170,-23.21,9.14,3.24,-28.29,4.38,-19.81,3.8,-22.7,0.34,3.5
Johnston,46.28,-80,Nipissing,N.Ontario,2014,9,10,5.4,Yellow perch,12960,168,-25.97,10.39,3.22,-28.29,4.38,-19.81,3.8,-25.5,0.67,3.8
Johnston,46.28,-80,Nipissing,N.Ontario,2014,9,10,5.4,Yellow perch,12962,165,-25.19,9.18,3.21,-28.29,4.38,-19.81,3.8,-24.7,0.58,3.5
Johnston,46.28,-80,Nipissing,N.Ontario,2014,9,10,5.4,Yellow perch,12961,159,-25.34,9.76,3.22,-28.29,4.38,-19.81,3.8,-24.9,0.6,3.7
Johnston,46.28,-80,Nipissing,N.Ontario,2014,8,29,5.4,Yellow perch,12856,158,-26.09,9.94,3.25,-28.29,4.38,-19.81,3.8,-25.5,0.67,3.7
Johnston,46.28,-80,Nipissing,N.Ontario,2014,7,17,5.4,Yellow perch,12771,157,-26.34,10.84,3.28,-28.29,4.38,-19.81,3.8,-25.7,0.69,4
Johnston,46.28,-80,Nipissing,N.Ontario,2014,8,29,5.4,Yellow perch,12855,157,-26.64,10.06,3.24,-28.29,4.38,-19.81,3.8,-26.1,0.74,3.7
Johnston,46.28,-80,Nipissing,N.Ontario,2014,8,29,5.4,Yellow perch,12864,156,-28.69,8.89,3.21,-28.29,4.38,-19.81,3.8,-28.2,0.99,3.3
Johnston,46.28,-80,Nipissing,N.Ontario,2014,9,10,5.4,Yellow perch,12945,154,-21.77,9.23,3.22,-28.29,4.38,-19.81,3.8,-21.3,0.18,3.6
Johnston,46.28,-80,Nipissing,N.Ontario,2014,8,29,5.4,Yellow perch,12863,152,-25.74,9.69,3.18,-28.29,4.38,-19.81,3.8,-25.3,0.65,3.6
Johnston,46.28,-80,Nipissing,N.Ontario,2014,9,10,5.4,Yellow perch,12942,147,-24.31,9.74,3.21,-28.29,4.38,-19.81,3.8,-23.8,0.47,3.7
Johnston,46.28,-80,Nipissing,N.Ontario,2014,9,4,5.4,Yellow perch,12955,147,-25.43,10.39,3.19,-28.29,4.38,-19.81,3.8,-25,0.61,3.8
Johnston,46.28,-80,Nipissing,N.Ontario,2014,9,10,5.4,Yellow perch,12944,146,-23.74,8.89,3.23,-28.29,4.38,-19.81,3.8,-23.2,0.4,3.4
Johnston,46.28,-80,Nipissing,N.Ontario,2014,6,17,5.4,Yellow perch,11484,143.35,-24.3,9.98,3.15,-28.29,4.38,-19.81,3.8,-24,0.49,3.7
Johnston,46.28,-80,Nipissing,N.Ontario,2014,9,10,5.4,Yellow perch,12941,143,-20.84,7.03,3.22,-28.29,4.38,-19.81,3.8,-20.4,0.07,2.9
Johnston,46.28,-80,Nipissing,N.Ontario,2014,7,30,5.4,Yellow perch,12782,142,-22.13,8.7,3.25,-28.29,4.38,-19.81,3.8,-21.6,0.21,3.4
Johnston,46.28,-80,Nipissing,N.Ontario,2014,7,17,5.4,Yellow perch,12769,140,-24.53,9.99,3.43,-28.29,4.38,-19.81,3.8,-23.6,0.45,3.7
Johnston,46.28,-80,Nipissing,N.Ontario,2014,8,29,5.4,Yellow perch,12854,140,-26.7,10.44,3.25,-28.29,4.38,-19.81,3.8,-26.2,0.75,3.8
Johnston,46.28,-80,Nipissing,N.Ontario,2014,9,10,5.4,Yellow perch,12943,140,-21.36,8.34,3.21,-28.29,4.38,-19.81,3.8,-20.9,0.13,3.3
Johnston,46.28,-80,Nipissing,N.Ontario,2014,7,17,5.4,Yellow perch,12770,137,-26.57,10.28,3.28,-28.29,4.38,-19.81,3.8,-26,0.73,3.8
Johnston,46.28,-80,Nipissing,N.Ontario,2014,8,29,5.4,Yellow perch,12853,137,-26.8,10.6,3.23,-28.29,4.38,-19.81,3.8,-26.3,0.77,3.9
Johnston,46.28,-80,Nipissing,N.Ontario,2014,6,17,5.4,Yellow perch,11482,133.92,-25.37,9.71,3.11,-28.29,4.38,-19.81,3.8,-25.1,0.62,3.6
Johnston,46.28,-80,Nipissing,N.Ontario,2014,9,10,5.4,Yellow perch,12959,133,-24.82,9.13,3.22,-28.29,4.38,-19.81,3.8,-24.3,0.53,3.5
Johnston,46.28,-80,Nipissing,N.Ontario,2014,7,17,5.4,Yellow perch,12767,130,-26.38,10.07,3.32,-28.29,4.38,-19.81,3.8,-25.7,0.69,3.7
Johnston,46.28,-80,Nipissing,N.Ontario,2014,8,29,5.4,Yellow perch,12852,130,-26.53,9.85,3.23,-28.29,4.38,-19.81,3.8,-26,0.73,3.7
Johnston,46.28,-80,Nipissing,N.Ontario,2014,9,10,5.4,Yellow perch,12958,128,-25.46,9.69,3.22,-28.29,4.38,-19.81,3.8,-25,0.61,3.6
Johnston,46.28,-80,Nipissing,N.Ontario,2014,6,17,5.4,Yellow perch,11485,127.63,-24.73,9.12,3.13,-28.29,4.38,-19.81,3.8,-24.4,0.54,3.5
Johnston,46.28,-80,Nipissing,N.Ontario,2014,7,17,5.4,Yellow perch,12765,126,-26.03,10.26,3.3,-28.29,4.38,-19.81,3.8,-25.4,0.66,3.8
Johnston,46.28,-80,Nipissing,N.Ontario,2014,8,29,5.4,Yellow perch,12849,126,-26.32,9.9,3.19,-28.29,4.38,-19.81,3.8,-25.9,0.72,3.7
Johnston,46.28,-80,Nipissing,N.Ontario,2014,6,10,5.4,Yellow perch,11456,125.53,-26.54,10.7,3.28,-28.29,4.38,-19.81,3.8,-25.9,0.72,3.9
Johnston,46.28,-80,Nipissing,N.Ontario,2014,9,4,5.4,Yellow perch,12953,125,-26.79,9.58,3.24,-28.29,4.38,-19.81,3.8,-26.3,0.77,3.6
Johnston,46.28,-80,Nipissing,N.Ontario,2014,7,17,5.4,Yellow perch,12768,124,-26.7,9.86,3.32,-28.29,4.38,-19.81,3.8,-26,0.73,3.7
Johnston,46.28,-80,Nipissing,N.Ontario,2014,8,29,5.4,Yellow perch,12862,124,-25.51,8.44,3.18,-28.29,4.38,-19.81,3.8,-25.1,0.62,3.3
Johnston,46.28,-80,Nipissing,N.Ontario,2014,9,4,5.4,Yellow perch,12954,124,-26.78,10.2,3.21,-28.29,4.38,-19.81,3.8,-26.3,0.77,3.8
Johnston,46.28,-80,Nipissing,N.Ontario,2014,9,10,5.4,Yellow perch,12940,123,-20.44,7.3,3.23,-28.29,4.38,-19.81,3.8,-19.9,0.01,3
Johnston,46.28,-80,Nipissing,N.Ontario,2014,6,20,5.4,Yellow perch,11501,122.39,-23.59,10.14,3.2,-28.29,4.38,-19.81,3.8,-23.1,0.39,3.8
Johnston,46.28,-80,Nipissing,N.Ontario,2014,8,29,5.4,Yellow perch,12851,121,-27.48,10.04,3.18,-28.29,4.38,-19.81,3.8,-27.1,0.86,3.7
Johnston,46.28,-80,Nipissing,N.Ontario,2014,6,10,5.4,Yellow perch,11455,120.29,-27.06,10.68,3.22,-28.29,4.38,-19.81,3.8,-26.6,0.8,3.9
Johnston,46.28,-80,Nipissing,N.Ontario,2014,9,4,5.4,Yellow perch,12952,119,-27.56,9.93,3.23,-28.29,4.38,-19.81,3.8,-27.1,0.86,3.7
Johnston,46.28,-80,Nipissing,N.Ontario,2014,6,20,5.4,Yellow perch,11500,118.2,-21.87,8.66,3.15,-28.29,4.38,-19.81,3.8,-21.5,0.2,3.4
Johnston,46.28,-80,Nipissing,N.Ontario,2014,6,10,5.4,Yellow perch,11453,117.15,-26.65,10.51,3.24,-28.29,4.38,-19.81,3.8,-26.1,0.74,3.8
Johnston,46.28,-80,Nipissing,N.Ontario,2014,7,23,5.4,Yellow perch,12791,117,-25.84,9.74,3.31,-28.29,4.38,-19.81,3.8,-25.2,0.64,3.6
Johnston,46.28,-80,Nipissing,N.Ontario,2014,9,4,5.4,Yellow perch,12951,116,-26.62,10.08,3.21,-28.29,4.38,-19.81,3.8,-26.2,0.75,3.7
Johnston,46.28,-80,Nipissing,N.Ontario,2014,6,11,5.4,Yellow perch,11457,114.01,-26.55,11.01,3.36,-28.29,4.38,-19.81,3.8,-25.8,0.71,4
Johnston,46.28,-80,Nipissing,N.Ontario,2014,6,17,5.4,Yellow perch,11481,114.01,-23.84,9.39,3.18,-28.29,4.38,-19.81,3.8,-23.4,0.42,3.6
Johnston,46.28,-80,Nipissing,N.Ontario,2014,8,29,5.4,Yellow perch,12850,112,-27.34,10.06,3.23,-28.29,4.38,-19.81,3.8,-26.8,0.82,3.7
Johnston,46.28,-80,Nipissing,N.Ontario,2014,9,10,5.4,Yellow perch,12957,112,-25.3,9.66,3.25,-28.29,4.38,-19.81,3.8,-24.8,0.59,3.6
Johnston,46.28,-80,Nipissing,N.Ontario,2014,6,17,5.4,Yellow perch,11483,111.91,-25.34,9.4,3.18,-28.29,4.38,-19.81,3.8,-24.9,0.6,3.5
Johnston,46.28,-80,Nipissing,N.Ontario,2014,6,20,5.4,Yellow perch,11498,111.91,-22.95,8.13,3.21,-28.29,4.38,-19.81,3.8,-22.5,0.32,3.2
Johnston,46.28,-80,Nipissing,N.Ontario,2014,7,30,5.4,Yellow perch,12781,111,-25.61,9.44,3.26,-28.29,4.38,-19.81,3.8,-25,0.61,3.6
Johnston,46.28,-80,Nipissing,N.Ontario,2014,7,30,5.4,Yellow perch,12779,110,-24.88,9.16,3.26,-28.29,4.38,-19.81,3.8,-24.3,0.53,3.5
Johnston,46.28,-80,Nipissing,N.Ontario,2014,8,29,5.4,Yellow perch,12861,110,-24.78,7.9,3.22,-28.29,4.38,-19.81,3.8,-24.3,0.53,3.1
Johnston,46.28,-80,Nipissing,N.Ontario,2014,7,30,5.4,Yellow perch,12780,109,-25.28,9.21,3.35,-28.29,4.38,-19.81,3.8,-24.5,0.55,3.5
Johnston,46.28,-80,Nipissing,N.Ontario,2014,7,23,5.4,Yellow perch,12792,109,-26.63,9.8,3.35,-28.29,4.38,-19.81,3.8,-25.9,0.72,3.6
Johnston,46.28,-80,Nipissing,N.Ontario,2014,6,10,5.4,Yellow perch,11454,107.72,-27.26,10.58,3.22,-28.29,4.38,-19.81,3.8,-26.8,0.82,3.9
Johnston,46.28,-80,Nipissing,N.Ontario,2014,8,29,5.4,Yellow perch,12858,107,-26.13,8.73,3.19,-28.29,4.38,-19.81,3.8,-25.7,0.69,3.3
Johnston,46.28,-80,Nipissing,N.Ontario,2014,8,29,5.4,Yellow perch,12859,107,-23.44,7.55,3.22,-28.29,4.38,-19.81,3.8,-23,0.38,3
Johnston,46.28,-80,Nipissing,N.Ontario,2014,8,29,5.4,Yellow perch,12860,107,-23.17,7.56,3.23,-28.29,4.38,-19.81,3.8,-22.7,0.34,3
Johnston,46.28,-80,Nipissing,N.Ontario,2014,7,23,5.4,Yellow perch,12789,106,-24.89,9.42,3.35,-28.29,4.38,-19.81,3.8,-24.1,0.51,3.6
Johnston,46.28,-80,Nipissing,N.Ontario,2014,7,30,5.4,Yellow perch,12778,105,-24.35,8.4,3.4,-28.29,4.38,-19.81,3.8,-23.5,0.44,3.3
Johnston,46.28,-80,Nipissing,N.Ontario,2014,7,23,5.4,Yellow perch,12790,105,-24.93,9.47,3.3,-28.29,4.38,-19.81,3.8,-24.3,0.53,3.6
Johnston,46.28,-80,Nipissing,N.Ontario,2014,6,20,5.4,Yellow perch,11495,103.53,-27.18,10.23,3.23,-28.29,4.38,-19.81,3.8,-26.7,0.81,3.8
Johnston,46.28,-80,Nipissing,N.Ontario,2014,6,20,5.4,Yellow perch,11492,102.48,-24.29,9.65,3.12,-28.29,4.38,-19.81,3.8,-24,0.49,3.6
Johnston,46.28,-80,Nipissing,N.Ontario,2014,9,4,5.4,Yellow perch,12950,100,-25.85,9.09,3.26,-28.29,4.38,-19.81,3.8,-25.3,0.65,3.4
Johnston,46.28,-80,Nipissing,N.Ontario,2014,7,17,5.4,Yellow perch,12766,99,-26.59,9.09,3.43,-28.29,4.38,-19.81,3.8,-25.7,0.69,3.4
Johnston,46.28,-80,Nipissing,N.Ontario,2014,6,17,5.4,Yellow perch,11487,98.29,-25.41,9.2,3.15,-28.29,4.38,-19.81,3.8,-25.1,0.62,3.5
Johnston,46.28,-80,Nipissing,N.Ontario,2014,8,29,5.4,Yellow perch,12848,98,-27.45,9.69,3.24,-28.29,4.38,-19.81,3.8,-26.9,0.84,3.6
Johnston,46.28,-80,Nipissing,N.Ontario,2014,8,29,5.4,Yellow perch,12857,97,-22.92,7.06,3.24,-28.29,4.38,-19.81,3.8,-22.4,0.31,2.9
Johnston,46.28,-80,Nipissing,N.Ontario,2014,6,17,5.4,Yellow perch,11488,96.19,-26.03,9.11,3.16,-28.29,4.38,-19.81,3.8,-25.7,0.69,3.4
Johnston,46.28,-80,Nipissing,N.Ontario,2014,9,4,5.4,Yellow perch,12949,94,-25.4,9.86,3.27,-28.29,4.38,-19.81,3.8,-24.8,0.59,3.7
Johnston,46.28,-80,Nipissing,N.Ontario,2014,6,17,5.4,Yellow perch,11489,93.05,-25.03,8.89,3.15,-28.29,4.38,-19.81,3.8,-24.7,0.58,3.4
Johnston,46.28,-80,Nipissing,N.Ontario,2014,9,10,5.4,Yellow perch,12956,92,-27.3,10.12,3.31,-28.29,4.38,-19.81,3.8,-26.6,0.8,3.7
Johnston,46.28,-80,Nipissing,N.Ontario,2014,7,30,5.4,Yellow perch,12776,90,-28.27,9.96,3.35,-28.29,4.38,-19.81,3.8,-27.5,0.91,3.7
Johnston,46.28,-80,Nipissing,N.Ontario,2014,7,30,5.4,Yellow perch,12777,90,-27.95,9.57,3.3,-28.29,4.38,-19.81,3.8,-27.3,0.88,3.5
Johnston,46.28,-80,Nipissing,N.Ontario,2014,7,23,5.4,Yellow perch,12785,90,-22.46,8.58,3.45,-28.29,4.38,-19.81,3.8,-21.5,0.2,3.4
Johnston,46.28,-80,Nipissing,N.Ontario,2014,7,23,5.4,Yellow perch,12786,89,-23.86,8.7,3.36,-28.29,4.38,-19.81,3.8,-23.1,0.39,3.4
Johnston,46.28,-80,Nipissing,N.Ontario,2014,8,29,5.4,Yellow perch,12847,88,-27.32,9.54,3.24,-28.29,4.38,-19.81,3.8,-26.8,0.82,3.5
Johnston,46.28,-80,Nipissing,N.Ontario,2014,9,4,5.4,Yellow perch,12948,88,-27.01,9.26,3.27,-28.29,4.38,-19.81,3.8,-26.4,0.78,3.5
Johnston,46.28,-80,Nipissing,N.Ontario,2014,7,30,5.4,Yellow perch,12774,85,-28.4,9.73,3.31,-28.29,4.38,-19.81,3.8,-27.7,0.93,3.6
Johnston,46.28,-80,Nipissing,N.Ontario,2014,6,20,5.4,Yellow perch,11499,83.61,-25.05,9.73,3.18,-28.29,4.38,-19.81,3.8,-24.6,0.56,3.6
Johnston,46.28,-80,Nipissing,N.Ontario,2014,7,17,5.4,Yellow perch,12764,80,-26.37,8.9,3.33,-28.29,4.38,-19.81,3.8,-25.7,0.69,3.4
Johnston,46.28,-80,Nipissing,N.Ontario,2014,7,23,5.4,Yellow perch,12787,79,-24.53,9.14,3.29,-28.29,4.38,-19.81,3.8,-23.9,0.48,3.5
Johnston,46.28,-80,Nipissing,N.Ontario,2014,7,23,5.4,Yellow perch,12788,79,-28.73,9.63,3.33,-28.29,4.38,-19.81,3.8,-28,0.97,3.5
Johnston,46.28,-80,Nipissing,N.Ontario,2014,7,30,5.4,Yellow perch,12775,75,-27.03,8.58,3.55,-28.29,4.38,-19.81,3.8,-25.9,0.72,3.3
Johnston,46.28,-80,Nipissing,N.Ontario,2014,6,20,5.4,Yellow perch,11494,73.13,-29.2,8.69,3.41,-28.29,4.38,-19.81,3.8,-28.3,1,3.3
Johnston,46.28,-80,Nipissing,N.Ontario,2014,7,23,5.4,Yellow perch,12784,71,-22.68,9.15,3.45,-28.29,4.38,-19.81,3.8,-21.7,0.22,3.5
Johnston,46.28,-80,Nipissing,N.Ontario,2014,6,17,5.4,Yellow perch,11486,68.94,-26.88,9.45,3.32,-28.29,4.38,-19.81,3.8,-26.2,0.75,3.5
Johnston,46.28,-80,Nipissing,N.Ontario,2014,6,20,5.4,Yellow perch,11496,64.75,-25.36,8.57,3.17,-28.29,4.38,-19.81,3.8,-25,0.61,3.3
Johnston,46.28,-80,Nipissing,N.Ontario,2014,6,20,5.4,Yellow perch,11493,61.61,-27.82,9.53,3.22,-28.29,4.38,-19.81,3.8,-27.3,0.88,3.5
Johnston,46.28,-80,Nipissing,N.Ontario,2014,6,20,5.4,Yellow perch,11497,60.56,-27.96,9.22,3.16,-28.29,4.38,-19.81,3.8,-27.6,0.92,3.4
Johnston,46.28,-80,Nipissing,N.Ontario,2014,8,26,5.4,Yellow perch,12842,59,-24.42,7.46,3.33,-28.29,4.38,-19.81,3.8,-23.7,0.46,3
Johnston,46.28,-80,Nipissing,N.Ontario,2014,8,26,5.4,Yellow perch,12843,59,-23.47,7.27,3.37,-28.29,4.38,-19.81,3.8,-22.7,0.34,3
Johnston,46.28,-80,Nipissing,N.Ontario,2014,8,26,5.4,Yellow perch,12837,57,-22.87,7.46,3.31,-28.29,4.38,-19.81,3.8,-22.2,0.28,3
Johnston,46.28,-80,Nipissing,N.Ontario,2014,8,26,5.4,Yellow perch,12841,57,-23.16,7.81,3.26,-28.29,4.38,-19.81,3.8,-22.6,0.33,3.1
Johnston,46.28,-80,Nipissing,N.Ontario,2014,8,26,5.4,Yellow perch,12846,57,-24.2,7.12,3.39,-28.29,4.38,-19.81,3.8,-23.4,0.42,2.9
Johnston,46.28,-80,Nipissing,N.Ontario,2014,8,26,5.4,Yellow perch,12839,56,-22.37,7.5,3.3,-28.29,4.38,-19.81,3.8,-21.7,0.22,3.1
Johnston,46.28,-80,Nipissing,N.Ontario,2014,8,26,5.4,Yellow perch,12845,55,-24.19,7.54,3.34,-28.29,4.38,-19.81,3.8,-23.5,0.44,3
Johnston,46.28,-80,Nipissing,N.Ontario,2014,8,26,5.4,Yellow perch,12838,54,-23.96,7.53,3.22,-28.29,4.38,-19.81,3.8,-23.5,0.44,3
Johnston,46.28,-80,Nipissing,N.Ontario,2014,8,26,5.4,Yellow perch,12840,54,-24.02,7.17,3.29,-28.29,4.38,-19.81,3.8,-23.4,0.42,2.9
Johnston,46.28,-80,Nipissing,N.Ontario,2014,8,26,5.4,Yellow perch,12844,53,-24.72,7.77,3.33,-28.29,4.38,-19.81,3.8,-24,0.49,3.1
Johnston,47.01,-80.08,Temagami,N.Ontario,2016,6,1,2.9,Northern pike,16304,949,-23.55,9.03,3.26,-28.9275,1.5,-19.75,-0.21,-23,0.35,4.5
Johnston,47.01,-80.08,Temagami,N.Ontario,2016,6,2,2.9,Northern pike,16313,900,-24.33,9.58,3.25,-28.9275,1.5,-19.75,-0.21,-23.8,0.44,4.7
Johnston,47.01,-80.08,Temagami,N.Ontario,2014,8,5,2.9,Northern pike,12140,839,-26.45,10.17,3.03,-28.9275,1.5,-19.75,-0.21,-26.4,0.72,4.7
Johnston,47.01,-80.08,Temagami,N.Ontario,2016,6,2,2.9,Northern pike,16311,831,-23.56,9.3,3.27,-28.9275,1.5,-19.75,-0.21,-23,0.35,4.6
Johnston,47.01,-80.08,Temagami,N.Ontario,2016,6,2,2.9,Northern pike,16314,829,-23.81,9.33,3.24,-28.9275,1.5,-19.75,-0.21,-23.3,0.39,4.6
Johnston,47.01,-80.08,Temagami,N.Ontario,2016,6,3,2.9,Northern pike,16318,825,-23.94,9.41,3.45,-28.9275,1.5,-19.75,-0.21,-23,0.35,4.7
Johnston,47.01,-80.08,Temagami,N.Ontario,2016,6,2,2.9,Northern pike,16312,800,-24.29,9.57,3.26,-28.9275,1.5,-19.75,-0.21,-23.7,0.43,4.7
Johnston,47.01,-80.08,Temagami,N.Ontario,2016,6,4,2.9,Northern pike,16316,768,-24.17,9.32,3.22,-28.9275,1.5,-19.75,-0.21,-23.7,0.43,4.6
Johnston,47.01,-80.08,Temagami,N.Ontario,2016,6,4,2.9,Northern pike,16317,742,-24.08,9.5,3.23,-28.9275,1.5,-19.75,-0.21,-23.6,0.42,4.6
Johnston,47.01,-80.08,Temagami,N.Ontario,2016,6,1,2.9,Northern pike,16306,655,-22.8,9.04,3.28,-28.9275,1.5,-19.75,-0.21,-22.2,0.27,4.6
Johnston,47.01,-80.08,Temagami,N.Ontario,2016,6,1,2.9,Northern pike,16308,616,-24.03,9.25,3.21,-28.9275,1.5,-19.75,-0.21,-23.6,0.42,4.6
Johnston,47.01,-80.08,Temagami,N.Ontario,2014,8,5,2.9,Northern pike,12141,605,-22.56,8.9,2.91,-28.9275,1.5,-19.75,-0.21,-22.8,0.33,4.5
Johnston,47.01,-80.08,Temagami,N.Ontario,2014,8,5,2.9,Northern pike,12143,575,-21.29,8.41,2.93,-28.9275,1.5,-19.75,-0.21,-21.5,0.19,4.4
Johnston,47.01,-80.08,Temagami,N.Ontario,2016,6,1,2.9,Northern pike,16309,567,-25.16,9.35,3.27,-28.9275,1.5,-19.75,-0.21,-24.6,0.53,4.5
Johnston,47.01,-80.08,Temagami,N.Ontario,2016,6,2,2.9,Northern pike,16310,535,-23.51,8.03,3.26,-28.9275,1.5,-19.75,-0.21,-22.9,0.34,4.3
Johnston,47.01,-80.08,Temagami,N.Ontario,2016,6,3,2.9,Northern pike,16315,526,-22.48,8.31,3.22,-28.9275,1.5,-19.75,-0.21,-22,0.25,4.4
Johnston,47.01,-80.08,Temagami,N.Ontario,2016,6,1,2.9,Northern pike,16307,459,-23.99,8.65,3.23,-28.9275,1.5,-19.75,-0.21,-23.5,0.41,4.4
Johnston,47.01,-80.08,Temagami,N.Ontario,2016,6,1,2.9,Northern pike,16305,432,-22.81,7.46,3.24,-28.9275,1.5,-19.75,-0.21,-22.3,0.28,4.1
Johnston,47.01,-80.08,Temagami,N.Ontario,2014,8,5,2.9,Northern pike,12142,396,-23.51,7.9,2.95,-28.9275,1.5,-19.75,-0.21,-23.6,0.42,4.2
Johnston,47.01,-80.08,Temagami,N.Ontario,2014,8,5,2.9,Black bass,12145,492,-24.09,8.14,3.11,-28.9275,1.5,-19.75,-0.21,-23.8,0.44,4.2
Johnston,47.01,-80.08,Temagami,N.Ontario,2014,8,5,2.9,Black bass,12149,470,-26.08,8.72,3.25,-28.9275,1.5,-19.75,-0.21,-25.5,0.63,4.3
Johnston,47.01,-80.08,Temagami,N.Ontario,2014,8,5,2.9,Black bass,12146,468,-21.68,7.87,3.17,-28.9275,1.5,-19.75,-0.21,-21.3,0.17,4.3
Johnston,47.01,-80.08,Temagami,N.Ontario,2014,8,5,2.9,Black bass,12144,426,-24.71,7.76,3.2,-28.9275,1.5,-19.75,-0.21,-24.3,0.5,4.1
Johnston,47.01,-80.08,Temagami,N.Ontario,2014,8,5,2.9,Black bass,12147,425,-24.07,8.39,3.34,-28.9275,1.5,-19.75,-0.21,-23.3,0.39,4.3
Johnston,47.01,-80.08,Temagami,N.Ontario,2014,8,5,2.9,Black bass,12148,411,-26.29,8.53,3.14,-28.9275,1.5,-19.75,-0.21,-26,0.68,4.2
Johnston,47.01,-80.08,Temagami,N.Ontario,2016,6,2,2.9,Black bass,16322,405,-23.32,7.86,3.48,-28.9275,1.5,-19.75,-0.21,-22.3,0.28,4.2
Johnston,47.01,-80.08,Temagami,N.Ontario,2016,6,2,2.9,Black bass,16321,370,-23.28,8.51,3.35,-28.9275,1.5,-19.75,-0.21,-22.5,0.3,4.4
Johnston,47.01,-80.08,Temagami,N.Ontario,2014,8,5,2.9,Black bass,12151,366,-23.39,7.63,3.38,-28.9275,1.5,-19.75,-0.21,-22.6,0.31,4.1
Johnston,47.01,-80.08,Temagami,N.Ontario,2016,6,2,2.9,Black bass,16320,354,-22.33,8.27,3.39,-28.9275,1.5,-19.75,-0.21,-21.5,0.19,4.4
Johnston,47.01,-80.08,Temagami,N.Ontario,2016,6,1,2.9,Black bass,16319,331,-26.39,8.67,3.29,-28.9275,1.5,-19.75,-0.21,-25.8,0.66,4.3
Johnston,47.01,-80.08,Temagami,N.Ontario,2016,6,4,2.9,Black bass,16324,293,-23.54,7.52,3.23,-28.9275,1.5,-19.75,-0.21,-23,0.35,4.1
Johnston,47.01,-80.08,Temagami,N.Ontario,2014,8,5,2.9,Black bass,12150,285,-21.3,8.1,3.27,-28.9275,1.5,-19.75,-0.21,-20.7,0.1,4.4
Johnston,47.01,-80.08,Temagami,N.Ontario,2016,6,4,2.9,Black bass,16323,274,-24.03,7.94,3.25,-28.9275,1.5,-19.75,-0.21,-23.5,0.41,4.2
Johnston,47.01,-80.08,Temagami,N.Ontario,2014,8,5,2.9,Black bass,12152,248,-23.88,6.89,3.17,-28.9275,1.5,-19.75,-0.21,-23.5,0.41,3.9
Johnston,47.01,-80.08,Temagami,N.Ontario,2014,8,5,2.9,Black bass,12153,210,-20.96,7.38,3.17,-28.9275,1.5,-19.75,-0.21,-20.6,0.09,4.2
Johnston,47.01,-80.08,Temagami,N.Ontario,2017,7,13,2.9,Black bass,18238,152,-23.56,6.7,3.14,-28.9275,1.5,-19.75,-0.21,-23.2,0.38,3.8
Johnston,47.01,-80.08,Temagami,N.Ontario,2017,7,13,2.9,Black bass,18236,147,-22.77,6.6,3.12,-28.9275,1.5,-19.75,-0.21,-22.5,0.3,3.9
Johnston,47.01,-80.08,Temagami,N.Ontario,2017,7,13,2.9,Black bass,18237,132,-20.53,6.58,3.16,-28.9275,1.5,-19.75,-0.21,-20.2,0.05,4
Johnston,47.01,-80.08,Temagami,N.Ontario,2017,7,13,2.9,Black bass,18233,130,-22.52,6.89,3.17,-28.9275,1.5,-19.75,-0.21,-22.1,0.26,4
Johnston,47.01,-80.08,Temagami,N.Ontario,2017,7,13,2.9,Black bass,18234,127,-20.04,6.17,3.14,-28.9275,1.5,-19.75,-0.21,-19.7,0,3.9
Johnston,47.01,-80.08,Temagami,N.Ontario,2017,7,13,2.9,Black bass,18235,120,-19.64,6.23,3.13,-28.9275,1.5,-19.75,-0.21,-19.3,0,3.9
Johnston,47.01,-80.08,Temagami,N.Ontario,2017,7,13,2.9,Black bass,18232,70,-24.16,4.93,3.27,-28.9275,1.5,-19.75,-0.21,-23.6,0.42,3.3
Johnston,47.01,-80.08,Temagami,N.Ontario,2014,8,5,2.9,Walleye,12156,815,-24.23,8.94,3.06,-28.9275,1.5,-19.75,-0.21,-24.1,0.47,4.5
Johnston,47.01,-80.08,Temagami,N.Ontario,2016,6,2,2.9,Walleye,16332,738,-25.17,9.33,3.39,-28.9275,1.5,-19.75,-0.21,-24.3,0.5,4.6
Johnston,47.01,-80.08,Temagami,N.Ontario,2014,8,5,2.9,Walleye,12160,709,-24.92,10.93,3.06,-28.9275,1.5,-19.75,-0.21,-24.8,0.55,5
Johnston,47.01,-80.08,Temagami,N.Ontario,2016,6,2,2.9,Walleye,16329,618,-25.59,9.11,3.24,-28.9275,1.5,-19.75,-0.21,-25.1,0.58,4.4
Johnston,47.01,-80.08,Temagami,N.Ontario,2014,8,5,2.9,Walleye,12157,606,-22.61,11.43,3.08,-28.9275,1.5,-19.75,-0.21,-22.4,0.29,5.3
Johnston,47.01,-80.08,Temagami,N.Ontario,2016,6,2,2.9,Walleye,16331,600,-25.25,8.86,3.17,-28.9275,1.5,-19.75,-0.21,-24.9,0.56,4.4
Johnston,47.01,-80.08,Temagami,N.Ontario,2016,6,1,2.9,Walleye,16325,551,-24.37,8.14,3.4,-28.9275,1.5,-19.75,-0.21,-23.5,0.41,4.2
Johnston,47.01,-80.08,Temagami,N.Ontario,2016,6,2,2.9,Walleye,16327,542,-25.28,8.72,3.4,-28.9275,1.5,-19.75,-0.21,-24.4,0.51,4.4
Johnston,47.01,-80.08,Temagami,N.Ontario,2014,8,5,2.9,Walleye,12155,530,-25.68,8.59,3.11,-28.9275,1.5,-19.75,-0.21,-25.4,0.62,4.3
Johnston,47.01,-80.08,Temagami,N.Ontario,2014,8,5,2.9,Walleye,12158,509,-22,8.79,3.12,-28.9275,1.5,-19.75,-0.21,-21.7,0.21,4.5
Johnston,47.01,-80.08,Temagami,N.Ontario,2016,6,2,2.9,Walleye,16328,508,-24.33,9.2,3.3,-28.9275,1.5,-19.75,-0.21,-23.7,0.43,4.6
Johnston,47.01,-80.08,Temagami,N.Ontario,2016,6,1,2.9,Walleye,16326,468,-26.36,8.36,3.49,-28.9275,1.5,-19.75,-0.21,-25.4,0.62,4.2
Johnston,47.01,-80.08,Temagami,N.Ontario,2016,6,2,2.9,Walleye,16330,462,-24.73,9.28,3.29,-28.9275,1.5,-19.75,-0.21,-24.1,0.47,4.6
Johnston,47.01,-80.08,Temagami,N.Ontario,2014,8,5,2.9,Walleye,12159,461,-25.07,8.24,3.09,-28.9275,1.5,-19.75,-0.21,-24.9,0.56,4.2
Johnston,47.01,-80.08,Temagami,N.Ontario,2014,8,5,2.9,Walleye,12163,460,-24.85,8.07,3.07,-28.9275,1.5,-19.75,-0.21,-24.7,0.54,4.2
Johnston,47.01,-80.08,Temagami,N.Ontario,2016,6,3,2.9,Walleye,16334,418,-25.12,8.02,3.5,-28.9275,1.5,-19.75,-0.21,-24.1,0.47,4.2
Johnston,47.01,-80.08,Temagami,N.Ontario,2014,8,5,2.9,Walleye,12154,379,-24.44,8.21,3.08,-28.9275,1.5,-19.75,-0.21,-24.3,0.5,4.2
Johnston,47.01,-80.08,Temagami,N.Ontario,2014,8,5,2.9,Walleye,12162,377,-24.42,7.79,3.06,-28.9275,1.5,-19.75,-0.21,-24.3,0.5,4.1
Johnston,47.01,-80.08,Temagami,N.Ontario,2016,6,2,2.9,Walleye,16333,328,-25.03,8.78,3.29,-28.9275,1.5,-19.75,-0.21,-24.4,0.51,4.4
Johnston,47.01,-80.08,Temagami,N.Ontario,2014,8,5,2.9,Walleye,12161,250,-24.9,7.49,3,-28.9275,1.5,-19.75,-0.21,-24.9,0.56,4
Johnston,47.01,-80.08,Temagami,N.Ontario,2017,9,26,2.9,Yellow perch,18384,106,-24.15,6,3.11,-28.9275,1.5,-19.75,-0.21,-23.9,0.45,3.6
Johnston,47.01,-80.08,Temagami,N.Ontario,2017,9,26,2.9,Yellow perch,18392,94,-22.79,5.81,3.11,-28.9275,1.5,-19.75,-0.21,-22.5,0.3,3.6
Johnston,47.01,-80.08,Temagami,N.Ontario,2017,9,26,2.9,Yellow perch,18385,90,-25.73,5.92,3.17,-28.9275,1.5,-19.75,-0.21,-25.4,0.62,3.5
Johnston,47.01,-80.08,Temagami,N.Ontario,2017,9,26,2.9,Yellow perch,18383,89,-24.85,5.66,3.17,-28.9275,1.5,-19.75,-0.21,-24.5,0.52,3.5
Johnston,47.01,-80.08,Temagami,N.Ontario,2017,9,26,2.9,Yellow perch,18391,89,-25.13,5.48,3.17,-28.9275,1.5,-19.75,-0.21,-24.8,0.55,3.4
Johnston,47.01,-80.08,Temagami,N.Ontario,2017,9,26,2.9,Yellow perch,18386,87,-24.86,5.18,3.2,-28.9275,1.5,-19.75,-0.21,-24.4,0.51,3.3
Johnston,47.01,-80.08,Temagami,N.Ontario,2017,9,26,2.9,Yellow perch,18388,59,-25.72,4.87,3.19,-28.9275,1.5,-19.75,-0.21,-25.3,0.6,3.2
Johnston,47.01,-80.08,Temagami,N.Ontario,2017,9,26,2.9,Yellow perch,18390,57,-25.86,5.06,3.19,-28.9275,1.5,-19.75,-0.21,-25.4,0.62,3.2
Johnston,47.01,-80.08,Temagami,N.Ontario,2017,9,26,2.9,Yellow perch,18389,55,-26,5.1,3.27,-28.9275,1.5,-19.75,-0.21,-25.4,0.62,3.2
Johnston,47.01,-80.08,Temagami,N.Ontario,2017,9,26,2.9,Yellow perch,18387,NA,-25.64,5.86,3.18,-28.9275,1.5,-19.75,-0.21,-25.2,0.59,3.5
Johnston,47.22,-79.72,Rib,N.Ontario,2016,5,10,3.4,Northern pike,16228,1010,-25.02,10.04,3.41,-30.15,2.045,-19.275,-0.368333333,-24.2,0.45,4.7
Johnston,47.22,-79.72,Rib,N.Ontario,2016,5,10,3.4,Northern pike,16227,902,-26.1,9.89,3.36,-30.15,2.045,-19.275,-0.368333333,-25.3,0.55,4.6
Johnston,47.22,-79.72,Rib,N.Ontario,2016,5,10,3.4,Northern pike,16226,855,-23.05,8.67,3.3,-30.15,2.045,-19.275,-0.368333333,-22.4,0.29,4.5
Johnston,47.22,-79.72,Rib,N.Ontario,2014,8,18,3.4,Northern pike,12426,669,-24.15,9.33,3.3,-30.15,2.045,-19.275,-0.368333333,-23.5,0.39,4.6
Johnston,47.22,-79.72,Rib,N.Ontario,2016,5,10,3.4,Northern pike,16229,650,-24.12,8.57,3.24,-30.15,2.045,-19.275,-0.368333333,-23.6,0.4,4.3
Johnston,47.22,-79.72,Rib,N.Ontario,2016,5,10,3.4,Northern pike,16231,554,-24.78,8.28,3.28,-30.15,2.045,-19.275,-0.368333333,-24.2,0.45,4.2
Johnston,47.22,-79.72,Rib,N.Ontario,2014,8,18,3.4,Northern pike,12422,475,-28.08,8.93,3.3,-30.15,2.045,-19.275,-0.368333333,-27.4,0.75,4.2
Johnston,47.22,-79.72,Rib,N.Ontario,2014,8,18,3.4,Northern pike,12427,460,-24.95,8.56,3.27,-30.15,2.045,-19.275,-0.368333333,-24.4,0.47,4.3
Johnston,47.22,-79.72,Rib,N.Ontario,2014,8,18,3.4,Northern pike,12425,457,-27.85,9.37,3.27,-30.15,2.045,-19.275,-0.368333333,-27.3,0.74,4.3
Johnston,47.22,-79.72,Rib,N.Ontario,2014,8,18,3.4,Northern pike,12421,402,-23.41,7.31,3.24,-30.15,2.045,-19.275,-0.368333333,-22.9,0.33,4
Johnston,47.22,-79.72,Rib,N.Ontario,2016,5,10,3.4,Northern pike,16230,356,-28.17,9.46,3.28,-30.15,2.045,-19.275,-0.368333333,-27.6,0.77,4.3
Johnston,47.22,-79.72,Rib,N.Ontario,2014,8,18,3.4,Northern pike,12423,303,-27.54,8.75,3.23,-30.15,2.045,-19.275,-0.368333333,-27,0.71,4.2
Johnston,47.22,-79.72,Rib,N.Ontario,2014,8,18,3.4,Northern pike,12424,279,-27.67,9.06,3.24,-30.15,2.045,-19.275,-0.368333333,-27.1,0.72,4.3
Johnston,47.22,-79.72,Rib,N.Ontario,2014,8,18,3.4,Black bass,12431,442,-25.49,7.58,3.34,-30.15,2.045,-19.275,-0.368333333,-24.8,0.51,4
Johnston,47.22,-79.72,Rib,N.Ontario,2014,8,18,3.4,Black bass,12428,425,-25.79,7.17,3.26,-30.15,2.045,-19.275,-0.368333333,-25.2,0.54,3.8
Johnston,47.22,-79.72,Rib,N.Ontario,2014,8,18,3.4,Black bass,12437,405,-25.64,7.89,3.36,-30.15,2.045,-19.275,-0.368333333,-24.9,0.52,4.1
Johnston,47.22,-79.72,Rib,N.Ontario,2014,8,18,3.4,Black bass,12429,380,-24.71,7.52,3.28,-30.15,2.045,-19.275,-0.368333333,-24.1,0.44,4
Johnston,47.22,-79.72,Rib,N.Ontario,2014,8,18,3.4,Black bass,12430,364,-25.17,7.59,3.35,-30.15,2.045,-19.275,-0.368333333,-24.4,0.47,4
Johnston,47.22,-79.72,Rib,N.Ontario,2014,8,18,3.4,Black bass,12434,345,-24.65,7.57,3.11,-30.15,2.045,-19.275,-0.368333333,-24.4,0.47,4
Johnston,47.22,-79.72,Rib,N.Ontario,2014,8,18,3.4,Black bass,12433,326,-25.15,8.09,3.01,-30.15,2.045,-19.275,-0.368333333,-25.1,0.54,4.1
Johnston,47.22,-79.72,Rib,N.Ontario,2014,8,18,3.4,Black bass,12432,304,-23.7,7.43,3.17,-30.15,2.045,-19.275,-0.368333333,-23.3,0.37,4
Johnston,47.22,-79.72,Rib,N.Ontario,2014,8,18,3.4,Black bass,12436,302,-25.24,7.97,3.04,-30.15,2.045,-19.275,-0.368333333,-25.2,0.54,4.1
Johnston,47.22,-79.72,Rib,N.Ontario,2014,8,18,3.4,Black bass,12435,234,-25.94,7.48,3.17,-30.15,2.045,-19.275,-0.368333333,-25.6,0.58,3.9
Johnston,47.22,-79.72,Rib,N.Ontario,2014,8,18,3.4,Walleye,12447,765,-24.75,10.82,3.02,-30.15,2.045,-19.275,-0.368333333,-24.7,0.5,4.9
Johnston,47.22,-79.72,Rib,N.Ontario,2014,8,18,3.4,Walleye,12446,461,-26.6,8.07,3.25,-30.15,2.045,-19.275,-0.368333333,-26.1,0.63,4
Johnston,47.22,-79.72,Rib,N.Ontario,2014,8,18,3.4,Walleye,12441,400,-26.4,7.73,3.04,-30.15,2.045,-19.275,-0.368333333,-26.3,0.65,3.9
Johnston,47.22,-79.72,Rib,N.Ontario,2014,8,18,3.4,Walleye,12442,376,-26.17,7.47,3.14,-30.15,2.045,-19.275,-0.368333333,-25.9,0.61,3.9
Johnston,47.22,-79.72,Rib,N.Ontario,2014,8,18,3.4,Walleye,12439,375,-25.89,7.72,3.01,-30.15,2.045,-19.275,-0.368333333,-25.9,0.61,3.9
Johnston,47.22,-79.72,Rib,N.Ontario,2014,8,18,3.4,Walleye,12445,356,-26.28,7.77,3.08,-30.15,2.045,-19.275,-0.368333333,-26.1,0.63,3.9
Johnston,47.22,-79.72,Rib,N.Ontario,2014,8,18,3.4,Walleye,12444,320,-26.35,7.46,3.14,-30.15,2.045,-19.275,-0.368333333,-26,0.62,3.9
Johnston,47.22,-79.72,Rib,N.Ontario,2014,8,18,3.4,Walleye,12443,310,-26.62,7.23,3.04,-30.15,2.045,-19.275,-0.368333333,-26.5,0.66,3.8
Johnston,47.22,-79.72,Rib,N.Ontario,2014,8,18,3.4,Walleye,12440,305,-26.54,7.31,3.03,-30.15,2.045,-19.275,-0.368333333,-26.5,0.66,3.8
Johnston,47.22,-79.72,Rib,N.Ontario,2014,8,18,3.4,Walleye,12438,281,-26.17,7.36,2.96,-30.15,2.045,-19.275,-0.368333333,-26.3,0.65,3.8
Johnston,52.58,-94.89,Cherrington,N.Ontario,2016,9,30,4.8,Northern pike,17133,900,-24.15,10.74,3.19,-28.98,2.465,-19.241,0.779,-23.7,0.46,4.7
Johnston,52.58,-94.89,Cherrington,N.Ontario,2016,9,26,4.8,Northern pike,17123,775,-24.11,10.21,3.25,-28.98,2.465,-19.241,0.779,-23.6,0.45,4.6
Johnston,52.58,-94.89,Cherrington,N.Ontario,2016,9,27,4.8,Northern pike,17127,734,-25.45,10.09,3.22,-28.98,2.465,-19.241,0.779,-25,0.59,4.4
Johnston,52.58,-94.89,Cherrington,N.Ontario,2016,9,25,4.8,Northern pike,17119,728,-25.57,9.92,3.2,-28.98,2.465,-19.241,0.779,-25.1,0.6,4.4
Johnston,52.58,-94.89,Cherrington,N.Ontario,2016,9,25,4.8,Northern pike,17121,712,-23.66,9.86,3.24,-28.98,2.465,-19.241,0.779,-23.1,0.4,4.5
Johnston,52.58,-94.89,Cherrington,N.Ontario,2016,9,25,4.8,Northern pike,17120,702,-26.84,9.72,3.2,-28.98,2.465,-19.241,0.779,-26.4,0.74,4.3
Johnston,52.58,-94.89,Cherrington,N.Ontario,2016,9,28,4.8,Northern pike,17130,667,-25.62,9.79,3.2,-28.98,2.465,-19.241,0.779,-25.2,0.61,4.3
Johnston,52.58,-94.89,Cherrington,N.Ontario,2016,9,26,4.8,Northern pike,17124,620,-23.18,8.78,3.2,-28.98,2.465,-19.241,0.779,-22.7,0.36,4.2
Johnston,52.58,-94.89,Cherrington,N.Ontario,2016,9,27,4.8,Northern pike,17126,599,-24.37,9.18,3.26,-28.98,2.465,-19.241,0.779,-23.8,0.47,4.2
Johnston,52.58,-94.89,Cherrington,N.Ontario,2016,9,28,4.8,Northern pike,17131,571,-24.75,9.55,3.21,-28.98,2.465,-19.241,0.779,-24.3,0.52,4.3
Johnston,52.58,-94.89,Cherrington,N.Ontario,2016,9,27,4.8,Northern pike,17128,569,-24.14,8.74,3.2,-28.98,2.465,-19.241,0.779,-23.7,0.46,4.1
Johnston,52.58,-94.89,Cherrington,N.Ontario,2016,9,27,4.8,Northern pike,17125,552,-23.5,8.58,3.23,-28.98,2.465,-19.241,0.779,-23,0.39,4.1
Johnston,52.58,-94.89,Cherrington,N.Ontario,2016,9,25,4.8,Northern pike,17122,538,-23.6,8.84,3.16,-28.98,2.465,-19.241,0.779,-23.2,0.41,4.2
Johnston,52.58,-94.89,Cherrington,N.Ontario,2016,9,27,4.8,Northern pike,17129,528,-26.48,9.74,3.2,-28.98,2.465,-19.241,0.779,-26,0.69,4.3
Johnston,52.58,-94.89,Cherrington,N.Ontario,2016,9,29,4.8,Northern pike,17132,511,-23.2,8.59,3.2,-28.98,2.465,-19.241,0.779,-22.8,0.37,4.1
Johnston,52.58,-94.89,Cherrington,N.Ontario,2016,9,27,4.8,Walleye,17146,628,-24.24,9.36,3.2,-28.98,2.465,-19.241,0.779,-23.8,0.47,4.3
Johnston,52.58,-94.89,Cherrington,N.Ontario,2016,9,27,4.8,Walleye,17147,569,-25.9,9.82,3.12,-28.98,2.465,-19.241,0.779,-25.6,0.65,4.3
Johnston,52.58,-94.89,Cherrington,N.Ontario,2016,9,26,4.8,Walleye,17144,566,-25.63,10.16,3.25,-28.98,2.465,-19.241,0.779,-25.1,0.6,4.5
Johnston,52.58,-94.89,Cherrington,N.Ontario,2016,9,26,4.8,Walleye,17142,565,-24.52,10.5,3.25,-28.98,2.465,-19.241,0.779,-24,0.49,4.6
Johnston,52.58,-94.89,Cherrington,N.Ontario,2016,9,25,4.8,Walleye,17140,522,-26.75,9.8,3.28,-28.98,2.465,-19.241,0.779,-26.1,0.7,4.3
Johnston,52.58,-94.89,Cherrington,N.Ontario,2016,9,25,4.8,Walleye,17136,503,-25.74,9.64,3.24,-28.98,2.465,-19.241,0.779,-25.2,0.61,4.3
Johnston,52.58,-94.89,Cherrington,N.Ontario,2016,9,25,4.8,Walleye,17138,503,-26.48,9.99,3.32,-28.98,2.465,-19.241,0.779,-25.8,0.67,4.4
Johnston,52.58,-94.89,Cherrington,N.Ontario,2016,9,25,4.8,Walleye,17134,481,-26.46,9.58,3.33,-28.98,2.465,-19.241,0.779,-25.8,0.67,4.3
Johnston,52.58,-94.89,Cherrington,N.Ontario,2016,9,26,4.8,Walleye,17143,474,-25.87,10.18,3.29,-28.98,2.465,-19.241,0.779,-25.2,0.61,4.5
Johnston,52.58,-94.89,Cherrington,N.Ontario,2016,9,27,4.8,Walleye,17148,448,-27.01,9.95,3.25,-28.98,2.465,-19.241,0.779,-26.5,0.75,4.3
Johnston,52.58,-94.89,Cherrington,N.Ontario,2016,9,27,4.8,Walleye,17145,440,-25.8,9.2,3.28,-28.98,2.465,-19.241,0.779,-25.2,0.61,4.2
Johnston,52.58,-94.89,Cherrington,N.Ontario,2016,9,25,4.8,Walleye,17139,415,-27.14,9.54,3.25,-28.98,2.465,-19.241,0.779,-26.6,0.76,4.2
Johnston,52.58,-94.89,Cherrington,N.Ontario,2016,9,25,4.8,Walleye,17141,373,-26.21,9.95,3.25,-28.98,2.465,-19.241,0.779,-25.7,0.66,4.4
Johnston,52.58,-94.89,Cherrington,N.Ontario,2016,9,25,4.8,Walleye,17135,307,-25.79,9.2,3.26,-28.98,2.465,-19.241,0.779,-25.2,0.61,4.2
Johnston,52.58,-94.89,Cherrington,N.Ontario,2016,9,25,4.8,Walleye,17137,305,-25.82,9.26,3.23,-28.98,2.465,-19.241,0.779,-25.3,0.62,4.2
Johnston,51.58,-91.52,Lang,N.Ontario,2012,NA,NA,11.1,Northern pike,9526,800,-26.33,10.74,3.16,-31.6,3.31,-19.02,1.02,-26,0.55,4.5
Johnston,51.58,-91.52,Lang,N.Ontario,2012,NA,NA,11.1,Northern pike,9520,762,-26.8,11.22,3.18,-31.6,3.31,-19.02,1.02,-26.4,0.59,4.6
Johnston,51.58,-91.52,Lang,N.Ontario,2012,NA,NA,11.1,Northern pike,9527,593,-26.4,9.52,3.11,-31.6,3.31,-19.02,1.02,-26.2,0.57,4.1
Johnston,51.58,-91.52,Lang,N.Ontario,2012,NA,NA,11.1,Northern pike,9529,584,-27.03,10.22,3.18,-31.6,3.31,-19.02,1.02,-26.6,0.6,4.3
Johnston,51.58,-91.52,Lang,N.Ontario,2012,NA,NA,11.1,Northern pike,9521,527,-26.47,9.85,3.19,-31.6,3.31,-19.02,1.02,-26,0.55,4.2
Johnston,51.58,-91.52,Lang,N.Ontario,2012,NA,NA,11.1,Northern pike,9525,466,-26.29,9.48,3.1,-31.6,3.31,-19.02,1.02,-26.1,0.56,4.1
Johnston,51.58,-91.52,Lang,N.Ontario,2012,NA,NA,11.1,Northern pike,9523,444,-25.67,9.61,3.1,-31.6,3.31,-19.02,1.02,-25.4,0.51,4.2
Johnston,51.58,-91.52,Lang,N.Ontario,2012,NA,NA,11.1,Northern pike,9522,437,-26.44,9.41,3.15,-31.6,3.31,-19.02,1.02,-26.1,0.56,4.1
Johnston,51.58,-91.52,Lang,N.Ontario,2012,NA,NA,11.1,Northern pike,9524,410,-26.53,8.86,3.15,-31.6,3.31,-19.02,1.02,-26.2,0.57,3.9
Johnston,51.58,-91.52,Lang,N.Ontario,2012,NA,NA,11.1,Northern pike,9528,405,-26.3,8.66,3.11,-31.6,3.31,-19.02,1.02,-26.1,0.56,3.9
Johnston,51.58,-91.52,Lang,N.Ontario,2015,NA,NA,12.8,Northern pike,15898,277,-25.09,8.15,3.19,-31.6,3.31,-19.02,1.02,-24.7,0.45,3.8
Johnston,51.58,-91.52,Lang,N.Ontario,2015,NA,NA,12.8,Northern pike,15895,209,-25.23,8.55,3.2,-31.6,3.31,-19.02,1.02,-24.8,0.46,3.9
Johnston,51.58,-91.52,Lang,N.Ontario,2015,NA,NA,12.8,Northern pike,15896,171,-24.9,8.53,3.19,-31.6,3.31,-19.02,1.02,-24.5,0.44,3.9
Johnston,51.58,-91.52,Lang,N.Ontario,2015,NA,NA,12.8,Northern pike,15894,155,-24.45,8.41,3.25,-31.6,3.31,-19.02,1.02,-23.9,0.39,3.9
Johnston,51.58,-91.52,Lang,N.Ontario,2015,NA,NA,12.8,Northern pike,15897,115,-27.02,8.19,3.23,-31.6,3.31,-19.02,1.02,-26.5,0.59,3.7
Johnston,51.58,-91.52,Lang,N.Ontario,2012,NA,NA,11.1,Walleye,9537,582,-27.06,10.27,3.14,-31.6,3.31,-19.02,1.02,-26.7,0.61,4.3
Johnston,51.58,-91.52,Lang,N.Ontario,2012,NA,NA,11.1,Walleye,9538,547,-28.51,10.18,3.18,-31.6,3.31,-19.02,1.02,-28.1,0.72,4.2
Johnston,51.58,-91.52,Lang,N.Ontario,2012,NA,NA,11.1,Walleye,9536,545,-28.44,10.64,3.06,-31.6,3.31,-19.02,1.02,-28.3,0.74,4.3
Johnston,51.58,-91.52,Lang,N.Ontario,2012,NA,NA,11.1,Walleye,9539,515,-28.1,9.66,3.18,-31.6,3.31,-19.02,1.02,-27.7,0.69,4.1
Johnston,51.58,-91.52,Lang,N.Ontario,2012,NA,NA,11.1,Walleye,9535,492,-28.35,10.03,3.15,-31.6,3.31,-19.02,1.02,-28,0.71,4.2
Johnston,51.58,-91.52,Lang,N.Ontario,2012,NA,NA,11.1,Walleye,9530,420,-27.37,9.44,3.16,-31.6,3.31,-19.02,1.02,-27,0.63,4.1
Johnston,51.58,-91.52,Lang,N.Ontario,2012,NA,NA,11.1,Walleye,9531,375,-27.32,9.58,3.16,-31.6,3.31,-19.02,1.02,-27,0.63,4.1
Johnston,51.58,-91.52,Lang,N.Ontario,2012,NA,NA,11.1,Walleye,9534,306,-27.8,8.75,3.14,-31.6,3.31,-19.02,1.02,-27.5,0.67,3.8
Johnston,51.58,-91.52,Lang,N.Ontario,2012,NA,NA,11.1,Walleye,9533,255,-26.81,8.84,3.16,-31.6,3.31,-19.02,1.02,-26.5,0.59,3.9
Johnston,51.58,-91.52,Lang,N.Ontario,2012,NA,NA,11.1,Walleye,9532,175,-27.36,7.94,3.17,-31.6,3.31,-19.02,1.02,-27,0.63,3.6
Johnston,48.05,-79.55,Raven,N.Ontario,2009,7,23,7.3,Northern pike,3046,927,-25.65,11.54,3.24,-30.86,3.721,-18.81285714,2.084285714,-25.1,0.52,4.5
Johnston,48.05,-79.55,Raven,N.Ontario,2009,7,23,7.3,Northern pike,3048,583,-27,11.02,3.2,-30.86,3.721,-18.81285714,2.084285714,-26.6,0.65,4.3
Johnston,48.05,-79.55,Raven,N.Ontario,2010,NA,NA,7.3,Northern pike,5752,570,-25.23,9.19,3.13,-30.86,3.721,-18.81285714,2.084285714,-24.9,0.51,3.8
Johnston,48.05,-79.55,Raven,N.Ontario,2009,7,21,7.3,Northern pike,3044,516,-25.89,10.17,3.22,-30.86,3.721,-18.81285714,2.084285714,-25.4,0.55,4.1
Johnston,48.05,-79.55,Raven,N.Ontario,2009,7,24,7.3,Northern pike,3049,508,-25.19,10.11,3.22,-30.86,3.721,-18.81285714,2.084285714,-24.7,0.49,4.1
Johnston,48.05,-79.55,Raven,N.Ontario,2009,7,21,7.3,Northern pike,3045,501,-26.99,9.64,3.22,-30.86,3.721,-18.81285714,2.084285714,-26.5,0.64,3.9
Johnston,48.05,-79.55,Raven,N.Ontario,2009,7,23,7.3,Northern pike,3047,454,-26.07,10.29,3.17,-30.86,3.721,-18.81285714,2.084285714,-25.7,0.57,4.1
Johnston,48.05,-79.55,Raven,N.Ontario,2010,NA,NA,7.3,Northern pike,5751,420,-26.54,9.79,3.19,-30.86,3.721,-18.81285714,2.084285714,-26.1,0.6,4
Johnston,48.05,-79.55,Raven,N.Ontario,2010,NA,NA,7.3,Northern pike,5747,388,-25.5,8.98,3.17,-30.86,3.721,-18.81285714,2.084285714,-25.1,0.52,3.8
Johnston,48.05,-79.55,Raven,N.Ontario,2009,7,24,7.3,Northern pike,3050,342,-24.48,8.93,3.17,-30.86,3.721,-18.81285714,2.084285714,-24.1,0.44,3.8
Johnston,48.05,-79.55,Raven,N.Ontario,2009,7,23,7.3,Black bass,3055,476,-26.65,10.22,3.18,-30.86,3.721,-18.81285714,2.084285714,-26.2,0.61,4.1
Johnston,48.05,-79.55,Raven,N.Ontario,2009,7,23,7.3,Black bass,3056,421,-26.96,10.36,3.24,-30.86,3.721,-18.81285714,2.084285714,-26.4,0.63,4.1
Johnston,48.05,-79.55,Raven,N.Ontario,2009,7,23,7.3,Black bass,3059,412,-27.11,10.45,3.22,-30.86,3.721,-18.81285714,2.084285714,-26.6,0.65,4.1
Johnston,48.05,-79.55,Raven,N.Ontario,2009,7,23,7.3,Black bass,3058,377,-26.56,9.96,3.2,-30.86,3.721,-18.81285714,2.084285714,-26.1,0.6,4
Johnston,48.05,-79.55,Raven,N.Ontario,2009,7,23,7.3,Black bass,3057,344,-27.34,10.39,3.33,-30.86,3.721,-18.81285714,2.084285714,-26.6,0.65,4.1
Johnston,48.05,-79.55,Raven,N.Ontario,2009,7,21,7.3,Black bass,3052,301,-24.7,10.15,3.17,-30.86,3.721,-18.81285714,2.084285714,-24.3,0.46,4.2
Johnston,48.05,-79.55,Raven,N.Ontario,2009,7,22,7.3,Black bass,3053,288,-25.21,11.68,3.21,-30.86,3.721,-18.81285714,2.084285714,-24.7,0.49,4.6
Johnston,48.05,-79.55,Raven,N.Ontario,2009,7,21,7.3,Black bass,3051,238,-26.19,9.86,3.2,-30.86,3.721,-18.81285714,2.084285714,-25.7,0.57,4
Johnston,48.05,-79.55,Raven,N.Ontario,2009,7,23,7.3,Black bass,3060,223,-26.17,10.07,3.19,-30.86,3.721,-18.81285714,2.084285714,-25.7,0.57,4.1
Johnston,48.05,-79.55,Raven,N.Ontario,2009,7,22,7.3,Black bass,3054,194,-21.33,8.71,3.23,-30.86,3.721,-18.81285714,2.084285714,-20.8,0.16,3.9
Johnston,48.05,-79.55,Raven,N.Ontario,2009,7,21,7.3,Walleye,3069,631,-27.22,11.37,3.16,-30.86,3.721,-18.81285714,2.084285714,-26.9,0.67,4.4
Johnston,48.05,-79.55,Raven,N.Ontario,2009,7,21,7.3,Walleye,3064,627,-27.43,11.17,3.26,-30.86,3.721,-18.81285714,2.084285714,-26.9,0.67,4.3
Johnston,48.05,-79.55,Raven,N.Ontario,2009,7,21,7.3,Walleye,3066,583,-27.1,12.13,3.19,-30.86,3.721,-18.81285714,2.084285714,-26.7,0.65,4.6
Johnston,48.05,-79.55,Raven,N.Ontario,2009,7,21,7.3,Walleye,3068,537,-27.46,11.77,3.25,-30.86,3.721,-18.81285714,2.084285714,-26.9,0.67,4.5
Johnston,48.05,-79.55,Raven,N.Ontario,2009,7,21,7.3,Walleye,3062,504,-28.01,11.02,3.38,-30.86,3.721,-18.81285714,2.084285714,-27.2,0.7,4.3
Johnston,48.05,-79.55,Raven,N.Ontario,2009,7,21,7.3,Walleye,3063,470,-27.19,11.83,3.23,-30.86,3.721,-18.81285714,2.084285714,-26.7,0.65,4.6
Johnston,48.05,-79.55,Raven,N.Ontario,2009,7,21,7.3,Walleye,3061,437,-27.23,10.63,3.27,-30.86,3.721,-18.81285714,2.084285714,-26.6,0.65,4.2
Johnston,48.05,-79.55,Raven,N.Ontario,2009,7,21,7.3,Walleye,3067,382,-27.74,9.88,3.19,-30.86,3.721,-18.81285714,2.084285714,-27.3,0.7,4
Johnston,48.05,-79.55,Raven,N.Ontario,2009,7,21,7.3,Walleye,3070,345,-27.12,9.91,3.2,-30.86,3.721,-18.81285714,2.084285714,-26.7,0.65,4
Johnston,48.05,-79.55,Raven,N.Ontario,2009,7,21,7.3,Walleye,3065,340,-27.02,9.84,3.2,-30.86,3.721,-18.81285714,2.084285714,-26.6,0.65,4
Johnston,48.35,-90.33,Jacob,N.Ontario,2011,NA,NA,9,Northern pike,8921,616,-25.85,10.85,3.19,-30.841,4.238,-18.722,2.22,-25.4,0.55,4.2
Johnston,48.35,-90.33,Jacob,N.Ontario,2011,NA,NA,9,Northern pike,8915,570,-25.62,10.22,3.18,-30.841,4.238,-18.722,2.22,-25.2,0.53,4
Johnston,48.35,-90.33,Jacob,N.Ontario,2011,NA,NA,9,Northern pike,8912,569,-25.77,10.24,3.15,-30.841,4.238,-18.722,2.22,-25.4,0.55,4
Johnston,48.35,-90.33,Jacob,N.Ontario,2011,NA,NA,9,Northern pike,8914,567,-24.93,10.29,3.12,-30.841,4.238,-18.722,2.22,-24.7,0.49,4.1
Johnston,48.35,-90.33,Jacob,N.Ontario,2011,NA,NA,9,Northern pike,8916,558,-25.23,10.42,3.15,-30.841,4.238,-18.722,2.22,-24.9,0.51,4.1
Johnston,48.35,-90.33,Jacob,N.Ontario,2011,NA,NA,9,Northern pike,8918,513,-26.11,9.68,3.2,-30.841,4.238,-18.722,2.22,-25.7,0.58,3.8
Johnston,48.35,-90.33,Jacob,N.Ontario,2011,NA,NA,9,Northern pike,8917,500,-26.52,10.26,3.24,-30.841,4.238,-18.722,2.22,-26,0.6,4
Johnston,48.35,-90.33,Jacob,N.Ontario,2011,NA,NA,9,Northern pike,8920,484,-25.63,9.96,3.16,-30.841,4.238,-18.722,2.22,-25.3,0.54,4
Johnston,48.35,-90.33,Jacob,N.Ontario,2011,NA,NA,9,Northern pike,8919,476,-25.75,9.87,3.14,-30.841,4.238,-18.722,2.22,-25.4,0.55,3.9
Johnston,48.35,-90.33,Jacob,N.Ontario,2011,8,13,9,Black bass,7436,455,-26.31,9.6,3.32,-30.841,4.238,-18.722,2.22,-25.6,0.57,3.8
Johnston,48.35,-90.33,Jacob,N.Ontario,2011,8,13,9,Black bass,7431,438.34,-25.29,9.53,3.22,-30.841,4.238,-18.722,2.22,-24.8,0.5,3.9
Johnston,48.35,-90.33,Jacob,N.Ontario,2011,8,13,9,Black bass,7440,438,-26.04,9.86,3.16,-30.841,4.238,-18.722,2.22,-25.7,0.58,3.9
Johnston,48.35,-90.33,Jacob,N.Ontario,2011,8,13,9,Black bass,7434,425,-26.56,9.93,3.42,-30.841,4.238,-18.722,2.22,-25.7,0.58,3.9
Johnston,48.35,-90.33,Jacob,N.Ontario,2011,8,13,9,Black bass,7444,423,-24.5,9.2,3.46,-30.841,4.238,-18.722,2.22,-23.5,0.39,3.8
Johnston,48.35,-90.33,Jacob,N.Ontario,2011,8,13,9,Black bass,7432,421,-23.93,8.99,3.2,-30.841,4.238,-18.722,2.22,-23.5,0.39,3.8
Johnston,48.35,-90.33,Jacob,N.Ontario,2011,8,13,9,Black bass,7445,419,-26.5,9.55,3.28,-30.841,4.238,-18.722,2.22,-25.9,0.59,3.8
Johnston,48.35,-90.33,Jacob,N.Ontario,2011,8,13,9,Black bass,7448,416,-25.34,9.1,3.39,-30.841,4.238,-18.722,2.22,-24.5,0.48,3.7
Johnston,48.35,-90.33,Jacob,N.Ontario,2011,8,13,9,Black bass,7438,410,-26.99,10.23,3.25,-30.841,4.238,-18.722,2.22,-26.4,0.63,4
Johnston,48.35,-90.33,Jacob,N.Ontario,2011,8,13,9,Black bass,7441,409,-24.74,9.36,3.3,-30.841,4.238,-18.722,2.22,-24.1,0.44,3.8
Johnston,48.35,-90.33,Jacob,N.Ontario,2011,8,13,9,Black bass,7443,404,-24.59,9.38,3.28,-30.841,4.238,-18.722,2.22,-24,0.44,3.8
Johnston,48.35,-90.33,Jacob,N.Ontario,2011,8,13,9,Black bass,7437,387,-24.29,10.13,3.28,-30.841,4.238,-18.722,2.22,-23.7,0.41,4.1
Johnston,48.35,-90.33,Jacob,N.Ontario,2011,8,13,9,Black bass,7435,383,-24.97,9.46,3.34,-30.841,4.238,-18.722,2.22,-24.2,0.45,3.9
Johnston,48.35,-90.33,Jacob,N.Ontario,2011,8,13,9,Black bass,7447,376,-24.98,8.97,3.59,-30.841,4.238,-18.722,2.22,-23.8,0.42,3.7
Johnston,48.35,-90.33,Jacob,N.Ontario,2011,8,13,9,Black bass,7433,375,-24.26,9.52,3.28,-30.841,4.238,-18.722,2.22,-23.7,0.41,3.9
Johnston,48.35,-90.33,Jacob,N.Ontario,2011,8,13,9,Black bass,7439,373,-23.76,9.48,3.25,-30.841,4.238,-18.722,2.22,-23.2,0.37,3.9
Johnston,48.35,-90.33,Jacob,N.Ontario,2011,8,13,9,Black bass,7450,365,-23.92,8.96,3.4,-30.841,4.238,-18.722,2.22,-23.1,0.36,3.8
Johnston,48.35,-90.33,Jacob,N.Ontario,2011,8,13,9,Black bass,7449,324,-24.46,9.66,3.3,-30.841,4.238,-18.722,2.22,-23.8,0.42,3.9
Johnston,48.35,-90.33,Jacob,N.Ontario,2011,8,13,9,Black bass,7442,232.14,-24.62,9.01,3.24,-30.841,4.238,-18.722,2.22,-24.1,0.44,3.7
Johnston,48.35,-90.33,Jacob,N.Ontario,2011,8,13,9,Black bass,7446,159,-25.66,8.82,3.31,-30.841,4.238,-18.722,2.22,-25,0.52,3.6
Johnston,48.35,-90.33,Jacob,N.Ontario,2011,8,13,9,Walleye,7430,694,-27.61,11,3.18,-30.841,4.238,-18.722,2.22,-27.2,0.7,4.2
Johnston,48.35,-90.33,Jacob,N.Ontario,2011,8,13,9,Walleye,7421,664,-27.18,11.38,3.09,-30.841,4.238,-18.722,2.22,-27,0.68,4.3
Johnston,48.35,-90.33,Jacob,N.Ontario,2011,8,13,9,Walleye,7414,540,-25.73,10.95,3.29,-30.841,4.238,-18.722,2.22,-25.1,0.53,4.3
Johnston,48.35,-90.33,Jacob,N.Ontario,2011,8,13,9,Walleye,7425,518,-25.85,11.36,3.2,-30.841,4.238,-18.722,2.22,-25.4,0.55,4.4
Johnston,48.35,-90.33,Jacob,N.Ontario,2011,8,13,9,Walleye,7427,510,-26.33,10.3,3.21,-30.841,4.238,-18.722,2.22,-25.9,0.59,4
Johnston,48.35,-90.33,Jacob,N.Ontario,2011,8,13,9,Walleye,7411,505,-24.93,11.66,3.31,-30.841,4.238,-18.722,2.22,-24.3,0.46,4.5
Johnston,48.35,-90.33,Jacob,N.Ontario,2011,8,13,9,Walleye,7416,491,-26.09,11.84,3.31,-30.841,4.238,-18.722,2.22,-25.4,0.55,4.5
Johnston,48.35,-90.33,Jacob,N.Ontario,2011,8,13,9,Walleye,7417,479,-27.12,11.19,3.41,-30.841,4.238,-18.722,2.22,-26.3,0.63,4.3
Johnston,48.35,-90.33,Jacob,N.Ontario,2011,8,13,9,Walleye,7415,454,-26.35,10.74,3.27,-30.841,4.238,-18.722,2.22,-25.8,0.58,4.2
Johnston,48.35,-90.33,Jacob,N.Ontario,2011,8,13,9,Walleye,7413,445,-26.59,10.5,3.25,-30.841,4.238,-18.722,2.22,-26,0.6,4.1
Johnston,48.35,-90.33,Jacob,N.Ontario,2011,8,13,9,Walleye,7426,439,-25.67,9.77,3.2,-30.841,4.238,-18.722,2.22,-25.2,0.53,3.9
Johnston,48.35,-90.33,Jacob,N.Ontario,2011,8,13,9,Walleye,7420,395,-25.86,10.32,3.12,-30.841,4.238,-18.722,2.22,-25.6,0.57,4
Johnston,48.35,-90.33,Jacob,N.Ontario,2011,8,13,9,Walleye,7424,390,-25.42,10.39,3.2,-30.841,4.238,-18.722,2.22,-25,0.52,4.1
Johnston,48.35,-90.33,Jacob,N.Ontario,2011,8,13,9,Walleye,7429,380,-24.51,10.45,3.37,-30.841,4.238,-18.722,2.22,-23.7,0.41,4.2
Johnston,48.35,-90.33,Jacob,N.Ontario,2011,8,13,9,Walleye,7423,371,-26.17,10.3,3.27,-30.841,4.238,-18.722,2.22,-25.6,0.57,4
Johnston,48.35,-90.33,Jacob,N.Ontario,2011,8,13,9,Walleye,7412,363,-24.68,9.59,3.23,-30.841,4.238,-18.722,2.22,-24.2,0.45,3.9
Johnston,48.35,-90.33,Jacob,N.Ontario,2011,8,13,9,Walleye,7419,290,-24.92,9.26,3.22,-30.841,4.238,-18.722,2.22,-24.4,0.47,3.8
Johnston,48.35,-90.33,Jacob,N.Ontario,2011,8,13,9,Walleye,7418,288,-25.12,9.72,3.22,-30.841,4.238,-18.722,2.22,-24.6,0.49,3.9
Johnston,48.35,-90.33,Jacob,N.Ontario,2011,8,13,9,Walleye,7422,223,-25.49,8.54,3.14,-30.841,4.238,-18.722,2.22,-25.2,0.53,3.5
Johnston,48.35,-90.33,Jacob,N.Ontario,2011,8,13,9,Walleye,7428,175,-27.17,9.14,3.16,-30.841,4.238,-18.722,2.22,-26.8,0.67,3.6
Johnston,52.22,-93.73,McInnes,N.Ontario,2011,NA,NA,9,Northern pike,7038,647,-25.27,9.13,3.15,-29.63,2.39,-18.43,1.21,-24.9,0.58,4.1
Johnston,52.22,-93.73,McInnes,N.Ontario,2011,NA,NA,9,Northern pike,7037,605,-26.6,9.32,3.15,-29.63,2.39,-18.43,1.21,-26.3,0.7,4.1
Johnston,52.22,-93.73,McInnes,N.Ontario,2011,NA,NA,9,Northern pike,7036,594,-25.22,8.83,3.16,-29.63,2.39,-18.43,1.21,-24.9,0.58,4
Johnston,52.22,-93.73,McInnes,N.Ontario,2011,NA,NA,9,Northern pike,7035,565,-24.4,8.79,3.13,-29.63,2.39,-18.43,1.21,-24.1,0.51,4.1
Johnston,52.22,-93.73,McInnes,N.Ontario,2011,NA,NA,9,Northern pike,7034,555,-23.02,8.62,3.15,-29.63,2.39,-18.43,1.21,-22.7,0.38,4
Johnston,52.22,-93.73,McInnes,N.Ontario,2011,NA,NA,9,Northern pike,7033,554,-26.48,9.35,3.17,-29.63,2.39,-18.43,1.21,-26.1,0.68,4.2
Johnston,52.22,-93.73,McInnes,N.Ontario,2011,NA,NA,9,Northern pike,7032,529,-24.43,8.95,3.15,-29.63,2.39,-18.43,1.21,-24.1,0.51,4.1
Johnston,52.22,-93.73,McInnes,N.Ontario,2011,NA,NA,9,Northern pike,7031,507,-27.39,8.93,3.12,-29.63,2.39,-18.43,1.21,-27.1,0.77,4
Johnston,52.22,-93.73,McInnes,N.Ontario,2011,NA,NA,9,Northern pike,7030,466,-23.83,8.24,3.21,-29.63,2.39,-18.43,1.21,-23.4,0.44,3.9
Johnston,52.22,-93.73,McInnes,N.Ontario,2011,NA,NA,9,Northern pike,7029,420,-23.76,7.84,3.17,-29.63,2.39,-18.43,1.21,-23.4,0.44,3.8
Johnston,52.22,-93.73,McInnes,N.Ontario,2011,NA,NA,9,Walleye,7048,574,-27.01,9.28,3.11,-29.63,2.39,-18.43,1.21,-26.8,0.75,4.1
Johnston,52.22,-93.73,McInnes,N.Ontario,2011,NA,NA,9,Walleye,7047,514,-26.46,9.22,3.11,-29.63,2.39,-18.43,1.21,-26.2,0.69,4.1
Johnston,52.22,-93.73,McInnes,N.Ontario,2011,NA,NA,9,Walleye,7046,444,-27.79,9.07,3.2,-29.63,2.39,-18.43,1.21,-27.3,0.79,4
Johnston,52.22,-93.73,McInnes,N.Ontario,2011,NA,NA,9,Walleye,7045,416,-27.26,8.72,3.19,-29.63,2.39,-18.43,1.21,-26.8,0.75,3.9
Johnston,52.22,-93.73,McInnes,N.Ontario,2011,NA,NA,9,Walleye,7044,397,-25.95,8.46,3.14,-29.63,2.39,-18.43,1.21,-25.6,0.64,3.9
Johnston,52.22,-93.73,McInnes,N.Ontario,2011,NA,NA,9,Walleye,7043,350,-28.26,8.64,3.12,-29.63,2.39,-18.43,1.21,-28,0.85,3.9
Johnston,52.22,-93.73,McInnes,N.Ontario,2011,NA,NA,9,Walleye,7042,304,-25.23,8.19,3.13,-29.63,2.39,-18.43,1.21,-24.9,0.58,3.9
Johnston,52.22,-93.73,McInnes,N.Ontario,2011,NA,NA,9,Walleye,7041,259,-26.39,8.35,3.12,-29.63,2.39,-18.43,1.21,-26.1,0.68,3.9
Johnston,52.22,-93.73,McInnes,N.Ontario,2011,NA,NA,9,Walleye,7040,186,-27.94,8.2,3.16,-29.63,2.39,-18.43,1.21,-27.6,0.82,3.8
Johnston,52.22,-93.73,McInnes,N.Ontario,2011,NA,NA,9,Walleye,7039,169,-25.95,7.28,3.17,-29.63,2.39,-18.43,1.21,-25.6,0.64,3.6
Johnston,48.74,-92.68,Bad Vermilion,N.Ontario,2017,NA,NA,5.5,Northern pike,17970,684,-23.13,8.61,3.08,-29.042,1.847,-18.154,0.624,-23,0.45,4.2
Johnston,48.74,-92.68,Bad Vermilion,N.Ontario,2017,NA,NA,5.5,Northern pike,17968,675,-23.27,8.75,3.1,-29.042,1.847,-18.154,0.624,-23,0.45,4.2
Johnston,48.74,-92.68,Bad Vermilion,N.Ontario,2016,7,10,5.5,Northern pike,17453,635,-25.61,9.31,3.22,-29.042,1.847,-18.154,0.624,-25.1,0.64,4.3
Johnston,48.74,-92.68,Bad Vermilion,N.Ontario,2016,7,10,5.5,Northern pike,17456,634,-23.45,8.71,3.14,-29.042,1.847,-18.154,0.624,-23.1,0.45,4.2
Johnston,48.74,-92.68,Bad Vermilion,N.Ontario,2016,7,10,5.5,Northern pike,17451,634,-24.5,9.02,3.19,-29.042,1.847,-18.154,0.624,-24.1,0.55,4.3
Johnston,48.74,-92.68,Bad Vermilion,N.Ontario,2016,7,10,5.5,Northern pike,17454,633,-21.7,8.56,3.16,-29.042,1.847,-18.154,0.624,-21.3,0.29,4.2
Johnston,48.74,-92.68,Bad Vermilion,N.Ontario,2016,7,10,5.5,Northern pike,17455,629,-24.8,9.49,3.22,-29.042,1.847,-18.154,0.624,-24.3,0.56,4.4
Johnston,48.74,-92.68,Bad Vermilion,N.Ontario,2016,7,10,5.5,Northern pike,17452,566,-24.21,8.97,3.18,-29.042,1.847,-18.154,0.624,-23.8,0.52,4.3
Johnston,48.74,-92.68,Bad Vermilion,N.Ontario,2017,NA,NA,5.5,Northern pike,17969,511,-24,7.64,3.09,-29.042,1.847,-18.154,0.624,-23.8,0.52,3.9
Johnston,48.74,-92.68,Bad Vermilion,N.Ontario,2017,NA,NA,5.5,Northern pike,17971,479,-24.62,7.79,3.13,-29.042,1.847,-18.154,0.624,-24.3,0.56,3.9
Johnston,48.74,-92.68,Bad Vermilion,N.Ontario,2016,7,10,5.8,Black bass,17462,481,-23.66,8.79,3.25,-29.042,1.847,-18.154,0.624,-23.1,0.45,4.2
Johnston,48.74,-92.68,Bad Vermilion,N.Ontario,2016,7,10,5.8,Black bass,17463,472,-20.01,7.91,3.41,-29.042,1.847,-18.154,0.624,-19.2,0.1,4.1
Johnston,48.74,-92.68,Bad Vermilion,N.Ontario,2016,7,10,5.8,Black bass,17464,450,-23.27,8.02,3.37,-29.042,1.847,-18.154,0.624,-22.5,0.4,4
Johnston,48.74,-92.68,Bad Vermilion,N.Ontario,2016,7,10,5.8,Black bass,17461,448,-24.01,8.67,3.28,-29.042,1.847,-18.154,0.624,-23.4,0.48,4.2
Johnston,48.74,-92.68,Bad Vermilion,N.Ontario,2016,7,10,5.8,Black bass,17465,446,-23.49,8.13,3.38,-29.042,1.847,-18.154,0.624,-22.7,0.42,4.1
Johnston,48.74,-92.68,Bad Vermilion,N.Ontario,2016,7,10,5.8,Black bass,17458,425,-19.25,7.04,3.24,-29.042,1.847,-18.154,0.624,-18.7,0.05,3.9
Johnston,48.74,-92.68,Bad Vermilion,N.Ontario,2016,7,10,5.8,Black bass,17460,422,-20.59,7.07,3.21,-29.042,1.847,-18.154,0.624,-20.1,0.18,3.8
Johnston,48.74,-92.68,Bad Vermilion,N.Ontario,2016,7,10,5.8,Black bass,17459,417,-21.86,8.16,3.27,-29.042,1.847,-18.154,0.624,-21.3,0.29,4.1
Johnston,48.74,-92.68,Bad Vermilion,N.Ontario,2016,7,10,5.8,Black bass,17467,375,-20.27,7.98,3.25,-29.042,1.847,-18.154,0.624,-19.7,0.14,4.1
Johnston,48.74,-92.68,Bad Vermilion,N.Ontario,2016,7,10,5.8,Black bass,17466,347,-23.26,8.08,3.28,-29.042,1.847,-18.154,0.624,-22.7,0.42,4
Johnston,48.74,-92.68,Bad Vermilion,N.Ontario,2016,7,10,5.5,Walleye,17474,620,-25.95,8.99,3.36,-29.042,1.847,-18.154,0.624,-25.2,0.65,4.2
Johnston,48.74,-92.68,Bad Vermilion,N.Ontario,2016,7,10,5.5,Walleye,17473,595,-27.85,9.21,4.63,-29.042,1.847,-18.154,0.624,-25.3,0.66,4.3
Johnston,48.74,-92.68,Bad Vermilion,N.Ontario,2016,7,10,5.5,Walleye,17476,557,-25.71,9.49,3.39,-29.042,1.847,-18.154,0.624,-24.9,0.62,4.4
Johnston,48.74,-92.68,Bad Vermilion,N.Ontario,2016,7,10,5.5,Walleye,17475,546,-27.55,8.92,4.53,-29.042,1.847,-18.154,0.624,-25.1,0.64,4.2
Johnston,48.74,-92.68,Bad Vermilion,N.Ontario,2016,7,10,5.5,Walleye,17477,538,-25.41,9.68,3.49,-29.042,1.847,-18.154,0.624,-24.4,0.57,4.5
Johnston,48.74,-92.68,Bad Vermilion,N.Ontario,2016,7,10,5.5,Walleye,17468,528,-25.74,8.95,3.25,-29.042,1.847,-18.154,0.624,-25.2,0.65,4.2
Johnston,48.74,-92.68,Bad Vermilion,N.Ontario,2016,7,10,5.5,Walleye,17469,519,-25.57,8.89,3.25,-29.042,1.847,-18.154,0.624,-25,0.63,4.2
Johnston,48.74,-92.68,Bad Vermilion,N.Ontario,2016,7,10,5.5,Walleye,17470,497,-25.61,8.45,3.24,-29.042,1.847,-18.154,0.624,-25.1,0.64,4.1
Johnston,48.74,-92.68,Bad Vermilion,N.Ontario,2016,7,10,5.5,Walleye,17472,458,-25.54,8.12,3.21,-29.042,1.847,-18.154,0.624,-25.1,0.64,4
Johnston,48.74,-92.68,Bad Vermilion,N.Ontario,2016,7,10,5.5,Walleye,17471,434,-25.66,8.27,3.24,-29.042,1.847,-18.154,0.624,-25.1,0.64,4
Johnston,46.28,-80,Nipissing,N.Ontario,2012,NA,NA,5.4,Northern pike,10264,812,-24.34,12.42,3.17,-28.13,4.33,-18.04,3.1,-24,0.59,4.5
Johnston,46.28,-80,Nipissing,N.Ontario,2012,NA,NA,5.4,Northern pike,10265,781,-25.23,12.38,3.2,-28.13,4.33,-18.04,3.1,-24.8,0.67,4.5
Johnston,46.28,-80,Nipissing,N.Ontario,2013,NA,NA,5.4,Northern pike,11175,697,-25.42,11.9,3.17,-28.13,4.33,-18.04,3.1,-25,0.69,4.3
Johnston,46.28,-80,Nipissing,N.Ontario,2013,NA,NA,5.4,Northern pike,11176,637,-24.54,11.64,3.26,-28.13,4.33,-18.04,3.1,-24,0.59,4.3
Johnston,46.28,-80,Nipissing,N.Ontario,2012,NA,NA,5.4,Northern pike,10261,591,-24.6,10.62,3.2,-28.13,4.33,-18.04,3.1,-24.2,0.61,4
Johnston,46.28,-80,Nipissing,N.Ontario,2012,NA,NA,5.4,Northern pike,10263,580,-23.47,10.68,3.2,-28.13,4.33,-18.04,3.1,-23,0.49,4.1
Johnston,46.28,-80,Nipissing,N.Ontario,2012,NA,NA,5.4,Northern pike,10262,561,-26.24,10.93,3.21,-28.13,4.33,-18.04,3.1,-25.8,0.77,4
Johnston,46.28,-80,Nipissing,N.Ontario,2012,NA,NA,5.4,Northern pike,10268,531,-25.13,11.51,3.16,-28.13,4.33,-18.04,3.1,-24.8,0.67,4.2
Johnston,46.28,-80,Nipissing,N.Ontario,2012,NA,NA,5.4,Northern pike,10260,518,-24.52,10.22,3.19,-28.13,4.33,-18.04,3.1,-24.1,0.6,3.9
Johnston,46.28,-80,Nipissing,N.Ontario,2012,NA,NA,5.4,Northern pike,10267,512,-24.56,10.59,3.21,-28.13,4.33,-18.04,3.1,-24.1,0.6,4
Johnston,46.28,-80,Nipissing,N.Ontario,2012,NA,NA,5.4,Northern pike,10266,485,-23.76,10.4,3.17,-28.13,4.33,-18.04,3.1,-23.4,0.53,4
Johnston,46.28,-80,Nipissing,N.Ontario,2012,NA,NA,5.4,Black bass,10272,462,-24.4,12.43,3.56,-28.13,4.33,-18.04,3.1,-23.3,0.52,4.6
Johnston,46.28,-80,Nipissing,N.Ontario,2012,NA,NA,5.4,Black bass,10278,439,-22.85,11.24,3.28,-28.13,4.33,-18.04,3.1,-22.2,0.41,4.2
Johnston,46.28,-80,Nipissing,N.Ontario,2012,NA,NA,5.4,Black bass,10277,430,-21.77,11,3.26,-28.13,4.33,-18.04,3.1,-21.2,0.31,4.2
Johnston,46.28,-80,Nipissing,N.Ontario,2012,NA,NA,5.4,Black bass,10275,371,-22.2,10.59,3.23,-28.13,4.33,-18.04,3.1,-21.7,0.36,4.1
Johnston,46.28,-80,Nipissing,N.Ontario,2012,NA,NA,5.4,Black bass,10276,363,-24.49,11.12,3.36,-28.13,4.33,-18.04,3.1,-23.7,0.56,4.2
Johnston,46.28,-80,Nipissing,N.Ontario,2012,NA,NA,5.4,Black bass,10270,330,-22.99,10.98,3.24,-28.13,4.33,-18.04,3.1,-22.5,0.44,4.2
Johnston,46.28,-80,Nipissing,N.Ontario,2012,NA,NA,5.4,Black bass,10271,315,-25.4,12.24,3.32,-28.13,4.33,-18.04,3.1,-24.7,0.66,4.4
Johnston,46.28,-80,Nipissing,N.Ontario,2012,NA,NA,5.4,Black bass,10274,282,-24.71,11.78,3.39,-28.13,4.33,-18.04,3.1,-23.9,0.58,4.3
Johnston,46.28,-80,Nipissing,N.Ontario,2012,NA,NA,5.4,Black bass,10281,272,-21.69,11.24,3.28,-28.13,4.33,-18.04,3.1,-21.1,0.3,4.3
Johnston,46.28,-80,Nipissing,N.Ontario,2013,NA,NA,5.4,Black bass,11179,269,-25.41,11.99,3.26,-28.13,4.33,-18.04,3.1,-24.8,0.67,4.4
Johnston,46.28,-80,Nipissing,N.Ontario,2013,NA,NA,5.4,Black bass,11178,264,-24.77,11.78,3.27,-28.13,4.33,-18.04,3.1,-24.2,0.61,4.3
Johnston,46.28,-80,Nipissing,N.Ontario,2012,NA,NA,5.4,Black bass,10279,255,-25.28,11.91,3.5,-28.13,4.33,-18.04,3.1,-24.3,0.62,4.4
Johnston,46.28,-80,Nipissing,N.Ontario,2012,NA,NA,5.4,Black bass,10273,220,-24.13,11.29,3.27,-28.13,4.33,-18.04,3.1,-23.5,0.54,4.2
Johnston,46.28,-80,Nipissing,N.Ontario,2012,NA,NA,5.4,Black bass,10283,208,-25.02,11.82,3.25,-28.13,4.33,-18.04,3.1,-24.5,0.64,4.3
Johnston,46.28,-80,Nipissing,N.Ontario,2012,NA,NA,5.4,Black bass,10284,204,-25.22,12.12,3.31,-28.13,4.33,-18.04,3.1,-24.6,0.65,4.4
Johnston,46.28,-80,Nipissing,N.Ontario,2012,NA,NA,5.4,Black bass,10280,182,-24.52,10.79,3.3,-28.13,4.33,-18.04,3.1,-23.9,0.58,4.1
Johnston,46.28,-80,Nipissing,N.Ontario,2012,NA,NA,5.4,Black bass,10282,182,-24.99,11.24,3.26,-28.13,4.33,-18.04,3.1,-24.4,0.63,4.2
Johnston,46.28,-80,Nipissing,N.Ontario,2003,NA,NA,5.4,Walleye,NA,739.78,-24.66,11.74,3.17,-28.13,4.33,-18.04,3.1,-24.3,0.62,4.3
Johnston,46.28,-80,Nipissing,N.Ontario,2003,NA,NA,5.4,Walleye,NA,712.56,-24.88,12.21,3.29,-28.13,4.33,-18.04,3.1,-24.3,0.62,4.5
Johnston,46.28,-80,Nipissing,N.Ontario,2012,NA,NA,5.4,Walleye,10301,712,-25.26,12.6,3.09,-28.13,4.33,-18.04,3.1,-25.1,0.7,4.5
Johnston,46.28,-80,Nipissing,N.Ontario,2003,NA,NA,5.4,Walleye,NA,670.68,-24.58,12.17,3.16,-28.13,4.33,-18.04,3.1,-24.2,0.61,4.4
Johnston,46.28,-80,Nipissing,N.Ontario,2012,NA,NA,5.4,Walleye,10297,658,-24.91,13.02,3.18,-28.13,4.33,-18.04,3.1,-24.5,0.64,4.7
Johnston,46.28,-80,Nipissing,N.Ontario,2012,NA,NA,5.4,Walleye,NA,654.98,-22.43,11.92,3.03,-28.13,4.33,-18.04,3.1,-22.4,0.43,4.4
Johnston,46.28,-80,Nipissing,N.Ontario,2012,NA,NA,5.4,Walleye,9014,650,-22.43,11.92,3.03,-28.13,4.33,-18.04,3.1,-22.4,0.43,4.4
Johnston,46.28,-80,Nipissing,N.Ontario,2003,NA,NA,5.4,Walleye,NA,631.94,-24.98,12.1,3.2,-28.13,4.33,-18.04,3.1,-24.5,0.64,4.4
Johnston,46.28,-80,Nipissing,N.Ontario,2012,NA,NA,5.4,Walleye,8999,626,-23.53,12.52,2.99,-28.13,4.33,-18.04,3.1,-23.6,0.55,4.6
Johnston,46.28,-80,Nipissing,N.Ontario,2012,NA,NA,5.4,Walleye,NA,623.57,-25.14,12.64,3.12,-28.13,4.33,-18.04,3.1,-24.9,0.68,4.6
Johnston,46.28,-80,Nipissing,N.Ontario,2012,NA,NA,5.4,Walleye,NA,622.52,-23.53,12.52,2.99,-28.13,4.33,-18.04,3.1,-23.6,0.55,4.6
Johnston,46.28,-80,Nipissing,N.Ontario,2012,NA,NA,5.4,Walleye,9015,619,-25.14,12.64,3.12,-28.13,4.33,-18.04,3.1,-24.9,0.68,4.6
Johnston,46.28,-80,Nipissing,N.Ontario,2012,NA,NA,5.4,Walleye,10292,615,-24.34,12.18,3.2,-28.13,4.33,-18.04,3.1,-23.9,0.58,4.5
Johnston,46.28,-80,Nipissing,N.Ontario,2012,NA,NA,5.4,Walleye,9016,603,-27.37,11.5,3.08,-28.13,4.33,-18.04,3.1,-27.2,0.91,4.1
Johnston,46.28,-80,Nipissing,N.Ontario,2012,NA,NA,5.4,Walleye,NA,601.58,-27.37,11.5,3.08,-28.13,4.33,-18.04,3.1,-27.2,0.91,4.1
Johnston,46.28,-80,Nipissing,N.Ontario,2012,NA,NA,5.4,Walleye,10291,595,-24.32,12.05,3.17,-28.13,4.33,-18.04,3.1,-23.9,0.58,4.4
Johnston,46.28,-80,Nipissing,N.Ontario,2003,NA,NA,5.4,Walleye,NA,592.16,-24.49,11.45,3.22,-28.13,4.33,-18.04,3.1,-24,0.59,4.2
Johnston,46.28,-80,Nipissing,N.Ontario,2012,NA,NA,5.4,Walleye,10290,581,-23.88,12.04,3.14,-28.13,4.33,-18.04,3.1,-23.6,0.55,4.4
Johnston,46.28,-80,Nipissing,N.Ontario,2012,NA,NA,5.4,Walleye,NA,576.45,-24.85,12.49,3.04,-28.13,4.33,-18.04,3.1,-24.8,0.67,4.5
Johnston,46.28,-80,Nipissing,N.Ontario,2012,NA,NA,5.4,Walleye,8998,573,-24.85,12.49,3.04,-28.13,4.33,-18.04,3.1,-24.8,0.67,4.5
Johnston,46.28,-80,Nipissing,N.Ontario,2003,NA,NA,5.4,Walleye,NA,570.17,-24.82,12.14,3.13,-28.13,4.33,-18.04,3.1,-24.5,0.64,4.4
Johnston,46.28,-80,Nipissing,N.Ontario,2012,NA,NA,5.4,Walleye,9000,569,-24.69,12.34,3.03,-28.13,4.33,-18.04,3.1,-24.6,0.65,4.5
Johnston,46.28,-80,Nipissing,N.Ontario,2012,NA,NA,5.4,Walleye,NA,567.03,-24.69,12.34,3.03,-28.13,4.33,-18.04,3.1,-24.6,0.65,4.5
Johnston,46.28,-80,Nipissing,N.Ontario,2012,NA,NA,5.4,Walleye,10298,541,-25.36,11.67,3.16,-28.13,4.33,-18.04,3.1,-25,0.69,4.3
Johnston,46.28,-80,Nipissing,N.Ontario,2003,NA,NA,5.4,Walleye,NA,532.48,-25.12,11.83,3.39,-28.13,4.33,-18.04,3.1,-24.3,0.62,4.3
Johnston,46.28,-80,Nipissing,N.Ontario,2012,NA,NA,5.4,Walleye,9005,527,-24.69,14.07,3.14,-28.13,4.33,-18.04,3.1,-24.4,0.63,5
Johnston,46.28,-80,Nipissing,N.Ontario,2012,NA,NA,5.4,Walleye,NA,524.1,-24.69,14.07,3.14,-28.13,4.33,-18.04,3.1,-24.4,0.63,5
Johnston,46.28,-80,Nipissing,N.Ontario,2003,NA,NA,5.4,Walleye,NA,518.87,-24.95,12,3.21,-28.13,4.33,-18.04,3.1,-24.5,0.64,4.4
Johnston,46.28,-80,Nipissing,N.Ontario,2012,NA,NA,5.4,Walleye,9003,511,-24.68,11.92,3.03,-28.13,4.33,-18.04,3.1,-24.6,0.65,4.4
Johnston,46.28,-80,Nipissing,N.Ontario,2012,NA,NA,5.4,Walleye,NA,506.3,-24.68,11.92,3.03,-28.13,4.33,-18.04,3.1,-24.6,0.65,4.4
Johnston,46.28,-80,Nipissing,N.Ontario,2012,NA,NA,5.4,Walleye,9002,506,-24.52,12.87,3.11,-28.13,4.33,-18.04,3.1,-24.3,0.62,4.6
Johnston,46.28,-80,Nipissing,N.Ontario,2012,NA,NA,5.4,Walleye,NA,504.21,-24.89,13.6,3.06,-28.13,4.33,-18.04,3.1,-24.8,0.67,4.8
Johnston,46.28,-80,Nipissing,N.Ontario,2012,NA,NA,5.4,Walleye,9006,504,-24.89,13.6,3.06,-28.13,4.33,-18.04,3.1,-24.8,0.67,4.8
Johnston,46.28,-80,Nipissing,N.Ontario,2012,NA,NA,5.4,Walleye,NA,501.07,-24.52,12.87,3.11,-28.13,4.33,-18.04,3.1,-24.3,0.62,4.6
Johnston,46.28,-80,Nipissing,N.Ontario,2003,NA,NA,5.4,Walleye,NA,498.97,-24.81,12.14,3.33,-28.13,4.33,-18.04,3.1,-24.1,0.6,4.4
Johnston,46.28,-80,Nipissing,N.Ontario,2003,NA,NA,5.4,Walleye,NA,497.93,-24.99,11.82,3.37,-28.13,4.33,-18.04,3.1,-24.2,0.61,4.3
Johnston,46.28,-80,Nipissing,N.Ontario,2012,NA,NA,5.4,Walleye,9004,494,-25.13,11.59,3.1,-28.13,4.33,-18.04,3.1,-24.9,0.68,4.3
Johnston,46.28,-80,Nipissing,N.Ontario,2012,NA,NA,5.4,Walleye,9011,490,-24.9,12.36,3.11,-28.13,4.33,-18.04,3.1,-24.7,0.66,4.5
Johnston,46.28,-80,Nipissing,N.Ontario,2012,NA,NA,5.4,Walleye,NA,487.46,-25.13,11.59,3.1,-28.13,4.33,-18.04,3.1,-24.9,0.68,4.3
Johnston,46.28,-80,Nipissing,N.Ontario,2003,NA,NA,5.4,Walleye,NA,486.41,-24.82,11.54,3.39,-28.13,4.33,-18.04,3.1,-24,0.59,4.3
Johnston,46.28,-80,Nipissing,N.Ontario,2012,NA,NA,5.4,Walleye,NA,484.31,-24.9,12.36,3.11,-28.13,4.33,-18.04,3.1,-24.7,0.66,4.5
Johnston,46.28,-80,Nipissing,N.Ontario,2003,NA,NA,5.4,Walleye,NA,475.94,-24.82,11.81,3.41,-28.13,4.33,-18.04,3.1,-24,0.59,4.3
Johnston,46.28,-80,Nipissing,N.Ontario,2003,NA,NA,5.4,Walleye,NA,474.89,-24.77,11.38,3.34,-28.13,4.33,-18.04,3.1,-24,0.59,4.2
Johnston,46.28,-80,Nipissing,N.Ontario,2012,NA,NA,5.4,Walleye,9017,472,-24.99,12.25,3.1,-28.13,4.33,-18.04,3.1,-24.8,0.67,4.4
Johnston,46.28,-80,Nipissing,N.Ontario,2012,NA,NA,5.4,Walleye,9001,469,-24.75,11.98,3.04,-28.13,4.33,-18.04,3.1,-24.7,0.66,4.4
Johnston,46.28,-80,Nipissing,N.Ontario,2012,NA,NA,5.4,Walleye,NA,468.61,-24.99,12.25,3.1,-28.13,4.33,-18.04,3.1,-24.8,0.67,4.4
Johnston,46.28,-80,Nipissing,N.Ontario,2012,NA,NA,5.4,Walleye,9008,468,-25.19,12.1,3.12,-28.13,4.33,-18.04,3.1,-24.9,0.68,4.4
Johnston,46.28,-80,Nipissing,N.Ontario,2012,NA,NA,5.4,Walleye,10300,467,-25.6,11.77,3.14,-28.13,4.33,-18.04,3.1,-25.3,0.72,4.3
Johnston,46.28,-80,Nipissing,N.Ontario,2012,NA,NA,5.4,Walleye,NA,466.52,-25.19,12.1,3.12,-28.13,4.33,-18.04,3.1,-24.9,0.68,4.4
Johnston,46.28,-80,Nipissing,N.Ontario,2012,NA,NA,5.4,Walleye,NA,465.47,-24.75,11.98,3.04,-28.13,4.33,-18.04,3.1,-24.7,0.66,4.4
Johnston,46.28,-80,Nipissing,N.Ontario,2003,NA,NA,5.4,Walleye,NA,456.05,-25.01,11.35,3.33,-28.13,4.33,-18.04,3.1,-24.3,0.62,4.2
Johnston,46.28,-80,Nipissing,N.Ontario,2003,NA,NA,5.4,Walleye,NA,450.81,-24.69,11.27,3.38,-28.13,4.33,-18.04,3.1,-23.9,0.58,4.2
Johnston,46.28,-80,Nipissing,N.Ontario,2003,NA,NA,5.4,Walleye,NA,446.62,-24.61,12,3.24,-28.13,4.33,-18.04,3.1,-24.1,0.6,4.4
Johnston,46.28,-80,Nipissing,N.Ontario,2003,NA,NA,5.4,Walleye,NA,435.11,-24.47,11.66,3.23,-28.13,4.33,-18.04,3.1,-24,0.59,4.3
Johnston,46.28,-80,Nipissing,N.Ontario,2012,NA,NA,5.4,Walleye,9013,430,-25.69,12.03,3.22,-28.13,4.33,-18.04,3.1,-25.2,0.71,4.4
Johnston,46.28,-80,Nipissing,N.Ontario,2012,NA,NA,5.4,Walleye,NA,427.78,-25.69,12.03,3.22,-28.13,4.33,-18.04,3.1,-25.2,0.71,4.4
Johnston,46.28,-80,Nipissing,N.Ontario,2012,NA,NA,5.4,Walleye,9007,427,-25.53,12.21,3.08,-28.13,4.33,-18.04,3.1,-25.4,0.73,4.4
Johnston,46.28,-80,Nipissing,N.Ontario,2012,NA,NA,5.4,Walleye,NA,421.49,-25.53,12.21,3.08,-28.13,4.33,-18.04,3.1,-25.4,0.73,4.4
Johnston,46.28,-80,Nipissing,N.Ontario,2003,NA,NA,5.4,Walleye,NA,409.98,-24.7,11.24,3.24,-28.13,4.33,-18.04,3.1,-24.2,0.61,4.2
Johnston,46.28,-80,Nipissing,N.Ontario,2013,NA,NA,5.4,Walleye,11185,407,-25.49,11.62,3.26,-28.13,4.33,-18.04,3.1,-24.9,0.68,4.3
Johnston,46.28,-80,Nipissing,N.Ontario,2013,NA,NA,5.4,Walleye,11181,400,-25.4,11.58,3.3,-28.13,4.33,-18.04,3.1,-24.8,0.67,4.3
Johnston,46.28,-80,Nipissing,N.Ontario,2003,NA,NA,5.4,Walleye,NA,397.41,-24.3,12.06,3.16,-28.13,4.33,-18.04,3.1,-23.9,0.58,4.4
Johnston,46.28,-80,Nipissing,N.Ontario,2013,NA,NA,5.4,Walleye,11180,390,-25.6,11.43,3.23,-28.13,4.33,-18.04,3.1,-25.1,0.7,4.2
Johnston,46.28,-80,Nipissing,N.Ontario,2012,NA,NA,5.4,Walleye,9012,386,-25.28,12.08,3.08,-28.13,4.33,-18.04,3.1,-25.1,0.7,4.4
Johnston,46.28,-80,Nipissing,N.Ontario,2012,NA,NA,5.4,Walleye,9009,384,-25.04,12.08,3.06,-28.13,4.33,-18.04,3.1,-24.9,0.68,4.4
Johnston,46.28,-80,Nipissing,N.Ontario,2012,NA,NA,5.4,Walleye,10299,384,-25.61,11.34,3.19,-28.13,4.33,-18.04,3.1,-25.2,0.71,4.2
Johnston,46.28,-80,Nipissing,N.Ontario,2012,NA,NA,5.4,Walleye,NA,383.8,-25.28,12.08,3.08,-28.13,4.33,-18.04,3.1,-25.1,0.7,4.4
Johnston,46.28,-80,Nipissing,N.Ontario,2012,NA,NA,5.4,Walleye,NA,382.75,-25.04,12.08,3.06,-28.13,4.33,-18.04,3.1,-24.9,0.68,4.4
Johnston,46.28,-80,Nipissing,N.Ontario,2013,NA,NA,5.4,Walleye,11186,382,-25.71,11.87,3.34,-28.13,4.33,-18.04,3.1,-25,0.69,4.3
Johnston,46.28,-80,Nipissing,N.Ontario,2012,NA,NA,5.4,Walleye,9010,378,-24.12,11.64,3.12,-28.13,4.33,-18.04,3.1,-23.9,0.58,4.3
Johnston,46.28,-80,Nipissing,N.Ontario,2012,NA,NA,5.4,Walleye,NA,374.38,-24.12,11.64,3.12,-28.13,4.33,-18.04,3.1,-23.9,0.58,4.3
Johnston,46.28,-80,Nipissing,N.Ontario,2013,NA,NA,5.4,Walleye,11183,355,-25.5,11.52,3.23,-28.13,4.33,-18.04,3.1,-25,0.69,4.2
Johnston,46.28,-80,Nipissing,N.Ontario,2013,NA,NA,5.4,Walleye,11184,355,-25.65,11.61,3.22,-28.13,4.33,-18.04,3.1,-25.2,0.71,4.2
Johnston,46.28,-80,Nipissing,N.Ontario,2012,NA,NA,5.4,Walleye,10293,340,-25.57,11.09,3.19,-28.13,4.33,-18.04,3.1,-25.1,0.7,4.1
Johnston,46.28,-80,Nipissing,N.Ontario,2013,NA,NA,5.4,Walleye,11188,332,-25.44,11.71,3.26,-28.13,4.33,-18.04,3.1,-24.9,0.68,4.3
Johnston,46.28,-80,Nipissing,N.Ontario,2013,NA,NA,5.4,Walleye,11182,332,-25.98,11.73,3.24,-28.13,4.33,-18.04,3.1,-25.5,0.74,4.3
Johnston,46.28,-80,Nipissing,N.Ontario,2003,NA,NA,5.4,Walleye,NA,315.75,-25.15,11.13,3.26,-28.13,4.33,-18.04,3.1,-24.6,0.65,4.1
Johnston,46.28,-80,Nipissing,N.Ontario,2013,NA,NA,5.4,Walleye,11187,311,-25.92,11.38,3.22,-28.13,4.33,-18.04,3.1,-25.4,0.73,4.2
Johnston,46.28,-80,Nipissing,N.Ontario,2012,NA,NA,5.4,Walleye,10287,309,-26.03,11.01,3.18,-28.13,4.33,-18.04,3.1,-25.6,0.75,4.1
Johnston,46.28,-80,Nipissing,N.Ontario,2013,NA,NA,5.4,Walleye,11189,299,-25.81,11.2,3.22,-28.13,4.33,-18.04,3.1,-25.3,0.72,4.1
Johnston,46.28,-80,Nipissing,N.Ontario,2012,NA,NA,5.4,Walleye,10288,298,-26.04,10.91,3.16,-28.13,4.33,-18.04,3.1,-25.7,0.76,4
Johnston,46.28,-80,Nipissing,N.Ontario,2012,NA,NA,5.4,Walleye,10295,269,-24.92,11.24,3.19,-28.13,4.33,-18.04,3.1,-24.5,0.64,4.2
Johnston,46.28,-80,Nipissing,N.Ontario,2012,NA,NA,5.4,Walleye,10289,264,-26.06,11.06,3.17,-28.13,4.33,-18.04,3.1,-25.7,0.76,4.1
Johnston,46.28,-80,Nipissing,N.Ontario,2012,NA,NA,5.4,Walleye,10296,259,-25.21,10.91,3.17,-28.13,4.33,-18.04,3.1,-24.8,0.67,4.1
Johnston,46.28,-80,Nipissing,N.Ontario,2012,NA,NA,5.4,Walleye,10294,185,-25.61,10.93,3.22,-28.13,4.33,-18.04,3.1,-25.1,0.7,4
Johnston,46.28,-80,Nipissing,N.Ontario,2013,10,16,5.4,Yellow perch,11252,290,-25.31,12.35,3.17,-28.13,4.33,-18.04,3.1,-24.9,0.68,4.5
Johnston,46.28,-80,Nipissing,N.Ontario,2013,10,16,5.4,Yellow perch,11250,285,-25.63,11.52,3.18,-28.13,4.33,-18.04,3.1,-25.2,0.71,4.2
Johnston,46.28,-80,Nipissing,N.Ontario,2012,NA,NA,5.4,Yellow perch,9773,284,-25.51,11.87,3.14,-28.13,4.33,-18.04,3.1,-25.2,0.71,4.3
Johnston,46.28,-80,Nipissing,N.Ontario,2013,10,16,5.4,Yellow perch,11251,275,-25.55,11.29,3.21,-28.13,4.33,-18.04,3.1,-25.1,0.7,4.2
Johnston,46.28,-80,Nipissing,N.Ontario,2012,NA,NA,5.4,Yellow perch,9772,271,-25.62,12.14,3.17,-28.13,4.33,-18.04,3.1,-25.2,0.71,4.4
Johnston,46.28,-80,Nipissing,N.Ontario,2012,NA,NA,5.4,Yellow perch,9771,263,-25.87,11.49,3.16,-28.13,4.33,-18.04,3.1,-25.5,0.74,4.2
Johnston,46.28,-80,Nipissing,N.Ontario,2013,10,16,5.4,Yellow perch,11257,256,-25.42,11.61,3.15,-28.13,4.33,-18.04,3.1,-25.1,0.7,4.2
Johnston,46.28,-80,Nipissing,N.Ontario,2012,NA,NA,5.4,Yellow perch,9774,253,-25.94,11.16,3.17,-28.13,4.33,-18.04,3.1,-25.6,0.75,4.1
Johnston,46.28,-80,Nipissing,N.Ontario,2013,10,16,5.4,Yellow perch,11256,247,-25.78,11.25,3.18,-28.13,4.33,-18.04,3.1,-25.4,0.73,4.1
Johnston,46.28,-80,Nipissing,N.Ontario,2012,NA,NA,5.4,Yellow perch,9782,236,-25.78,11.12,3.21,-28.13,4.33,-18.04,3.1,-25.3,0.72,4.1
Johnston,46.28,-80,Nipissing,N.Ontario,2013,10,16,5.4,Yellow perch,11253,236,-25.67,11.27,3.19,-28.13,4.33,-18.04,3.1,-25.2,0.71,4.1
Johnston,46.28,-80,Nipissing,N.Ontario,2012,NA,NA,5.4,Yellow perch,9760,233,-25.91,10.67,3.15,-28.13,4.33,-18.04,3.1,-25.6,0.75,4
Johnston,46.28,-80,Nipissing,N.Ontario,2012,NA,NA,5.4,Yellow perch,9766,228,-26.1,10.99,3.19,-28.13,4.33,-18.04,3.1,-25.7,0.76,4
Johnston,46.28,-80,Nipissing,N.Ontario,2012,NA,NA,5.4,Yellow perch,9759,226,-25.8,11.32,3.16,-28.13,4.33,-18.04,3.1,-25.4,0.73,4.2
Johnston,46.28,-80,Nipissing,N.Ontario,2012,NA,NA,5.4,Yellow perch,9761,225,-25.81,10.7,3.13,-28.13,4.33,-18.04,3.1,-25.5,0.74,4
Johnston,46.28,-80,Nipissing,N.Ontario,2012,NA,NA,5.4,Yellow perch,9762,223,-26.12,11.16,3.18,-28.13,4.33,-18.04,3.1,-25.7,0.76,4.1
Johnston,46.28,-80,Nipissing,N.Ontario,2012,NA,NA,5.4,Yellow perch,9765,222,-26,10.76,3.19,-28.13,4.33,-18.04,3.1,-25.6,0.75,4
Johnston,46.28,-80,Nipissing,N.Ontario,2013,10,16,5.4,Yellow perch,11254,222,-25.79,11.14,3.28,-28.13,4.33,-18.04,3.1,-25.2,0.71,4.1
Johnston,46.28,-80,Nipissing,N.Ontario,2012,NA,NA,5.4,Yellow perch,9763,218,-26.48,10.65,3.15,-28.13,4.33,-18.04,3.1,-26.1,0.8,3.9
Johnston,46.28,-80,Nipissing,N.Ontario,2012,NA,NA,5.4,Yellow perch,9764,218,-25.73,10.97,3.22,-28.13,4.33,-18.04,3.1,-25.2,0.71,4.1
Johnston,46.28,-80,Nipissing,N.Ontario,2012,NA,NA,5.4,Yellow perch,9752,217,-25.65,11.36,3.15,-28.13,4.33,-18.04,3.1,-25.3,0.72,4.2
Johnston,46.28,-80,Nipissing,N.Ontario,2012,NA,NA,5.4,Yellow perch,9751,214,-26.07,10.95,3.2,-28.13,4.33,-18.04,3.1,-25.6,0.75,4
Johnston,46.28,-80,Nipissing,N.Ontario,2012,NA,NA,5.4,Yellow perch,9753,213,-26.07,10.94,3.16,-28.13,4.33,-18.04,3.1,-25.7,0.76,4
Johnston,46.28,-80,Nipissing,N.Ontario,2012,NA,NA,5.4,Yellow perch,9775,209,-23.82,10.42,3.14,-28.13,4.33,-18.04,3.1,-23.5,0.54,4
Johnston,46.28,-80,Nipissing,N.Ontario,2012,NA,NA,5.4,Yellow perch,9783,203,-26.02,10.8,3.16,-28.13,4.33,-18.04,3.1,-25.7,0.76,4
Johnston,46.28,-80,Nipissing,N.Ontario,2012,NA,NA,5.4,Yellow perch,9754,192,-22.9,10.7,3.12,-28.13,4.33,-18.04,3.1,-22.6,0.45,4.1
Johnston,46.28,-80,Nipissing,N.Ontario,2012,NA,NA,5.4,Yellow perch,9776,181,-25.8,10.64,3.19,-28.13,4.33,-18.04,3.1,-25.4,0.73,4
Johnston,46.28,-80,Nipissing,N.Ontario,2012,NA,NA,5.4,Yellow perch,9784,163,-25.59,10.47,3.26,-28.13,4.33,-18.04,3.1,-25,0.69,3.9
Johnston,46.28,-80,Nipissing,N.Ontario,2013,10,16,5.4,Yellow perch,11255,158,-26.87,11,3.18,-28.13,4.33,-18.04,3.1,-26.5,0.84,4
Johnston,46.28,-80,Nipissing,N.Ontario,2012,NA,NA,5.4,Yellow perch,9780,151,-27.53,9.67,3.21,-28.13,4.33,-18.04,3.1,-27.1,0.9,3.6
Johnston,46.28,-80,Nipissing,N.Ontario,2012,NA,NA,5.4,Yellow perch,9757,149,-27.77,10.07,3.16,-28.13,4.33,-18.04,3.1,-27.4,0.93,3.7
Johnston,46.28,-80,Nipissing,N.Ontario,2012,NA,NA,5.4,Yellow perch,9756,146,-27.92,10.42,3.15,-28.13,4.33,-18.04,3.1,-27.6,0.95,3.8
Johnston,46.28,-80,Nipissing,N.Ontario,2012,NA,NA,5.4,Yellow perch,9779,146,-29.02,8.69,3.19,-28.13,4.33,-18.04,3.1,-28.6,1,3.3
Johnston,46.28,-80,Nipissing,N.Ontario,2012,NA,NA,5.4,Yellow perch,9777,144,-25.04,10.09,3.17,-28.13,4.33,-18.04,3.1,-24.7,0.66,3.8
Johnston,46.28,-80,Nipissing,N.Ontario,2012,NA,NA,5.4,Yellow perch,9755,142,-28.01,10.43,3.18,-28.13,4.33,-18.04,3.1,-27.6,0.95,3.8
Johnston,46.28,-80,Nipissing,N.Ontario,2012,NA,NA,5.4,Yellow perch,9758,141,-27.67,10.69,3.15,-28.13,4.33,-18.04,3.1,-27.3,0.92,3.9
Johnston,46.28,-80,Nipissing,N.Ontario,2012,NA,NA,5.4,Yellow perch,9781,141,-28.56,9.42,3.21,-28.13,4.33,-18.04,3.1,-28.1,1,3.5
Johnston,46.28,-80,Nipissing,N.Ontario,2013,10,16,5.4,Yellow perch,11248,115,-26.09,9.74,3.19,-28.13,4.33,-18.04,3.1,-25.7,0.76,3.7
Johnston,46.28,-80,Nipissing,N.Ontario,2012,NA,NA,5.4,Yellow perch,9785,111,-25.54,9.88,3.27,-28.13,4.33,-18.04,3.1,-25,0.69,3.7
Johnston,46.28,-80,Nipissing,N.Ontario,2013,10,16,5.4,Yellow perch,11249,98,-26.19,9.76,3.21,-28.13,4.33,-18.04,3.1,-25.7,0.76,3.7
Johnston,46.28,-80,Nipissing,N.Ontario,2012,NA,NA,5.4,Yellow perch,9778,94,-34.16,7.04,3.22,-28.13,4.33,-18.04,3.1,-33.7,1,2.6
Johnston,46.28,-80,Nipissing,N.Ontario,2011,NA,NA,5.4,Walleye,NA,665.45,-24.88,12.68,3.19,-26.22,4.12,-18.04,3.1,-24.5,0.79,4.6
Johnston,46.28,-80,Nipissing,N.Ontario,2011,NA,NA,5.4,Walleye,6501,663,-24.88,12.68,3.19,-26.22,4.12,-18.04,3.1,-24.5,0.79,4.6
Johnston,46.28,-80,Nipissing,N.Ontario,2011,NA,NA,5.4,Walleye,6509,620,-25.47,12.65,3.19,-26.22,4.12,-18.04,3.1,-25,0.85,4.6
Johnston,46.28,-80,Nipissing,N.Ontario,2011,NA,NA,5.4,Walleye,NA,619.38,-25.47,12.65,3.19,-26.22,4.12,-18.04,3.1,-25,0.85,4.6
Johnston,46.28,-80,Nipissing,N.Ontario,2011,NA,NA,5.4,Walleye,6502,585,-24.69,12.23,3.24,-26.22,4.12,-18.04,3.1,-24.2,0.75,4.5
Johnston,46.28,-80,Nipissing,N.Ontario,2011,NA,NA,5.4,Walleye,NA,582.73,-24.69,12.23,3.24,-26.22,4.12,-18.04,3.1,-24.2,0.75,4.5
Johnston,46.28,-80,Nipissing,N.Ontario,2011,NA,NA,5.4,Walleye,6505,539,-25.09,12.25,3.25,-26.22,4.12,-18.04,3.1,-24.5,0.79,4.5
Johnston,46.28,-80,Nipissing,N.Ontario,2011,NA,NA,5.4,Walleye,6511,539,-25.02,12.16,3.19,-26.22,4.12,-18.04,3.1,-24.6,0.8,4.4
Johnston,46.28,-80,Nipissing,N.Ontario,2011,NA,NA,5.4,Walleye,NA,537.71,-25.02,12.16,3.19,-26.22,4.12,-18.04,3.1,-24.6,0.8,4.4
Johnston,46.28,-80,Nipissing,N.Ontario,2011,NA,NA,5.4,Walleye,NA,536.66,-25.09,12.25,3.25,-26.22,4.12,-18.04,3.1,-24.5,0.79,4.5
Johnston,46.28,-80,Nipissing,N.Ontario,2011,NA,NA,5.4,Walleye,NA,520.96,-24.37,12.54,3.2,-26.22,4.12,-18.04,3.1,-23.9,0.72,4.6
Johnston,46.28,-80,Nipissing,N.Ontario,2011,NA,NA,5.4,Walleye,6503,519,-24.37,12.54,3.2,-26.22,4.12,-18.04,3.1,-23.9,0.72,4.6
Johnston,46.28,-80,Nipissing,N.Ontario,2011,NA,NA,5.4,Walleye,6513,511,-24.82,14.49,3.39,-26.22,4.12,-18.04,3.1,-24,0.73,5.1
Johnston,46.28,-80,Nipissing,N.Ontario,2011,NA,NA,5.4,Walleye,NA,509.44,-24.82,14.49,3.39,-26.22,4.12,-18.04,3.1,-24,0.73,5.1
Johnston,46.28,-80,Nipissing,N.Ontario,2011,NA,NA,5.4,Walleye,6507,505,-24.58,12.98,3.24,-26.22,4.12,-18.04,3.1,-24.1,0.74,4.7
Johnston,46.28,-80,Nipissing,N.Ontario,2011,NA,NA,5.4,Walleye,NA,503.16,-24.58,12.98,3.24,-26.22,4.12,-18.04,3.1,-24.1,0.74,4.7
Johnston,46.28,-80,Nipissing,N.Ontario,2011,NA,NA,5.4,Walleye,6515,484,-25.5,12.3,3.21,-26.22,4.12,-18.04,3.1,-25,0.85,4.5
Johnston,46.28,-80,Nipissing,N.Ontario,2011,NA,NA,5.4,Walleye,NA,483.27,-25.5,12.3,3.21,-26.22,4.12,-18.04,3.1,-25,0.85,4.5
Johnston,46.28,-80,Nipissing,N.Ontario,2011,NA,NA,5.4,Walleye,6510,483,-25.18,12.17,3.23,-26.22,4.12,-18.04,3.1,-24.7,0.81,4.4
Johnston,46.28,-80,Nipissing,N.Ontario,2011,NA,NA,5.4,Walleye,NA,482.22,-25.18,12.17,3.23,-26.22,4.12,-18.04,3.1,-24.7,0.81,4.4
Johnston,46.28,-80,Nipissing,N.Ontario,2011,NA,NA,5.4,Walleye,6504,471,-25.78,12.01,3.28,-26.22,4.12,-18.04,3.1,-25.2,0.88,4.4
Johnston,46.28,-80,Nipissing,N.Ontario,2011,NA,NA,5.4,Walleye,6506,471,-26.04,11.96,3.37,-26.22,4.12,-18.04,3.1,-25.3,0.89,4.3
Johnston,46.28,-80,Nipissing,N.Ontario,2011,NA,NA,5.4,Walleye,NA,468.61,-25.78,12.01,3.28,-26.22,4.12,-18.04,3.1,-25.2,0.88,4.4
Johnston,46.28,-80,Nipissing,N.Ontario,2011,NA,NA,5.4,Walleye,NA,466.52,-26.04,11.96,3.37,-26.22,4.12,-18.04,3.1,-25.3,0.89,4.3
Johnston,46.28,-80,Nipissing,N.Ontario,2011,NA,NA,5.4,Walleye,6508,451,-25.18,11.98,3.2,-26.22,4.12,-18.04,3.1,-24.7,0.81,4.4
Johnston,46.28,-80,Nipissing,N.Ontario,2011,NA,NA,5.4,Walleye,6514,448,-25.14,12.2,3.22,-26.22,4.12,-18.04,3.1,-24.7,0.81,4.4
Johnston,46.28,-80,Nipissing,N.Ontario,2011,NA,NA,5.4,Walleye,NA,447.67,-25.14,12.2,3.22,-26.22,4.12,-18.04,3.1,-24.7,0.81,4.4
Johnston,46.28,-80,Nipissing,N.Ontario,2011,NA,NA,5.4,Walleye,NA,446.62,-25.18,11.98,3.2,-26.22,4.12,-18.04,3.1,-24.7,0.81,4.4
Johnston,46.28,-80,Nipissing,N.Ontario,2011,NA,NA,5.4,Walleye,6516,440,-25.22,12.47,3.25,-26.22,4.12,-18.04,3.1,-24.7,0.81,4.5
Johnston,46.28,-80,Nipissing,N.Ontario,2011,NA,NA,5.4,Walleye,NA,437.2,-25.22,12.47,3.25,-26.22,4.12,-18.04,3.1,-24.7,0.81,4.5
Johnston,46.28,-80,Nipissing,N.Ontario,2011,NA,NA,5.4,Walleye,NA,430.92,-26.02,12.53,3.33,-26.22,4.12,-18.04,3.1,-25.3,0.89,4.5
Johnston,46.28,-80,Nipissing,N.Ontario,2011,NA,NA,5.4,Walleye,6517,430,-26.02,12.53,3.33,-26.22,4.12,-18.04,3.1,-25.3,0.89,4.5
Johnston,46.28,-80,Nipissing,N.Ontario,2011,NA,NA,5.4,Walleye,NA,401.6,-26.03,12.22,3.28,-26.22,4.12,-18.04,3.1,-25.4,0.9,4.4
Johnston,46.28,-80,Nipissing,N.Ontario,2011,NA,NA,5.4,Walleye,6512,400,-26.03,12.22,3.28,-26.22,4.12,-18.04,3.1,-25.4,0.9,4.4
Johnston,46.28,-80,Nipissing,N.Ontario,2011,NA,NA,5.4,Walleye,6520,370,-24.7,12.14,3.19,-26.22,4.12,-18.04,3.1,-24.3,0.77,4.4
Johnston,46.28,-80,Nipissing,N.Ontario,2011,NA,NA,5.4,Walleye,NA,367.05,-24.7,12.14,3.19,-26.22,4.12,-18.04,3.1,-24.3,0.77,4.4
Johnston,46.28,-80,Nipissing,N.Ontario,2011,NA,NA,5.4,Walleye,6519,364,-25.84,12.04,3.26,-26.22,4.12,-18.04,3.1,-25.3,0.89,4.4
Johnston,46.28,-80,Nipissing,N.Ontario,2011,NA,NA,5.4,Walleye,NA,363.91,-25.84,12.04,3.26,-26.22,4.12,-18.04,3.1,-25.3,0.89,4.4
Johnston,46.28,-80,Nipissing,N.Ontario,2011,NA,NA,5.4,Walleye,6518,356,-25.97,11.94,3.24,-26.22,4.12,-18.04,3.1,-25.4,0.9,4.3
Johnston,46.28,-80,Nipissing,N.Ontario,2011,NA,NA,5.4,Walleye,NA,353.44,-25.97,11.94,3.24,-26.22,4.12,-18.04,3.1,-25.4,0.9,4.3
Johnston,46.28,-80,Nipissing,N.Ontario,2011,NA,NA,5.4,Yellow perch,7228,114.01,-27.94,10.27,3.79,-26.22,4.12,-18.04,3.1,-26.4,1,3.8
Johnston,46.28,-80,Nipissing,N.Ontario,2011,NA,NA,5.4,Yellow perch,7227,111.91,-25.61,10.4,3.62,-26.22,4.12,-18.04,3.1,-24.4,0.78,3.9
Johnston,46.28,-80,Nipissing,N.Ontario,2011,NA,NA,5.4,Yellow perch,7226,110.86,-26.85,9.78,3.44,-26.22,4.12,-18.04,3.1,-25.9,0.96,3.7
Johnston,46.28,-80,Nipissing,N.Ontario,2011,NA,NA,5.4,Yellow perch,7224,105.62,-26.55,9.6,3.42,-26.22,4.12,-18.04,3.1,-25.7,0.94,3.6
Johnston,46.28,-80,Nipissing,N.Ontario,2011,NA,NA,5.4,Yellow perch,7225,104.57,-25.82,9.42,3.31,-26.22,4.12,-18.04,3.1,-25.2,0.88,3.6
Johnston,46.28,-80,Nipissing,N.Ontario,2011,NA,NA,5.4,Yellow perch,7222,97.24,-26.63,9.49,3.35,-26.22,4.12,-18.04,3.1,-25.9,0.96,3.6
Johnston,46.28,-80,Nipissing,N.Ontario,2011,NA,NA,5.4,Yellow perch,7223,95.14,-27.31,8.56,3.25,-26.22,4.12,-18.04,3.1,-26.8,1,3.3
Johnston,46.28,-80,Nipissing,N.Ontario,2011,NA,NA,5.4,Yellow perch,7221,90.95,-26.85,9.56,3.4,-26.22,4.12,-18.04,3.1,-26,0.97,3.6
Johnston,46.28,-80,Nipissing,N.Ontario,2011,NA,NA,5.4,Yellow perch,7220,88.85,-28.45,9.57,3.71,-26.22,4.12,-18.04,3.1,-27.1,1,3.6
Johnston,46.28,-80,Nipissing,N.Ontario,2011,NA,NA,5.4,Yellow perch,7219,84.66,-26.62,9.97,3.33,-26.22,4.12,-18.04,3.1,-25.9,0.96,3.7
Johnston,46.28,-80,Nipissing,N.Ontario,2002,NA,NA,5.4,Walleye,NA,647.65,-25.02,12.18,3.24,-25.63,4.2,-18.04,3.1,-24.5,0.85,4.4
Johnston,46.28,-80,Nipissing,N.Ontario,2002,NA,NA,5.4,Walleye,NA,623.57,-25.22,11.79,3.35,-25.63,4.2,-18.04,3.1,-24.5,0.85,4.3
Johnston,46.28,-80,Nipissing,N.Ontario,2002,NA,NA,5.4,Walleye,NA,604.72,-24.12,12.08,3.2,-25.63,4.2,-18.04,3.1,-23.7,0.75,4.4
Johnston,46.28,-80,Nipissing,N.Ontario,2002,NA,NA,5.4,Walleye,NA,578.54,-24.87,12.31,3.28,-25.63,4.2,-18.04,3.1,-24.3,0.82,4.4
Johnston,46.28,-80,Nipissing,N.Ontario,2002,NA,NA,5.4,Walleye,NA,557.6,-24.75,11.81,3.13,-25.63,4.2,-18.04,3.1,-24.5,0.85,4.3
Johnston,46.28,-80,Nipissing,N.Ontario,2002,NA,NA,5.4,Walleye,NA,533.52,-24.47,11.92,3.19,-25.63,4.2,-18.04,3.1,-24,0.79,4.3
Johnston,46.28,-80,Nipissing,N.Ontario,2002,NA,NA,5.4,Walleye,NA,508.4,-24.65,11.55,3.26,-25.63,4.2,-18.04,3.1,-24.1,0.8,4.2
Johnston,46.28,-80,Nipissing,N.Ontario,2002,NA,NA,5.4,Walleye,NA,507.35,-25.1,11.85,3.27,-25.63,4.2,-18.04,3.1,-24.5,0.85,4.3
Johnston,46.28,-80,Nipissing,N.Ontario,2002,NA,NA,5.4,Walleye,NA,482.22,-24.93,12.05,3.37,-25.63,4.2,-18.04,3.1,-24.1,0.8,4.4
Johnston,46.28,-80,Nipissing,N.Ontario,2002,NA,NA,5.4,Walleye,NA,474.89,-25.45,11.7,3.49,-25.63,4.2,-18.04,3.1,-24.4,0.84,4.3
Johnston,46.28,-80,Nipissing,N.Ontario,2002,NA,NA,5.4,Walleye,NA,462.33,-24.37,12.36,3.16,-25.63,4.2,-18.04,3.1,-24,0.79,4.5
Johnston,46.28,-80,Nipissing,N.Ontario,2002,NA,NA,5.4,Walleye,NA,443.48,-25.53,11.96,3.42,-25.63,4.2,-18.04,3.1,-24.7,0.88,4.3
Johnston,46.28,-80,Nipissing,N.Ontario,2002,NA,NA,5.4,Walleye,NA,440.34,-25.05,11.78,3.29,-25.63,4.2,-18.04,3.1,-24.4,0.84,4.3
Johnston,46.28,-80,Nipissing,N.Ontario,2002,NA,NA,5.4,Walleye,NA,427.78,-24.86,12.04,3.23,-25.63,4.2,-18.04,3.1,-24.4,0.84,4.4
Johnston,46.28,-80,Nipissing,N.Ontario,2002,NA,NA,5.4,Walleye,NA,416.26,-25.04,11.97,3.32,-25.63,4.2,-18.04,3.1,-24.4,0.84,4.3
Johnston,46.28,-80,Nipissing,N.Ontario,2002,NA,NA,5.4,Walleye,NA,398.46,-25.39,11.29,3.34,-25.63,4.2,-18.04,3.1,-24.7,0.88,4.1
Johnston,46.28,-80,Nipissing,N.Ontario,2002,NA,NA,5.4,Walleye,NA,372.29,-24.67,12.64,3.19,-25.63,4.2,-18.04,3.1,-24.2,0.81,4.5
Johnston,46.28,-80,Nipissing,N.Ontario,2002,NA,NA,5.4,Walleye,NA,355.53,-25.64,11.41,3.42,-25.63,4.2,-18.04,3.1,-24.8,0.89,4.2
Johnston,46.28,-80,Nipissing,N.Ontario,2002,NA,NA,5.4,Walleye,NA,341.92,-25.54,11.21,3.39,-25.63,4.2,-18.04,3.1,-24.7,0.88,4.1
Johnston,46.28,-80,Nipissing,N.Ontario,2002,NA,NA,5.4,Walleye,NA,307.37,-25.45,11.89,3.32,-25.63,4.2,-18.04,3.1,-24.8,0.89,4.3
Johnston,46.28,-80,Nipissing,N.Ontario,2002,NA,NA,5.4,Yellow perch,NA,212,-24.16,9.82,3.23,-25.63,4.2,-18.04,3.1,-23.7,0.75,3.7
Johnston,46.28,-80,Nipissing,N.Ontario,2002,NA,NA,5.4,Yellow perch,NA,176,-24.55,10.05,2.96,-25.63,4.2,-18.04,3.1,-24.7,0.88,3.8
Johnston,46.28,-80,Nipissing,N.Ontario,2002,NA,NA,5.4,Yellow perch,NA,159,-24.45,9.75,3.14,-25.63,4.2,-18.04,3.1,-24.1,0.8,3.7
Johnston,46.28,-80,Nipissing,N.Ontario,2002,NA,NA,5.4,Yellow perch,NA,115,-23.53,9.77,3.05,-25.63,4.2,-18.04,3.1,-23.4,0.71,3.7
Johnston,46.28,-80,Nipissing,N.Ontario,2002,NA,NA,5.4,Yellow perch,NA,100,-25.22,9.78,3.31,-25.63,4.2,-18.04,3.1,-24.6,0.86,3.7
Johnston,46.28,-80,Nipissing,N.Ontario,2002,NA,NA,5.4,Yellow perch,NA,94,-24.98,8.99,3.31,-25.63,4.2,-18.04,3.1,-24.3,0.82,3.5
Johnston,46.28,-80,Nipissing,N.Ontario,2002,NA,NA,5.4,Yellow perch,NA,90,-25.18,8.81,3.26,-25.63,4.2,-18.04,3.1,-24.6,0.86,3.4
Johnston,46.28,-80,Nipissing,N.Ontario,2002,NA,NA,5.4,Yellow perch,NA,85,-25.07,7.83,3.27,-25.63,4.2,-18.04,3.1,-24.5,0.85,3.1
Johnston,46.28,-80,Nipissing,N.Ontario,2002,NA,NA,5.4,Yellow perch,NA,82,-25.23,8.43,3.14,-25.63,4.2,-18.04,3.1,-24.9,0.9,3.3
Johnston,46.28,-80,Nipissing,N.Ontario,2002,NA,NA,5.4,Yellow perch,NA,75,-25.08,8.8,3.18,-25.63,4.2,-18.04,3.1,-24.7,0.88,3.4
Johnston,46.28,-80,Nipissing,N.Ontario,2015,8,23,6.4,Northern pike,14449,644,-27.02,11.83,3.13,-28.43,4.34,-17.77,2.99,-26.7,0.84,4.3
Johnston,46.28,-80,Nipissing,N.Ontario,2015,8,19,6.4,Northern pike,14445,624,-25.47,11.9,3.14,-28.43,4.34,-17.77,2.99,-25.2,0.7,4.3
Johnston,46.28,-80,Nipissing,N.Ontario,2015,8,23,6.4,Northern pike,14453,612,-25.79,11.91,3.12,-28.43,4.34,-17.77,2.99,-25.5,0.73,4.3
Johnston,46.28,-80,Nipissing,N.Ontario,2015,8,23,6.4,Northern pike,14454,606,-23.98,11.51,3.18,-28.43,4.34,-17.77,2.99,-23.6,0.55,4.3
Johnston,46.28,-80,Nipissing,N.Ontario,2015,8,22,6.4,Northern pike,14447,569,-26.1,11.53,3.17,-28.43,4.34,-17.77,2.99,-25.7,0.74,4.2
Johnston,46.28,-80,Nipissing,N.Ontario,2015,8,23,6.4,Northern pike,14455,565,-25.66,12.12,3.22,-28.43,4.34,-17.77,2.99,-25.2,0.7,4.4
Johnston,46.28,-80,Nipissing,N.Ontario,2015,8,23,6.4,Northern pike,14450,558,-25.86,10.87,3.09,-28.43,4.34,-17.77,2.99,-25.7,0.74,4
Johnston,46.28,-80,Nipissing,N.Ontario,2015,8,22,6.4,Northern pike,14448,539,-25.98,10.58,3.18,-28.43,4.34,-17.77,2.99,-25.6,0.73,3.9
Johnston,46.28,-80,Nipissing,N.Ontario,2015,8,19,6.4,Northern pike,14444,522,-26.31,11.48,3.22,-28.43,4.34,-17.77,2.99,-25.8,0.75,4.2
Johnston,46.28,-80,Nipissing,N.Ontario,2015,8,20,6.4,Northern pike,14446,515,-26.67,12.09,3.16,-28.43,4.34,-17.77,2.99,-26.3,0.8,4.4
Johnston,46.28,-80,Nipissing,N.Ontario,2015,8,19,6.4,Northern pike,14442,496,-25.55,11.78,3.23,-28.43,4.34,-17.77,2.99,-25,0.68,4.3
Johnston,46.28,-80,Nipissing,N.Ontario,2015,8,19,6.4,Northern pike,14443,494,-26.47,11.72,3.21,-28.43,4.34,-17.77,2.99,-26,0.77,4.3
Johnston,46.28,-80,Nipissing,N.Ontario,2015,8,23,6.4,Northern pike,14451,482,-27.53,10.85,3.1,-28.43,4.34,-17.77,2.99,-27.3,0.89,4
Johnston,46.28,-80,Nipissing,N.Ontario,2015,8,23,6.4,Northern pike,14452,440,-24.53,10.24,3.15,-28.43,4.34,-17.77,2.99,-24.2,0.6,3.9
Johnston,46.28,-80,Nipissing,N.Ontario,2015,8,19,6.4,Northern pike,14441,433,-26.58,11.5,3.23,-28.43,4.34,-17.77,2.99,-26.1,0.78,4.2
Johnston,46.28,-80,Nipissing,N.Ontario,2015,8,24,6.4,Northern pike,14456,405,-26.99,12.32,3.19,-28.43,4.34,-17.77,2.99,-26.6,0.83,4.4
Johnston,46.28,-80,Nipissing,N.Ontario,2015,8,22,6.4,Black bass,14471,518,-25.11,11.89,3.19,-28.43,4.34,-17.77,2.99,-24.7,0.65,4.4
Johnston,46.28,-80,Nipissing,N.Ontario,2015,8,19,6.4,Black bass,14461,433,-24.16,11.04,3.21,-28.43,4.34,-17.77,2.99,-23.7,0.56,4.1
Johnston,46.28,-80,Nipissing,N.Ontario,2015,8,24,6.4,Black bass,14477,423,-25.33,10.87,3.25,-28.43,4.34,-17.77,2.99,-24.8,0.66,4.1
Johnston,46.28,-80,Nipissing,N.Ontario,2015,8,22,6.4,Black bass,14472,416,-25.14,11.58,3.23,-28.43,4.34,-17.77,2.99,-24.6,0.64,4.3
Johnston,46.28,-80,Nipissing,N.Ontario,2015,8,20,6.4,Black bass,14469,393,-26.73,11.49,3.25,-28.43,4.34,-17.77,2.99,-26.2,0.79,4.2
Johnston,46.28,-80,Nipissing,N.Ontario,2015,8,18,6.4,Black bass,14457,389,-25.72,11.52,3.18,-28.43,4.34,-17.77,2.99,-25.3,0.71,4.2
Johnston,46.28,-80,Nipissing,N.Ontario,2015,8,24,6.4,Black bass,14475,388,-25.63,11.96,3.23,-28.43,4.34,-17.77,2.99,-25.1,0.69,4.4
Johnston,46.28,-80,Nipissing,N.Ontario,2015,8,19,6.4,Black bass,14459,380,-25.01,12.62,3.24,-28.43,4.34,-17.77,2.99,-24.5,0.63,4.6
Johnston,46.28,-80,Nipissing,N.Ontario,2015,8,19,6.4,Black bass,14462,378,-25.51,11.79,3.29,-28.43,4.34,-17.77,2.99,-24.9,0.67,4.3
Johnston,46.28,-80,Nipissing,N.Ontario,2015,8,19,6.4,Black bass,14465,374,-25.47,11.88,3.27,-28.43,4.34,-17.77,2.99,-24.9,0.67,4.3
Johnston,46.28,-80,Nipissing,N.Ontario,2015,8,19,6.4,Black bass,14463,372,-25.33,11.9,3.22,-28.43,4.34,-17.77,2.99,-24.8,0.66,4.4
Johnston,46.28,-80,Nipissing,N.Ontario,2015,8,19,6.4,Black bass,14460,368,-25.41,12.63,3.15,-28.43,4.34,-17.77,2.99,-25.1,0.69,4.6
Johnston,46.28,-80,Nipissing,N.Ontario,2015,8,20,6.4,Black bass,14467,357,-25.96,12.06,3.22,-28.43,4.34,-17.77,2.99,-25.5,0.73,4.4
Johnston,46.28,-80,Nipissing,N.Ontario,2015,8,19,6.4,Black bass,14464,346,-25.86,12.6,3.19,-28.43,4.34,-17.77,2.99,-25.4,0.72,4.5
Johnston,46.28,-80,Nipissing,N.Ontario,2015,8,18,6.4,Black bass,14458,323,-25.19,12.15,3.27,-28.43,4.34,-17.77,2.99,-24.6,0.64,4.4
Johnston,46.28,-80,Nipissing,N.Ontario,2015,8,19,6.4,Black bass,14466,312,-26.03,12.3,3.2,-28.43,4.34,-17.77,2.99,-25.6,0.73,4.4
Johnston,46.28,-80,Nipissing,N.Ontario,2015,8,22,6.4,Black bass,14470,302,-24.7,11.3,3.21,-28.43,4.34,-17.77,2.99,-24.2,0.6,4.2
Johnston,46.28,-80,Nipissing,N.Ontario,2015,8,23,6.4,Black bass,14473,302,-24.75,11.08,3.2,-28.43,4.34,-17.77,2.99,-24.3,0.61,4.1
Johnston,46.28,-80,Nipissing,N.Ontario,2015,8,24,6.4,Black bass,14476,279,-26.25,11.03,3.21,-28.43,4.34,-17.77,2.99,-25.8,0.75,4.1
Johnston,46.28,-80,Nipissing,N.Ontario,2015,8,20,6.4,Black bass,14468,253,-25.93,12.19,3.37,-28.43,4.34,-17.77,2.99,-25.1,0.69,4.4
Johnston,46.28,-80,Nipissing,N.Ontario,2015,8,23,6.4,Black bass,14474,201,-26.46,11.84,3.2,-28.43,4.34,-17.77,2.99,-26,0.77,4.3
Johnston,46.28,-80,Nipissing,N.Ontario,2015,8,24,6.4,Walleye,14494,574,-25.41,11.42,3.14,-28.43,4.34,-17.77,2.99,-25.1,0.69,4.2
Johnston,46.28,-80,Nipissing,N.Ontario,2015,8,19,6.4,Walleye,14485,529,-25.16,13.72,3.18,-28.43,4.34,-17.77,2.99,-24.8,0.66,4.9
Johnston,46.28,-80,Nipissing,N.Ontario,2015,8,22,6.4,Walleye,14491,514,-25.27,11.71,3.15,-28.43,4.34,-17.77,2.99,-24.9,0.67,4.3
Johnston,46.28,-80,Nipissing,N.Ontario,2015,8,19,6.4,Walleye,14482,511,-28.11,11.47,3.22,-28.43,4.34,-17.77,2.99,-27.6,0.92,4.1
Johnston,46.28,-80,Nipissing,N.Ontario,2015,8,19,6.4,Walleye,14487,477,-26.4,11.84,3.12,-28.43,4.34,-17.77,2.99,-26.1,0.78,4.3
Johnston,46.28,-80,Nipissing,N.Ontario,2015,8,23,6.4,Walleye,14493,471,-26.68,11.87,3.17,-28.43,4.34,-17.77,2.99,-26.3,0.8,4.3
Johnston,46.28,-80,Nipissing,N.Ontario,2015,8,22,6.4,Walleye,14492,425,-26.95,11.41,3.21,-28.43,4.34,-17.77,2.99,-26.5,0.82,4.2
Johnston,46.28,-80,Nipissing,N.Ontario,2015,8,19,6.4,Walleye,14483,412,-27.13,12.03,3.28,-28.43,4.34,-17.77,2.99,-26.5,0.82,4.3
Johnston,46.28,-80,Nipissing,N.Ontario,2015,8,19,6.4,Walleye,14486,401,-26.68,11.92,3.2,-28.43,4.34,-17.77,2.99,-26.2,0.79,4.3
Johnston,46.28,-80,Nipissing,N.Ontario,2015,8,22,6.4,Walleye,14490,395,-26.64,11.47,3.17,-28.43,4.34,-17.77,2.99,-26.3,0.8,4.2
Johnston,46.28,-80,Nipissing,N.Ontario,2015,8,20,6.4,Walleye,14489,381,-26.01,11.93,3.17,-28.43,4.34,-17.77,2.99,-25.6,0.73,4.3
Johnston,46.28,-80,Nipissing,N.Ontario,2015,8,20,6.4,Walleye,14488,380,-26.12,12.43,3.25,-28.43,4.34,-17.77,2.99,-25.6,0.73,4.5
Johnston,46.28,-80,Nipissing,N.Ontario,2015,8,19,6.4,Walleye,14484,378,-25.51,12.39,3.2,-28.43,4.34,-17.77,2.99,-25.1,0.69,4.5
Johnston,46.28,-80,Nipissing,N.Ontario,2015,8,18,6.4,Walleye,14479,377,-25.91,11.79,3.15,-28.43,4.34,-17.77,2.99,-25.6,0.73,4.3
Johnston,46.28,-80,Nipissing,N.Ontario,2015,8,18,6.4,Walleye,14478,361,-26.32,12.2,3.17,-28.43,4.34,-17.77,2.99,-25.9,0.76,4.4
Johnston,46.28,-80,Nipissing,N.Ontario,2015,8,19,6.4,Walleye,14481,360,-27.51,11.83,3.28,-28.43,4.34,-17.77,2.99,-26.9,0.86,4.3
Johnston,46.28,-80,Nipissing,N.Ontario,2015,6,10,6.4,Walleye,13775,302.14,-24.42,11.05,3.17,-28.43,4.34,-17.77,2.99,-24,0.58,4.1
Johnston,46.28,-80,Nipissing,N.Ontario,2015,8,18,6.4,Walleye,14480,302,-24.85,10.89,3.16,-28.43,4.34,-17.77,2.99,-24.5,0.63,4.1
Johnston,46.28,-80,Nipissing,N.Ontario,2015,10,21,6.4,Walleye,15156,256.07,-26.86,11.21,3.21,-28.43,4.34,-17.77,2.99,-26.4,0.81,4.1
Johnston,46.28,-80,Nipissing,N.Ontario,2015,6,10,6.4,Walleye,13773,250.83,-26.4,11.09,3.15,-28.43,4.34,-17.77,2.99,-26.1,0.78,4.1
Johnston,46.28,-80,Nipissing,N.Ontario,2015,7,9,6.4,Walleye,13939,245.6,-27.11,11.29,3.2,-28.43,4.34,-17.77,2.99,-26.7,0.84,4.1
Johnston,46.28,-80,Nipissing,N.Ontario,2015,6,10,6.4,Walleye,13774,243.5,-24.7,11.52,3.19,-28.43,4.34,-17.77,2.99,-24.3,0.61,4.3
Johnston,46.28,-80,Nipissing,N.Ontario,2015,7,9,6.4,Walleye,13938,243.5,-25.17,11.67,3.18,-28.43,4.34,-17.77,2.99,-24.8,0.66,4.3
Johnston,46.28,-80,Nipissing,N.Ontario,2015,10,27,6.4,Walleye,15186,241.41,-24.59,10.46,3.18,-28.43,4.34,-17.77,2.99,-24.2,0.6,4
Johnston,46.28,-80,Nipissing,N.Ontario,2015,6,4,6.4,Walleye,13759,239.32,-26.54,11.35,3.18,-28.43,4.34,-17.77,2.99,-26.1,0.78,4.1
Johnston,46.28,-80,Nipissing,N.Ontario,2015,7,9,6.4,Walleye,13937,237.22,-26.4,12.8,3.14,-28.43,4.34,-17.77,2.99,-26.1,0.78,4.6
Johnston,46.28,-80,Nipissing,N.Ontario,2015,10,27,6.4,Walleye,15187,237.22,-26.93,11.33,3.22,-28.43,4.34,-17.77,2.99,-26.4,0.81,4.1
Johnston,46.28,-80,Nipissing,N.Ontario,2015,7,9,6.4,Walleye,13935,234.08,-26.79,11.41,3.15,-28.43,4.34,-17.77,2.99,-26.5,0.82,4.2
Johnston,46.28,-80,Nipissing,N.Ontario,2015,6,10,6.4,Walleye,13772,231.99,-25.95,11.71,3.17,-28.43,4.34,-17.77,2.99,-25.6,0.73,4.3
Johnston,46.28,-80,Nipissing,N.Ontario,2015,6,4,6.4,Walleye,13758,231.99,-26.47,11.11,3.23,-28.43,4.34,-17.77,2.99,-26,0.77,4.1
Johnston,46.28,-80,Nipissing,N.Ontario,2015,7,9,6.4,Walleye,13936,230.94,-25.03,11.45,3.2,-28.43,4.34,-17.77,2.99,-24.6,0.64,4.2
Johnston,46.28,-80,Nipissing,N.Ontario,2015,8,25,6.4,Walleye,15121,226.75,-26.34,10.65,3.17,-28.43,4.34,-17.77,2.99,-26,0.77,3.9
Johnston,46.28,-80,Nipissing,N.Ontario,2015,8,25,6.4,Walleye,15118,225.71,-26.27,10.91,3.16,-28.43,4.34,-17.77,2.99,-25.9,0.76,4
Johnston,46.28,-80,Nipissing,N.Ontario,2015,10,27,6.4,Walleye,15192,224.66,-26.59,11.25,3.18,-28.43,4.34,-17.77,2.99,-26.2,0.79,4.1
Johnston,46.28,-80,Nipissing,N.Ontario,2015,8,25,6.4,Walleye,15116,218.38,-26.79,11.18,3.17,-28.43,4.34,-17.77,2.99,-26.4,0.81,4.1
Johnston,46.28,-80,Nipissing,N.Ontario,2015,6,4,6.4,Walleye,13757,213.14,-26.4,11.32,3.17,-28.43,4.34,-17.77,2.99,-26,0.77,4.1
Johnston,46.28,-80,Nipissing,N.Ontario,2015,8,25,6.4,Walleye,15115,208.95,-25.77,10.81,3.16,-28.43,4.34,-17.77,2.99,-25.4,0.72,4
Johnston,46.28,-80,Nipissing,N.Ontario,2015,8,25,6.4,Walleye,15120,205.81,-26.4,11.05,3.18,-28.43,4.34,-17.77,2.99,-26,0.77,4.1
Johnston,46.28,-80,Nipissing,N.Ontario,2015,8,25,6.4,Walleye,15117,204.77,-26.54,11.28,3.16,-28.43,4.34,-17.77,2.99,-26.2,0.79,4.1
Johnston,46.28,-80,Nipissing,N.Ontario,2015,8,25,6.4,Walleye,15113,200.58,-26.83,11.13,3.14,-28.43,4.34,-17.77,2.99,-26.5,0.82,4.1
Johnston,46.28,-80,Nipissing,N.Ontario,2015,8,25,6.4,Walleye,15155,188.01,-26.04,10.56,3.2,-28.43,4.34,-17.77,2.99,-25.6,0.73,3.9
Johnston,46.28,-80,Nipissing,N.Ontario,2015,7,9,6.4,Walleye,13933,188.01,-27.15,12.07,3.2,-28.43,4.34,-17.77,2.99,-26.7,0.84,4.3
Johnston,46.28,-80,Nipissing,N.Ontario,2015,8,25,6.4,Walleye,15154,186.97,-25.74,10.49,3.2,-28.43,4.34,-17.77,2.99,-25.3,0.71,3.9
Johnston,46.28,-80,Nipissing,N.Ontario,2015,7,9,6.4,Walleye,13934,179.64,-26.89,11.34,3.15,-28.43,4.34,-17.77,2.99,-26.6,0.83,4.1
Johnston,46.28,-80,Nipissing,N.Ontario,2015,7,3,6.4,Walleye,13929,179,-27.07,10.92,3.22,-28.43,4.34,-17.77,2.99,-26.6,0.83,4
Johnston,46.28,-80,Nipissing,N.Ontario,2015,8,25,6.4,Walleye,15112,174.4,-26.24,10.91,3.18,-28.43,4.34,-17.77,2.99,-25.8,0.75,4
Johnston,46.28,-80,Nipissing,N.Ontario,2015,10,27,6.4,Walleye,15188,172.31,-25.78,11.44,3.26,-28.43,4.34,-17.77,2.99,-25.2,0.7,4.2
Johnston,46.28,-80,Nipissing,N.Ontario,2015,10,27,6.4,Walleye,15191,172.31,-25.99,11.34,3.23,-28.43,4.34,-17.77,2.99,-25.5,0.73,4.2
Johnston,46.28,-80,Nipissing,N.Ontario,2015,8,25,6.4,Walleye,15153,169.17,-25.46,10.75,3.21,-28.43,4.34,-17.77,2.99,-25,0.68,4
Johnston,46.28,-80,Nipissing,N.Ontario,2015,10,27,6.4,Walleye,15190,164.98,-26.39,11.62,3.26,-28.43,4.34,-17.77,2.99,-25.8,0.75,4.2
Johnston,46.28,-80,Nipissing,N.Ontario,2015,6,10,6.4,Walleye,13770,160.79,-26.55,11.36,3.27,-28.43,4.34,-17.77,2.99,-26,0.77,4.2
Johnston,46.28,-80,Nipissing,N.Ontario,2015,6,10,6.4,Walleye,13771,157.65,-25.92,11.24,3.17,-28.43,4.34,-17.77,2.99,-25.5,0.73,4.1
Johnston,46.28,-80,Nipissing,N.Ontario,2015,7,3,6.4,Walleye,13928,155,-27.1,11.16,3.23,-28.43,4.34,-17.77,2.99,-26.6,0.83,4.1
Johnston,46.28,-80,Nipissing,N.Ontario,2015,7,3,6.4,Walleye,13927,154,-27.39,11.18,3.21,-28.43,4.34,-17.77,2.99,-26.9,0.86,4.1
Johnston,46.28,-80,Nipissing,N.Ontario,2015,7,9,6.4,Walleye,13931,152.42,-26.94,11.68,3.28,-28.43,4.34,-17.77,2.99,-26.3,0.8,4.2
Johnston,46.28,-80,Nipissing,N.Ontario,2015,7,3,6.4,Walleye,13926,151,-27.02,11.38,3.16,-28.43,4.34,-17.77,2.99,-26.7,0.84,4.1
Johnston,46.28,-80,Nipissing,N.Ontario,2015,10,27,6.4,Walleye,15189,146.13,-26.23,11.27,3.23,-28.43,4.34,-17.77,2.99,-25.7,0.74,4.1
Johnston,46.28,-80,Nipissing,N.Ontario,2015,7,9,6.4,Walleye,13932,139.85,-26.92,11.35,3.27,-28.43,4.34,-17.77,2.99,-26.3,0.8,4.1
Johnston,46.28,-80,Nipissing,N.Ontario,2015,7,9,6.4,Walleye,13930,135,-27.22,11.67,3.24,-28.43,4.34,-17.77,2.99,-26.7,0.84,4.2
Johnston,46.28,-80,Nipissing,N.Ontario,2015,8,25,6.4,Walleye,15119,133.57,-25.91,10.8,3.21,-28.43,4.34,-17.77,2.99,-25.4,0.72,4
Johnston,46.28,-80,Nipissing,N.Ontario,2015,7,9,6.4,Yellow perch,13999,235,-25.97,11.85,3.26,-28.43,4.34,-17.77,2.99,-25.4,0.72,4.3
Johnston,46.28,-80,Nipissing,N.Ontario,2015,7,9,6.4,Yellow perch,13994,214,-26.25,11.61,3.22,-28.43,4.34,-17.77,2.99,-25.8,0.75,4.2
Johnston,46.28,-80,Nipissing,N.Ontario,2015,7,9,6.4,Yellow perch,13967,213,-26.37,11.52,3.15,-28.43,4.34,-17.77,2.99,-26,0.77,4.2
Johnston,46.28,-80,Nipissing,N.Ontario,2015,7,9,6.4,Yellow perch,13969,207,-26.28,11.36,3.17,-28.43,4.34,-17.77,2.99,-25.9,0.76,4.2
Johnston,46.28,-80,Nipissing,N.Ontario,2015,7,9,6.4,Yellow perch,13965,201,-26.38,11.69,3.18,-28.43,4.34,-17.77,2.99,-26,0.77,4.3
Johnston,46.28,-80,Nipissing,N.Ontario,2015,7,9,6.4,Yellow perch,13995,199,-26.23,10.74,3.28,-28.43,4.34,-17.77,2.99,-25.6,0.73,4
Johnston,46.28,-80,Nipissing,N.Ontario,2015,7,9,6.4,Yellow perch,13964,195,-26.4,11.59,3.17,-28.43,4.34,-17.77,2.99,-26,0.77,4.2
Johnston,46.28,-80,Nipissing,N.Ontario,2015,8,25,6.4,Yellow perch,15128,193.65,-26.04,11.06,3.24,-28.43,4.34,-17.77,2.99,-25.5,0.73,4.1
Johnston,46.28,-80,Nipissing,N.Ontario,2015,10,21,6.4,Yellow perch,15166,190.51,-26.71,11.5,3.21,-28.43,4.34,-17.77,2.99,-26.2,0.79,4.2
Johnston,46.28,-80,Nipissing,N.Ontario,2015,7,9,6.4,Yellow perch,13968,189,-26.68,10.86,3.18,-28.43,4.34,-17.77,2.99,-26.3,0.8,4
Johnston,46.28,-80,Nipissing,N.Ontario,2015,7,3,6.4,Yellow perch,13974,189,-26.77,10.49,3.17,-28.43,4.34,-17.77,2.99,-26.4,0.81,3.9
Johnston,46.28,-80,Nipissing,N.Ontario,2015,7,9,6.4,Yellow perch,13996,188,-26.57,11.48,3.35,-28.43,4.34,-17.77,2.99,-25.8,0.75,4.2
Johnston,46.28,-80,Nipissing,N.Ontario,2015,7,9,6.4,Yellow perch,13966,187,-26.75,11.43,3.21,-28.43,4.34,-17.77,2.99,-26.3,0.8,4.2
Johnston,46.28,-80,Nipissing,N.Ontario,2015,6,4,6.4,Yellow perch,13769,186.32,-26.75,10.39,3.22,-28.43,4.34,-17.77,2.99,-26.3,0.8,3.9
Johnston,46.28,-80,Nipissing,N.Ontario,2015,10,21,6.4,Yellow perch,15163,172.69,-26.66,11.22,3.21,-28.43,4.34,-17.77,2.99,-26.2,0.79,4.1
Johnston,46.28,-80,Nipissing,N.Ontario,2015,7,3,6.4,Yellow perch,13975,171,-26.28,10.08,3.18,-28.43,4.34,-17.77,2.99,-25.9,0.76,3.8
Johnston,46.28,-80,Nipissing,N.Ontario,2015,7,9,6.4,Yellow perch,13997,170,-25.66,10.55,3.31,-28.43,4.34,-17.77,2.99,-25,0.68,4
Johnston,46.28,-80,Nipissing,N.Ontario,2015,6,2,6.4,Yellow perch,13752,169,-25.78,10.5,3.2,-28.43,4.34,-17.77,2.99,-25.3,0.71,3.9
Johnston,46.28,-80,Nipissing,N.Ontario,2015,7,9,6.4,Yellow perch,13970,169,-26.13,10.76,3.16,-28.43,4.34,-17.77,2.99,-25.8,0.75,4
Johnston,46.28,-80,Nipissing,N.Ontario,2015,6,10,6.4,Yellow perch,13756,163.26,-23.91,8.72,3.18,-28.43,4.34,-17.77,2.99,-23.5,0.54,3.5
Johnston,46.28,-80,Nipissing,N.Ontario,2015,8,25,6.4,Yellow perch,15130,163.26,-23.49,9.82,3.26,-28.43,4.34,-17.77,2.99,-22.9,0.48,3.8
Johnston,46.28,-80,Nipissing,N.Ontario,2015,7,9,6.4,Yellow perch,13998,158,-26.85,11.28,3.29,-28.43,4.34,-17.77,2.99,-26.2,0.79,4.1
Johnston,46.28,-80,Nipissing,N.Ontario,2015,8,25,6.4,Yellow perch,15129,156.97,-26.48,10.82,3.2,-28.43,4.34,-17.77,2.99,-26,0.77,4
Johnston,46.28,-80,Nipissing,N.Ontario,2015,10,27,6.4,Yellow perch,15184,153.83,-26.94,10.66,3.23,-28.43,4.34,-17.77,2.99,-26.4,0.81,3.9
Johnston,46.28,-80,Nipissing,N.Ontario,2015,10,27,6.4,Yellow perch,15185,153.83,-26.87,11.18,3.22,-28.43,4.34,-17.77,2.99,-26.4,0.81,4.1
Johnston,46.28,-80,Nipissing,N.Ontario,2015,7,9,6.4,Yellow perch,14001,149,-26.54,10.87,3.31,-28.43,4.34,-17.77,2.99,-25.9,0.76,4
Johnston,46.28,-80,Nipissing,N.Ontario,2015,10,21,6.4,Yellow perch,15164,148.59,-26.9,10.87,3.22,-28.43,4.34,-17.77,2.99,-26.4,0.81,4
Johnston,46.28,-80,Nipissing,N.Ontario,2015,7,9,6.4,Yellow perch,14000,147,-26.85,11.2,3.34,-28.43,4.34,-17.77,2.99,-26.1,0.78,4.1
Johnston,46.28,-80,Nipissing,N.Ontario,2015,6,2,6.4,Yellow perch,13751,146,-23.47,9.75,3.24,-28.43,4.34,-17.77,2.99,-22.9,0.48,3.8
Johnston,46.28,-80,Nipissing,N.Ontario,2015,8,25,6.4,Yellow perch,15152,145.45,-21.92,9.44,3.28,-28.43,4.34,-17.77,2.99,-21.3,0.33,3.8
Johnston,46.28,-80,Nipissing,N.Ontario,2015,10,21,6.4,Yellow perch,15165,145.45,-27.38,10.6,3.22,-28.43,4.34,-17.77,2.99,-26.9,0.86,3.9
Johnston,46.28,-80,Nipissing,N.Ontario,2015,10,27,6.4,Yellow perch,15193,145.45,-22.61,9.78,3.18,-28.43,4.34,-17.77,2.99,-22.2,0.42,3.8
Johnston,46.28,-80,Nipissing,N.Ontario,2015,7,9,6.4,Yellow perch,13971,140,-26.84,10.84,3.18,-28.43,4.34,-17.77,2.99,-26.4,0.81,4
Johnston,46.28,-80,Nipissing,N.Ontario,2015,10,27,6.4,Yellow perch,15183,138.11,-27.29,11.03,3.23,-28.43,4.34,-17.77,2.99,-26.8,0.85,4
Johnston,46.28,-80,Nipissing,N.Ontario,2015,6,4,6.4,Yellow perch,13768,137.06,-27.25,9.72,3.24,-28.43,4.34,-17.77,2.99,-26.7,0.84,3.6
Johnston,46.28,-80,Nipissing,N.Ontario,2015,8,25,6.4,Yellow perch,15151,136.01,-24.64,9.86,3.21,-28.43,4.34,-17.77,2.99,-24.2,0.6,3.8
Johnston,46.28,-80,Nipissing,N.Ontario,2015,8,25,6.4,Yellow perch,15131,133.92,-26.12,10.23,3.26,-28.43,4.34,-17.77,2.99,-25.6,0.73,3.8
Johnston,46.28,-80,Nipissing,N.Ontario,2015,8,19,6.4,Yellow perch,15133,133.92,-25.12,9.48,3.16,-28.43,4.34,-17.77,2.99,-24.8,0.66,3.6
Johnston,46.28,-80,Nipissing,N.Ontario,2015,6,2,6.4,Yellow perch,13750,132,-23.81,10.07,3.17,-28.43,4.34,-17.77,2.99,-23.4,0.53,3.9
Johnston,46.28,-80,Nipissing,N.Ontario,2015,10,21,6.4,Yellow perch,15162,130.77,-26.34,11.01,3.2,-28.43,4.34,-17.77,2.99,-25.9,0.76,4.1
Johnston,46.28,-80,Nipissing,N.Ontario,2015,7,7,6.4,Yellow perch,13982,124,-26.11,9.8,3.16,-28.43,4.34,-17.77,2.99,-25.8,0.75,3.7
Johnston,46.28,-80,Nipissing,N.Ontario,2015,10,27,6.4,Yellow perch,15182,122.39,-26.69,9.78,3.26,-28.43,4.34,-17.77,2.99,-26.1,0.78,3.7
Johnston,46.28,-80,Nipissing,N.Ontario,2015,7,3,6.4,Yellow perch,13977,120,-24.59,9.37,3.15,-28.43,4.34,-17.77,2.99,-24.3,0.61,3.6
Johnston,46.28,-80,Nipissing,N.Ontario,2015,7,9,6.4,Yellow perch,14002,120,-27.31,11.15,3.38,-28.43,4.34,-17.77,2.99,-26.5,0.82,4.1
Johnston,46.28,-80,Nipissing,N.Ontario,2015,7,3,6.4,Yellow perch,13976,119,-25.49,9.06,3.13,-28.43,4.34,-17.77,2.99,-25.2,0.7,3.5
Johnston,46.28,-80,Nipissing,N.Ontario,2015,8,25,6.4,Yellow perch,15149,117.15,-20.39,8.55,3.21,-28.43,4.34,-17.77,2.99,-19.9,0.2,3.6
Johnston,46.28,-80,Nipissing,N.Ontario,2015,7,3,6.4,Yellow perch,13978,115,-24.61,8.79,3.25,-28.43,4.34,-17.77,2.99,-24.1,0.59,3.5
Johnston,46.28,-80,Nipissing,N.Ontario,2015,7,7,6.4,Yellow perch,13981,115,-23.58,9.09,3.13,-28.43,4.34,-17.77,2.99,-23.3,0.52,3.6
Johnston,46.28,-80,Nipissing,N.Ontario,2015,7,7,6.4,Yellow perch,13983,115,-24.06,9.38,3.15,-28.43,4.34,-17.77,2.99,-23.7,0.56,3.7
Johnston,46.28,-80,Nipissing,N.Ontario,2015,8,25,6.4,Yellow perch,15150,112.96,-21.73,9.13,3.17,-28.43,4.34,-17.77,2.99,-21.4,0.34,3.7
Johnston,46.28,-80,Nipissing,N.Ontario,2015,6,2,6.4,Yellow perch,13749,112,-24.15,10.29,3.19,-28.43,4.34,-17.77,2.99,-23.7,0.56,3.9
Johnston,46.28,-80,Nipissing,N.Ontario,2015,7,6,6.4,Yellow perch,13954,112,-24.87,9.42,3.25,-28.43,4.34,-17.77,2.99,-24.3,0.61,3.6
Johnston,46.28,-80,Nipissing,N.Ontario,2015,8,19,6.4,Yellow perch,15135,111.91,-23.58,8.73,3.19,-28.43,4.34,-17.77,2.99,-23.2,0.51,3.5
Johnston,46.28,-80,Nipissing,N.Ontario,2015,8,19,6.4,Yellow perch,15134,110.86,-24.99,8.66,3.16,-28.43,4.34,-17.77,2.99,-24.6,0.64,3.4
Johnston,46.28,-80,Nipissing,N.Ontario,2015,8,19,6.4,Yellow perch,15136,110.86,-24.61,9.43,3.21,-28.43,4.34,-17.77,2.99,-24.1,0.59,3.7
Johnston,46.28,-80,Nipissing,N.Ontario,2015,8,25,6.4,Yellow perch,15148,110.86,-26.64,10.67,3.21,-28.43,4.34,-17.77,2.99,-26.2,0.79,3.9
Johnston,46.28,-80,Nipissing,N.Ontario,2015,7,9,6.4,Yellow perch,13972,110,-27.12,11.1,3.27,-28.43,4.34,-17.77,2.99,-26.5,0.82,4.1
Johnston,46.28,-80,Nipissing,N.Ontario,2015,6,4,6.4,Yellow perch,13767,105.62,-27.06,10.57,3.25,-28.43,4.34,-17.77,2.99,-26.5,0.82,3.9
Johnston,46.28,-80,Nipissing,N.Ontario,2015,8,25,6.4,Yellow perch,15147,104.57,-24.11,9.19,3.22,-28.43,4.34,-17.77,2.99,-23.6,0.55,3.6
Johnston,46.28,-80,Nipissing,N.Ontario,2015,8,19,6.4,Yellow perch,15139,102.48,-26.76,8.45,3.16,-28.43,4.34,-17.77,2.99,-26.4,0.81,3.3
Johnston,46.28,-80,Nipissing,N.Ontario,2015,7,7,6.4,Yellow perch,13985,102,-24.33,9.23,3.17,-28.43,4.34,-17.77,2.99,-24,0.58,3.6
Johnston,46.28,-80,Nipissing,N.Ontario,2015,10,27,6.4,Yellow perch,15181,101.43,-26.93,9.17,3.23,-28.43,4.34,-17.77,2.99,-26.4,0.81,3.5
Johnston,46.28,-80,Nipissing,N.Ontario,2015,6,4,6.4,Yellow perch,13766,100.38,-25.61,9.84,3.26,-28.43,4.34,-17.77,2.99,-25,0.68,3.7
Johnston,46.28,-80,Nipissing,N.Ontario,2015,6,4,6.4,Yellow perch,13765,98.29,-27.34,9.69,3.22,-28.43,4.34,-17.77,2.99,-26.9,0.86,3.6
Johnston,46.28,-80,Nipissing,N.Ontario,2015,7,7,6.4,Yellow perch,13986,98,-25.72,9.35,3.16,-28.43,4.34,-17.77,2.99,-25.4,0.72,3.6
Johnston,46.28,-80,Nipissing,N.Ontario,2015,6,4,6.4,Yellow perch,13764,96.19,-27.48,10.37,3.32,-28.43,4.34,-17.77,2.99,-26.8,0.85,3.8
Johnston,46.28,-80,Nipissing,N.Ontario,2015,6,2,6.4,Yellow perch,13748,96,-26.78,10.41,3.22,-28.43,4.34,-17.77,2.99,-26.3,0.8,3.9
Johnston,46.28,-80,Nipissing,N.Ontario,2015,7,6,6.4,Yellow perch,13955,95,-23.78,9.03,3.23,-28.43,4.34,-17.77,2.99,-23.3,0.52,3.6
Johnston,46.28,-80,Nipissing,N.Ontario,2015,7,6,6.4,Yellow perch,13956,95,-23.91,8.73,3.23,-28.43,4.34,-17.77,2.99,-23.4,0.53,3.5
Johnston,46.28,-80,Nipissing,N.Ontario,2015,7,3,6.4,Yellow perch,13979,95,-26.81,9.95,3.26,-28.43,4.34,-17.77,2.99,-26.2,0.79,3.7
Johnston,46.28,-80,Nipissing,N.Ontario,2015,7,7,6.4,Yellow perch,13984,94,-24.37,9.32,3.1,-28.43,4.34,-17.77,2.99,-24.1,0.59,3.6
Johnston,46.28,-80,Nipissing,N.Ontario,2015,7,6,6.4,Yellow perch,13957,92,-23.93,8.75,3.26,-28.43,4.34,-17.77,2.99,-23.4,0.53,3.5
Johnston,46.28,-80,Nipissing,N.Ontario,2015,8,25,6.4,Yellow perch,15132,90.95,-26.06,10.86,3.22,-28.43,4.34,-17.77,2.99,-25.6,0.73,4
Johnston,46.28,-80,Nipissing,N.Ontario,2015,8,19,6.4,Yellow perch,15138,90.95,-23.18,8.13,3.21,-28.43,4.34,-17.77,2.99,-22.7,0.46,3.3
Johnston,46.28,-80,Nipissing,N.Ontario,2015,8,25,6.4,Yellow perch,15146,90.95,-22.25,9.28,3.25,-28.43,4.34,-17.77,2.99,-21.7,0.37,3.7
Johnston,46.28,-80,Nipissing,N.Ontario,2015,10,27,6.4,Yellow perch,15179,90.95,-23.52,9,3.24,-28.43,4.34,-17.77,2.99,-23,0.49,3.6
Johnston,46.28,-80,Nipissing,N.Ontario,2015,8,19,6.4,Yellow perch,15137,89.9,-23.08,8.34,3.19,-28.43,4.34,-17.77,2.99,-22.7,0.46,3.4
Johnston,46.28,-80,Nipissing,N.Ontario,2015,8,25,6.4,Yellow perch,15145,89.9,-27.9,9.77,3.19,-28.43,4.34,-17.77,2.99,-27.5,0.91,3.6
Johnston,46.28,-80,Nipissing,N.Ontario,2015,10,27,6.4,Yellow perch,15180,88.85,-24.57,9.36,3.25,-28.43,4.34,-17.77,2.99,-24,0.58,3.6
Johnston,46.28,-80,Nipissing,N.Ontario,2015,8,19,6.4,Yellow perch,15142,86.76,-24.79,7.81,3.21,-28.43,4.34,-17.77,2.99,-24.3,0.61,3.2
Johnston,46.28,-80,Nipissing,N.Ontario,2015,8,25,6.4,Yellow perch,15144,85.71,-23.86,8.92,3.21,-28.43,4.34,-17.77,2.99,-23.4,0.53,3.5
Johnston,46.28,-80,Nipissing,N.Ontario,2015,6,2,6.4,Yellow perch,13747,85,-24.57,9.3,3.26,-28.43,4.34,-17.77,2.99,-24,0.58,3.6
Johnston,46.28,-80,Nipissing,N.Ontario,2015,7,7,6.4,Yellow perch,13987,84,-24.04,8.66,3.17,-28.43,4.34,-17.77,2.99,-23.7,0.56,3.4
Johnston,46.28,-80,Nipissing,N.Ontario,2015,8,19,6.4,Yellow perch,15140,83.61,-24.44,8.85,3.19,-28.43,4.34,-17.77,2.99,-24,0.58,3.5
Johnston,46.28,-80,Nipissing,N.Ontario,2015,10,27,6.4,Yellow perch,15178,83.61,-27.32,10.03,3.27,-28.43,4.34,-17.77,2.99,-26.7,0.84,3.7
Johnston,46.28,-80,Nipissing,N.Ontario,2015,7,3,6.4,Yellow perch,13980,82,-22.45,8.49,3.29,-28.43,4.34,-17.77,2.99,-21.8,0.38,3.5
Johnston,46.28,-80,Nipissing,N.Ontario,2015,6,4,6.4,Yellow perch,13763,81.52,-26.63,9.67,3.25,-28.43,4.34,-17.77,2.99,-26.1,0.78,3.7
Johnston,46.28,-80,Nipissing,N.Ontario,2015,6,2,6.4,Yellow perch,13746,81,-24.78,9.08,3.28,-28.43,4.34,-17.77,2.99,-24.2,0.6,3.6
Johnston,46.28,-80,Nipissing,N.Ontario,2015,10,21,6.4,Yellow perch,15160,79.42,-24.88,9.16,3.26,-28.43,4.34,-17.77,2.99,-24.3,0.61,3.6
Johnston,46.28,-80,Nipissing,N.Ontario,2015,10,21,6.4,Yellow perch,15161,78.37,-23.38,8.89,3.3,-28.43,4.34,-17.77,2.99,-22.7,0.46,3.6
Johnston,46.28,-80,Nipissing,N.Ontario,2015,8,19,6.4,Yellow perch,15141,77.33,-23.06,8.6,3.2,-28.43,4.34,-17.77,2.99,-22.6,0.45,3.5
Johnston,46.28,-80,Nipissing,N.Ontario,2015,7,7,6.4,Yellow perch,13988,76,-28.82,9.21,3.17,-28.43,4.34,-17.77,2.99,-28.4,1,3.4
Johnston,46.28,-80,Nipissing,N.Ontario,2015,7,7,6.4,Yellow perch,13989,76,-27.33,8.85,3.16,-28.43,4.34,-17.77,2.99,-27,0.87,3.4
Johnston,46.28,-80,Nipissing,N.Ontario,2015,7,6,6.4,Yellow perch,13958,75,-25.62,8.9,3.31,-28.43,4.34,-17.77,2.99,-25,0.68,3.5
Johnston,46.28,-80,Nipissing,N.Ontario,2015,7,6,6.4,Yellow perch,13960,75,-28.2,7.96,3.27,-28.43,4.34,-17.77,2.99,-27.6,0.92,3.1
Johnston,46.28,-80,Nipissing,N.Ontario,2015,7,9,6.4,Yellow perch,13973,74,-27.63,9.07,3.27,-28.43,4.34,-17.77,2.99,-27,0.87,3.4
Johnston,46.28,-80,Nipissing,N.Ontario,2015,7,3,6.4,Yellow perch,13991,74,-29.55,10.82,3.45,-28.43,4.34,-17.77,2.99,-28.6,1,3.9
Johnston,46.28,-80,Nipissing,N.Ontario,2015,7,6,6.4,Yellow perch,13959,73,-25.16,8.49,3.31,-28.43,4.34,-17.77,2.99,-24.5,0.63,3.4
Johnston,46.28,-80,Nipissing,N.Ontario,2015,7,9,6.4,Yellow perch,14003,73,-27.52,9.13,3.43,-28.43,4.34,-17.77,2.99,-26.6,0.83,3.5
Johnston,46.28,-80,Nipissing,N.Ontario,2015,7,3,6.4,Yellow perch,13992,72,-25.85,9.63,3.41,-28.43,4.34,-17.77,2.99,-25,0.68,3.7
Johnston,46.28,-80,Nipissing,N.Ontario,2015,7,6,6.4,Yellow perch,13961,68,-26.17,9.18,3.25,-28.43,4.34,-17.77,2.99,-25.6,0.73,3.5
Johnston,46.28,-80,Nipissing,N.Ontario,2015,7,6,6.4,Yellow perch,13962,68,-27.29,9.1,3.29,-28.43,4.34,-17.77,2.99,-26.7,0.84,3.5
Johnston,46.28,-80,Nipissing,N.Ontario,2015,8,25,6.4,Yellow perch,15126,67.89,-24.37,9.39,3.27,-28.43,4.34,-17.77,2.99,-23.8,0.57,3.7
Johnston,46.28,-80,Nipissing,N.Ontario,2015,6,4,6.4,Yellow perch,13762,65.8,-29.44,8.95,3.34,-28.43,4.34,-17.77,2.99,-28.7,1,3.3
Johnston,46.28,-80,Nipissing,N.Ontario,2015,10,21,6.4,Yellow perch,15159,65.8,-26.72,9.61,3.3,-28.43,4.34,-17.77,2.99,-26.1,0.78,3.6
Johnston,46.28,-80,Nipissing,N.Ontario,2015,7,7,6.4,Yellow perch,13990,65,-29.62,9.74,3.51,-28.43,4.34,-17.77,2.99,-28.6,1,3.6
Johnston,46.28,-80,Nipissing,N.Ontario,2015,8,25,6.4,Yellow perch,15127,64.75,-22.12,9.07,3.26,-28.43,4.34,-17.77,2.99,-21.6,0.36,3.6
Johnston,46.28,-80,Nipissing,N.Ontario,2015,10,27,6.4,Yellow perch,15177,63.7,-27.42,10.52,3.32,-28.43,4.34,-17.77,2.99,-26.7,0.84,3.9
Johnston,46.28,-80,Nipissing,N.Ontario,2015,7,6,6.4,Yellow perch,13963,61,-28.66,9.01,3.32,-28.43,4.34,-17.77,2.99,-28,0.96,3.4
Johnston,46.28,-80,Nipissing,N.Ontario,2015,10,27,6.4,Yellow perch,15174,60.56,-27.04,10.04,3.32,-28.43,4.34,-17.77,2.99,-26.4,0.81,3.8
Johnston,46.28,-80,Nipissing,N.Ontario,2015,7,3,6.4,Yellow perch,13993,60,-25.16,8.82,3.44,-28.43,4.34,-17.77,2.99,-24.2,0.6,3.5
Johnston,46.28,-80,Nipissing,N.Ontario,2015,10,21,6.4,Yellow perch,15158,59.51,-27.5,10.13,3.37,-28.43,4.34,-17.77,2.99,-26.7,0.84,3.8
Johnston,46.28,-80,Nipissing,N.Ontario,2015,10,27,6.4,Yellow perch,15168,59.51,-25.31,9.4,3.32,-28.43,4.34,-17.77,2.99,-24.6,0.64,3.6
Johnston,46.28,-80,Nipissing,N.Ontario,2015,10,27,6.4,Yellow perch,15170,59.51,-27.56,8.61,3.34,-28.43,4.34,-17.77,2.99,-26.8,0.85,3.3
Johnston,46.28,-80,Nipissing,N.Ontario,2015,6,10,6.4,Yellow perch,13754,58.46,-27.69,10.39,3.32,-28.43,4.34,-17.77,2.99,-27,0.87,3.8
Johnston,46.28,-80,Nipissing,N.Ontario,2015,8,25,6.4,Yellow perch,15125,58.46,-25.33,9.52,3.25,-28.43,4.34,-17.77,2.99,-24.8,0.66,3.7
Johnston,46.28,-80,Nipissing,N.Ontario,2015,10,27,6.4,Yellow perch,15167,58.46,-26.76,10.19,3.34,-28.43,4.34,-17.77,2.99,-26,0.77,3.8
Johnston,46.28,-80,Nipissing,N.Ontario,2015,10,27,6.4,Yellow perch,15169,58.46,-26.77,9.98,3.34,-28.43,4.34,-17.77,2.99,-26,0.77,3.8
Johnston,46.28,-80,Nipissing,N.Ontario,2015,10,27,6.4,Yellow perch,15173,58.46,-27.18,10.38,3.34,-28.43,4.34,-17.77,2.99,-26.5,0.82,3.8
Johnston,46.28,-80,Nipissing,N.Ontario,2015,6,10,6.4,Yellow perch,13755,57.41,-28.27,10.5,3.32,-28.43,4.34,-17.77,2.99,-27.6,0.92,3.8
Johnston,46.28,-80,Nipissing,N.Ontario,2015,6,4,6.4,Yellow perch,13760,57.41,-29.34,10.21,3.41,-28.43,4.34,-17.77,2.99,-28.5,1,3.7
Johnston,46.28,-80,Nipissing,N.Ontario,2015,8,25,6.4,Yellow perch,15124,57.41,-26.01,9.13,3.27,-28.43,4.34,-17.77,2.99,-25.4,0.72,3.5
Johnston,46.28,-80,Nipissing,N.Ontario,2015,10,27,6.4,Yellow perch,15176,57.41,-26.42,9.22,3.33,-28.43,4.34,-17.77,2.99,-25.7,0.74,3.5
Johnston,46.28,-80,Nipissing,N.Ontario,2015,6,2,6.4,Yellow perch,13745,57,-29.27,9.44,3.39,-28.43,4.34,-17.77,2.99,-28.4,1,3.5
Johnston,46.28,-80,Nipissing,N.Ontario,2015,10,21,6.4,Yellow perch,15157,56.37,-27.33,10.51,3.35,-28.43,4.34,-17.77,2.99,-26.6,0.83,3.9
Johnston,46.28,-80,Nipissing,N.Ontario,2015,10,27,6.4,Yellow perch,15171,56.37,-27.25,10.21,3.38,-28.43,4.34,-17.77,2.99,-26.4,0.81,3.8
Johnston,46.28,-80,Nipissing,N.Ontario,2015,10,27,6.4,Yellow perch,15172,56.37,-27.66,9.69,3.35,-28.43,4.34,-17.77,2.99,-26.9,0.86,3.6
Johnston,46.28,-80,Nipissing,N.Ontario,2015,10,27,6.4,Yellow perch,15175,56.37,-26.99,10.58,3.36,-28.43,4.34,-17.77,2.99,-26.2,0.79,3.9
Johnston,46.28,-80,Nipissing,N.Ontario,2015,6,2,6.4,Yellow perch,13744,54,-29.42,9.67,3.4,-28.43,4.34,-17.77,2.99,-28.6,1,3.6
Johnston,46.28,-80,Nipissing,N.Ontario,2015,6,4,6.4,Yellow perch,13761,53.22,-29.52,9.66,3.38,-28.43,4.34,-17.77,2.99,-28.7,1,3.6
Johnston,46.28,-80,Nipissing,N.Ontario,2015,6,10,6.4,Yellow perch,13753,51.13,-27.71,10.13,3.3,-28.43,4.34,-17.77,2.99,-27.1,0.88,3.8
Johnston,46.28,-80,Nipissing,N.Ontario,2015,6,2,6.4,Yellow perch,13743,51,-27.47,8.94,3.39,-28.43,4.34,-17.77,2.99,-26.6,0.83,3.4
Johnston,46.28,-80,Nipissing,N.Ontario,2015,8,25,6.4,Yellow perch,15123,50.08,-26.36,9.52,3.27,-28.43,4.34,-17.77,2.99,-25.8,0.75,3.6
Johnston,46.28,-80,Nipissing,N.Ontario,2015,8,25,6.4,Yellow perch,15143,49.03,-26.36,9.09,3.25,-28.43,4.34,-17.77,2.99,-25.8,0.75,3.5
Johnston,46.25,-81.33,Panache,N.Ontario,2011,NA,NA,3.7,Northern pike,6843,791,-25.92,9.8,3.23,-27.481,2.182,-17.75,1.54,-25.4,0.79,4.3
Johnston,46.25,-81.33,Panache,N.Ontario,2011,NA,NA,3.7,Northern pike,6842,761,-26.62,10.12,3.36,-27.481,2.182,-17.75,1.54,-25.9,0.84,4.4
Johnston,46.25,-81.33,Panache,N.Ontario,2011,NA,NA,3.7,Northern pike,6844,735,-25.93,9.84,3.25,-27.481,2.182,-17.75,1.54,-25.4,0.79,4.3
Johnston,46.25,-81.33,Panache,N.Ontario,2011,NA,NA,3.7,Northern pike,6845,677,-25.88,9.88,3.3,-27.481,2.182,-17.75,1.54,-25.2,0.77,4.3
Johnston,46.25,-81.33,Panache,N.Ontario,2011,NA,NA,3.7,Northern pike,6839,629,-24.78,11.76,3.24,-27.481,2.182,-17.75,1.54,-24.3,0.67,4.9
Johnston,46.25,-81.33,Panache,N.Ontario,2011,NA,NA,3.7,Northern pike,6840,604,-25.06,9.92,3.29,-27.481,2.182,-17.75,1.54,-24.4,0.68,4.3
Johnston,46.25,-81.33,Panache,N.Ontario,2011,NA,NA,3.7,Northern pike,6841,554,-24.61,10.59,3.41,-27.481,2.182,-17.75,1.54,-23.8,0.62,4.5
Johnston,46.25,-81.33,Panache,N.Ontario,2011,NA,NA,3.7,Northern pike,6836,540,-24.43,10.28,3.28,-27.481,2.182,-17.75,1.54,-23.8,0.62,4.5
Johnston,46.25,-81.33,Panache,N.Ontario,2011,NA,NA,3.7,Northern pike,6837,518,-25.69,10.75,3.26,-27.481,2.182,-17.75,1.54,-25.1,0.76,4.6
Johnston,46.25,-81.33,Panache,N.Ontario,2011,NA,NA,3.7,Northern pike,6838,445,-25.83,10.41,3.27,-27.481,2.182,-17.75,1.54,-25.2,0.77,4.5
Johnston,46.25,-81.33,Panache,N.Ontario,2011,NA,NA,3.7,Walleye,6846,685,-26.59,10.65,3.3,-27.481,2.182,-17.75,1.54,-25.9,0.84,4.5
Johnston,46.25,-81.33,Panache,N.Ontario,2011,NA,NA,3.7,Walleye,6849,514,-27.43,10.79,3.52,-27.481,2.182,-17.75,1.54,-26.4,0.89,4.6
Johnston,46.25,-81.33,Panache,N.Ontario,2011,NA,NA,3.7,Walleye,6847,483,-27.74,10.98,3.37,-27.481,2.182,-17.75,1.54,-27,0.95,4.6
Johnston,46.25,-81.33,Panache,N.Ontario,2011,NA,NA,3.7,Walleye,6848,443,-26.71,9.98,3.37,-27.481,2.182,-17.75,1.54,-25.9,0.84,4.3
Johnston,46.25,-81.33,Panache,N.Ontario,2011,NA,NA,3.7,Walleye,6850,394,-25.15,9.63,3.3,-27.481,2.182,-17.75,1.54,-24.5,0.69,4.2
Johnston,48.21,-80.76,Radisson,N.Ontario,2014,8,5,5.8,Northern pike,12210,982,-24.7,10.95,3.13,-29.02454545,2.110909091,-17.37833333,0.923333333,-24.4,0.6,4.7
Johnston,48.21,-80.76,Radisson,N.Ontario,2014,8,5,5.8,Northern pike,12209,870,-24.13,10.46,3.13,-29.02454545,2.110909091,-17.37833333,0.923333333,-23.8,0.55,4.6
Johnston,48.21,-80.76,Radisson,N.Ontario,2014,8,5,5.8,Northern pike,12207,730,-25.1,10.06,3.09,-29.02454545,2.110909091,-17.37833333,0.923333333,-24.9,0.65,4.5
Johnston,48.21,-80.76,Radisson,N.Ontario,2014,8,5,5.8,Northern pike,12204,622,-26.41,9.24,3.08,-29.02454545,2.110909091,-17.37833333,0.923333333,-26.2,0.76,4.2
Johnston,48.21,-80.76,Radisson,N.Ontario,2014,8,5,5.8,Northern pike,12206,599,-21.75,9.35,3.14,-29.02454545,2.110909091,-17.37833333,0.923333333,-21.4,0.35,4.4
Johnston,48.21,-80.76,Radisson,N.Ontario,2014,8,5,5.8,Northern pike,12208,571,-24.07,9.11,3.09,-29.02454545,2.110909091,-17.37833333,0.923333333,-23.9,0.56,4.2
Johnston,48.21,-80.76,Radisson,N.Ontario,2014,8,5,5.8,Northern pike,12213,559,-23.29,8.61,3.09,-29.02454545,2.110909091,-17.37833333,0.923333333,-23.1,0.49,4.1
Johnston,48.21,-80.76,Radisson,N.Ontario,2014,8,5,5.8,Northern pike,12205,506,-22.41,8.49,3.09,-29.02454545,2.110909091,-17.37833333,0.923333333,-22.2,0.41,4.1
Johnston,48.21,-80.76,Radisson,N.Ontario,2014,8,5,5.8,Northern pike,12212,492,-23.44,8.22,3.1,-29.02454545,2.110909091,-17.37833333,0.923333333,-23.2,0.5,4
Johnston,48.21,-80.76,Radisson,N.Ontario,2014,8,5,5.8,Northern pike,12211,464,-22.99,8.03,3.05,-29.02454545,2.110909091,-17.37833333,0.923333333,-22.9,0.47,3.9
Johnston,48.21,-80.76,Radisson,N.Ontario,2014,8,5,5.8,Walleye,12217,548,-26.1,9.32,2.96,-29.02454545,2.110909091,-17.37833333,0.923333333,-26.2,0.76,4.2
Johnston,48.21,-80.76,Radisson,N.Ontario,2014,8,5,5.8,Walleye,12223,541,-25.7,8.86,2.97,-29.02454545,2.110909091,-17.37833333,0.923333333,-25.8,0.72,4.1
Johnston,48.21,-80.76,Radisson,N.Ontario,2014,8,5,5.8,Walleye,12215,541,-26.3,9.84,3.15,-29.02454545,2.110909091,-17.37833333,0.923333333,-26,0.74,4.4
Johnston,48.21,-80.76,Radisson,N.Ontario,2014,8,5,5.8,Walleye,12220,524,-25.87,8.97,2.87,-29.02454545,2.110909091,-17.37833333,0.923333333,-26.2,0.76,4.1
Johnston,48.21,-80.76,Radisson,N.Ontario,2014,8,5,5.8,Walleye,12216,487,-26.14,8.85,3.07,-29.02454545,2.110909091,-17.37833333,0.923333333,-26,0.74,4.1
Johnston,48.21,-80.76,Radisson,N.Ontario,2014,8,5,5.8,Walleye,12218,466,-25.06,9.02,3.09,-29.02454545,2.110909091,-17.37833333,0.923333333,-24.9,0.65,4.2
Johnston,48.21,-80.76,Radisson,N.Ontario,2014,8,5,5.8,Walleye,12219,451,-24.67,8.75,3.01,-29.02454545,2.110909091,-17.37833333,0.923333333,-24.7,0.63,4.1
Johnston,48.21,-80.76,Radisson,N.Ontario,2014,8,5,5.8,Walleye,12221,447,-22.52,9.08,2.95,-29.02454545,2.110909091,-17.37833333,0.923333333,-22.7,0.46,4.2
Johnston,48.21,-80.76,Radisson,N.Ontario,2014,8,5,5.8,Walleye,12222,445,-24.86,8.96,2.88,-29.02454545,2.110909091,-17.37833333,0.923333333,-25.2,0.67,4.1
Johnston,48.21,-80.76,Radisson,N.Ontario,2014,8,5,5.8,Walleye,12214,428,-23.35,8.53,3.09,-29.02454545,2.110909091,-17.37833333,0.923333333,-23.1,0.49,4.1
Johnston,46.25,-81.33,Panache,N.Ontario,2010,NA,NA,3.3,Northern pike,5242,920,-24.66,11.07,3.13,-27.481,2.182,-17.21,1.36,-24.4,0.7,4.7
Johnston,46.25,-81.33,Panache,N.Ontario,2010,NA,NA,3.3,Northern pike,5240,744,-25.26,10.03,3.11,-27.481,2.182,-17.21,1.36,-25,0.76,4.4
Johnston,46.25,-81.33,Panache,N.Ontario,2010,NA,NA,3.3,Northern pike,5241,650,-24.75,9.91,3.1,-27.481,2.182,-17.21,1.36,-24.5,0.71,4.3
Johnston,46.25,-81.33,Panache,N.Ontario,2010,NA,NA,3.3,Black bass,5270,474,-25.72,9.48,3.04,-27.481,2.182,-17.21,1.36,-25.6,0.82,4.2
Johnston,46.25,-81.33,Panache,N.Ontario,2010,NA,NA,3.3,Black bass,5271,467,-26.6,9.7,3.07,-27.481,2.182,-17.21,1.36,-26.4,0.89,4.2
Johnston,46.25,-81.33,Panache,N.Ontario,2010,NA,NA,3.3,Black bass,5265,427,-24.51,9.09,3.25,-27.481,2.182,-17.21,1.36,-24,0.66,4.1
Johnston,46.25,-81.33,Panache,N.Ontario,2010,NA,NA,3.3,Black bass,5269,402,-25.95,10.25,3.07,-27.481,2.182,-17.21,1.36,-25.8,0.84,4.4
Johnston,46.25,-81.33,Panache,N.Ontario,2010,NA,NA,3.3,Black bass,5272,390,-25.64,9.47,3.1,-27.481,2.182,-17.21,1.36,-25.4,0.8,4.2
Johnston,46.25,-81.33,Panache,N.Ontario,2010,NA,NA,3.3,Black bass,5264,357,-25.04,8.3,3.12,-27.481,2.182,-17.21,1.36,-24.8,0.74,3.9
Johnston,46.25,-81.33,Panache,N.Ontario,2010,NA,NA,3.3,Black bass,5266,325,-22.66,8.38,3.14,-27.481,2.182,-17.21,1.36,-22.3,0.5,3.9
Johnston,46.25,-81.33,Panache,N.Ontario,2010,NA,NA,3.3,Black bass,5268,255,-24.76,9.13,3.12,-27.481,2.182,-17.21,1.36,-24.5,0.71,4.1
Johnston,46.78,-81.33,Panache,N.Ontario,2010,NA,NA,3.3,Black bass,5263,231,-20.82,7.8,3.13,-27.481,2.182,-17.21,1.36,-20.5,0.32,3.8
Johnston,46.25,-81.33,Panache,N.Ontario,2010,NA,NA,3.3,Black bass,5267,219,-24.39,8.26,3.09,-27.481,2.182,-17.21,1.36,-24.2,0.68,3.9
Johnston,46.25,-81.33,Panache,N.Ontario,2010,NA,NA,3.3,Walleye,5276,687,-27.07,11.26,3.55,-27.481,2.182,-17.21,1.36,-26,0.86,4.7
Johnston,46.25,-81.33,Panache,N.Ontario,2010,NA,NA,3.3,Walleye,5281,632,-26.62,11.64,3.08,-27.481,2.182,-17.21,1.36,-26.4,0.89,4.8
Johnston,46.25,-81.33,Panache,N.Ontario,2010,NA,NA,3.3,Walleye,5278,605,-26.56,10.26,3.24,-27.481,2.182,-17.21,1.36,-26,0.86,4.4
Johnston,46.25,-81.33,Panache,N.Ontario,2010,NA,NA,3.3,Walleye,5282,604,-24.51,10.61,3.08,-27.481,2.182,-17.21,1.36,-24.3,0.69,4.6
Johnston,46.25,-81.33,Panache,N.Ontario,2010,NA,NA,3.3,Walleye,5279,599,-23.81,10.27,3.03,-27.481,2.182,-17.21,1.36,-23.7,0.63,4.5
Johnston,46.25,-81.33,Panache,N.Ontario,2010,NA,NA,3.3,Walleye,5280,577,-25.97,10.91,3.24,-27.481,2.182,-17.21,1.36,-25.4,0.8,4.6
Johnston,46.25,-81.33,Panache,N.Ontario,2010,NA,NA,3.3,Walleye,5283,549,-27.33,10.3,3.06,-27.481,2.182,-17.21,1.36,-27.2,0.97,4.4
Johnston,46.25,-81.33,Panache,N.Ontario,2010,NA,NA,3.3,Walleye,5277,546,-26.04,9.8,3.22,-27.481,2.182,-17.21,1.36,-25.6,0.82,4.3
Johnston,46.25,-81.33,Panache,N.Ontario,2010,NA,NA,3.3,Walleye,5274,361,-24.95,8.93,3.01,-27.481,2.182,-17.21,1.36,-24.9,0.75,4
Johnston,46.25,-81.33,Panache,N.Ontario,2010,NA,NA,3.3,Walleye,5275,354,-24.36,8.6,3.04,-27.481,2.182,-17.21,1.36,-24.3,0.69,4
Johnston,46.25,-81.33,Panache,N.Ontario,2010,NA,NA,3.3,Walleye,5273,327,-25.17,8.76,3.04,-27.481,2.182,-17.21,1.36,-25.1,0.77,4
Johnston,46.25,-81.33,Panache,N.Ontario,2006,NA,NA,3.7,Yellow perch,1210,118.2,-22.76,6.55,3.26,-27.481,2.182,-16.3,1.07,-22.2,0.53,3.4
Johnston,46.25,-81.33,Panache,N.Ontario,2006,NA,NA,3.7,Yellow perch,1219,110.86,-23.33,7.52,3.24,-27.481,2.182,-16.3,1.07,-22.8,0.58,3.7
Johnston,46.25,-81.33,Panache,N.Ontario,2006,NA,NA,3.7,Yellow perch,1211,106.67,-23.98,5.96,3,-27.481,2.182,-16.3,1.07,-24,0.69,3.2
Johnston,46.25,-81.33,Panache,N.Ontario,2006,NA,NA,3.7,Yellow perch,1215,106.67,-21.49,5.99,3.25,-27.481,2.182,-16.3,1.07,-20.9,0.41,3.3
Johnston,46.25,-81.33,Panache,N.Ontario,2006,NA,NA,3.7,Yellow perch,1212,103.53,-22.32,5.92,3.2,-27.481,2.182,-16.3,1.07,-21.9,0.5,3.3
Johnston,46.25,-81.33,Panache,N.Ontario,2006,NA,NA,3.7,Yellow perch,1214,103.53,-22.69,6.31,3.25,-27.481,2.182,-16.3,1.07,-22.1,0.52,3.4
Johnston,46.25,-81.33,Panache,N.Ontario,2006,NA,NA,3.7,Yellow perch,1216,98.29,-23.58,6.6,3.24,-27.481,2.182,-16.3,1.07,-23.1,0.61,3.4
Johnston,46.25,-81.33,Panache,N.Ontario,2006,NA,NA,3.7,Yellow perch,1213,96.19,-23.55,6.56,3.32,-27.481,2.182,-16.3,1.07,-22.9,0.59,3.4
Johnston,46.25,-81.33,Panache,N.Ontario,2006,NA,NA,3.7,Yellow perch,1218,96.19,-24.15,6.91,3.27,-27.481,2.182,-16.3,1.07,-23.6,0.65,3.5
Johnston,46.25,-81.33,Panache,N.Ontario,2006,NA,NA,3.7,Yellow perch,1217,89.9,-23.62,5.99,3.28,-27.481,2.182,-16.3,1.07,-23,0.6,3.3
Johnston,52.65,-94.18,Deer,N.Ontario,2015,8,10,6.9,Northern pike,17182,911,-25.48,10.9,3.13,-28.916,2.586,-15.84333333,0.732777778,-25.2,0.72,4.6
Johnston,52.65,-94.18,Deer,N.Ontario,2018,9,18,6.9,Northern pike,19993,859,-25.37,10.86,3.22,-28.916,2.586,-15.84333333,0.732777778,-24.9,0.69,4.6
Johnston,52.65,-94.18,Deer,N.Ontario,2018,9,18,6.9,Northern pike,19984,713,-24.65,9.36,3.18,-28.916,2.586,-15.84333333,0.732777778,-24.2,0.64,4.2
Johnston,52.65,-94.18,Deer,N.Ontario,2018,9,18,6.9,Northern pike,19985,713,-25.92,10.42,3.17,-28.916,2.586,-15.84333333,0.732777778,-25.5,0.74,4.4
Johnston,52.65,-94.18,Deer,N.Ontario,2018,9,18,6.9,Northern pike,19992,707,-26.37,10.97,3.18,-28.916,2.586,-15.84333333,0.732777778,-26,0.78,4.6
Johnston,52.65,-94.18,Deer,N.Ontario,2018,9,18,6.9,Northern pike,19991,698,-27.6,10.9,3.19,-28.916,2.586,-15.84333333,0.732777778,-27.2,0.87,4.5
Johnston,52.65,-94.18,Deer,N.Ontario,2018,9,18,6.9,Northern pike,19987,647,-28.01,9.86,3.21,-28.916,2.586,-15.84333333,0.732777778,-27.5,0.89,4.2
Johnston,52.65,-94.18,Deer,N.Ontario,2015,8,10,6.9,Northern pike,17187,643,-25.82,10.01,3.13,-28.916,2.586,-15.84333333,0.732777778,-25.5,0.74,4.3
Johnston,52.65,-94.18,Deer,N.Ontario,2018,9,18,6.9,Northern pike,19983,635,-23.13,9.21,3.18,-28.916,2.586,-15.84333333,0.732777778,-22.7,0.52,4.2
Johnston,52.65,-94.18,Deer,N.Ontario,2018,9,18,6.9,Northern pike,19986,626,-25.24,10.68,3.15,-28.916,2.586,-15.84333333,0.732777778,-24.9,0.69,4.5
Johnston,52.65,-94.18,Deer,N.Ontario,2015,8,10,6.9,Northern pike,17186,624,-26.87,9.97,3.04,-28.916,2.586,-15.84333333,0.732777778,-26.8,0.84,4.3
Johnston,52.65,-94.18,Deer,N.Ontario,2018,9,18,6.9,Northern pike,19989,617,-26.94,10.12,3.16,-28.916,2.586,-15.84333333,0.732777778,-26.6,0.82,4.3
Johnston,52.65,-94.18,Deer,N.Ontario,2018,9,18,6.9,Northern pike,19988,586,-27.69,9.78,3.15,-28.916,2.586,-15.84333333,0.732777778,-27.4,0.88,4.2
Johnston,52.65,-94.18,Deer,N.Ontario,2015,8,10,6.9,Northern pike,17178,580,-25.18,9.76,3.1,-28.916,2.586,-15.84333333,0.732777778,-25,0.7,4.3
Johnston,52.65,-94.18,Deer,N.Ontario,2015,8,10,6.9,Northern pike,17183,579,-23.48,9.15,3.09,-28.916,2.586,-15.84333333,0.732777778,-23.3,0.57,4.2
Johnston,52.65,-94.18,Deer,N.Ontario,2015,8,10,6.9,Northern pike,17179,568,-24.93,9.63,3.11,-28.916,2.586,-15.84333333,0.732777778,-24.7,0.68,4.2
Johnston,52.65,-94.18,Deer,N.Ontario,2015,8,10,6.9,Northern pike,17180,566,-27.37,9.87,3.13,-28.916,2.586,-15.84333333,0.732777778,-27.1,0.86,4.2
Johnston,52.65,-94.18,Deer,N.Ontario,2018,9,18,6.9,Northern pike,19990,540,-24.88,10.12,3.2,-28.916,2.586,-15.84333333,0.732777778,-24.4,0.65,4.4
Johnston,52.65,-94.18,Deer,N.Ontario,2015,8,10,6.9,Northern pike,17184,513,-24.48,9.33,3.12,-28.916,2.586,-15.84333333,0.732777778,-24.2,0.64,4.2
Johnston,52.65,-94.18,Deer,N.Ontario,2015,8,10,6.9,Northern pike,17177,501,-23.87,9.61,3.11,-28.916,2.586,-15.84333333,0.732777778,-23.6,0.59,4.3
Johnston,52.65,-94.18,Deer,N.Ontario,2015,8,10,6.9,Northern pike,17176,452,-25.53,9.2,3.11,-28.916,2.586,-15.84333333,0.732777778,-25.3,0.72,4.1
Johnston,52.65,-94.18,Deer,N.Ontario,2018,9,18,6.9,Walleye,20037,645,-25.13,9.81,3.2,-28.916,2.586,-15.84333333,0.732777778,-24.7,0.68,4.3
Johnston,52.65,-94.18,Deer,N.Ontario,2015,8,10,6.9,Walleye,17190,642,-27.1,11.05,3.08,-28.916,2.586,-15.84333333,0.732777778,-26.9,0.85,4.6
Johnston,52.65,-94.18,Deer,N.Ontario,2018,9,18,6.9,Walleye,20044,627,-28.99,10.47,3.46,-28.916,2.586,-15.84333333,0.732777778,-28,0.93,4.4
Johnston,52.65,-94.18,Deer,N.Ontario,2018,9,18,6.9,Walleye,20038,600,-27.21,10.13,3.13,-28.916,2.586,-15.84333333,0.732777778,-26.9,0.85,4.3
Johnston,52.65,-94.18,Deer,N.Ontario,2018,9,18,6.9,Walleye,20039,592,-27.73,10.06,3.16,-28.916,2.586,-15.84333333,0.732777778,-27.4,0.88,4.3
Johnston,52.65,-94.18,Deer,N.Ontario,2015,8,10,6.9,Walleye,17195,584,-28,10.79,3.14,-28.916,2.586,-15.84333333,0.732777778,-27.7,0.91,4.5
Johnston,52.65,-94.18,Deer,N.Ontario,2015,8,10,6.9,Walleye,17194,576,-27.64,10.45,3.47,-28.916,2.586,-15.84333333,0.732777778,-26.7,0.83,4.4
Johnston,52.65,-94.18,Deer,N.Ontario,2015,8,10,6.9,Walleye,17192,561,-27.7,10.46,3.16,-28.916,2.586,-15.84333333,0.732777778,-27.3,0.88,4.4
Johnston,52.65,-94.18,Deer,N.Ontario,2015,8,10,6.9,Walleye,17191,521,-27.35,9.95,3.07,-28.916,2.586,-15.84333333,0.732777778,-27.2,0.87,4.2
Johnston,52.65,-94.18,Deer,N.Ontario,2018,9,18,6.9,Walleye,20033,503,-24.76,9.43,3.22,-28.916,2.586,-15.84333333,0.732777778,-24.3,0.65,4.2
Johnston,52.65,-94.18,Deer,N.Ontario,2018,9,18,6.9,Walleye,20042,500,-27.15,10.15,3.15,-28.916,2.586,-15.84333333,0.732777778,-26.8,0.84,4.3
Johnston,52.65,-94.18,Deer,N.Ontario,2015,8,10,6.9,Walleye,17189,484,-27.39,10.06,3.08,-28.916,2.586,-15.84333333,0.732777778,-27.2,0.87,4.3
Johnston,52.65,-94.18,Deer,N.Ontario,2015,8,10,6.9,Walleye,17196,480,-27.6,9.53,3.08,-28.916,2.586,-15.84333333,0.732777778,-27.4,0.88,4.1
Johnston,52.65,-94.18,Deer,N.Ontario,2015,8,10,6.9,Walleye,17193,478,-27.91,9.69,3.17,-28.916,2.586,-15.84333333,0.732777778,-27.5,0.89,4.1
Johnston,52.65,-94.18,Deer,N.Ontario,2015,8,10,6.9,Walleye,17199,461,-27.06,10.23,3.16,-28.916,2.586,-15.84333333,0.732777778,-26.7,0.83,4.3
Johnston,52.65,-94.18,Deer,N.Ontario,2015,8,10,6.9,Walleye,17200,449,-28.23,10.38,3.11,-28.916,2.586,-15.84333333,0.732777778,-28,0.93,4.3
Johnston,52.65,-94.18,Deer,N.Ontario,2015,8,10,6.9,Walleye,17198,443,-27.49,9.39,3.22,-28.916,2.586,-15.84333333,0.732777778,-27,0.85,4.1
Johnston,52.65,-94.18,Deer,N.Ontario,2018,9,18,6.9,Walleye,20034,440,-25.74,8.87,3.16,-28.916,2.586,-15.84333333,0.732777778,-25.4,0.73,4
Johnston,52.65,-94.18,Deer,N.Ontario,2018,9,18,6.9,Walleye,20041,435,-27.84,9.64,3.17,-28.916,2.586,-15.84333333,0.732777778,-27.5,0.89,4.1
Johnston,52.65,-94.18,Deer,N.Ontario,2015,8,10,6.9,Walleye,17188,431,-26.47,9.2,3.09,-28.916,2.586,-15.84333333,0.732777778,-26.3,0.8,4.1
Johnston,52.65,-94.18,Deer,N.Ontario,2018,9,18,6.9,Walleye,20036,424,-25.97,8.58,3.17,-28.916,2.586,-15.84333333,0.732777778,-25.6,0.75,3.9
Johnston,52.65,-94.18,Deer,N.Ontario,2018,9,18,6.9,Walleye,20040,420,-27.33,9.7,3.16,-28.916,2.586,-15.84333333,0.732777778,-27,0.85,4.2
Johnston,52.65,-94.18,Deer,N.Ontario,2015,8,10,6.9,Walleye,17197,409,-27,9.62,3.15,-28.916,2.586,-15.84333333,0.732777778,-26.7,0.83,4.2
Johnston,52.65,-94.18,Deer,N.Ontario,2018,9,18,6.9,Walleye,20035,388,-25.87,8.4,3.18,-28.916,2.586,-15.84333333,0.732777778,-25.5,0.74,3.9
Johnston,52.65,-94.18,Deer,N.Ontario,2015,8,10,6.9,Walleye,17202,372,-25.57,8.63,3.15,-28.916,2.586,-15.84333333,0.732777778,-25.2,0.72,3.9
Johnston,52.65,-94.18,Deer,N.Ontario,2015,8,10,6.9,Walleye,17201,360,-25.41,8.45,3.15,-28.916,2.586,-15.84333333,0.732777778,-25.1,0.71,3.9
Johnston,52.65,-94.18,Deer,N.Ontario,2018,9,18,6.9,Walleye,20043,334,-26.91,9.08,3.14,-28.916,2.586,-15.84333333,0.732777778,-26.6,0.82,4
Johnston,51.71,-89.49,Monmonawson,N.Ontario,2015,8,22,12,Northern pike,14654,777,-17.34,7.51,3.2,-23.322,2.25,-15.735,1.51125,-16.9,0.15,3.7
Johnston,51.71,-89.49,Monmonawson,N.Ontario,2015,8,23,12,Northern pike,14661,720,-17.5,7.8,3.23,-23.322,2.25,-15.735,1.51125,-17,0.17,3.8
Johnston,51.71,-89.49,Monmonawson,N.Ontario,2015,8,22,12,Northern pike,14656,703,-17.38,7.87,3.23,-23.322,2.25,-15.735,1.51125,-16.9,0.15,3.8
Johnston,51.71,-89.49,Monmonawson,N.Ontario,2015,8,22,12,Northern pike,14659,610,-20.35,8.15,3.3,-23.322,2.25,-15.735,1.51125,-19.7,0.52,3.8
Johnston,51.71,-89.49,Monmonawson,N.Ontario,2015,8,22,12,Northern pike,14657,606,-17.69,7.58,3.18,-23.322,2.25,-15.735,1.51125,-17.3,0.21,3.7
Johnston,51.71,-89.49,Monmonawson,N.Ontario,2015,8,22,12,Northern pike,14655,600,-17.64,7.86,3.2,-23.322,2.25,-15.735,1.51125,-17.2,0.19,3.8
Johnston,51.71,-89.49,Monmonawson,N.Ontario,2015,8,22,12,Northern pike,14660,534,-17.71,7.75,3.2,-23.322,2.25,-15.735,1.51125,-17.3,0.21,3.8
Johnston,51.71,-89.49,Monmonawson,N.Ontario,2015,8,23,12,Northern pike,14662,531,-17.56,7.62,3.19,-23.322,2.25,-15.735,1.51125,-17.1,0.18,3.8
Johnston,51.71,-89.49,Monmonawson,N.Ontario,2015,8,22,12,Northern pike,14658,489,-19.2,7.6,3.29,-23.322,2.25,-15.735,1.51125,-18.6,0.38,3.7
Johnston,51.71,-89.49,Monmonawson,N.Ontario,2015,8,22,12,Northern pike,14653,360,-18.78,7.64,3.19,-23.322,2.25,-15.735,1.51125,-18.4,0.35,3.7
Johnston,51.71,-89.49,Monmonawson,N.Ontario,2015,NA,NA,12,Northern pike,15920,161,-17.77,6.58,3.21,-23.322,2.25,-15.735,1.51125,-17.3,0.21,3.4
Johnston,51.71,-89.49,Monmonawson,N.Ontario,2015,NA,NA,12,Northern pike,15919,160,-18.37,6.57,3.24,-23.322,2.25,-15.735,1.51125,-17.8,0.27,3.4
Johnston,51.71,-89.49,Monmonawson,N.Ontario,2015,NA,NA,12,Yellow perch,18538,201,-18.25,7.8,3.07,-23.322,2.25,-15.735,1.51125,-18.1,0.31,3.8
Johnston,51.71,-89.49,Monmonawson,N.Ontario,2015,NA,NA,12,Yellow perch,18693,162,-19.66,7.73,3.32,-23.322,2.25,-15.735,1.51125,-19,0.43,3.7
Johnston,51.71,-89.49,Monmonawson,N.Ontario,2015,NA,NA,12,Yellow perch,18691,157,-19.33,7.76,3.25,-23.322,2.25,-15.735,1.51125,-18.8,0.4,3.8
Johnston,51.71,-89.49,Monmonawson,N.Ontario,2015,NA,NA,12,Yellow perch,18537,151,-19.07,7.13,3.13,-23.322,2.25,-15.735,1.51125,-18.8,0.4,3.6
Johnston,51.71,-89.49,Monmonawson,N.Ontario,2015,NA,NA,12,Yellow perch,18536,149,-17.94,7.38,3.13,-23.322,2.25,-15.735,1.51125,-17.6,0.25,3.7
Johnston,51.71,-89.49,Monmonawson,N.Ontario,2015,NA,NA,12,Yellow perch,18692,149,-19.83,6.63,3.31,-23.322,2.25,-15.735,1.51125,-19.2,0.46,3.4
Johnston,51.71,-89.49,Monmonawson,N.Ontario,2015,NA,NA,12,Yellow perch,18694,139,-18.68,6.88,3.4,-23.322,2.25,-15.735,1.51125,-17.8,0.27,3.5
Johnston,51.71,-89.49,Monmonawson,N.Ontario,2015,NA,NA,12,Yellow perch,18690,137,-18.57,6.36,3.32,-23.322,2.25,-15.735,1.51125,-17.9,0.29,3.4
Johnston,51.71,-89.49,Monmonawson,N.Ontario,2015,NA,NA,12,Yellow perch,18688,50,-17.83,5.02,3.26,-23.322,2.25,-15.735,1.51125,-17.3,0.21,3
Johnston,51.71,-89.49,Monmonawson,N.Ontario,2015,NA,NA,12,Yellow perch,18689,44,-19.17,6.19,3.33,-23.322,2.25,-15.735,1.51125,-18.5,0.36,3.3
Johnston,51.71,-89.49,Monmonawson,N.Ontario,2015,NA,NA,12,Yellow perch,18695,42,-18.09,6.09,3.49,-23.322,2.25,-15.735,1.51125,-17.1,0.18,3.3
Johnston,49.55,-91.82,Mameigwess,N.Ontario,2016,6,25,2.9,Northern pike,16464,914,-21.47,8.91,3.23,-27.23,1.235333333,-14.32,-0.315,-21,0.52,4.5
Johnston,49.55,-91.82,Mameigwess,N.Ontario,2016,6,24,2.9,Northern pike,16460,848,-21.33,8.56,3.23,-27.23,1.235333333,-14.32,-0.315,-20.8,0.5,4.4
Johnston,49.55,-91.82,Mameigwess,N.Ontario,2016,6,23,2.9,Northern pike,16455,798,-20.5,8.76,3.23,-27.23,1.235333333,-14.32,-0.315,-20,0.44,4.5
Johnston,49.55,-91.82,Mameigwess,N.Ontario,2016,6,24,2.9,Northern pike,16457,683,-19.61,8.21,3.24,-27.23,1.235333333,-14.32,-0.315,-19.1,0.37,4.3
Johnston,49.55,-91.82,Mameigwess,N.Ontario,2016,6,24,2.9,Northern pike,16458,527,-19.85,7.5,3.16,-27.23,1.235333333,-14.32,-0.315,-19.5,0.4,4.1
Johnston,49.55,-91.82,Mameigwess,N.Ontario,2016,6,24,2.9,Northern pike,16459,524,-21.65,7.22,3.2,-27.23,1.235333333,-14.32,-0.315,-21.2,0.53,4
Johnston,49.55,-91.82,Mameigwess,N.Ontario,2016,6,24,2.9,Northern pike,16461,475,-20.6,7.1,3.15,-27.23,1.235333333,-14.32,-0.315,-20.3,0.46,4
Johnston,49.55,-91.82,Mameigwess,N.Ontario,2016,6,23,2.9,Northern pike,16456,466,-19.85,7.22,3.18,-27.23,1.235333333,-14.32,-0.315,-19.4,0.39,4
Johnston,49.55,-91.82,Mameigwess,N.Ontario,2016,6,24,2.9,Northern pike,16463,457,-19.08,7.08,3.17,-27.23,1.235333333,-14.32,-0.315,-18.7,0.34,4
Johnston,49.55,-91.82,Mameigwess,N.Ontario,2016,6,24,2.9,Northern pike,16462,431,-20.47,7.06,3.15,-27.23,1.235333333,-14.32,-0.315,-20.1,0.45,4
Johnston,49.55,-91.82,Mameigwess,N.Ontario,2016,6,26,2.9,Black bass,16472,432,-19.99,8.41,4,-27.23,1.235333333,-14.32,-0.315,-18.2,0.3,4.4
Johnston,49.55,-91.82,Mameigwess,N.Ontario,2016,6,25,2.9,Black bass,16468,410,-18.56,8.05,3.34,-27.23,1.235333333,-14.32,-0.315,-17.8,0.27,4.3
Johnston,49.55,-91.82,Mameigwess,N.Ontario,2016,6,26,2.9,Black bass,16473,406,-19.14,8.06,3.59,-27.23,1.235333333,-14.32,-0.315,-18,0.29,4.3
Johnston,49.55,-91.82,Mameigwess,N.Ontario,2016,6,24,2.9,Black bass,16466,402,-18.49,8,3.25,-27.23,1.235333333,-14.32,-0.315,-17.9,0.28,4.3
Johnston,49.55,-91.82,Mameigwess,N.Ontario,2016,6,25,2.9,Black bass,16470,400,-18.14,7.73,3.4,-27.23,1.235333333,-14.32,-0.315,-17.3,0.23,4.3
Johnston,49.55,-91.82,Mameigwess,N.Ontario,2016,6,24,2.9,Black bass,16465,382,-19.89,8.45,3.54,-27.23,1.235333333,-14.32,-0.315,-18.8,0.35,4.4
Johnston,49.55,-91.82,Mameigwess,N.Ontario,2016,6,25,2.9,Black bass,16469,363,-18.37,7.97,3.44,-27.23,1.235333333,-14.32,-0.315,-17.5,0.25,4.3
Johnston,49.55,-91.82,Mameigwess,N.Ontario,2016,6,26,2.9,Black bass,16471,358,-18.82,8.11,3.2,-27.23,1.235333333,-14.32,-0.315,-18.4,0.32,4.3
Johnston,49.55,-91.82,Mameigwess,N.Ontario,2016,6,26,2.9,Black bass,16474,345,-19.78,7.91,3.28,-27.23,1.235333333,-14.32,-0.315,-19.2,0.38,4.2
Johnston,49.55,-91.82,Mameigwess,N.Ontario,2016,6,25,2.9,Black bass,16467,322,-20.89,7.8,3.22,-27.23,1.235333333,-14.32,-0.315,-20.4,0.47,4.2
Johnston,49.55,-91.82,Mameigwess,N.Ontario,2016,6,26,2.9,Walleye,16486,734,-25.29,8.88,3.3,-27.23,1.235333333,-14.32,-0.315,-24.6,0.8,4.3
Johnston,49.55,-91.82,Mameigwess,N.Ontario,2016,6,24,2.9,Walleye,16475,685,-25.09,8.79,3.19,-27.23,1.235333333,-14.32,-0.315,-24.7,0.8,4.3
Johnston,49.55,-91.82,Mameigwess,N.Ontario,2016,6,24,2.9,Walleye,16479,645,-25.52,8.73,3.46,-27.23,1.235333333,-14.32,-0.315,-24.6,0.8,4.3
Johnston,49.55,-91.82,Mameigwess,N.Ontario,2016,6,25,2.9,Walleye,16482,619,-27.88,8.8,4.97,-27.23,1.235333333,-14.32,-0.315,-25.1,0.84,4.3
Johnston,49.55,-91.82,Mameigwess,N.Ontario,2016,6,24,2.9,Walleye,16476,610,-25.59,8.48,3.31,-27.23,1.235333333,-14.32,-0.315,-24.9,0.82,4.2
Johnston,49.55,-91.82,Mameigwess,N.Ontario,2016,6,26,2.9,Walleye,16485,598,-25.24,8.85,3.29,-27.23,1.235333333,-14.32,-0.315,-24.6,0.8,4.3
Johnston,49.55,-91.82,Mameigwess,N.Ontario,2016,6,25,2.9,Walleye,16484,593,-25.63,8.84,3.55,-27.23,1.235333333,-14.32,-0.315,-24.5,0.79,4.3
Johnston,49.55,-91.82,Mameigwess,N.Ontario,2016,6,24,2.9,Walleye,16478,562,-26.18,8.43,3.75,-27.23,1.235333333,-14.32,-0.315,-24.7,0.8,4.2
Johnston,49.55,-91.82,Mameigwess,N.Ontario,2016,6,25,2.9,Walleye,16483,556,-21.64,6.13,3.2,-27.23,1.235333333,-14.32,-0.315,-21.2,0.53,3.7
Johnston,49.55,-91.82,Mameigwess,N.Ontario,2016,6,25,2.9,Walleye,16480,555,-27.18,8.71,4.24,-27.23,1.235333333,-14.32,-0.315,-25.1,0.84,4.3
Johnston,49.55,-91.82,Mameigwess,N.Ontario,2016,6,24,2.9,Walleye,16477,462,-21.42,8,3.24,-27.23,1.235333333,-14.32,-0.315,-20.9,0.51,4.2
Johnston,49.55,-91.82,Mameigwess,N.Ontario,2016,6,25,2.9,Walleye,16481,454,-25.82,7.95,3.54,-27.23,1.235333333,-14.32,-0.315,-24.7,0.8,4.1
Johnston,46.39,-82.92,Matinenda,N.Ontario,2018,9,16,2.9,Black bass,20575,156,-22.53,7.58,3.18,-27.07714286,1.572857143,-11.38,0.663333333,-22.1,0.68,3.9
Johnston,46.39,-82.92,Matinenda,N.Ontario,2018,9,16,2.9,Black bass,20576,130,-19.94,6.73,3.27,-27.07714286,1.572857143,-11.38,0.663333333,-19.4,0.51,3.6
Johnston,46.39,-82.92,Matinenda,N.Ontario,2018,9,16,2.9,Black bass,20577,127,-23.25,7.31,3.26,-27.07714286,1.572857143,-11.38,0.663333333,-22.7,0.72,3.8
Johnston,46.39,-82.92,Matinenda,N.Ontario,2018,9,16,2.9,Black bass,20574,84,-21.96,5.64,3.39,-27.07714286,1.572857143,-11.38,0.663333333,-21.1,0.62,3.3
Johnston,46.39,-82.92,Matinenda,N.Ontario,2018,9,16,2.9,Black bass,20572,83,-20.09,6.56,3.3,-27.07714286,1.572857143,-11.38,0.663333333,-19.4,0.51,3.6
Johnston,46.39,-82.92,Matinenda,N.Ontario,2018,9,16,2.9,Black bass,20573,81,-20.17,6.85,3.29,-27.07714286,1.572857143,-11.38,0.663333333,-19.5,0.52,3.7
Johnston,46.39,-82.92,Matinenda,N.Ontario,2018,9,16,2.9,Yellow perch,20552,180,-20.69,7.26,3.22,-27.07714286,1.572857143,-11.38,0.663333333,-20.2,0.56,3.8
Johnston,46.39,-82.92,Matinenda,N.Ontario,2018,9,16,2.9,Yellow perch,20553,114,-20.66,7.13,3.22,-27.07714286,1.572857143,-11.38,0.663333333,-20.2,0.56,3.8
Johnston,46.39,-82.92,Matinenda,N.Ontario,2018,9,16,2.9,Yellow perch,20559,101,-23.78,6.4,3.23,-27.07714286,1.572857143,-11.38,0.663333333,-23.3,0.76,3.5
Johnston,46.39,-82.92,Matinenda,N.Ontario,2018,9,16,2.9,Yellow perch,20555,69,-22.42,4.95,3.41,-27.07714286,1.572857143,-11.38,0.663333333,-21.6,0.65,3.1
Johnston,46.39,-82.92,Matinenda,N.Ontario,2018,9,16,2.9,Yellow perch,20556,65,-22.51,4.83,3.34,-27.07714286,1.572857143,-11.38,0.663333333,-21.8,0.66,3
Johnston,46.39,-82.92,Matinenda,N.Ontario,2018,9,16,2.9,Yellow perch,20554,64,-23.21,4.8,3.31,-27.07714286,1.572857143,-11.38,0.663333333,-22.5,0.71,3
Johnston,46.39,-82.92,Matinenda,N.Ontario,2018,9,16,2.9,Yellow perch,20557,62,-22.64,4.57,3.34,-27.07714286,1.572857143,-11.38,0.663333333,-21.9,0.67,3
Johnston,46.39,-82.92,Matinenda,N.Ontario,2018,9,16,2.9,Yellow perch,20558,NA,-23.89,7.16,3.24,-27.07714286,1.572857143,-11.38,0.663333333,-23.4,0.77,3.7
Moslemi,61.30345,121.013878,McGill,NWT,2018,8,28,17.46488,Northern pike,15276,716,-31.03829278,11.74312932,3.140350246,-34.64,2.57,-32.516,2.258,-30.7,0,4.7
Moslemi,61.30345,121.013878,McGill,NWT,2018,8,28,17.46488,Northern pike,15275,595,-31.54313362,11.89245361,3.129331787,-34.64,2.57,-32.516,2.258,-31.3,0,4.7
Moslemi,61.30345,121.013878,McGill,NWT,2014,9,5,17.46488,Northern pike,10321,562,-31.76,11.08,3.290103435,-34.64,2.57,-32.516,2.258,-31.1,0,4.5
Moslemi,61.30345,121.013878,McGill,NWT,2018,8,28,17.46488,Northern pike,15274,560,-31.83077374,11.71415387,3.171624275,-34.64,2.57,-32.516,2.258,-31.4,0,4.7
Moslemi,61.30345,121.013878,McGill,NWT,2014,9,5,17.46488,Northern pike,10320,540,-31.6,11.14,3.289301448,-34.64,2.57,-32.516,2.258,-31,0,4.5
Moslemi,61.30345,121.013878,McGill,NWT,2014,9,5,17.46488,Northern pike,10322,520,-31.3,11.65,3.305447305,-34.64,2.57,-32.516,2.258,-30.6,0,4.7
Moslemi,61.30345,121.013878,McGill,NWT,2018,8,28,17.46488,Northern pike,15277,490,-31.77673202,10.09868853,3.157631688,-34.64,2.57,-32.516,2.258,-31.4,0,4.2
Moslemi,61.30345,121.013878,McGill,NWT,2014,9,5,17.46488,Northern pike,10324,461,-32.12,10.08,3.274529129,-34.64,2.57,-32.516,2.258,-31.5,0,4.2
Moslemi,61.30345,121.013878,McGill,NWT,2018,8,28,17.46488,Northern pike,15268,455,-31.3225426,10.11749026,3.169627368,-34.64,2.57,-32.516,2.258,-30.9,0,4.2
Moslemi,61.30345,121.013878,McGill,NWT,2018,8,28,17.46488,Northern pike,15273,442,-32.06389152,10.88383907,3.182329101,-34.64,2.57,-32.516,2.258,-31.7,0,4.4
Moslemi,61.30345,121.013878,McGill,NWT,2018,8,28,17.46488,Northern pike,15270,431,-31.90534908,9.600994946,3.19593688,-34.64,2.57,-32.516,2.258,-31.5,0,4.1
Moslemi,61.30345,121.013878,McGill,NWT,2014,9,5,17.46488,Northern pike,10326,422,-31.56,10.51,3.346666472,-34.64,2.57,-32.516,2.258,-30.8,0,4.3
Moslemi,61.30345,121.013878,McGill,NWT,2018,8,28,17.46488,Northern pike,15269,420,-32.18604042,9.448724952,3.175265684,-34.64,2.57,-32.516,2.258,-31.8,0,4
Moslemi,61.30345,121.013878,McGill,NWT,2018,8,28,17.46488,Northern pike,15271,400,-32.05000725,10.67743763,3.149674751,-34.64,2.57,-32.516,2.258,-31.7,0,4.4
Moslemi,61.30345,121.013878,McGill,NWT,2018,8,28,17.46488,Northern pike,15266,394,-32.83581913,8.859289132,3.199316597,-34.64,2.57,-32.516,2.258,-32.4,0,3.8
Moslemi,61.30345,121.013878,McGill,NWT,2014,9,5,17.46488,Northern pike,10327,391,-31.38619374,10.44023091,3.278638035,-34.64,2.57,-32.516,2.258,-30.8,0,4.3
Moslemi,61.30345,121.013878,McGill,NWT,2014,9,5,17.46488,Northern pike,10328,375,-32.17,9.46,3.285861352,-34.64,2.57,-32.516,2.258,-31.6,0,4
Moslemi,61.30345,121.013878,McGill,NWT,2018,8,28,17.46488,Northern pike,15272,371,-32.24238359,10.96996307,3.146578434,-34.64,2.57,-32.516,2.258,-31.9,0,4.5
Moslemi,61.30345,121.013878,McGill,NWT,2018,8,28,17.46488,Northern pike,15265,355,-31.78675274,10.80968036,3.175631528,-34.64,2.57,-32.516,2.258,-31.4,0,4.4
Moslemi,61.30345,121.013878,McGill,NWT,2014,9,5,17.46488,Northern pike,10329,290,-31.94,10.54,3.446120551,-34.64,2.57,-32.516,2.258,-31,0,4.3
Moslemi,61.30345,121.013878,McGill,NWT,2018,8,28,17.46488,Northern pike,15264,289,-32.44380135,10.54186367,3.191184893,-34.64,2.57,-32.516,2.258,-32,0,4.3
Moslemi,61.30345,121.013878,McGill,NWT,2014,9,5,17.46488,Northern pike,10330,260,-32.08,9.1,3.447428846,-34.64,2.57,-32.516,2.258,-31.2,0,3.9
Moslemi,61.30345,121.013878,McGill,NWT,2014,9,5,17.46488,Northern pike,10331,256,-32.15,9.56,3.563343915,-34.64,2.57,-32.516,2.258,-31,0,4.1
Moslemi,61.289633,120.582869,Ekali,NWT,2017,8,25,16.583675,Northern pike,10977,879,-31.78159548,12.60448884,3.179632936,-34.74346,3.72659,-31.855,2.945,-31.4,0,4.6
Moslemi,61.289633,120.582869,Ekali,NWT,2017,8,26,16.583675,Northern pike,10987,833,-32.09241159,12.00372733,3.200302541,-34.74346,3.72659,-31.855,2.945,-31.6,0,4.4
Moslemi,61.289633,120.582869,Ekali,NWT,2013,8,21,16.583675,Northern pike,10039,800,-33.19997809,11.03780198,3.369098242,-34.74346,3.72659,-31.855,2.945,-32.4,0.19,4.2
Moslemi,61.289633,120.582869,Ekali,NWT,2013,8,21,16.583675,Northern pike,10040,730,-33.42719475,11.19653331,3.171667645,-34.74346,3.72659,-31.855,2.945,-33,0.4,4.2
Moslemi,61.289633,120.582869,Ekali,NWT,2017,8,24,16.583675,Northern pike,10970,720,-32.48959009,11.74234291,3.214903573,-34.74346,3.72659,-31.855,2.945,-32,0.05,4.4
Moslemi,61.289633,120.582869,Ekali,NWT,2017,8,24,16.583675,Northern pike,10969,610,-31.8223525,11.6005616,3.19279435,-34.74346,3.72659,-31.855,2.945,-31.4,0,4.3
Moslemi,61.289633,120.582869,Ekali,NWT,2017,8,25,16.583675,Northern pike,10975,569,-32.56905857,11.40653022,3.181848241,-34.74346,3.72659,-31.855,2.945,-32.2,0.12,4.3
Moslemi,61.289633,120.582869,Ekali,NWT,2017,8,23,16.583675,Northern pike,10930,565,-32.29079801,11.54461307,3.350999313,-34.74346,3.72659,-31.855,2.945,-31.5,0,4.3
Moslemi,61.289633,120.582869,Ekali,NWT,2017,8,23,16.583675,Northern pike,10931,560,-33.09034499,12.46789307,3.294161006,-34.74346,3.72659,-31.855,2.945,-32.5,0.22,4.6
Moslemi,61.289633,120.582869,Ekali,NWT,2017,8,23,16.583675,Northern pike,10932,555,-32.53941384,11.82846828,3.242387433,-34.74346,3.72659,-31.855,2.945,-32,0.05,4.4
Moslemi,61.289633,120.582869,Ekali,NWT,2017,8,25,16.583675,Northern pike,10976,553,-32.7643586,11.39507942,3.246033199,-34.74346,3.72659,-31.855,2.945,-32.2,0.12,4.3
Moslemi,61.289633,120.582869,Ekali,NWT,2017,8,24,16.583675,Northern pike,10971,550,-32.12324944,11.07574422,3.212150236,-34.74346,3.72659,-31.855,2.945,-31.7,0,4.2
Moslemi,61.289633,120.582869,Ekali,NWT,2017,8,23,16.583675,Northern pike,10955,547,-32.83488103,11.40445731,3.198909059,-34.74346,3.72659,-31.855,2.945,-32.4,0.19,4.3
Moslemi,61.289633,120.582869,Ekali,NWT,2013,8,21,16.583675,Northern pike,10036,520,-33.59954524,10.81493885,3.267845975,-34.74346,3.72659,-31.855,2.945,-33,0.4,4.1
Moslemi,61.289633,120.582869,Ekali,NWT,2017,8,23,16.583675,Northern pike,10951,495,-31.59339422,11.3898859,3.198306342,-34.74346,3.72659,-31.855,2.945,-31.2,0,4.3
Moslemi,61.289633,120.582869,Ekali,NWT,2013,8,20,16.583675,Northern pike,10013,492,-32.47658839,10.24282212,3.246176414,-34.74346,3.72659,-31.855,2.945,-31.9,0.02,3.9
Moslemi,61.289633,120.582869,Ekali,NWT,2013,8,21,16.583675,Northern pike,10037,486,-33.18687584,10.96764115,3.235245295,-34.74346,3.72659,-31.855,2.945,-32.7,0.29,4.1
Moslemi,61.289633,120.582869,Ekali,NWT,2017,8,23,16.583675,Northern pike,10941,485,-32.20365237,11.71333523,3.266547435,-34.74346,3.72659,-31.855,2.945,-31.6,0,4.3
Moslemi,61.289633,120.582869,Ekali,NWT,2017,8,23,16.583675,Northern pike,10954,485,-31.86888884,11.08308645,3.199091357,-34.74346,3.72659,-31.855,2.945,-31.4,0,4.2
Moslemi,61.289633,120.582869,Ekali,NWT,2013,8,21,16.583675,Northern pike,10038,475,-33.33781925,11.37962052,3.298768989,-34.74346,3.72659,-31.855,2.945,-32.7,0.29,4.3
Moslemi,61.289633,120.582869,Ekali,NWT,2017,8,23,16.583675,Northern pike,10936,470,-31.76657405,11.74161369,3.271920149,-34.74346,3.72659,-31.855,2.945,-31.2,0,4.4
Moslemi,61.289633,120.582869,Ekali,NWT,2017,8,23,16.583675,Northern pike,10938,460,-32.09264698,11.00206672,3.277360835,-34.74346,3.72659,-31.855,2.945,-31.5,0,4.1
Moslemi,61.289633,120.582869,Ekali,NWT,2017,8,23,16.583675,Northern pike,10933,455,-31.51141053,10.88235571,3.258856959,-34.74346,3.72659,-31.855,2.945,-30.9,0,4.1
Moslemi,61.289633,120.582869,Ekali,NWT,2017,8,23,16.583675,Northern pike,10937,445,-30.08993354,10.10043457,3.324952118,-34.74346,3.72659,-31.855,2.945,-29.4,0,3.9
Moslemi,61.289633,120.582869,Ekali,NWT,2017,8,23,16.583675,Northern pike,10934,435,-30.800307,10.9626993,3.292776519,-34.74346,3.72659,-31.855,2.945,-30.2,0,4.1
Moslemi,61.289633,120.582869,Ekali,NWT,2017,8,23,16.583675,Northern pike,10953,435,-31.33043895,10.46840456,3.205454258,-34.74346,3.72659,-31.855,2.945,-30.9,0,4
Moslemi,61.289633,120.582869,Ekali,NWT,2017,8,23,16.583675,Northern pike,10940,430,-31.69974668,11.31520976,3.259367202,-34.74346,3.72659,-31.855,2.945,-31.1,0,4.2
Moslemi,61.289633,120.582869,Ekali,NWT,2013,8,20,16.583675,Northern pike,10007,416,-32.77744356,9.144872589,3.247067483,-34.74346,3.72659,-31.855,2.945,-32.2,0.12,3.6
Moslemi,61.289633,120.582869,Ekali,NWT,2017,8,23,16.583675,Northern pike,10935,410,-30.89810486,10.92358804,3.247947238,-34.74346,3.72659,-31.855,2.945,-30.4,0,4.1
Moslemi,61.289633,120.582869,Ekali,NWT,2013,8,20,16.583675,Northern pike,10014,390,-31.70601954,9.487590955,3.085308408,-34.74346,3.72659,-31.855,2.945,-31.5,0,3.7
Moslemi,61.289633,120.582869,Ekali,NWT,2017,8,23,16.583675,Northern pike,10939,375,-32.25883476,10.72009966,3.253241946,-34.74346,3.72659,-31.855,2.945,-31.7,0,4.1
Moslemi,61.289633,120.582869,Ekali,NWT,2017,8,23,16.583675,Northern pike,10942,370,-31.79622052,10.09682036,3.263294328,-34.74346,3.72659,-31.855,2.945,-31.2,0,3.9
Moslemi,61.289633,120.582869,Ekali,NWT,2013,8,20,16.583675,Northern pike,10009,335,-31.10117221,7.810860203,3.24439896,-34.74346,3.72659,-31.855,2.945,-30.6,0,3.2
Moslemi,61.289633,120.582869,Ekali,NWT,2013,8,20,16.583675,Northern pike,10015,334,-31.82674238,8.360192319,3.262850573,-34.74346,3.72659,-31.855,2.945,-31.3,0,3.4
Moslemi,61.289633,120.582869,Ekali,NWT,2013,8,20,16.583675,Northern pike,10006,323,-32.85633577,9.697852034,3.189278444,-34.74346,3.72659,-31.855,2.945,-32.4,0.19,3.8
Moslemi,61.289633,120.582869,Ekali,NWT,2013,8,20,16.583675,Northern pike,10008,315,-32.55043104,9.019457974,3.286994811,-34.74346,3.72659,-31.855,2.945,-31.9,0.02,3.6
Moslemi,61.289633,120.582869,Ekali,NWT,2017,8,23,16.583675,Northern pike,10950,305,-30.53836418,9.224619666,3.201643496,-34.74346,3.72659,-31.855,2.945,-30.1,0,3.6
Moslemi,61.289633,120.582869,Ekali,NWT,2017,8,23,16.583675,Northern pike,10952,222,-29.024962,8.307760746,3.183300307,-34.74346,3.72659,-31.855,2.945,-28.6,0,3.3
Moslemi,60.538836,117.508067,Tathlina,NWT,2018,9,14,19.66,Northern pike,15342,1042,-29.55373808,11.06321133,3.207587801,-35.31,3.86,-31.51,3.255,-29.1,0,4.1
Moslemi,60.538836,117.508067,Tathlina,NWT,2018,9,13,19.66,Northern pike,15325,985,-29.0035589,11.74351431,3.132454036,-35.31,3.86,-31.51,3.255,-28.7,0,4.3
Moslemi,60.538836,117.508067,Tathlina,NWT,2018,9,14,19.66,Northern pike,15358,979,-28.92745934,11.69234153,3.12900548,-35.31,3.86,-31.51,3.255,-28.6,0,4.3
Moslemi,60.538836,117.508067,Tathlina,NWT,2018,9,13,19.66,Northern pike,15306,953,-29.56162165,10.81251054,3.142395389,-35.31,3.86,-31.51,3.255,-29.2,0,4
Moslemi,60.538836,117.508067,Tathlina,NWT,2018,9,14,19.66,Northern pike,15357,939,-28.84025692,11.21702674,3.348079289,-35.31,3.86,-31.51,3.255,-28.1,0,4.2
Moslemi,60.538836,117.508067,Tathlina,NWT,2018,9,14,19.66,Northern pike,15359,936,-28.53345727,11.88335702,3.16904477,-35.31,3.86,-31.51,3.255,-28.2,0,4.4
Moslemi,60.538836,117.508067,Tathlina,NWT,2018,9,13,19.66,Northern pike,15322,931,-29.04528537,11.40781518,3.149392025,-35.31,3.86,-31.51,3.255,-28.7,0,4.2
Moslemi,60.538836,117.508067,Tathlina,NWT,2018,9,13,19.66,Northern pike,15310,863,-29.41042637,11.22666799,3.123705828,-35.31,3.86,-31.51,3.255,-29.1,0,4.2
Moslemi,60.538836,117.508067,Tathlina,NWT,2018,9,13,19.66,Northern pike,15323,859,-28.56940622,11.66335704,3.139344286,-35.31,3.86,-31.51,3.255,-28.3,0,4.3
Moslemi,60.538836,117.508067,Tathlina,NWT,2018,9,13,19.66,Northern pike,15312,815,-28.6809451,11.60862787,3.097448999,-35.31,3.86,-31.51,3.255,-28.5,0,4.3
Moslemi,60.538836,117.508067,Tathlina,NWT,2018,9,13,19.66,Northern pike,15324,812,-28.79164583,11.87516752,3.169558086,-35.31,3.86,-31.51,3.255,-28.4,0,4.4
Moslemi,60.538836,117.508067,Tathlina,NWT,2018,9,13,19.66,Northern pike,15311,794,-29.26869377,11.25005967,3.12507628,-35.31,3.86,-31.51,3.255,-29,0,4.2
Moslemi,60.538836,117.508067,Tathlina,NWT,2014,8,21,19.66,Northern pike,10198,745,-28.89,11.18,3.078967367,-35.31,3.86,-31.51,3.255,-28.7,0,4.2
Moslemi,60.538836,117.508067,Tathlina,NWT,2018,9,14,19.66,Northern pike,15343,723,-29.542509,10.83366182,3.154311116,-35.31,3.86,-31.51,3.255,-29.2,0,4.1
Moslemi,60.538836,117.508067,Tathlina,NWT,2018,9,13,19.66,Northern pike,15308,653,-29.35440322,11.28435053,3.095420802,-35.31,3.86,-31.51,3.255,-29.1,0,4.2
Moslemi,60.538836,117.508067,Tathlina,NWT,2018,9,13,19.66,Northern pike,15307,646,-29.60400223,10.81505437,3.119515629,-35.31,3.86,-31.51,3.255,-29.3,0,4
Moslemi,60.538836,117.508067,Tathlina,NWT,2018,9,13,19.66,Northern pike,15309,639,-29.243282,10.630864,3.109558315,-35.31,3.86,-31.51,3.255,-29,0,4
Moslemi,60.538836,117.508067,Tathlina,NWT,2014,8,21,19.66,Northern pike,10200,550,-29.47,10.86,3.139953493,-35.31,3.86,-31.51,3.255,-29.2,0,4.1
Moslemi,60.538836,117.508067,Tathlina,NWT,2014,8,22,19.66,Northern pike,10215,475,-29.81,10.31,2.940668208,-35.31,3.86,-31.51,3.255,-30,0,3.9
Moslemi,60.538836,117.508067,Tathlina,NWT,2018,9,14,19.66,Northern pike,15344,474,-28.26481408,11.05396639,3.33823799,-35.31,3.86,-31.51,3.255,-27.5,0,4.1
Moslemi,60.538836,117.508067,Tathlina,NWT,2018,9,14,19.66,Northern pike,15348,473,-29.65668074,10.33875101,3.190385324,-35.31,3.86,-31.51,3.255,-29.2,0,3.9
Moslemi,60.538836,117.508067,Tathlina,NWT,2014,8,21,19.66,Northern pike,10194,455,-29.56,11.39,3.187760765,-35.31,3.86,-31.51,3.255,-29.1,0,4.2
Moslemi,60.538836,117.508067,Tathlina,NWT,2018,9,14,19.66,Northern pike,15346,429,-30.19383276,10.32716433,3.342020702,-35.31,3.86,-31.51,3.255,-29.5,0,3.9
Moslemi,60.538836,117.508067,Tathlina,NWT,2014,8,22,19.66,Northern pike,10211,412,-29.52,10.92,3.039738075,-35.31,3.86,-31.51,3.255,-29.4,0,4.1
Moslemi,60.538836,117.508067,Tathlina,NWT,2014,8,22,19.66,Northern pike,10213,393,-29.79,9.92,3.075493316,-35.31,3.86,-31.51,3.255,-29.6,0,3.8
Moslemi,60.538836,117.508067,Tathlina,NWT,2014,8,22,19.66,Northern pike,10214,384,-29.78,10.64,3.014437828,-35.31,3.86,-31.51,3.255,-29.8,0,4
Moslemi,60.538836,117.508067,Tathlina,NWT,2014,8,21,19.66,Northern pike,10196,366,-29.46,10.86,3.155287866,-35.31,3.86,-31.51,3.255,-29.1,0,4.1
Moslemi,60.538836,117.508067,Tathlina,NWT,2018,9,14,19.66,Northern pike,15347,363,-30.19318656,10.38922322,3.384860866,-35.31,3.86,-31.51,3.255,-29.4,0,3.9
Moslemi,60.538836,117.508067,Tathlina,NWT,2018,9,14,19.66,Northern pike,15341,356,-30.89620592,10.41943065,3.198253833,-35.31,3.86,-31.51,3.255,-30.5,0,3.9
Moslemi,60.538836,117.508067,Tathlina,NWT,2014,8,22,19.66,Northern pike,10212,315,-30.2,9.4,3.096962366,-35.31,3.86,-31.51,3.255,-30,0,3.6
Moslemi,60.538836,117.508067,Tathlina,NWT,2018,9,14,19.66,Northern pike,15360,262,-30.83328995,8.557006308,3.100286138,-35.31,3.86,-31.51,3.255,-30.6,0,3.4
Moslemi,60.538836,117.508067,Tathlina,NWT,2014,8,21,19.66,Northern pike,10197,252,-30.94,7.99,3.159011143,-35.31,3.86,-31.51,3.255,-30.6,0,3.2
Moslemi,61.254031,120.492239,Sanguez,NWT,2017,9,18,17.312568,Northern pike,15060,1025,-31.70562693,12.72607875,3.3014064,-32.80333,3.57667,-30.87,2.314,-31.1,0.12,4.7
Moslemi,61.254031,120.492239,Sanguez,NWT,2016,9,9,17.312568,Northern pike,10722,1004,-31.12029872,12.55390008,3.198229257,-32.80333,3.57667,-30.87,2.314,-30.7,0,4.6
Moslemi,61.254031,120.492239,Sanguez,NWT,2013,8,24,17.312568,Northern pike,10084,961,-31.49409013,12.98167697,3.216262946,-32.80333,3.57667,-30.87,2.314,-31,0.07,4.8
Moslemi,61.254031,120.492239,Sanguez,NWT,2019,9,23,17.312568,Northern pike,15778,932,-30.54859498,13.04082837,3.355348402,-32.80333,3.57667,-30.87,2.314,-29.8,0,4.8
Moslemi,61.254031,120.492239,Sanguez,NWT,2017,9,16,17.312568,Northern pike,15026,930,-31.39949525,12.93885221,3.215074286,-32.80333,3.57667,-30.87,2.314,-30.9,0.02,4.8
Moslemi,61.254031,120.492239,Sanguez,NWT,2013,8,24,17.312568,Northern pike,10082,910,-31.38240254,12.89463585,3.239835287,-32.80333,3.57667,-30.87,2.314,-30.9,0.02,4.7
Moslemi,61.254031,120.492239,Sanguez,NWT,2018,5,22,17.312568,Northern pike,15237,904,-31.35700462,12.27499793,3.298037691,-32.80333,3.57667,-30.87,2.314,-30.7,0,4.6
Moslemi,61.254031,120.492239,Sanguez,NWT,2017,9,14,17.312568,Northern pike,10991,888,-31.62032681,12.34235269,3.229547029,-32.80333,3.57667,-30.87,2.314,-31.1,0.12,4.6
Moslemi,61.254031,120.492239,Sanguez,NWT,2017,9,17,17.312568,Northern pike,15043,884,-31.92041608,12.35988426,3.227985102,-32.80333,3.57667,-30.87,2.314,-31.4,0.27,4.6
Moslemi,61.254031,120.492239,Sanguez,NWT,2017,9,18,17.312568,Northern pike,15067,877,-31.19554006,12.29674387,3.180053897,-32.80333,3.57667,-30.87,2.314,-30.8,0,4.6
Moslemi,61.254031,120.492239,Sanguez,NWT,2017,9,18,17.312568,Northern pike,15058,870,-31.58055972,12.41187961,3.143410932,-32.80333,3.57667,-30.87,2.314,-31.3,0.22,4.6
Moslemi,61.254031,120.492239,Sanguez,NWT,2018,5,31,17.312568,Northern pike,15398,866,-31.8204851,12.19620841,3.375765293,-32.80333,3.57667,-30.87,2.314,-31,0.07,4.5
Moslemi,61.254031,120.492239,Sanguez,NWT,2017,9,15,17.312568,Northern pike,15002,858,-31.60722353,12.13777155,3.230357994,-32.80333,3.57667,-30.87,2.314,-31.1,0.12,4.5
Moslemi,61.254031,120.492239,Sanguez,NWT,2018,5,29,17.312568,Northern pike,15390,855,-30.54953001,11.55880706,3.317821304,-32.80333,3.57667,-30.87,2.314,-29.9,0,4.3
Moslemi,61.254031,120.492239,Sanguez,NWT,2018,5,29,17.312568,Northern pike,15391,852,-31.05652102,11.61736666,3.273195329,-32.80333,3.57667,-30.87,2.314,-30.5,0,4.4
Moslemi,61.254031,120.492239,Sanguez,NWT,2013,8,25,17.312568,Northern pike,10095,850,-31.71382455,12.87496647,3.268672956,-32.80333,3.57667,-30.87,2.314,-31.1,0.12,4.7
Moslemi,61.254031,120.492239,Sanguez,NWT,2018,5,29,17.312568,Northern pike,15393,845,-31.35713592,12.04663849,3.331633874,-32.80333,3.57667,-30.87,2.314,-30.6,0,4.5
Moslemi,61.254031,120.492239,Sanguez,NWT,2018,5,29,17.312568,Northern pike,15388,840,-31.0538622,11.85162853,3.270779498,-32.80333,3.57667,-30.87,2.314,-30.5,0,4.4
Moslemi,61.254031,120.492239,Sanguez,NWT,2019,9,24,17.312568,Northern pike,15801,825,-31.58518662,13.26135983,3.092024632,-32.80333,3.57667,-30.87,2.314,-31.4,0.27,4.8
Moslemi,61.254031,120.492239,Sanguez,NWT,2018,5,28,17.312568,Northern pike,15377,818,-30.72651282,11.63458101,3.248639394,-32.80333,3.57667,-30.87,2.314,-30.2,0,4.4
Moslemi,61.254031,120.492239,Sanguez,NWT,2018,6,1,17.312568,Northern pike,15420,812,-32.04002204,12.2330528,3.293790152,-32.80333,3.57667,-30.87,2.314,-31.4,0.27,4.5
Moslemi,61.254031,120.492239,Sanguez,NWT,2016,9,8,17.312568,Northern pike,10696,799,-31.1528709,11.80145453,3.208832076,-32.80333,3.57667,-30.87,2.314,-30.7,0,4.4
Moslemi,61.254031,120.492239,Sanguez,NWT,2017,9,18,17.312568,Northern pike,15059,795,-31.9164907,12.4519655,3.242021467,-32.80333,3.57667,-30.87,2.314,-31.4,0.27,4.6
Moslemi,61.254031,120.492239,Sanguez,NWT,2017,9,18,17.312568,Northern pike,15066,790,-32.26170296,11.97538283,3.196478637,-32.80333,3.57667,-30.87,2.314,-31.8,0.48,4.5
Moslemi,61.254031,120.492239,Sanguez,NWT,2017,9,18,17.312568,Northern pike,15068,777,-32.98048392,11.20569378,3.515143228,-32.80333,3.57667,-30.87,2.314,-31.9,0.53,4.2
Moslemi,61.254031,120.492239,Sanguez,NWT,2018,5,28,17.312568,Northern pike,15376,776,-31.82274847,11.54386442,3.23617263,-32.80333,3.57667,-30.87,2.314,-31.3,0.22,4.3
Moslemi,61.254031,120.492239,Sanguez,NWT,2018,6,1,17.312568,Northern pike,15419,774,-32.16985358,11.76344479,3.215880283,-32.80333,3.57667,-30.87,2.314,-31.7,0.43,4.4
Moslemi,61.254031,120.492239,Sanguez,NWT,2016,9,8,17.312568,Northern pike,10695,769,-32.5209966,11.74766737,3.256207843,-32.80333,3.57667,-30.87,2.314,-32,0.58,4.4
Moslemi,61.254031,120.492239,Sanguez,NWT,2018,5,21,17.312568,Northern pike,15231,768,-30.50538025,11.2226689,3.18344054,-32.80333,3.57667,-30.87,2.314,-30.1,0,4.2
Moslemi,61.254031,120.492239,Sanguez,NWT,2019,9,22,17.312568,Northern pike,15759,767,-30.50524373,11.75759209,3.286925273,-32.80333,3.57667,-30.87,2.314,-29.9,0,4.4
Moslemi,61.254031,120.492239,Sanguez,NWT,2018,5,21,17.312568,Northern pike,15230,760,-31.56034652,11.77851277,3.184479215,-32.80333,3.57667,-30.87,2.314,-31.1,0.12,4.4
Moslemi,61.254031,120.492239,Sanguez,NWT,2019,9,24,17.312568,Northern pike,15800,756,-32.35654722,13.13653662,3.104604219,-32.80333,3.57667,-30.87,2.314,-32.1,0.64,4.8
Moslemi,61.254031,120.492239,Sanguez,NWT,2018,5,22,17.312568,Northern pike,15236,753,-32.76996476,12.01641806,3.284349763,-32.80333,3.57667,-30.87,2.314,-32.2,0.69,4.5
Moslemi,61.254031,120.492239,Sanguez,NWT,2019,9,23,17.312568,Northern pike,15786,753,-32.76467085,12.67353615,3.127418292,-32.80333,3.57667,-30.87,2.314,-32.5,0.84,4.7
Moslemi,61.254031,120.492239,Sanguez,NWT,2019,9,22,17.312568,Northern pike,15758,743,-32.18247097,11.92093442,3.215377214,-32.80333,3.57667,-30.87,2.314,-31.7,0.43,4.5
Moslemi,61.254031,120.492239,Sanguez,NWT,2018,5,22,17.312568,Northern pike,15235,737,-33.03371242,12.033676,3.274838461,-32.80333,3.57667,-30.87,2.314,-32.4,0.79,4.5
Moslemi,61.254031,120.492239,Sanguez,NWT,2019,9,22,17.312568,Northern pike,15764,725,-31.28485297,11.97096288,3.299000622,-32.80333,3.57667,-30.87,2.314,-30.6,0,4.5
Moslemi,61.254031,120.492239,Sanguez,NWT,2017,9,18,17.312568,Northern pike,15055,718,-33.67974126,11.27769784,3.280712041,-32.80333,3.57667,-30.87,2.314,-33.1,1,4.3
Moslemi,61.254031,120.492239,Sanguez,NWT,2017,9,18,17.312568,Northern pike,15057,715,-32.96005318,11.05816637,3.160702762,-32.80333,3.57667,-30.87,2.314,-32.6,0.89,4.2
Moslemi,61.254031,120.492239,Sanguez,NWT,2018,5,29,17.312568,Northern pike,15389,714,-32.57907582,11.55233192,3.242944057,-32.80333,3.57667,-30.87,2.314,-32,0.58,4.3
Moslemi,61.254031,120.492239,Sanguez,NWT,2018,5,29,17.312568,Northern pike,15386,710,-33.33379541,11.57797639,3.22368166,-32.80333,3.57667,-30.87,2.314,-32.8,1,4.4
Moslemi,61.254031,120.492239,Sanguez,NWT,2018,5,29,17.312568,Northern pike,15394,708,-31.06237296,11.58222286,3.213377401,-32.80333,3.57667,-30.87,2.314,-30.6,0,4.4
Moslemi,61.254031,120.492239,Sanguez,NWT,2018,5,18,17.312568,Northern pike,15172,707,-31.99588057,11.90000831,3.260384141,-32.80333,3.57667,-30.87,2.314,-31.4,0.27,4.4
Moslemi,61.254031,120.492239,Sanguez,NWT,2019,9,21,17.312568,Northern pike,15756,705,-32.19896377,11.99181137,3.309639346,-32.80333,3.57667,-30.87,2.314,-31.5,0.33,4.5
Moslemi,61.254031,120.492239,Sanguez,NWT,2019,9,22,17.312568,Northern pike,15763,702,-32.29582017,12.27879344,3.366169677,-32.80333,3.57667,-30.87,2.314,-31.5,0.33,4.6
Moslemi,61.254031,120.492239,Sanguez,NWT,2017,9,16,17.312568,Northern pike,15025,698,-32.52283851,11.60281303,3.231544739,-32.80333,3.57667,-30.87,2.314,-32,0.58,4.4
Moslemi,61.254031,120.492239,Sanguez,NWT,2018,5,29,17.312568,Northern pike,15387,698,-32.94878264,11.43813583,3.213020057,-32.80333,3.57667,-30.87,2.314,-32.5,0.84,4.3
Moslemi,61.254031,120.492239,Sanguez,NWT,2018,5,20,17.312568,Northern pike,15220,697,-33.09325991,11.11873937,3.222716905,-32.80333,3.57667,-30.87,2.314,-32.6,0.89,4.2
Moslemi,61.254031,120.492239,Sanguez,NWT,2018,5,20,17.312568,Northern pike,15221,697,-32.96767127,11.0488882,3.144892671,-32.80333,3.57667,-30.87,2.314,-32.6,0.89,4.2
Moslemi,61.254031,120.492239,Sanguez,NWT,2017,9,18,17.312568,Northern pike,15056,690,-33.44466927,11.8860243,3.238455467,-32.80333,3.57667,-30.87,2.314,-32.9,1,4.4
Moslemi,61.254031,120.492239,Sanguez,NWT,2019,9,21,17.312568,Northern pike,15755,684,-31.3495042,11.3646059,3.282975447,-32.80333,3.57667,-30.87,2.314,-30.7,0,4.3
Moslemi,61.254031,120.492239,Sanguez,NWT,2018,5,28,17.312568,Northern pike,15375,681,-30.97930219,11.74643665,3.179158439,-32.80333,3.57667,-30.87,2.314,-30.6,0,4.4
Moslemi,61.254031,120.492239,Sanguez,NWT,2019,9,21,17.312568,Northern pike,15757,679,-32.47244902,11.65849841,3.249313277,-32.80333,3.57667,-30.87,2.314,-31.9,0.53,4.4
Moslemi,61.254031,120.492239,Sanguez,NWT,2018,5,22,17.312568,Northern pike,15234,679,-33.243079,12.01439266,3.278204516,-32.80333,3.57667,-30.87,2.314,-32.6,0.89,4.5
Moslemi,61.254031,120.492239,Sanguez,NWT,2019,9,24,17.312568,Northern pike,15796,678,-31.99202196,11.81277841,3.187116642,-32.80333,3.57667,-30.87,2.314,-31.6,0.38,4.4
Moslemi,61.254031,120.492239,Sanguez,NWT,2016,9,8,17.312568,Northern pike,10694,678,-33.37099659,11.44091013,3.203920277,-32.80333,3.57667,-30.87,2.314,-32.9,1,4.3
Moslemi,61.254031,120.492239,Sanguez,NWT,2013,8,25,17.312568,Northern pike,10091,670,-33.43094384,12.1171184,3.327105683,-32.80333,3.57667,-30.87,2.314,-32.7,0.95,4.5
Moslemi,61.254031,120.492239,Sanguez,NWT,2018,6,1,17.312568,Northern pike,15421,668,-32.21719751,11.69941552,3.254397642,-32.80333,3.57667,-30.87,2.314,-31.7,0.43,4.4
Moslemi,61.254031,120.492239,Sanguez,NWT,2013,8,25,17.312568,Northern pike,10090,668,-33.21218734,12.22225771,3.282054062,-32.80333,3.57667,-30.87,2.314,-32.6,0.89,4.5
Moslemi,61.254031,120.492239,Sanguez,NWT,2018,5,18,17.312568,Northern pike,15168,668,-33.29949818,11.37578725,3.169489139,-32.80333,3.57667,-30.87,2.314,-32.9,1,4.3
Moslemi,61.254031,120.492239,Sanguez,NWT,2016,9,8,17.312568,Northern pike,10693,666,-33.37099659,11.44091013,3.147019577,-32.80333,3.57667,-30.87,2.314,-33,1,4.3
Moslemi,61.254031,120.492239,Sanguez,NWT,2018,5,18,17.312568,Northern pike,15169,663,-32.77006338,11.55721277,3.21184602,-32.80333,3.57667,-30.87,2.314,-32.3,0.74,4.3
Moslemi,61.254031,120.492239,Sanguez,NWT,2018,5,18,17.312568,Northern pike,15165,659,-32.6157298,11.58218832,3.165702912,-32.80333,3.57667,-30.87,2.314,-32.2,0.69,4.4
Moslemi,61.254031,120.492239,Sanguez,NWT,2018,5,18,17.312568,Northern pike,15171,657,-32.28039903,11.62714408,3.222036439,-32.80333,3.57667,-30.87,2.314,-31.8,0.48,4.4
Moslemi,61.254031,120.492239,Sanguez,NWT,2017,9,18,17.312568,Northern pike,15065,657,-32.67211096,11.71585562,3.20239349,-32.80333,3.57667,-30.87,2.314,-32.2,0.69,4.4
Moslemi,61.254031,120.492239,Sanguez,NWT,2018,5,18,17.312568,Northern pike,15166,652,-33.18613362,11.58782278,3.192585429,-32.80333,3.57667,-30.87,2.314,-32.8,1,4.4
Moslemi,61.254031,120.492239,Sanguez,NWT,2018,5,20,17.312568,Northern pike,15218,651,-32.85290141,11.52496613,3.185865181,-32.80333,3.57667,-30.87,2.314,-32.4,0.79,4.3
Moslemi,61.254031,120.492239,Sanguez,NWT,2018,5,20,17.312568,Northern pike,15208,650,-31.86558481,11.56875671,3.177556781,-32.80333,3.57667,-30.87,2.314,-31.5,0.33,4.4
Moslemi,61.254031,120.492239,Sanguez,NWT,2018,5,29,17.312568,Northern pike,15385,645,-32.49900805,11.74472815,3.272689914,-32.80333,3.57667,-30.87,2.314,-31.9,0.53,4.4
Moslemi,61.254031,120.492239,Sanguez,NWT,2018,5,20,17.312568,Northern pike,15207,644,-33.13131801,11.44726989,3.182239293,-32.80333,3.57667,-30.87,2.314,-32.7,0.95,4.3
Moslemi,61.254031,120.492239,Sanguez,NWT,2017,9,16,17.312568,Northern pike,15024,639,-33.2545143,11.6351459,3.239258007,-32.80333,3.57667,-30.87,2.314,-32.7,0.95,4.4
Moslemi,61.254031,120.492239,Sanguez,NWT,2018,5,20,17.312568,Northern pike,15219,637,-32.93915121,11.04890458,3.190127123,-32.80333,3.57667,-30.87,2.314,-32.5,0.84,4.2
Moslemi,61.254031,120.492239,Sanguez,NWT,2019,9,25,17.312568,Northern pike,15816,636,-31.43794871,12.36904059,3.322849976,-32.80333,3.57667,-30.87,2.314,-30.7,0,4.6
Moslemi,61.254031,120.492239,Sanguez,NWT,2018,5,31,17.312568,Northern pike,15413,634,-33.01347286,11.08906622,3.241156566,-32.80333,3.57667,-30.87,2.314,-32.5,0.84,4.2
Moslemi,61.254031,120.492239,Sanguez,NWT,2018,5,31,17.312568,Northern pike,15414,631,-31.95037813,11.09834119,3.339486692,-32.80333,3.57667,-30.87,2.314,-31.2,0.17,4.2
Moslemi,61.254031,120.492239,Sanguez,NWT,2018,5,18,17.312568,Northern pike,15167,629,-33.4923844,11.59335931,3.26880254,-32.80333,3.57667,-30.87,2.314,-32.9,1,4.4
Moslemi,61.254031,120.492239,Sanguez,NWT,2019,9,23,17.312568,Northern pike,15775,627,-32.74189183,11.24852323,3.323399122,-32.80333,3.57667,-30.87,2.314,-32,0.58,4.3
Moslemi,61.254031,120.492239,Sanguez,NWT,2018,5,20,17.312568,Northern pike,15226,627,-33.11894418,10.73132531,3.125777228,-32.80333,3.57667,-30.87,2.314,-32.8,1,4.1
Moslemi,61.254031,120.492239,Sanguez,NWT,2018,5,20,17.312568,Northern pike,15227,626,-31.72810503,10.53031954,3.125355,-32.80333,3.57667,-30.87,2.314,-31.4,0.27,4
Moslemi,61.254031,120.492239,Sanguez,NWT,2018,5,18,17.312568,Northern pike,15164,625,-33.0251337,11.54798457,3.182738932,-32.80333,3.57667,-30.87,2.314,-32.6,0.89,4.3
Moslemi,61.254031,120.492239,Sanguez,NWT,2018,5,20,17.312568,Northern pike,15217,625,-33.26926777,11.34159126,3.213683091,-32.80333,3.57667,-30.87,2.314,-32.8,1,4.3
Moslemi,61.254031,120.492239,Sanguez,NWT,2018,5,18,17.312568,Northern pike,15170,622,-33.21343779,11.62413246,3.223451832,-32.80333,3.57667,-30.87,2.314,-32.7,0.95,4.4
Moslemi,61.254031,120.492239,Sanguez,NWT,2019,9,21,17.312568,Northern pike,15754,621,-32.70496635,12.29969155,3.367452396,-32.80333,3.57667,-30.87,2.314,-31.9,0.53,4.6
Moslemi,61.254031,120.492239,Sanguez,NWT,2017,9,14,17.312568,Northern pike,10990,621,-32.56644555,11.57222231,3.187666046,-32.80333,3.57667,-30.87,2.314,-32.1,0.64,4.4
Moslemi,61.254031,120.492239,Sanguez,NWT,2018,5,22,17.312568,Northern pike,15233,621,-33.18309295,11.79511493,3.371651876,-32.80333,3.57667,-30.87,2.314,-32.4,0.79,4.4
Moslemi,61.254031,120.492239,Sanguez,NWT,2018,5,20,17.312568,Northern pike,15216,620,-33.01686011,11.66765758,3.207205111,-32.80333,3.57667,-30.87,2.314,-32.6,0.89,4.4
Moslemi,61.254031,120.492239,Sanguez,NWT,2018,6,1,17.312568,Northern pike,15418,619,-33.24925146,11.14455373,3.303093342,-32.80333,3.57667,-30.87,2.314,-32.6,0.89,4.2
Moslemi,61.254031,120.492239,Sanguez,NWT,2017,9,17,17.312568,Northern pike,15037,617,-32.61752932,11.64019269,3.252254659,-32.80333,3.57667,-30.87,2.314,-32.1,0.64,4.4
Moslemi,61.254031,120.492239,Sanguez,NWT,2013,8,25,17.312568,Northern pike,10087,615,-33.22776417,11.67580008,3.32395363,-32.80333,3.57667,-30.87,2.314,-32.5,0.84,4.4
Moslemi,61.254031,120.492239,Sanguez,NWT,2018,5,31,17.312568,Northern pike,15415,615,-33.05643761,11.73747046,3.234338114,-32.80333,3.57667,-30.87,2.314,-32.5,0.84,4.4
Moslemi,61.254031,120.492239,Sanguez,NWT,2016,9,8,17.312568,Northern pike,10692,615,-33.12255603,10.97948965,3.193717583,-32.80333,3.57667,-30.87,2.314,-32.7,0.95,4.2
Moslemi,61.254031,120.492239,Sanguez,NWT,2019,9,23,17.312568,Northern pike,15776,613,-31.13650343,11.46015528,3.299414056,-32.80333,3.57667,-30.87,2.314,-30.5,0,4.3
Moslemi,61.254031,120.492239,Sanguez,NWT,2019,9,20,17.312568,Northern pike,15748,612,-30.90145816,9.97994977,3.28774212,-32.80333,3.57667,-30.87,2.314,-30.3,0,3.9
Moslemi,61.254031,120.492239,Sanguez,NWT,2018,5,31,17.312568,Northern pike,15397,612,-32.23592186,11.60581913,3.336703824,-32.80333,3.57667,-30.87,2.314,-31.5,0.33,4.4
Moslemi,61.254031,120.492239,Sanguez,NWT,2018,5,18,17.312568,Northern pike,15162,610,-33.05977172,11.16290007,3.175173245,-32.80333,3.57667,-30.87,2.314,-32.7,0.95,4.2
Moslemi,61.254031,120.492239,Sanguez,NWT,2018,5,18,17.312568,Northern pike,15150,610,-33.16206231,11.40373504,3.146657822,-32.80333,3.57667,-30.87,2.314,-32.8,1,4.3
Moslemi,61.254031,120.492239,Sanguez,NWT,2018,5,18,17.312568,Northern pike,15161,610,-33.51049837,10.76264437,3.157985517,-32.80333,3.57667,-30.87,2.314,-33.2,1,4.1
Moslemi,61.254031,120.492239,Sanguez,NWT,2018,5,18,17.312568,Northern pike,15151,609,-33.14538486,11.6385794,3.222141307,-32.80333,3.57667,-30.87,2.314,-32.7,0.95,4.4
Moslemi,61.254031,120.492239,Sanguez,NWT,2018,5,18,17.312568,Northern pike,15163,607,-32.75979493,11.73788796,3.240396144,-32.80333,3.57667,-30.87,2.314,-32.2,0.69,4.4
Moslemi,61.254031,120.492239,Sanguez,NWT,2019,9,20,17.312568,Northern pike,15747,607,-32.80060813,12.06666713,3.299054054,-32.80333,3.57667,-30.87,2.314,-32.2,0.69,4.5
Moslemi,61.254031,120.492239,Sanguez,NWT,2013,8,25,17.312568,Northern pike,10088,605,-33.27589358,11.89308837,3.228955855,-32.80333,3.57667,-30.87,2.314,-32.8,1,4.4
Moslemi,61.254031,120.492239,Sanguez,NWT,2019,9,24,17.312568,Northern pike,15795,602,-33.01409829,11.94148813,3.117929569,-32.80333,3.57667,-30.87,2.314,-32.7,0.95,4.5
Moslemi,61.254031,120.492239,Sanguez,NWT,2017,9,17,17.312568,Northern pike,15036,598,-32.72565633,12.00909333,3.223861299,-32.80333,3.57667,-30.87,2.314,-32.2,0.69,4.5
Moslemi,61.254031,120.492239,Sanguez,NWT,2017,9,17,17.312568,Northern pike,15036,598,-32.72565633,12.00909333,3.223861299,-32.80333,3.57667,-30.87,2.314,-32.2,0.69,4.5
Moslemi,61.254031,120.492239,Sanguez,NWT,2018,6,1,17.312568,Northern pike,15417,591,-33.12763262,11.22860514,3.285720639,-32.80333,3.57667,-30.87,2.314,-32.5,0.84,4.3
Moslemi,61.254031,120.492239,Sanguez,NWT,2019,9,23,17.312568,Northern pike,15777,588,-32.69241179,11.61427823,3.385884961,-32.80333,3.57667,-30.87,2.314,-31.9,0.53,4.4
Moslemi,61.254031,120.492239,Sanguez,NWT,2019,9,24,17.312568,Northern pike,15798,585,-33.13868598,12.20718172,3.154219626,-32.80333,3.57667,-30.87,2.314,-32.8,1,4.5
Moslemi,61.254031,120.492239,Sanguez,NWT,2019,9,21,17.312568,Northern pike,15753,584,-32.92464985,12.37333413,3.37418383,-32.80333,3.57667,-30.87,2.314,-32.1,0.64,4.6
Moslemi,61.254031,120.492239,Sanguez,NWT,2019,9,23,17.312568,Northern pike,15774,576,-32.3239343,11.43626831,3.346763857,-32.80333,3.57667,-30.87,2.314,-31.6,0.38,4.3
Moslemi,61.254031,120.492239,Sanguez,NWT,2019,9,24,17.312568,Northern pike,15799,569,-31.2201587,11.27368033,3.138152675,-32.80333,3.57667,-30.87,2.314,-30.9,0.02,4.3
Moslemi,61.254031,120.492239,Sanguez,NWT,2017,9,14,17.312568,Northern pike,10989,568,-32.54113277,11.32772146,3.216814064,-32.80333,3.57667,-30.87,2.314,-32.1,0.64,4.3
Moslemi,61.254031,120.492239,Sanguez,NWT,2019,9,23,17.312568,Northern pike,15773,567,-30.6589801,11.19422274,3.3442311,-32.80333,3.57667,-30.87,2.314,-29.9,0,4.2
Moslemi,61.254031,120.492239,Sanguez,NWT,2019,9,25,17.312568,Northern pike,15815,567,-33.21137431,12.37754876,3.339425769,-32.80333,3.57667,-30.87,2.314,-32.5,0.84,4.6
Moslemi,61.254031,120.492239,Sanguez,NWT,2018,5,31,17.312568,Northern pike,15412,564,-31.3682041,10.86145894,3.232778964,-32.80333,3.57667,-30.87,2.314,-30.9,0.02,4.1
Moslemi,61.254031,120.492239,Sanguez,NWT,2019,9,22,17.312568,Northern pike,15762,562,-32.73488329,11.79357281,3.329419781,-32.80333,3.57667,-30.87,2.314,-32,0.58,4.4
Moslemi,61.254031,120.492239,Sanguez,NWT,2018,5,21,17.312568,Northern pike,15229,562,-33.00684682,11.44274199,3.163139686,-32.80333,3.57667,-30.87,2.314,-32.6,0.89,4.3
Moslemi,61.254031,120.492239,Sanguez,NWT,2018,5,20,17.312568,Northern pike,15213,556,-31.99868615,11.45286111,3.18793151,-32.80333,3.57667,-30.87,2.314,-31.6,0.38,4.3
Moslemi,61.254031,120.492239,Sanguez,NWT,2018,5,19,17.312568,Northern pike,15186,554,-33.10067728,11.57453258,3.22722931,-32.80333,3.57667,-30.87,2.314,-32.6,0.89,4.4
Moslemi,61.254031,120.492239,Sanguez,NWT,2018,5,29,17.312568,Northern pike,15384,547,-29.48700206,9.6001652,3.302660367,-32.80333,3.57667,-30.87,2.314,-28.8,0,3.8
Moslemi,61.254031,120.492239,Sanguez,NWT,2019,9,25,17.312568,Northern pike,15814,547,-32.63365745,12.55498845,3.296377368,-32.80333,3.57667,-30.87,2.314,-32,0.58,4.6
Moslemi,61.254031,120.492239,Sanguez,NWT,2018,5,19,17.312568,Northern pike,15185,547,-33.03283484,10.82153784,3.116226471,-32.80333,3.57667,-30.87,2.314,-32.8,1,4.1
Moslemi,61.254031,120.492239,Sanguez,NWT,2018,5,31,17.312568,Northern pike,15408,544,-31.58484566,10.06746238,3.290837226,-32.80333,3.57667,-30.87,2.314,-31,0.07,3.9
Moslemi,61.254031,120.492239,Sanguez,NWT,2019,9,25,17.312568,Northern pike,15806,543,-32.77184152,12.3739673,3.382331807,-32.80333,3.57667,-30.87,2.314,-32,0.58,4.6
Moslemi,61.254031,120.492239,Sanguez,NWT,2018,5,20,17.312568,Northern pike,15225,535,-31.53851024,10.15322759,3.170918205,-32.80333,3.57667,-30.87,2.314,-31.2,0.17,3.9
Moslemi,61.254031,120.492239,Sanguez,NWT,2018,5,31,17.312568,Northern pike,15411,531,-32.45859459,11.83752647,3.268338131,-32.80333,3.57667,-30.87,2.314,-31.9,0.53,4.4
Moslemi,61.254031,120.492239,Sanguez,NWT,2019,9,24,17.312568,Northern pike,15794,528,-32.05973563,11.63757242,3.119834499,-32.80333,3.57667,-30.87,2.314,-31.8,0.48,4.4
Moslemi,61.254031,120.492239,Sanguez,NWT,2019,9,25,17.312568,Northern pike,15813,527,-32.81355929,12.1777447,3.331829419,-32.80333,3.57667,-30.87,2.314,-32.1,0.64,4.5
Moslemi,61.254031,120.492239,Sanguez,NWT,2019,9,21,17.312568,Northern pike,15752,524,-30.72030852,10.40088347,3.387489978,-32.80333,3.57667,-30.87,2.314,-29.9,0,4
Moslemi,61.254031,120.492239,Sanguez,NWT,2018,5,31,17.312568,Northern pike,15410,501,-32.56105578,12.60014477,3.337319276,-32.80333,3.57667,-30.87,2.314,-31.8,0.48,4.7
Moslemi,61.254031,120.492239,Sanguez,NWT,2016,9,8,17.312568,Northern pike,10688,495,-31.10320741,10.73671144,3.193106428,-32.80333,3.57667,-30.87,2.314,-30.7,0,4.1
Moslemi,61.254031,120.492239,Sanguez,NWT,2016,9,7,17.312568,Northern pike,10667,487,-32.43824555,11.09391771,3.209222843,-32.80333,3.57667,-30.87,2.314,-32,0.58,4.2
Moslemi,61.254031,120.492239,Sanguez,NWT,2016,9,8,17.312568,Northern pike,10704,482,-31.55784344,10.71637508,3.191602027,-32.80333,3.57667,-30.87,2.314,-31.1,0.12,4.1
Moslemi,61.254031,120.492239,Sanguez,NWT,2016,9,9,17.312568,Northern pike,10721,481,-32.08707597,11.74155875,3.2182087,-32.80333,3.57667,-30.87,2.314,-31.6,0.38,4.4
Moslemi,61.254031,120.492239,Sanguez,NWT,2018,5,18,17.312568,Northern pike,15142,476,-32.06433791,9.952673805,3.136740146,-32.80333,3.57667,-30.87,2.314,-31.8,0.48,3.9
Moslemi,61.254031,120.492239,Sanguez,NWT,2013,8,25,17.312568,Northern pike,10092,475,-31.9955571,11.69017147,3.263743909,-32.80333,3.57667,-30.87,2.314,-31.4,0.27,4.4
Moslemi,61.254031,120.492239,Sanguez,NWT,2018,5,18,17.312568,Northern pike,15160,474,-30.7354725,9.977890024,3.159687197,-32.80333,3.57667,-30.87,2.314,-30.4,0,3.9
Moslemi,61.254031,120.492239,Sanguez,NWT,2018,5,31,17.312568,Northern pike,15409,471,-30.80520681,9.557093772,3.277563025,-32.80333,3.57667,-30.87,2.314,-30.2,0,3.8
Moslemi,61.254031,120.492239,Sanguez,NWT,2018,5,31,17.312568,Northern pike,15403,470,-32.62820673,11.75036837,3.290580768,-32.80333,3.57667,-30.87,2.314,-32,0.58,4.4
Moslemi,61.254031,120.492239,Sanguez,NWT,2018,5,31,17.312568,Northern pike,15407,470,-32.80478194,11.58965137,3.285939102,-32.80333,3.57667,-30.87,2.314,-32.2,0.69,4.4
Moslemi,61.254031,120.492239,Sanguez,NWT,2018,5,20,17.312568,Northern pike,15212,469,-31.13638718,10.11404153,3.217918899,-32.80333,3.57667,-30.87,2.314,-30.7,0,3.9
Moslemi,61.254031,120.492239,Sanguez,NWT,2018,5,18,17.312568,Northern pike,15149,468,-32.86037309,11.37834516,3.189846379,-32.80333,3.57667,-30.87,2.314,-32.4,0.79,4.3
Moslemi,61.254031,120.492239,Sanguez,NWT,2018,5,31,17.312568,Northern pike,15402,463,-31.91544913,11.11281944,3.33111598,-32.80333,3.57667,-30.87,2.314,-31.2,0.17,4.2
Moslemi,61.254031,120.492239,Sanguez,NWT,2018,5,18,17.312568,Northern pike,15159,454,-30.83781316,10.28350931,3.183320163,-32.80333,3.57667,-30.87,2.314,-30.4,0,4
Moslemi,61.254031,120.492239,Sanguez,NWT,2016,9,8,17.312568,Northern pike,10686,451,-32.16495485,10.98333753,3.181189089,-32.80333,3.57667,-30.87,2.314,-31.8,0.48,4.2
Moslemi,61.254031,120.492239,Sanguez,NWT,2018,5,31,17.312568,Northern pike,15405,450,-32.05516523,11.60368993,3.358258415,-32.80333,3.57667,-30.87,2.314,-31.3,0.22,4.4
Moslemi,61.254031,120.492239,Sanguez,NWT,2018,5,31,17.312568,Northern pike,15406,450,-32.21379495,11.81009884,3.35147132,-32.80333,3.57667,-30.87,2.314,-31.5,0.33,4.4
Moslemi,61.254031,120.492239,Sanguez,NWT,2018,5,31,17.312568,Northern pike,15404,449,-31.60137289,10.53305889,3.250101526,-32.80333,3.57667,-30.87,2.314,-31.1,0.12,4
Moslemi,61.254031,120.492239,Sanguez,NWT,2016,9,7,17.312568,Northern pike,10670,434,-31.01827246,10.88913876,3.172130713,-32.80333,3.57667,-30.87,2.314,-30.6,0,4.2
Moslemi,61.254031,120.492239,Sanguez,NWT,2016,9,9,17.312568,Northern pike,10720,430,-32.36675124,9.816169019,3.167589371,-32.80333,3.57667,-30.87,2.314,-32,0.58,3.8
Moslemi,61.254031,120.492239,Sanguez,NWT,2018,5,18,17.312568,Northern pike,15157,428,-31.86751211,10.79309399,3.215123652,-32.80333,3.57667,-30.87,2.314,-31.4,0.27,4.1
Moslemi,61.254031,120.492239,Sanguez,NWT,2018,5,20,17.312568,Northern pike,15211,426,-32.72040564,11.74944823,3.214605554,-32.80333,3.57667,-30.87,2.314,-32.2,0.69,4.4
Moslemi,61.254031,120.492239,Sanguez,NWT,2016,9,8,17.312568,Northern pike,10687,421,-32.05055044,10.60551025,3.212118465,-32.80333,3.57667,-30.87,2.314,-31.6,0.38,4.1
Moslemi,61.254031,120.492239,Sanguez,NWT,2018,5,19,17.312568,Northern pike,15184,417,-32.61231007,11.58699567,3.19660377,-32.80333,3.57667,-30.87,2.314,-32.2,0.69,4.4
Moslemi,61.254031,120.492239,Sanguez,NWT,2016,9,8,17.312568,Northern pike,10703,415,-31.55636013,10.61284747,3.165080912,-32.80333,3.57667,-30.87,2.314,-31.2,0.17,4.1
Moslemi,61.254031,120.492239,Sanguez,NWT,2018,5,18,17.312568,Northern pike,15158,414,-30.85366081,10.25910067,3.223130361,-32.80333,3.57667,-30.87,2.314,-30.4,0,4
Moslemi,61.254031,120.492239,Sanguez,NWT,2018,5,31,17.312568,Northern pike,15401,411,-32.6043038,11.80656858,3.340792399,-32.80333,3.57667,-30.87,2.314,-31.9,0.53,4.4
Moslemi,61.254031,120.492239,Sanguez,NWT,2018,5,19,17.312568,Northern pike,15183,410,-32.5001635,11.27719382,3.251881793,-32.80333,3.57667,-30.87,2.314,-31.9,0.53,4.3
Moslemi,61.254031,120.492239,Sanguez,NWT,2018,5,20,17.312568,Northern pike,15224,406,-32.59037323,10.98570507,3.100921282,-32.80333,3.57667,-30.87,2.314,-32.4,0.79,4.2
Moslemi,61.254031,120.492239,Sanguez,NWT,2016,9,7,17.312568,Northern pike,10669,395,-31.68200895,10.50718399,3.170802167,-32.80333,3.57667,-30.87,2.314,-31.3,0.22,4
Moslemi,61.254031,120.492239,Sanguez,NWT,2013,8,25,17.312568,Northern pike,10093,395,-32.45643313,11.32952738,3.365798001,-32.80333,3.57667,-30.87,2.314,-31.7,0.43,4.3
Moslemi,61.254031,120.492239,Sanguez,NWT,2018,5,18,17.312568,Northern pike,15141,394,-32.62355508,10.52842964,3.244444528,-32.80333,3.57667,-30.87,2.314,-32.1,0.64,4
Moslemi,61.254031,120.492239,Sanguez,NWT,2013,8,25,17.312568,Northern pike,10094,390,-32.7187821,12.4109272,3.28952435,-32.80333,3.57667,-30.87,2.314,-32.1,0.64,4.6
Moslemi,61.254031,120.492239,Sanguez,NWT,2018,5,18,17.312568,Northern pike,15155,385,-31.69179045,10.07807441,3.20017508,-32.80333,3.57667,-30.87,2.314,-31.2,0.17,3.9
Moslemi,61.254031,120.492239,Sanguez,NWT,2016,9,9,17.312568,Northern pike,10719,381,-31.76208747,9.913437088,3.189698145,-32.80333,3.57667,-30.87,2.314,-31.3,0.22,3.9
Moslemi,61.254031,120.492239,Sanguez,NWT,2018,5,18,17.312568,Northern pike,15156,375,-31.80482573,10.34792168,3.19133655,-32.80333,3.57667,-30.87,2.314,-31.4,0.27,4
Moslemi,61.254031,120.492239,Sanguez,NWT,2016,9,8,17.312568,Northern pike,10682,374,-31.26109444,9.677263798,3.186872187,-32.80333,3.57667,-30.87,2.314,-30.8,0,3.8
Moslemi,61.254031,120.492239,Sanguez,NWT,2018,5,19,17.312568,Northern pike,15192,373,-32.10076292,11.61382626,3.216145191,-32.80333,3.57667,-30.87,2.314,-31.6,0.38,4.4
Moslemi,61.254031,120.492239,Sanguez,NWT,2016,9,7,17.312568,Northern pike,10668,371,-32.1306153,10.23949567,3.165372639,-32.80333,3.57667,-30.87,2.314,-31.8,0.48,4
Moslemi,61.254031,120.492239,Sanguez,NWT,2018,5,20,17.312568,Northern pike,15206,364,-32.22822721,10.84775717,3.234189029,-32.80333,3.57667,-30.87,2.314,-31.7,0.43,4.1
Moslemi,61.254031,120.492239,Sanguez,NWT,2018,5,18,17.312568,Northern pike,15154,364,-32.75329208,11.75825696,3.259617214,-32.80333,3.57667,-30.87,2.314,-32.2,0.69,4.4
Moslemi,61.254031,120.492239,Sanguez,NWT,2018,5,18,17.312568,Northern pike,15140,348,-31.8217988,9.828502432,3.131776047,-32.80333,3.57667,-30.87,2.314,-31.5,0.33,3.8
Moslemi,61.254031,120.492239,Sanguez,NWT,2018,5,20,17.312568,Northern pike,15205,344,-33.01344022,11.02614337,3.248246626,-32.80333,3.57667,-30.87,2.314,-32.5,0.84,4.2
Moslemi,61.254031,120.492239,Sanguez,NWT,2018,5,20,17.312568,Northern pike,15204,343,-32.98735699,9.648384784,3.235032968,-32.80333,3.57667,-30.87,2.314,-32.5,0.84,3.8
Moslemi,61.254031,120.492239,Sanguez,NWT,2018,5,20,17.312568,Northern pike,15210,336,-32.4308248,11.47870789,3.240833258,-32.80333,3.57667,-30.87,2.314,-31.9,0.53,4.3
Moslemi,61.254031,120.492239,Sanguez,NWT,2018,5,20,17.312568,Northern pike,15203,335,-32.90187298,10.07113297,3.229171526,-32.80333,3.57667,-30.87,2.314,-32.4,0.79,3.9
Moslemi,61.254031,120.492239,Sanguez,NWT,2016,9,8,17.312568,Northern pike,10685,331,-32.20924459,10.24773596,3.19010295,-32.80333,3.57667,-30.87,2.314,-31.8,0.48,4
Moslemi,61.254031,120.492239,Sanguez,NWT,2016,9,7,17.312568,Northern pike,10666,330,-31.58347969,9.536867831,3.187601175,-32.80333,3.57667,-30.87,2.314,-31.2,0.17,3.8
Moslemi,61.254031,120.492239,Sanguez,NWT,2016,9,8,17.312568,Northern pike,10684,324,-31.93234705,10.46459494,3.182387478,-32.80333,3.57667,-30.87,2.314,-31.5,0.33,4
Moslemi,61.254031,120.492239,Sanguez,NWT,2018,5,19,17.312568,Northern pike,15182,315,-33.13775738,10.06919978,3.188814794,-32.80333,3.57667,-30.87,2.314,-32.7,0.95,3.9
Moslemi,61.254031,120.492239,Sanguez,NWT,2018,5,18,17.312568,Northern pike,15153,307,-32.51246315,10.43754562,3.239454948,-32.80333,3.57667,-30.87,2.314,-32,0.58,4
Moslemi,61.254031,120.492239,Sanguez,NWT,2016,9,9,17.312568,Northern pike,10717,306,-32.29304163,10.30461644,3.147317007,-32.80333,3.57667,-30.87,2.314,-32,0.58,4
Moslemi,61.254031,120.492239,Sanguez,NWT,2016,9,8,17.312568,Northern pike,10702,305,-30.80431318,9.696646194,3.223433505,-32.80333,3.57667,-30.87,2.314,-30.3,0,3.8
Moslemi,61.254031,120.492239,Sanguez,NWT,2018,5,18,17.312568,Northern pike,15139,301,-32.43607907,9.669890857,3.169466489,-32.80333,3.57667,-30.87,2.314,-32.1,0.64,3.8
Moslemi,61.254031,120.492239,Sanguez,NWT,2018,5,20,17.312568,Northern pike,15202,301,-33.04098718,10.9709736,3.243152686,-32.80333,3.57667,-30.87,2.314,-32.5,0.84,4.2
Moslemi,61.254031,120.492239,Sanguez,NWT,2016,9,9,17.312568,Northern pike,10718,299,-31.02686753,10.12494816,3.186926438,-32.80333,3.57667,-30.87,2.314,-30.6,0,3.9
Moslemi,61.254031,120.492239,Sanguez,NWT,2018,5,20,17.312568,Northern pike,15201,294,-32.91002508,9.717509317,3.23455456,-32.80333,3.57667,-30.87,2.314,-32.4,0.79,3.8
Moslemi,61.254031,120.492239,Sanguez,NWT,2018,5,19,17.312568,Northern pike,15191,288,-33.49856192,9.799246355,3.249928596,-32.80333,3.57667,-30.87,2.314,-33,1,3.8
Moslemi,61.254031,120.492239,Sanguez,NWT,2016,9,8,17.312568,Northern pike,10683,275,-31.62162493,9.539363875,3.25210574,-32.80333,3.57667,-30.87,2.314,-31.1,0.12,3.8
Moslemi,61.254031,120.492239,Sanguez,NWT,2018,5,19,17.312568,Northern pike,15188,271,-32.80137179,9.974274586,3.224644417,-32.80333,3.57667,-30.87,2.314,-32.3,0.74,3.9
Moslemi,61.254031,120.492239,Sanguez,NWT,2018,5,19,17.312568,Northern pike,15190,269,-32.94758595,8.858396924,3.224028935,-32.80333,3.57667,-30.87,2.314,-32.5,0.84,3.6
Moslemi,61.254031,120.492239,Sanguez,NWT,2018,5,19,17.312568,Northern pike,15181,258,-33.04354989,9.378977582,3.193078536,-32.80333,3.57667,-30.87,2.314,-32.6,0.89,3.7
Moslemi,61.254031,120.492239,Sanguez,NWT,2018,5,18,17.312568,Northern pike,15148,254,-33.15969083,11.52187137,3.212100669,-32.80333,3.57667,-30.87,2.314,-32.7,0.95,4.3
Moslemi,61.254031,120.492239,Sanguez,NWT,2016,9,9,17.312568,Northern pike,10716,240,-31.9954279,10.29316954,3.168766075,-32.80333,3.57667,-30.87,2.314,-31.6,0.38,4
Moslemi,61.254031,120.492239,Sanguez,NWT,2018,5,20,17.312568,Northern pike,15209,230,-31.35246141,9.824354004,3.152149971,-32.80333,3.57667,-30.87,2.314,-31,0.07,3.8
Moslemi,61.249,120.382092,Gargan,NWT,2014,8,29,21.3,Northern pike,10268,841,-30.46,12.57,2.967658287,-33.51,3.61,-28.11,3.253,-30.5,0.44,4.6
Moslemi,61.249,120.382092,Gargan,NWT,2014,8,29,21.3,Northern pike,10267,800,-29.13040723,11.47973474,3.042151547,-33.51,3.61,-28.11,3.253,-29,0.16,4.3
Moslemi,61.249,120.382092,Gargan,NWT,2014,8,29,21.3,Northern pike,10269,590,-30.61,12.02,2.926629401,-33.51,3.61,-28.11,3.253,-30.8,0.5,4.5
Moslemi,61.249,120.382092,Gargan,NWT,2014,8,29,21.3,Northern pike,10271,505,-30.93,11.13,2.887970849,-33.51,3.61,-28.11,3.253,-31.2,0.57,4.2
Moslemi,61.249,120.382092,Gargan,NWT,2014,8,29,21.3,Northern pike,10270,455,-31.02,11.25,2.947182177,-33.51,3.61,-28.11,3.253,-31.2,0.57,4.2
Moslemi,61.249,120.382092,Gargan,NWT,2014,8,29,21.3,Northern pike,10272,440,-31.34,11.18,2.940844061,-33.51,3.61,-28.11,3.253,-31.5,0.63,4.2
Moslemi,61.249,120.382092,Gargan,NWT,2014,8,29,21.3,Northern pike,10273,432,-31.64,11.47,2.984386587,-33.51,3.61,-28.11,3.253,-31.7,0.66,4.3
Moslemi,61.249,120.382092,Gargan,NWT,2014,8,29,21.3,Northern pike,10276,405,-32.09,10.67,3.265595675,-33.51,3.61,-28.11,3.253,-31.5,0.63,4.1
Moslemi,61.249,120.382092,Gargan,NWT,2014,8,29,21.3,Northern pike,10275,385,-30.31,10.19,2.977880388,-33.51,3.61,-28.11,3.253,-30.4,0.42,3.9
Moslemi,61.249,120.382092,Gargan,NWT,2014,8,29,21.3,Northern pike,10274,375,-30.73,10.43,2.922672781,-33.51,3.61,-28.11,3.253,-30.9,0.52,4
Moslemi,61.249,120.382092,Gargan,NWT,2014,8,29,21.3,Northern pike,10277,353,-31.79840047,10.42078544,3.267451187,-33.51,3.61,-28.11,3.253,-31.2,0.57,4
Moslemi,61.249,120.382092,Gargan,NWT,2014,8,29,21.3,Northern pike,10278,149,-31.49,11.55,3.292961419,-33.51,3.61,-28.11,3.253,-30.9,0.52,4.3
Moslemi,60.923308,117.665583,Kakisa,NWT,2017,8,9,12.929815,Northern pike,10793,885,-27.1059406,12.6146251,3.185772223,-29.3,3.91,-23.223,2.689,-26.7,0.57,4.6
Moslemi,60.923308,117.665583,Kakisa,NWT,2018,3,13,12.929815,Northern pike,15138,869,-27.69642987,11.99200206,3.224460393,-29.3,3.91,-23.223,2.689,-27.2,0.65,4.4
Moslemi,60.923308,117.665583,Kakisa,NWT,2018,3,13,12.929815,Northern pike,15137,805,-27.70243551,12.29436146,3.206129126,-29.3,3.91,-23.223,2.689,-27.2,0.65,4.5
Moslemi,60.923308,117.665583,Kakisa,NWT,2017,8,9,12.929815,Northern pike,10792,755,-27.55064392,13.40866056,3.183446102,-29.3,3.91,-23.223,2.689,-27.1,0.64,4.8
Moslemi,60.923308,117.665583,Kakisa,NWT,2015,9,2,12.929815,Northern pike,10466,728,-27.9,12.62,3.246984088,-29.3,3.91,-23.223,2.689,-27.4,0.69,4.6
Moslemi,60.923308,117.665583,Kakisa,NWT,2015,9,3,12.929815,Northern pike,10486,706,-27.56,11.49,3.210854585,-29.3,3.91,-23.223,2.689,-27.1,0.64,4.2
Moslemi,60.923308,117.665583,Kakisa,NWT,2015,9,4,12.929815,Northern pike,10523,689,-28.14,13.01,3.181189479,-29.3,3.91,-23.223,2.689,-27.7,0.74,4.7
Moslemi,60.923308,117.665583,Kakisa,NWT,2018,3,11,12.929815,Northern pike,15087,655,-27.72009315,11.41384825,3.381199948,-29.3,3.91,-23.223,2.689,-26.9,0.61,4.2
Moslemi,60.923308,117.665583,Kakisa,NWT,2018,3,12,12.929815,Northern pike,15126,634,-28.46890204,11.72742858,3.098653311,-29.3,3.91,-23.223,2.689,-28.2,0.82,4.3
Moslemi,60.923308,117.665583,Kakisa,NWT,2018,3,13,12.929815,Northern pike,15129,632,-28.60059652,11.55561094,3.142880235,-29.3,3.91,-23.223,2.689,-28.3,0.84,4.2
Moslemi,60.923308,117.665583,Kakisa,NWT,2015,9,4,12.929815,Northern pike,10522,625,-28.41,12.68,3.166776165,-29.3,3.91,-23.223,2.689,-28,0.79,4.6
Moslemi,60.923308,117.665583,Kakisa,NWT,2018,3,12,12.929815,Northern pike,15123,600,-28.35223107,12.16027641,3.221223269,-29.3,3.91,-23.223,2.689,-27.9,0.77,4.4
Moslemi,60.923308,117.665583,Kakisa,NWT,2018,3,13,12.929815,Northern pike,15134,600,-28.87106252,12.05636326,3.093927019,-29.3,3.91,-23.223,2.689,-28.7,0.9,4.4
Moslemi,60.923308,117.665583,Kakisa,NWT,2018,3,13,12.929815,Northern pike,15136,599,-28.47469256,12.35051383,3.061853588,-29.3,3.91,-23.223,2.689,-28.3,0.84,4.5
Moslemi,60.923308,117.665583,Kakisa,NWT,2018,3,12,12.929815,Northern pike,15124,594,-27.62695745,9.803751515,3.117836683,-29.3,3.91,-23.223,2.689,-27.4,0.69,3.7
Moslemi,60.923308,117.665583,Kakisa,NWT,2017,8,9,12.929815,Northern pike,10796,570,-27.93827174,11.54941194,3.161615723,-29.3,3.91,-23.223,2.689,-27.6,0.72,4.2
Moslemi,60.923308,117.665583,Kakisa,NWT,2015,9,2,12.929815,Northern pike,10468,564,-28.42,10.82,3.31381904,-29.3,3.91,-23.223,2.689,-27.7,0.74,4
Moslemi,60.923308,117.665583,Kakisa,NWT,2018,3,11,12.929815,Northern pike,15085,560,-28.50330468,11.78851204,3.326054842,-29.3,3.91,-23.223,2.689,-27.8,0.75,4.3
Moslemi,60.923308,117.665583,Kakisa,NWT,2018,3,12,12.929815,Northern pike,15125,555,-27.75909282,11.20423768,3.209753423,-29.3,3.91,-23.223,2.689,-27.3,0.67,4.1
Moslemi,60.923308,117.665583,Kakisa,NWT,2015,9,4,12.929815,Northern pike,10521,554,-28.23,10.86,3.179202141,-29.3,3.91,-23.223,2.689,-27.8,0.75,4
Moslemi,60.923308,117.665583,Kakisa,NWT,2015,9,2,12.929815,Northern pike,10465,552,-26.34,10.47,3.334228294,-29.3,3.91,-23.223,2.689,-25.6,0.39,3.9
Moslemi,60.923308,117.665583,Kakisa,NWT,2017,8,9,12.929815,Northern pike,10836,550,-27.88494276,10.80346576,3.158322431,-29.3,3.91,-23.223,2.689,-27.5,0.7,4
Moslemi,60.923308,117.665583,Kakisa,NWT,2017,8,9,12.929815,Northern pike,10801,545,-28.38553926,11.38642185,3.189786535,-29.3,3.91,-23.223,2.689,-28,0.79,4.2
Moslemi,60.923308,117.665583,Kakisa,NWT,2018,3,13,12.929815,Northern pike,15133,545,-28.97196198,11.76060716,3.118366579,-29.3,3.91,-23.223,2.689,-28.7,0.9,4.3
Moslemi,60.923308,117.665583,Kakisa,NWT,2017,8,9,12.929815,Northern pike,10797,540,-28.12815348,11.97917282,3.167517911,-29.3,3.91,-23.223,2.689,-27.8,0.75,4.4
Moslemi,60.923308,117.665583,Kakisa,NWT,2018,3,13,12.929815,Northern pike,15135,540,-28.8174045,11.4022454,3.131711071,-29.3,3.91,-23.223,2.689,-28.5,0.87,4.2
Moslemi,60.923308,117.665583,Kakisa,NWT,2017,8,9,12.929815,Northern pike,10799,535,-28.16229494,11.95342371,3.169394107,-29.3,3.91,-23.223,2.689,-27.8,0.75,4.4
Moslemi,60.923308,117.665583,Kakisa,NWT,2018,3,12,12.929815,Northern pike,15127,535,-28.60301007,11.67912575,3.179254106,-29.3,3.91,-23.223,2.689,-28.2,0.82,4.3
Moslemi,60.923308,117.665583,Kakisa,NWT,2018,3,13,12.929815,Northern pike,15130,530,-28.23257084,9.884832344,3.149933348,-29.3,3.91,-23.223,2.689,-27.9,0.77,3.8
Moslemi,60.923308,117.665583,Kakisa,NWT,2015,9,3,12.929815,Northern pike,10495,526,-28.06,10.7,3.287681037,-29.3,3.91,-23.223,2.689,-27.4,0.69,4
Moslemi,60.923308,117.665583,Kakisa,NWT,2017,8,9,12.929815,Northern pike,10834,522,-28.17228377,11.73867872,3.163536148,-29.3,3.91,-23.223,2.689,-27.8,0.75,4.3
Moslemi,60.923308,117.665583,Kakisa,NWT,2015,9,1,12.929815,Northern pike,10451,519,-28.15,10.44,3.33793114,-29.3,3.91,-23.223,2.689,-27.4,0.69,3.9
Moslemi,60.923308,117.665583,Kakisa,NWT,2018,3,11,12.929815,Northern pike,15086,516,-28.42088738,10.97389916,3.277315015,-29.3,3.91,-23.223,2.689,-27.8,0.75,4.1
Moslemi,60.923308,117.665583,Kakisa,NWT,2017,8,9,12.929815,Northern pike,10794,515,-28.17537213,11.56355464,3.145705223,-29.3,3.91,-23.223,2.689,-27.8,0.75,4.3
Moslemi,60.923308,117.665583,Kakisa,NWT,2015,9,2,12.929815,Northern pike,10474,513,-28.04,10.96,3.264670538,-29.3,3.91,-23.223,2.689,-27.5,0.7,4.1
Moslemi,60.923308,117.665583,Kakisa,NWT,2017,8,9,12.929815,Northern pike,10838,512,-28.6031438,12.16072453,3.178727922,-29.3,3.91,-23.223,2.689,-28.2,0.82,4.4
Moslemi,60.923308,117.665583,Kakisa,NWT,2015,9,1,12.929815,Northern pike,10449,506,-28.05,11.2,3.297188735,-29.3,3.91,-23.223,2.689,-27.4,0.69,4.1
Moslemi,60.923308,117.665583,Kakisa,NWT,2017,8,9,12.929815,Northern pike,10841,503,-28.79297286,12.77760076,3.16663422,-29.3,3.91,-23.223,2.689,-28.4,0.85,4.6
Moslemi,60.923308,117.665583,Kakisa,NWT,2017,8,9,12.929815,Northern pike,10802,495,-27.8803996,11.67807161,3.182603227,-29.3,3.91,-23.223,2.689,-27.5,0.7,4.3
Moslemi,60.923308,117.665583,Kakisa,NWT,2015,9,1,12.929815,Northern pike,10450,490,-28.12,10.8,3.281641048,-29.3,3.91,-23.223,2.689,-27.5,0.7,4
Moslemi,60.923308,117.665583,Kakisa,NWT,2017,8,9,12.929815,Northern pike,10800,490,-28.82176068,11.79224355,3.20814736,-29.3,3.91,-23.223,2.689,-28.4,0.85,4.3
Moslemi,60.923308,117.665583,Kakisa,NWT,2015,9,2,12.929815,Northern pike,10475,486,-28.26,11.08,3.305173523,-29.3,3.91,-23.223,2.689,-27.6,0.72,4.1
Moslemi,60.923308,117.665583,Kakisa,NWT,2017,8,9,12.929815,Northern pike,10835,475,-27.60388541,10.95474586,3.198502745,-29.3,3.91,-23.223,2.689,-27.2,0.65,4.1
Moslemi,60.923308,117.665583,Kakisa,NWT,2017,8,9,12.929815,Northern pike,10847,470,-28.53598012,11.91451839,3.155999874,-29.3,3.91,-23.223,2.689,-28.2,0.82,4.4
Moslemi,60.923308,117.665583,Kakisa,NWT,2015,9,1,12.929815,Northern pike,10447,452,-28.17,11.84,3.307743951,-29.3,3.91,-23.223,2.689,-27.5,0.7,4.3
Moslemi,60.923308,117.665583,Kakisa,NWT,2017,8,9,12.929815,Northern pike,10846,445,-27.90479142,11.51631017,3.204638516,-29.3,3.91,-23.223,2.689,-27.5,0.7,4.2
Moslemi,60.923308,117.665583,Kakisa,NWT,2017,8,9,12.929815,Northern pike,10844,440,-29.50724702,10.84184951,3.198963907,-29.3,3.91,-23.223,2.689,-29.1,0.97,4
Moslemi,60.923308,117.665583,Kakisa,NWT,2017,8,9,12.929815,Northern pike,10798,435,-27.99678268,11.46704735,3.179043248,-29.3,3.91,-23.223,2.689,-27.6,0.72,4.2
Moslemi,60.923308,117.665583,Kakisa,NWT,2017,8,9,12.929815,Northern pike,10803,430,-28.004249,11.4364885,3.186719254,-29.3,3.91,-23.223,2.689,-27.6,0.72,4.2
Moslemi,60.923308,117.665583,Kakisa,NWT,2017,8,9,12.929815,Northern pike,10843,415,-28.64393396,11.53930675,3.199201044,-29.3,3.91,-23.223,2.689,-28.2,0.82,4.2
Moslemi,60.923308,117.665583,Kakisa,NWT,2017,8,9,12.929815,Northern pike,10842,385,-29.22911365,10.83654806,3.180283896,-29.3,3.91,-23.223,2.689,-28.8,0.92,4
Moslemi,60.923308,117.665583,Kakisa,NWT,2015,9,4,12.929815,Northern pike,10496,348,-28.68,9.3,3.237183886,-29.3,3.91,-23.223,2.689,-28.2,0.82,3.6
Moslemi,60.923308,117.665583,Kakisa,NWT,2017,8,9,12.929815,Northern pike,10848,325,-29.04818212,10.83167033,3.246022266,-29.3,3.91,-23.223,2.689,-28.5,0.87,4
Moslemi,60.923308,117.665583,Kakisa,NWT,2017,8,8,12.929815,Northern pike,10741,300,-28.6930775,10.69992823,3.211409537,-29.3,3.91,-23.223,2.689,-28.2,0.82,4
Moslemi,60.923308,117.665583,Kakisa,NWT,2017,8,9,12.929815,Northern pike,10795,255,-28.49228126,11.3268541,3.139679015,-29.3,3.91,-23.223,2.689,-28.2,0.82,4.2
Moslemi,60.923308,117.665583,Kakisa,NWT,2015,9,3,12.929815,Northern pike,10485,227,-28.82,9.19,3.229320835,-29.3,3.91,-23.223,2.689,-28.3,0.84,3.6
Moslemi,60.923308,117.665583,Kakisa,NWT,2017,8,9,12.929815,Northern pike,10804,220,-29.41285669,9.976742267,3.167220566,-29.3,3.91,-23.223,2.689,-29,0.95,3.8
Moslemi,60.923308,117.665583,Kakisa,NWT,2015,9,3,12.929815,Northern pike,10484,205,-29.31,9.5,3.270469851,-29.3,3.91,-23.223,2.689,-28.7,0.9,3.6
Moslemi,63.182378,122.543831,Fish,NWT,2019,8,24,13.14,Northern pike,15581,972,-27.55732695,12.01094599,3.164899251,-32.74411458,3.566395639,-22.401,1.505,-27.2,0.46,4.5
Moslemi,63.182378,122.543831,Fish,NWT,2019,8,25,13.14,Northern pike,15627,893,-27.98206172,11.41557382,3.070742831,-32.74411458,3.566395639,-22.401,1.505,-27.8,0.52,4.3
Moslemi,63.182378,122.543831,Fish,NWT,2019,8,25,13.14,Northern pike,15628,810,-27.06342676,11.25518996,3.260737371,-32.74411458,3.566395639,-22.401,1.505,-26.5,0.4,4.3
Moslemi,63.182378,122.543831,Fish,NWT,2019,8,25,13.14,Northern pike,15626,773,-27.7908469,11.28016784,3.30841226,-32.74411458,3.566395639,-22.401,1.505,-27.1,0.45,4.3
Moslemi,63.182378,122.543831,Fish,NWT,2019,8,24,13.14,Northern pike,15579,759,-27.42380453,11.07620242,3.230299506,-32.74411458,3.566395639,-22.401,1.505,-26.9,0.43,4.2
Moslemi,63.182378,122.543831,Fish,NWT,2019,8,24,13.14,Northern pike,15596,759,-28.19473569,11.50476225,3.225794669,-32.74411458,3.566395639,-22.401,1.505,-27.7,0.51,4.3
Moslemi,63.182378,122.543831,Fish,NWT,2019,8,24,13.14,Northern pike,15577,720,-29.31850302,11.60656547,3.304756516,-32.74411458,3.566395639,-22.401,1.505,-28.7,0.61,4.4
Moslemi,63.182378,122.543831,Fish,NWT,2019,8,27,13.14,Northern pike,15733,713,-28.23280562,10.39093738,3.231884198,-32.74411458,3.566395639,-22.401,1.505,-27.7,0.51,4
Moslemi,63.182378,122.543831,Fish,NWT,2019,8,24,13.14,Northern pike,15595,690,-29.14291655,11.90481318,3.228088179,-32.74411458,3.566395639,-22.401,1.505,-28.6,0.6,4.5
Moslemi,63.182378,122.543831,Fish,NWT,2019,8,29,13.14,Northern pike,15739,686,-27.86710168,10.77659872,3.067543314,-32.74411458,3.566395639,-22.401,1.505,-27.7,0.51,4.1
Moslemi,63.182378,122.543831,Fish,NWT,2019,8,26,13.14,Northern pike,15635,683,-27.99784555,11.07526956,3.141232402,-32.74411458,3.566395639,-22.401,1.505,-27.7,0.51,4.2
Moslemi,63.182378,122.543831,Fish,NWT,2019,8,29,13.14,Northern pike,15738,657,-27.75322829,10.86639806,3.174350378,-32.74411458,3.566395639,-22.401,1.505,-27.4,0.48,4.1
Moslemi,63.182378,122.543831,Fish,NWT,2019,8,26,13.14,Northern pike,15637,655,-27.27810541,10.7616401,3.303714509,-32.74411458,3.566395639,-22.401,1.505,-26.6,0.41,4.1
Moslemi,63.182378,122.543831,Fish,NWT,2019,8,27,13.14,Northern pike,15732,640,-28.11156569,11.25321635,3.124198285,-32.74411458,3.566395639,-22.401,1.505,-27.8,0.52,4.3
Moslemi,63.182378,122.543831,Fish,NWT,2019,8,27,13.14,Northern pike,15644,631,-30.12051433,11.41426427,3.201310458,-32.74411458,3.566395639,-22.401,1.505,-29.7,0.71,4.3
Moslemi,63.182378,122.543831,Fish,NWT,2019,8,24,13.14,Northern pike,15591,629,-28.9385335,11.0599738,3.096146269,-32.74411458,3.566395639,-22.401,1.505,-28.7,0.61,4.2
Moslemi,63.182378,122.543831,Fish,NWT,2019,8,27,13.14,Northern pike,15646,616,-28.83859601,11.73278456,3.152493063,-32.74411458,3.566395639,-22.401,1.505,-28.5,0.59,4.4
Moslemi,63.182378,122.543831,Fish,NWT,2019,8,27,13.14,Northern pike,15731,606,-27.09167255,10.50415295,3.136549548,-32.74411458,3.566395639,-22.401,1.505,-26.8,0.43,4
Moslemi,63.182378,122.543831,Fish,NWT,2019,8,24,13.14,Northern pike,15592,601,-29.72586607,11.29139088,3.247362989,-32.74411458,3.566395639,-22.401,1.505,-29.2,0.66,4.3
Moslemi,63.182378,122.543831,Fish,NWT,2019,8,24,13.14,Northern pike,15594,600,-29.38887322,10.99633273,3.141477581,-32.74411458,3.566395639,-22.401,1.505,-29.1,0.65,4.2
Moslemi,63.182378,122.543831,Fish,NWT,2019,8,25,13.14,Northern pike,15625,598,-27.56055759,10.90540457,3.34975743,-32.74411458,3.566395639,-22.401,1.505,-26.8,0.43,4.2
Moslemi,63.182378,122.543831,Fish,NWT,2019,8,24,13.14,Northern pike,15588,580,-28.64565669,11.13446588,3.324295078,-32.74411458,3.566395639,-22.401,1.505,-27.9,0.53,4.2
Moslemi,63.182378,122.543831,Fish,NWT,2019,8,24,13.14,Northern pike,15578,578,-28.77682933,10.97462589,3.265622809,-32.74411458,3.566395639,-22.401,1.505,-28.2,0.56,4.2
Moslemi,63.182378,122.543831,Fish,NWT,2019,8,24,13.14,Northern pike,15575,572,-29.12280817,11.13369778,3.274866446,-32.74411458,3.566395639,-22.401,1.505,-28.5,0.59,4.2
Moslemi,63.182378,122.543831,Fish,NWT,2019,8,27,13.14,Northern pike,15645,562,-29.83953526,10.63443755,3.119601202,-32.74411458,3.566395639,-22.401,1.505,-29.6,0.7,4.1
Moslemi,63.182378,122.543831,Fish,NWT,2019,8,24,13.14,Northern pike,15576,551,-28.37881586,10.49707766,3.247555132,-32.74411458,3.566395639,-22.401,1.505,-27.8,0.52,4
Moslemi,63.182378,122.543831,Fish,NWT,2019,8,26,13.14,Northern pike,15636,512,-27.66274077,10.17479358,3.151796869,-32.74411458,3.566395639,-22.401,1.505,-27.3,0.47,3.9
Moslemi,63.182378,122.543831,Fish,NWT,2019,8,24,13.14,Northern pike,15580,445,-25.38191087,8.219858828,3.298943497,-32.74411458,3.566395639,-22.401,1.505,-24.7,0.22,3.4
Moslemi,63.182378,122.543831,Fish,NWT,2019,8,27,13.14,Northern pike,15730,415,-25.10871877,8.270918178,3.164393304,-32.74411458,3.566395639,-22.401,1.505,-24.7,0.22,3.4
Moslemi,62.086883,119.8689,Big Island,NWT,2017,8,18,9.763557,Northern pike,10911,765,-23.83589202,12.34216141,3.273260066,-27.14,2.97,-21.71,1.64,-23.2,0.27,4.8
Moslemi,62.086883,119.8689,Big Island,NWT,2017,8,19,9.763557,Northern pike,10920,662,-23.67426843,11.85406041,3.20222386,-27.14,2.97,-21.71,1.64,-23.2,0.27,4.6
Moslemi,62.086883,119.8689,Big Island,NWT,2017,8,18,9.763557,Northern pike,10910,655,-25.06720906,12.66966515,3.230156069,-27.14,2.97,-21.71,1.64,-24.6,0.53,4.9
Moslemi,62.086883,119.8689,Big Island,NWT,2017,8,17,9.763557,Northern pike,10875,620,-24.8375597,12.25990655,3.280821575,-27.14,2.97,-21.71,1.64,-24.2,0.46,4.7
Moslemi,62.086883,119.8689,Big Island,NWT,2017,8,17,9.763557,Northern pike,10877,550,-24.86886761,11.61189259,3.229176544,-27.14,2.97,-21.71,1.64,-24.4,0.5,4.5
Moslemi,62.086883,119.8689,Big Island,NWT,2017,8,19,9.763557,Northern pike,10919,550,-27.16488782,12.50795456,3.244233429,-27.14,2.97,-21.71,1.64,-26.6,0.9,4.8
Moslemi,62.086883,119.8689,Big Island,NWT,2017,8,17,9.763557,Northern pike,10874,545,-24.713746,11.73052321,3.232242001,-27.14,2.97,-21.71,1.64,-24.2,0.46,4.6
Moslemi,62.086883,119.8689,Big Island,NWT,2017,8,17,9.763557,Northern pike,10876,530,-23.75058012,11.51761587,3.257711242,-27.14,2.97,-21.71,1.64,-23.2,0.27,4.5
Moslemi,62.002303,120.093861,Mustard,NWT,2015,8,17,11.50191,Northern pike,10387,590,-24.89,10.69,3.23953505,-27.11,2.92,-20.761,1.643,-24.4,0.57,4.3
Moslemi,62.002303,120.093861,Mustard,NWT,2015,8,17,11.50191,Northern pike,10388,570,-24.82,10.17,3.180232383,-27.11,2.92,-20.761,1.643,-24.4,0.57,4.1
Moslemi,62.002303,120.093861,Mustard,NWT,2015,8,19,11.50191,Northern pike,10430,510,-25.79,9.84,3.272147362,-27.11,2.92,-20.761,1.643,-25.2,0.7,4
Moslemi,62.002303,120.093861,Mustard,NWT,2015,8,17,11.50191,Northern pike,10389,510,-26.67,10.23,3.259797769,-27.11,2.92,-20.761,1.643,-26.1,0.84,4.2
Moslemi,62.169394,119.184778,Willow,NWT,2016,8,28,9.9674,Northern pike,10633,888,-25.47274226,12.98833185,3.235130452,-26.07,3.25,-20.558,1.363,-25,0.81,4.9
Moslemi,62.169394,119.184778,Willow,NWT,2016,8,29,9.9674,Northern pike,10651,655,-25.52990732,11.87891452,3.193356444,-26.07,3.25,-20.558,1.363,-25.1,0.82,4.5
Moslemi,62.169394,119.184778,Willow,NWT,2016,8,29,9.9674,Northern pike,10652,649,-27.75129746,12.24462197,3.143765294,-26.07,3.25,-20.558,1.363,-27.4,1,4.6
Moslemi,62.169394,119.184778,Willow,NWT,2016,8,29,9.9674,Northern pike,10654,648,-27.04845169,11.97810498,3.170853391,-26.07,3.25,-20.558,1.363,-26.7,1,4.6
Moslemi,62.169394,119.184778,Willow,NWT,2016,8,30,9.9674,Northern pike,10665,641,-27.18847102,11.15146439,3.24733539,-26.07,3.25,-20.558,1.363,-26.6,1,4.3
Moslemi,62.169394,119.184778,Willow,NWT,2016,8,29,9.9674,Northern pike,10662,630,-25.56856965,11.34259905,3.199086244,-26.07,3.25,-20.558,1.363,-25.1,0.82,4.4
Moslemi,62.169394,119.184778,Willow,NWT,2016,8,29,9.9674,Northern pike,10655,622,-26.88093246,11.23830464,3.181173033,-26.07,3.25,-20.558,1.363,-26.5,1,4.3
Moslemi,62.169394,119.184778,Willow,NWT,2016,8,28,9.9674,Northern pike,10617,621,-25.2577806,11.81691062,3.183562983,-26.07,3.25,-20.558,1.363,-24.8,0.77,4.5
Moslemi,62.169394,119.184778,Willow,NWT,2016,8,28,9.9674,Northern pike,10618,614,-25.18027199,11.38082148,3.145609479,-26.07,3.25,-20.558,1.363,-24.9,0.79,4.4
Moslemi,62.169394,119.184778,Willow,NWT,2016,8,29,9.9674,Northern pike,10660,611,-26.98005476,11.36535432,3.208728812,-26.07,3.25,-20.558,1.363,-26.5,1,4.4
Moslemi,62.169394,119.184778,Willow,NWT,2016,8,30,9.9674,Northern pike,10664,609,-26.97607556,11.54835781,3.26132807,-26.07,3.25,-20.558,1.363,-26.4,1,4.4
Moslemi,62.169394,119.184778,Willow,NWT,2016,8,26,9.9674,Northern pike,10605,608,-26.08704565,11.47093967,3.242361105,-26.07,3.25,-20.558,1.363,-25.6,0.91,4.4
Moslemi,62.169394,119.184778,Willow,NWT,2016,8,29,9.9674,Northern pike,10661,596,-26.31538654,11.32650887,3.235422541,-26.07,3.25,-20.558,1.363,-25.8,0.95,4.4
Moslemi,62.169394,119.184778,Willow,NWT,2016,8,29,9.9674,Northern pike,10653,585,-26.95350084,11.48986755,3.164160407,-26.07,3.25,-20.558,1.363,-26.6,1,4.4
Moslemi,62.169394,119.184778,Willow,NWT,2016,8,29,9.9674,Northern pike,10650,580,-26.61498912,10.92074808,3.269871858,-26.07,3.25,-20.558,1.363,-26,0.99,4.3
Moslemi,62.169394,119.184778,Willow,NWT,2016,8,29,9.9674,Northern pike,10658,570,-26.18710562,10.99926341,3.1689305,-26.07,3.25,-20.558,1.363,-25.8,0.95,4.3
Moslemi,62.169394,119.184778,Willow,NWT,2016,8,29,9.9674,Northern pike,10649,570,-26.48962372,10.93996975,3.274081316,-26.07,3.25,-20.558,1.363,-25.9,0.97,4.3
Moslemi,62.169394,119.184778,Willow,NWT,2016,8,28,9.9674,Northern pike,10619,570,-26.72603938,11.21612274,3.140916714,-26.07,3.25,-20.558,1.363,-26.4,1,4.3
Moslemi,62.169394,119.184778,Willow,NWT,2016,8,28,9.9674,Northern pike,10632,568,-25.95014164,11.54757897,3.246571359,-26.07,3.25,-20.558,1.363,-25.4,0.88,4.4
Moslemi,62.169394,119.184778,Willow,NWT,2016,8,29,9.9674,Northern pike,10659,567,-26.49455256,10.73829968,3.200178232,-26.07,3.25,-20.558,1.363,-26.1,1,4.2
Moslemi,62.169394,119.184778,Willow,NWT,2016,8,29,9.9674,Northern pike,10648,559,-25.80507463,10.83679927,3.325127254,-26.07,3.25,-20.558,1.363,-25.1,0.82,4.2
Moslemi,62.169394,119.184778,Willow,NWT,2016,8,28,9.9674,Northern pike,10616,554,-25.01916452,11.46058125,3.171323016,-26.07,3.25,-20.558,1.363,-24.6,0.73,4.4
Moslemi,62.169394,119.184778,Willow,NWT,2016,8,29,9.9674,Northern pike,10647,518,-26.79298413,11.11260165,3.290516452,-26.07,3.25,-20.558,1.363,-26.2,1,4.3
Moslemi,62.169394,119.184778,Willow,NWT,2016,8,28,9.9674,Northern pike,10620,165,-24.26379106,9.734869865,3.224302177,-26.07,3.25,-20.558,1.363,-23.8,0.59,3.9
SolomonJones,46.235908,-89.501564,West Long,Michigan,2011,9,23,7.912580645,Black bass,WL_WholeShoreline_20110923_0000_BE_MarkRecap.20120228,60,-29.16,8.79,3.227113906,-33.43,4.91,-32.09,3.87,-28.7,0,4.2
SolomonJones,46.235908,-89.501564,West Long,Michigan,2011,9,23,7.912580645,Black bass,WL_WholeShoreline_20110923_0000_BE_MarkRecap.20120228,61,-28.8,8.4,3.194348725,-33.43,4.91,-32.09,3.87,-28.4,0,4.2
SolomonJones,46.235908,-89.501564,West Long,Michigan,2011,9,23,7.912580645,Black bass,WL_WholeShoreline_20110923_0000_BE_MarkRecap.20120228,61,-28.94,7.94,3.218662953,-33.43,4.91,-32.09,3.87,-28.5,0,4
SolomonJones,46.235908,-89.501564,West Long,Michigan,2011,9,23,7.912580645,Black bass,WL_WholeShoreline_20110923_0000_BE_MarkRecap.20120228,146,-31.15,8.46,3.200976971,-33.43,4.91,-32.09,3.87,-30.7,0,3.7
SolomonJones,46.235908,-89.501564,West Long,Michigan,2011,9,23,7.912580645,Black bass,WL_WholeShoreline_20110923_0000_BE_MarkRecap.20120228,152,-28.89,10.62,3.118041583,-33.43,4.91,-32.09,3.87,-28.6,0,4.8
SolomonJones,46.235908,-89.501564,West Long,Michigan,2011,9,23,7.912580645,Black bass,WL_WholeShoreline_20110923_0000_BE_MarkRecap.20120228,234,-28.6,10.71,3.136940548,-33.43,4.91,-32.09,3.87,-28.3,0,4.9
SolomonJones,46.235908,-89.501564,West Long,Michigan,2011,9,23,7.912580645,Black bass,WL_WholeShoreline_20110923_0000_BE_MarkRecap.20120228,330,-30.77,9.33,3.170963365,-33.43,4.91,-32.09,3.87,-30.4,0,4
SolomonJones,46.235908,-89.501564,West Long,Michigan,2011,9,23,7.912580645,Black bass,WL_WholeShoreline_20110923_0000_BE_MarkRecap.20120228,378,-31.05,10.1,3.32820154,-33.43,4.91,-32.09,3.87,-30.3,0,4.2
SolomonJones,46.236245,-89.495892,East Long,Michigan,2011,9,22,7.984642857,Black bass,EL_WholeShoreline_20110922_0000_BE_MarkRecap.20120228,59,-30.54,9.71,3.203703704,-33.2,4.83,-31.32,4.36,-30.1,0,3.7
SolomonJones,46.236245,-89.495892,East Long,Michigan,2011,9,22,7.984642857,Black bass,EL_WholeShoreline_20110922_0000_BE_MarkRecap.20120228,62,-27.93,8.47,3.172176309,-33.2,4.83,-31.32,4.36,-27.5,0,3.5
SolomonJones,46.236245,-89.495892,East Long,Michigan,2011,9,22,7.984642857,Black bass,EL_WholeShoreline_20110922_0000_BE_MarkRecap.20120228,146,-28.05,10.35,3.120525931,-33.2,4.83,-31.32,4.36,-27.8,0,4
SolomonJones,46.236245,-89.495892,East Long,Michigan,2011,9,22,7.984642857,Black bass,EL_WholeShoreline_20110922_0000_BE_MarkRecap.20120228,149,-30.82,8.78,3.16160221,-33.2,4.83,-31.32,4.36,-30.5,0,3.4
SolomonJones,46.236245,-89.495892,East Long,Michigan,2011,9,22,7.984642857,Black bass,EL_WholeShoreline_20110922_0000_BE_MarkRecap.20120228,205,-29.6,9.02,3.219927096,-33.2,4.83,-31.32,4.36,-29.1,0,3.5
SolomonJones,46.236245,-89.495892,East Long,Michigan,2011,9,22,7.984642857,Black bass,EL_WholeShoreline_20110922_0000_BE_MarkRecap.20120228,298,-30.9,9.12,3.217422606,-33.2,4.83,-31.32,4.36,-30.4,0,3.5
SolomonJones,46.236245,-89.495892,East Long,Michigan,2011,9,22,7.984642857,Black bass,EL_WholeShoreline_20110922_0000_BE_MarkRecap.20120228,351,-28.03,10.52,3.078576723,-33.2,4.83,-31.32,4.36,-27.9,0,4.1
SolomonJones,46.236245,-89.495892,East Long,Michigan,2011,9,22,7.984642857,Black bass,EL_WholeShoreline_20110922_0000_BE_MarkRecap.20120228,370,-30.37,10.66,3.282849239,-33.2,4.83,-31.32,4.36,-29.8,0,4
SolomonJones,46.235908,-89.501564,West Long,Michigan,2011,9,23,7.912580645,Black bass,WL_WholeShoreline_20110923_0000_BE_MarkRecap.20120228,378,-31.05,10.1,3.32820154,-33.43,4.91,-32.09,3.87,-30.3,0,4.2
SolomonJones,46.235908,-89.501564,West Long,Michigan,2011,9,23,7.912580645,Black bass,WL_WholeShoreline_20110923_0000_BE_MarkRecap.20120228,60,-29.16,8.79,3.227113906,-33.43,4.91,-32.09,3.87,-28.7,0,4.2
SolomonJones,46.235908,-89.501564,West Long,Michigan,2011,9,23,7.912580645,Black bass,WL_WholeShoreline_20110923_0000_BE_MarkRecap.20120228,61,-28.94,7.94,3.218662953,-33.43,4.91,-32.09,3.87,-28.5,0,4
SolomonJones,46.235908,-89.501564,West Long,Michigan,2011,9,23,7.912580645,Black bass,WL_WholeShoreline_20110923_0000_BE_MarkRecap.20120228,146,-31.15,8.46,3.200976971,-33.43,4.91,-32.09,3.87,-30.7,0,3.7
SolomonJones,46.235908,-89.501564,West Long,Michigan,2011,9,23,7.912580645,Black bass,WL_WholeShoreline_20110923_0000_BE_MarkRecap.20120228,61,-28.8,8.4,3.194348725,-33.43,4.91,-32.09,3.87,-28.4,0,4.2
SolomonJones,46.235908,-89.501564,West Long,Michigan,2011,9,23,7.912580645,Black bass,WL_WholeShoreline_20110923_0000_BE_MarkRecap.20120228,330,-30.77,9.33,3.170963365,-33.43,4.91,-32.09,3.87,-30.4,0,4
SolomonJones,46.235908,-89.501564,West Long,Michigan,2011,9,23,7.912580645,Black bass,WL_WholeShoreline_20110923_0000_BE_MarkRecap.20120228,234,-28.6,10.71,3.136940548,-33.43,4.91,-32.09,3.87,-28.3,0,4.9
SolomonJones,46.235908,-89.501564,West Long,Michigan,2011,9,23,7.912580645,Black bass,WL_WholeShoreline_20110923_0000_BE_MarkRecap.20120228,152,-28.89,10.62,3.118041583,-33.43,4.91,-32.09,3.87,-28.6,0,4.8
SolomonJones,46.236245,-89.495892,East Long,Michigan,2011,9,22,7.984642857,Black bass,EL_WholeShoreline_20110922_0000_BE_MarkRecap.20120228,370,-30.37,10.66,3.282849239,-33.2,4.83,-31.32,4.36,-29.8,0,4
SolomonJones,46.236245,-89.495892,East Long,Michigan,2011,9,22,7.984642857,Black bass,EL_WholeShoreline_20110922_0000_BE_MarkRecap.20120228,205,-29.6,9.02,3.219927096,-33.2,4.83,-31.32,4.36,-29.1,0,3.5
SolomonJones,46.236245,-89.495892,East Long,Michigan,2011,9,22,7.984642857,Black bass,EL_WholeShoreline_20110922_0000_BE_MarkRecap.20120228,298,-30.9,9.12,3.217422606,-33.2,4.83,-31.32,4.36,-30.4,0,3.5
SolomonJones,46.236245,-89.495892,East Long,Michigan,2011,9,22,7.984642857,Black bass,EL_WholeShoreline_20110922_0000_BE_MarkRecap.20120228,59,-30.54,9.71,3.203703704,-33.2,4.83,-31.32,4.36,-30.1,0,3.7
SolomonJones,46.236245,-89.495892,East Long,Michigan,2011,9,22,7.984642857,Black bass,EL_WholeShoreline_20110922_0000_BE_MarkRecap.20120228,62,-27.93,8.47,3.172176309,-33.2,4.83,-31.32,4.36,-27.5,0,3.5
SolomonJones,46.236245,-89.495892,East Long,Michigan,2011,9,22,7.984642857,Black bass,EL_WholeShoreline_20110922_0000_BE_MarkRecap.20120228,149,-30.82,8.78,3.16160221,-33.2,4.83,-31.32,4.36,-30.5,0,3.4
SolomonJones,46.236245,-89.495892,East Long,Michigan,2011,9,22,7.984642857,Black bass,EL_WholeShoreline_20110922_0000_BE_MarkRecap.20120228,146,-28.05,10.35,3.120525931,-33.2,4.83,-31.32,4.36,-27.8,0,4
SolomonJones,46.236245,-89.495892,East Long,Michigan,2011,9,22,7.984642857,Black bass,EL_WholeShoreline_20110922_0000_BE_MarkRecap.20120228,351,-28.03,10.52,3.078576723,-33.2,4.83,-31.32,4.36,-27.9,0,4.1
Tanentzap,46.45455195,-80.87729539,A6,N.Ontario,2012,7,5,3.4,Yellow perch,8,43,-26.41,5.05,3.317934783,-27.61,2.83,-26.66,1.63,-25.7,0,2.7
Tanentzap,46.45455195,-80.87729539,A6,N.Ontario,2012,7,5,3.4,Yellow perch,11,35,-27.86,5.64,3.436877076,-27.61,2.83,-26.66,1.63,-27,0.36,2.8
Tanentzap,46.45455195,-80.87729539,A6,N.Ontario,2012,7,5,3.4,Yellow perch,6,33,-27.3,5.57,3.461474037,-27.61,2.83,-26.66,1.63,-26.3,0,2.8
Tanentzap,46.45455195,-80.87729539,A6,N.Ontario,2012,7,5,3.4,Yellow perch,7,31,-27.9,5.09,3.561344538,-27.61,2.83,-26.66,1.63,-26.8,0.15,2.7
Tanentzap,46.45455195,-80.87729539,A6,N.Ontario,2012,7,5,3.4,Yellow perch,4,31,-27.48,5.89,3.438655462,-27.61,2.83,-26.66,1.63,-26.6,0,2.9
Tanentzap,46.45455195,-80.87729539,A6,N.Ontario,2012,7,5,3.4,Yellow perch,15,30,-27.96,5.57,3.483736447,-27.61,2.83,-26.66,1.63,-27,0.36,2.8
Tanentzap,46.45455195,-80.87729539,A6,N.Ontario,2012,7,5,3.4,Yellow perch,1,30,-27.92,5.74,3.457781457,-27.61,2.83,-26.66,1.63,-27,0.36,2.9
Tanentzap,46.45455195,-80.87729539,A6,N.Ontario,2012,7,5,3.4,Yellow perch,12,30,-27.9,5.75,3.436003303,-27.61,2.83,-26.66,1.63,-27,0.36,2.9
Tanentzap,46.45455195,-80.87729539,A6,N.Ontario,2012,7,5,3.4,Yellow perch,9,30,-27.8,5.34,3.530864198,-27.61,2.83,-26.66,1.63,-26.7,0.04,2.7
Tanentzap,46.45455195,-80.87729539,A6,N.Ontario,2012,7,5,3.4,Yellow perch,2,30,-27.75,5.5,3.552188552,-27.61,2.83,-26.66,1.63,-26.6,0,2.8
Tanentzap,46.45455195,-80.87729539,A6,N.Ontario,2012,7,5,3.4,Yellow perch,10,29,-28.03,5.44,3.462108731,-27.61,2.83,-26.66,1.63,-27.1,0.46,2.8
Tanentzap,46.45455195,-80.87729539,A6,N.Ontario,2012,7,5,3.4,Yellow perch,14,29,-27.84,5.81,3.469063545,-27.61,2.83,-26.66,1.63,-26.9,0.25,2.9
Tanentzap,46.45455195,-80.87729539,A6,N.Ontario,2012,7,5,3.4,Yellow perch,3,29,-27.73,5.13,3.5125,-27.61,2.83,-26.66,1.63,-26.7,0.04,2.7
Tanentzap,46.45455195,-80.87729539,A6,N.Ontario,2012,7,5,3.4,Yellow perch,13,28,-28.04,5.39,3.515025042,-27.61,2.83,-26.66,1.63,-27,0.36,2.8
Tanentzap,46.45455195,-80.87729539,A6,N.Ontario,2012,7,5,3.4,Yellow perch,5,26,-28.07,5.36,3.651882845,-27.61,2.83,-26.66,1.63,-26.8,0.15,2.7
Tanentzap,46.45459373,-80.88179422,I,N.Ontario,2012,7,5,2.7,Yellow perch,8,47,-28.18,5.63,3.634534786,-27.78,1.08,-25.94,0.2,-26.9,0.52,3.3
Tanentzap,46.45459373,-80.88179422,I,N.Ontario,2012,7,5,2.7,Yellow perch,11,44,-28.32,6.15,3.744225834,-27.78,1.08,-25.94,0.2,-26.9,0.52,3.5
Tanentzap,46.45459373,-80.88179422,I,N.Ontario,2012,7,5,2.7,Yellow perch,9,43,-28.4,5.43,3.681663837,-27.78,1.08,-25.94,0.2,-27.1,0.63,3.3
Tanentzap,46.45459373,-80.88179422,I,N.Ontario,2012,7,5,2.7,Yellow perch,14,41,-28.51,5.32,3.610367893,-27.78,1.08,-25.94,0.2,-27.3,0.74,3.2
Tanentzap,46.45459373,-80.88179422,I,N.Ontario,2012,7,5,2.7,Yellow perch,2,41,-27.84,5.4,3.627731092,-27.78,1.08,-25.94,0.2,-26.6,0.36,3.3
Tanentzap,46.45459373,-80.88179422,I,N.Ontario,2012,7,5,2.7,Yellow perch,15,39,-28.32,5.53,3.585774059,-27.78,1.08,-25.94,0.2,-27.2,0.68,3.3
Tanentzap,46.45459373,-80.88179422,I,N.Ontario,2012,7,5,2.7,Yellow perch,1,39,-27.68,5.98,3.652649285,-27.78,1.08,-25.94,0.2,-26.4,0.25,3.4
Tanentzap,46.45459373,-80.88179422,I,N.Ontario,2012,7,5,2.7,Yellow perch,7,38,-28.06,5.34,3.542857143,-27.78,1.08,-25.94,0.2,-27,0.58,3.3
Tanentzap,46.45459373,-80.88179422,I,N.Ontario,2012,7,5,2.7,Yellow perch,13,38,-28.02,5.4,3.5,-27.78,1.08,-25.94,0.2,-27,0.58,3.3
Tanentzap,46.45459373,-80.88179422,I,N.Ontario,2012,7,5,2.7,Yellow perch,5,38,-27.83,5.46,3.637916311,-27.78,1.08,-25.94,0.2,-26.6,0.36,3.3
Tanentzap,46.45459373,-80.88179422,I,N.Ontario,2012,7,5,2.7,Yellow perch,12,37,-28.13,5.97,3.567139283,-27.78,1.08,-25.94,0.2,-27,0.58,3.4
Tanentzap,46.45459373,-80.88179422,I,N.Ontario,2012,7,5,2.7,Yellow perch,3,37,-27.77,5.53,3.524481328,-27.78,1.08,-25.94,0.2,-26.7,0.41,3.3
Tanentzap,46.45459373,-80.88179422,I,N.Ontario,2012,7,5,2.7,Yellow perch,10,36,-27.95,5.55,3.554817276,-27.78,1.08,-25.94,0.2,-26.8,0.47,3.3
Tanentzap,46.45459373,-80.88179422,I,N.Ontario,2012,7,5,2.7,Yellow perch,4,35,-28.01,5.27,3.579638752,-27.78,1.08,-25.94,0.2,-26.9,0.52,3.2
Tanentzap,46.45459373,-80.88179422,I,N.Ontario,2012,7,5,2.7,Yellow perch,6,35,-27.99,5.03,3.613333333,-27.78,1.08,-25.94,0.2,-26.8,0.47,3.2
Tanentzap,46.45650114,-80.8785829,J,N.Ontario,2012,7,5,3.2,Yellow perch,2,42,-26.1,4.82,3.586264657,-27.94,1.04,-25.18,0.83,-24.9,0,3.1
Tanentzap,46.45650114,-80.8785829,J,N.Ontario,2012,7,5,3.2,Yellow perch,12,40,-26.96,4.9,3.578282828,-27.94,1.04,-25.18,0.83,-25.8,0.22,3.1
Tanentzap,46.45650114,-80.8785829,J,N.Ontario,2012,7,5,3.2,Yellow perch,9,38,-27.96,5.2,3.595317726,-27.94,1.04,-25.18,0.83,-26.8,0.59,3.2
Tanentzap,46.45650114,-80.8785829,J,N.Ontario,2012,7,5,3.2,Yellow perch,1,38,-27.78,5.1,3.596624473,-27.94,1.04,-25.18,0.83,-26.6,0.51,3.2
Tanentzap,46.45650114,-80.8785829,J,N.Ontario,2012,7,5,3.2,Yellow perch,7,38,-26.53,5.1,3.58028887,-27.94,1.04,-25.18,0.83,-25.4,0.08,3.2
Tanentzap,46.45650114,-80.8785829,J,N.Ontario,2012,7,5,3.2,Yellow perch,11,35,-27.87,5.66,3.553691275,-27.94,1.04,-25.18,0.83,-26.8,0.59,3.4
Tanentzap,46.45650114,-80.8785829,J,N.Ontario,2012,7,5,3.2,Yellow perch,13,35,-27.18,5.16,3.568200837,-27.94,1.04,-25.18,0.83,-26,0.3,3.2
Tanentzap,46.45650114,-80.8785829,J,N.Ontario,2012,7,5,3.2,Yellow perch,4,35,-26.68,4.86,3.59375,-27.94,1.04,-25.18,0.83,-25.5,0.12,3.1
Tanentzap,46.45650114,-80.8785829,J,N.Ontario,2012,7,5,3.2,Yellow perch,14,34,-28.13,5.5,3.543673469,-27.94,1.04,-25.18,0.83,-27,0.66,3.3
Tanentzap,46.45650114,-80.8785829,J,N.Ontario,2012,7,5,3.2,Yellow perch,8,34,-27.89,5.36,3.459166667,-27.94,1.04,-25.18,0.83,-26.9,0.62,3.3
Tanentzap,46.45650114,-80.8785829,J,N.Ontario,2012,7,5,3.2,Yellow perch,6,34,-27.62,5.5,3.47229115,-27.94,1.04,-25.18,0.83,-26.6,0.51,3.3
Tanentzap,46.45650114,-80.8785829,J,N.Ontario,2012,7,5,3.2,Yellow perch,15,33,-27.43,5.8,3.422628952,-27.94,1.04,-25.18,0.83,-26.5,0.48,3.4
Tanentzap,46.45650114,-80.8785829,J,N.Ontario,2012,7,5,3.2,Yellow perch,10,32,-27.63,5.17,3.548790659,-27.94,1.04,-25.18,0.83,-26.5,0.48,3.2
Tanentzap,46.45650114,-80.8785829,J,N.Ontario,2012,7,5,3.2,Yellow perch,3,31,-27.9,5.45,3.631092437,-27.94,1.04,-25.18,0.83,-26.7,0.55,3.3
Tanentzap,46.45650114,-80.8785829,J,N.Ontario,2012,7,5,3.2,Yellow perch,5,30,-27.54,5.38,3.506244796,-27.94,1.04,-25.18,0.83,-26.5,0.48,3.3
Tanentzap,46.45029861,-80.88561032,A3,N.Ontario,2012,7,5,2.4,Yellow perch,9,42,-27.93,5.15,3.588581024,-29.2,1.46,-24.86,1.74,-26.8,0.45,3.1
Tanentzap,46.45029861,-80.88561032,A3,N.Ontario,2012,7,5,2.4,Yellow perch,5,39,-28.03,5.02,3.585917854,-29.2,1.46,-24.86,1.74,-26.9,0.47,3
Tanentzap,46.45029861,-80.88561032,A3,N.Ontario,2012,7,5,2.4,Yellow perch,7,39,-27.75,5.19,3.501228501,-29.2,1.46,-24.86,1.74,-26.7,0.42,3.1
Tanentzap,46.45029861,-80.88561032,A3,N.Ontario,2012,7,5,2.4,Yellow perch,8,37,-27.92,5.39,3.6400665,-29.2,1.46,-24.86,1.74,-26.7,0.42,3.2
Tanentzap,46.45029861,-80.88561032,A3,N.Ontario,2012,7,5,2.4,Yellow perch,10,36,-27.97,5.51,3.52033195,-29.2,1.46,-24.86,1.74,-26.9,0.47,3.2
Tanentzap,46.45029861,-80.88561032,A3,N.Ontario,2012,7,5,2.4,Yellow perch,13,35,-27.93,5.46,3.47219917,-29.2,1.46,-24.86,1.74,-27,0.49,3.2
Tanentzap,46.45029861,-80.88561032,A3,N.Ontario,2012,7,5,2.4,Yellow perch,2,35,-27.73,5.13,3.495057661,-29.2,1.46,-24.86,1.74,-26.7,0.42,3.1
Tanentzap,46.45029861,-80.88561032,A3,N.Ontario,2012,7,5,2.4,Yellow perch,1,35,-27.51,5.63,3.511343805,-29.2,1.46,-24.86,1.74,-26.5,0.38,3.2
Tanentzap,46.45029861,-80.88561032,A3,N.Ontario,2012,7,5,2.4,Yellow perch,14,34,-28.04,5.87,3.523012552,-29.2,1.46,-24.86,1.74,-27,0.49,3.3
Tanentzap,46.45029861,-80.88561032,A3,N.Ontario,2012,7,5,2.4,Yellow perch,15,32,-28.28,5.56,3.551781276,-29.2,1.46,-24.86,1.74,-27.2,0.54,3.2
Tanentzap,46.45029861,-80.88561032,A3,N.Ontario,2012,7,5,2.4,Yellow perch,6,31,-27.84,5.17,3.501230517,-29.2,1.46,-24.86,1.74,-26.8,0.45,3.1
Tanentzap,46.45029861,-80.88561032,A3,N.Ontario,2012,7,5,2.4,Yellow perch,12,30,-28.05,5.75,3.577535624,-29.2,1.46,-24.86,1.74,-26.9,0.47,3.3
Tanentzap,46.45029861,-80.88561032,A3,N.Ontario,2012,7,5,2.4,Yellow perch,3,30,-27.68,5.61,3.515,-29.2,1.46,-24.86,1.74,-26.6,0.4,3.2
Tanentzap,46.45029861,-80.88561032,A3,N.Ontario,2012,7,5,2.4,Yellow perch,4,30,-27.36,5.45,3.480168776,-29.2,1.46,-24.86,1.74,-26.4,0.35,3.2
Tanentzap,46.45029861,-80.88561032,A3,N.Ontario,2012,7,5,2.4,Yellow perch,11,29,-28.1,5.48,3.536625514,-29.2,1.46,-24.86,1.74,-27,0.49,3.2
Tanentzap,46.4482916,-80.8950849,D,N.Ontario,2012,7,5,2.5,Yellow perch,1,41,-27.6,5.64,3.527754764,-27.15,1.05,-24.03,1.03,-26.5,0.79,3.4
Tanentzap,46.4482916,-80.8950849,D,N.Ontario,2012,7,5,2.5,Yellow perch,3,39,-27.65,5.53,3.657695542,-27.15,1.05,-24.03,1.03,-26.4,0.76,3.3
Tanentzap,46.4482916,-80.8950849,D,N.Ontario,2012,7,5,2.5,Yellow perch,8,38,-27.82,4.85,3.627568493,-27.15,1.05,-24.03,1.03,-26.6,0.82,3.1
Tanentzap,46.4482916,-80.8950849,D,N.Ontario,2012,7,5,2.5,Yellow perch,2,38,-27.29,5.05,3.475908707,-27.15,1.05,-24.03,1.03,-26.3,0.73,3.2
Tanentzap,46.4482916,-80.8950849,D,N.Ontario,2012,7,5,2.5,Yellow perch,14,36,-28.35,5.31,3.607172644,-27.15,1.05,-24.03,1.03,-27.1,0.98,3.3
Tanentzap,46.4482916,-80.8950849,D,N.Ontario,2012,7,5,2.5,Yellow perch,10,36,-28,5.57,3.481296758,-27.15,1.05,-24.03,1.03,-27,0.95,3.3
Tanentzap,46.4482916,-80.8950849,D,N.Ontario,2012,7,5,2.5,Yellow perch,15,35,-28.07,5.37,3.473815461,-27.15,1.05,-24.03,1.03,-27.1,0.98,3.3
Tanentzap,46.4482916,-80.8950849,D,N.Ontario,2012,7,5,2.5,Yellow perch,12,34,-28.08,5.2,3.562969141,-27.15,1.05,-24.03,1.03,-26.9,0.92,3.2
Tanentzap,46.4482916,-80.8950849,D,N.Ontario,2012,7,5,2.5,Yellow perch,5,34,-27.82,5.12,3.522094926,-27.15,1.05,-24.03,1.03,-26.8,0.89,3.2
Tanentzap,46.4482916,-80.8950849,D,N.Ontario,2012,7,5,2.5,Yellow perch,13,33,-28.02,5.38,3.46039604,-27.15,1.05,-24.03,1.03,-27.1,0.98,3.3
Tanentzap,46.4482916,-80.8950849,D,N.Ontario,2012,7,5,2.5,Yellow perch,11,33,-27.78,5.32,3.48241206,-27.15,1.05,-24.03,1.03,-26.8,0.89,3.3
Tanentzap,46.4482916,-80.8950849,D,N.Ontario,2012,7,5,2.5,Yellow perch,7,32,-27.96,5.7,3.519327731,-27.15,1.05,-24.03,1.03,-26.9,0.92,3.4
Tanentzap,46.4482916,-80.8950849,D,N.Ontario,2012,7,5,2.5,Yellow perch,4,32,-27.6,5.08,3.521126761,-27.15,1.05,-24.03,1.03,-26.5,0.79,3.2
Tanentzap,46.4482916,-80.8950849,D,N.Ontario,2012,7,5,2.5,Yellow perch,9,31,-27.92,4.95,3.58034188,-27.15,1.05,-24.03,1.03,-26.8,0.89,3.1
Tanentzap,46.4482916,-80.8950849,D,N.Ontario,2012,7,5,2.5,Yellow perch,6,30,-27.87,5.09,3.564166667,-27.15,1.05,-24.03,1.03,-26.7,0.86,3.2
Tanentzap,46.44700143,-80.89311966,A2,N.Ontario,2012,7,5,8.9,Yellow perch,2,43,-27.39,5.54,3.469093988,-25.87,1.8,-23.69,0.15,-26.4,1,3.1
Tanentzap,46.44700143,-80.89311966,A2,N.Ontario,2012,7,5,8.9,Yellow perch,12,39,-28.08,5.76,3.48459617,-25.87,1.8,-23.69,0.15,-27.1,1,3.2
Tanentzap,46.44700143,-80.89311966,A2,N.Ontario,2012,7,5,8.9,Yellow perch,9,37,-28.02,5.59,3.726956522,-25.87,1.8,-23.69,0.15,-26.6,1,3.1
Tanentzap,46.44700143,-80.89311966,A2,N.Ontario,2012,7,5,8.9,Yellow perch,15,36,-28.09,5.82,3.461092715,-25.87,1.8,-23.69,0.15,-27.1,1,3.2
Tanentzap,46.44700143,-80.89311966,A2,N.Ontario,2012,7,5,8.9,Yellow perch,13,34,-28.18,5.45,3.573920266,-25.87,1.8,-23.69,0.15,-27,1,3.1
Tanentzap,46.44700143,-80.89311966,A2,N.Ontario,2012,7,5,8.9,Yellow perch,7,34,-28.1,5.3,3.539495798,-25.87,1.8,-23.69,0.15,-27,1,3
Tanentzap,46.44700143,-80.89311966,A2,N.Ontario,2012,7,5,8.9,Yellow perch,5,34,-27.55,5.79,3.529950083,-25.87,1.8,-23.69,0.15,-26.5,1,3.2
Tanentzap,46.44700143,-80.89311966,A2,N.Ontario,2012,7,5,8.9,Yellow perch,11,32,-28.26,5.38,3.58907563,-25.87,1.8,-23.69,0.15,-27.1,1,3.1
Tanentzap,46.44700143,-80.89311966,A2,N.Ontario,2012,7,5,8.9,Yellow perch,8,32,-28.18,5.6,3.503289474,-25.87,1.8,-23.69,0.15,-27.2,1,3.1
Tanentzap,46.44700143,-80.89311966,A2,N.Ontario,2012,7,5,8.9,Yellow perch,4,32,-27.92,5.3,3.588137009,-25.87,1.8,-23.69,0.15,-26.7,1,3
Tanentzap,46.44700143,-80.89311966,A2,N.Ontario,2012,7,5,8.9,Yellow perch,6,32,-27.82,5.54,3.593543046,-25.87,1.8,-23.69,0.15,-26.6,1,3.1
Tanentzap,46.44700143,-80.89311966,A2,N.Ontario,2012,7,5,8.9,Yellow perch,3,32,-27.69,5.32,3.545004129,-25.87,1.8,-23.69,0.15,-26.6,1,3
Tanentzap,46.44700143,-80.89311966,A2,N.Ontario,2012,7,5,8.9,Yellow perch,10,29,-28.14,5.63,3.526184539,-25.87,1.8,-23.69,0.15,-27.1,1,3.1
Tanentzap,46.44700143,-80.89311966,A2,N.Ontario,2012,7,5,8.9,Yellow perch,1,27,-27.96,5.57,3.531380753,-25.87,1.8,-23.69,0.15,-26.9,1,3.1
Tanentzap,46.44700143,-80.89311966,A2,N.Ontario,2012,7,5,8.9,Yellow perch,14,25,-28.07,5.45,3.491652755,-25.87,1.8,-23.69,0.15,-27.1,1,3.1
Tanentzap,46.45864954,-80.87390033,K,N.Ontario,2012,7,5,2.8,Yellow perch,14,39,-27.43,5.95,3.384297521,-27.33,1.39,-23.55,-0.41,-26.6,0.81,3.3
Tanentzap,46.45864954,-80.87390033,K,N.Ontario,2012,7,5,2.8,Yellow perch,12,38,-27.83,6.01,3.512013256,-27.33,1.39,-23.55,-0.41,-26.8,0.86,3.4
Tanentzap,46.45864954,-80.87390033,K,N.Ontario,2012,7,5,2.8,Yellow perch,9,35,-28.05,5.43,3.5375,-27.33,1.39,-23.55,-0.41,-27,0.91,3.2
Tanentzap,46.45864954,-80.87390033,K,N.Ontario,2012,7,5,2.8,Yellow perch,8,35,-27.87,5.52,3.537300922,-27.33,1.39,-23.55,-0.41,-26.8,0.86,3.2
Tanentzap,46.45864954,-80.87390033,K,N.Ontario,2012,7,5,2.8,Yellow perch,2,35,-27.39,5.46,3.603709949,-27.33,1.39,-23.55,-0.41,-26.2,0.7,3.2
Tanentzap,46.45864954,-80.87390033,K,N.Ontario,2012,7,5,2.8,Yellow perch,5,34,-27.72,5.25,3.525252525,-27.33,1.39,-23.55,-0.41,-26.7,0.83,3.1
Tanentzap,46.45864954,-80.87390033,K,N.Ontario,2012,7,5,2.8,Yellow perch,13,34,-27.64,5.83,3.547122602,-27.33,1.39,-23.55,-0.41,-26.5,0.78,3.3
Tanentzap,46.45864954,-80.87390033,K,N.Ontario,2012,7,5,2.8,Yellow perch,10,33,-27.89,5.64,3.523569024,-27.33,1.39,-23.55,-0.41,-26.8,0.86,3.3
Tanentzap,46.45864954,-80.87390033,K,N.Ontario,2012,7,5,2.8,Yellow perch,6,32,-28.02,4.78,3.629471891,-27.33,1.39,-23.55,-0.41,-26.8,0.86,3
Tanentzap,46.45864954,-80.87390033,K,N.Ontario,2012,7,5,2.8,Yellow perch,11,32,-27.76,5.67,3.483790524,-27.33,1.39,-23.55,-0.41,-26.8,0.86,3.3
Tanentzap,46.45864954,-80.87390033,K,N.Ontario,2012,7,5,2.8,Yellow perch,7,31,-28.13,5.05,3.67767159,-27.33,1.39,-23.55,-0.41,-26.8,0.86,3.1
Tanentzap,46.45864954,-80.87390033,K,N.Ontario,2012,7,5,2.8,Yellow perch,15,31,-28.11,5.61,3.554276316,-27.33,1.39,-23.55,-0.41,-27,0.91,3.2
Tanentzap,46.45864954,-80.87390033,K,N.Ontario,2012,7,5,2.8,Yellow perch,4,31,-27.87,5.25,3.623032312,-27.33,1.39,-23.55,-0.41,-26.6,0.81,3.1
Tanentzap,46.45864954,-80.87390033,K,N.Ontario,2012,7,5,2.8,Yellow perch,1,31,-27.63,5.57,3.554237288,-27.33,1.39,-23.55,-0.41,-26.5,0.78,3.2
Tanentzap,46.45864954,-80.87390033,K,N.Ontario,2012,7,5,2.8,Yellow perch,3,29,-28.01,5.48,3.668350168,-27.33,1.39,-23.55,-0.41,-26.7,0.83,3.2
Tanentzap,46.45258392,-80.88491185,H,N.Ontario,2012,7,5,2.4,Yellow perch,3,43,-27.93,5.8,3.657718121,-27.57,1.2,-23.39,0.24,-26.6,0.77,3.4
Tanentzap,46.45258392,-80.88491185,H,N.Ontario,2012,7,5,2.4,Yellow perch,4,39,-28.31,5.5,3.699152542,-27.57,1.2,-23.39,0.24,-27,0.86,3.3
Tanentzap,46.45258392,-80.88491185,H,N.Ontario,2012,7,5,2.4,Yellow perch,15,38,-28.43,5.51,3.606489185,-27.57,1.2,-23.39,0.24,-27.2,0.91,3.3
Tanentzap,46.45258392,-80.88491185,H,N.Ontario,2012,7,5,2.4,Yellow perch,14,38,-28.21,5.71,3.559463987,-27.57,1.2,-23.39,0.24,-27.1,0.89,3.3
Tanentzap,46.45258392,-80.88491185,H,N.Ontario,2012,7,5,2.4,Yellow perch,9,38,-28.05,5.26,3.533498759,-27.57,1.2,-23.39,0.24,-27,0.86,3.2
Tanentzap,46.45258392,-80.88491185,H,N.Ontario,2012,7,5,2.4,Yellow perch,11,37,-28.47,5.36,3.664383562,-27.57,1.2,-23.39,0.24,-27.2,0.91,3.2
Tanentzap,46.45258392,-80.88491185,H,N.Ontario,2012,7,5,2.4,Yellow perch,8,37,-28.22,5.6,3.545981773,-27.57,1.2,-23.39,0.24,-27.1,0.89,3.3
Tanentzap,46.45258392,-80.88491185,H,N.Ontario,2012,7,5,2.4,Yellow perch,10,37,-27.95,5.51,3.522613065,-27.57,1.2,-23.39,0.24,-26.9,0.84,3.3
Tanentzap,46.45258392,-80.88491185,H,N.Ontario,2012,7,5,2.4,Yellow perch,2,35,-28.07,5.16,3.616093881,-27.57,1.2,-23.39,0.24,-26.9,0.84,3.2
Tanentzap,46.45258392,-80.88491185,H,N.Ontario,2012,7,5,2.4,Yellow perch,13,35,-28.03,5.39,3.481878089,-27.57,1.2,-23.39,0.24,-27,0.86,3.2
Tanentzap,46.45258392,-80.88491185,H,N.Ontario,2012,7,5,2.4,Yellow perch,6,34,-28.16,5,3.655172414,-27.57,1.2,-23.39,0.24,-26.9,0.84,3.1
Tanentzap,46.45258392,-80.88491185,H,N.Ontario,2012,7,5,2.4,Yellow perch,12,34,-27.94,6.15,3.531120332,-27.57,1.2,-23.39,0.24,-26.9,0.84,3.5
Tanentzap,46.45258392,-80.88491185,H,N.Ontario,2012,7,5,2.4,Yellow perch,5,34,-27.82,5.31,3.521161826,-27.57,1.2,-23.39,0.24,-26.8,0.82,3.2
Tanentzap,46.45258392,-80.88491185,H,N.Ontario,2012,7,5,2.4,Yellow perch,7,33,-28.17,5.48,3.612658228,-27.57,1.2,-23.39,0.24,-27,0.86,3.3
Tanentzap,46.45258392,-80.88491185,H,N.Ontario,2012,7,5,2.4,Yellow perch,1,32,-27.67,5.51,3.554621849,-27.57,1.2,-23.39,0.24,-26.6,0.77,3.3
